solid OpenSCAD_Model
  facet normal 0 0 -1
    outer loop
      vertex 30.32 4.91 0.579999
      vertex 29.36 5.87 0.579999
      vertex 30.32 14.51 0.579999
    endloop
  endfacet
  facet normal 0 0 -1
    outer loop
      vertex 30.32 4.91 0.579999
      vertex 21.68 5.87 0.579999
      vertex 29.36 5.87 0.579999
    endloop
  endfacet
  facet normal -0 0 -1
    outer loop
      vertex 21.68 5.87 0.579999
      vertex 20.72 4.91 0.579999
      vertex 21.68 13.55 0.579999
    endloop
  endfacet
  facet normal 0 0 -1
    outer loop
      vertex 20.72 4.91 0.579999
      vertex 21.68 5.87 0.579999
      vertex 30.32 4.91 0.579999
    endloop
  endfacet
  facet normal 0 0 -1
    outer loop
      vertex 29.36 13.55 0.579999
      vertex 30.32 14.51 0.579999
      vertex 29.36 5.87 0.579999
    endloop
  endfacet
  facet normal 0 0 -1
    outer loop
      vertex 21.68 13.55 0.579999
      vertex 30.32 14.51 0.579999
      vertex 29.36 13.55 0.579999
    endloop
  endfacet
  facet normal 0 0 -1
    outer loop
      vertex 21.68 13.55 0.579999
      vertex 20.72 14.51 0.579999
      vertex 30.32 14.51 0.579999
    endloop
  endfacet
  facet normal 0 0 -1
    outer loop
      vertex 20.72 14.51 0.579999
      vertex 21.68 13.55 0.579999
      vertex 20.72 4.91 0.579999
    endloop
  endfacet
  facet normal 1 -0 0
    outer loop
      vertex 20.72 4.91 0.579999
      vertex 20.72 14.51 0
      vertex 20.72 14.51 0.579999
    endloop
  endfacet
  facet normal 1 0 0
    outer loop
      vertex 20.72 14.51 0
      vertex 20.72 4.91 0.579999
      vertex 20.72 4.91 0
    endloop
  endfacet
  facet normal 0 -1 0
    outer loop
      vertex 21.68 5.87 0
      vertex 29.36 5.87 0.579999
      vertex 21.68 5.87 0.579999
    endloop
  endfacet
  facet normal 0 -1 -0
    outer loop
      vertex 29.36 5.87 0.579999
      vertex 21.68 5.87 0
      vertex 29.36 5.87 0
    endloop
  endfacet
  facet normal 0 1 -0
    outer loop
      vertex 30.32 4.91 0
      vertex 20.72 4.91 0.579999
      vertex 30.32 4.91 0.579999
    endloop
  endfacet
  facet normal 0 1 0
    outer loop
      vertex 20.72 4.91 0.579999
      vertex 30.32 4.91 0
      vertex 20.72 4.91 0
    endloop
  endfacet
  facet normal 1 -0 0
    outer loop
      vertex 29.36 5.87 0.579999
      vertex 29.36 13.55 0
      vertex 29.36 13.55 0.579999
    endloop
  endfacet
  facet normal 1 0 0
    outer loop
      vertex 29.36 13.55 0
      vertex 29.36 5.87 0.579999
      vertex 29.36 5.87 0
    endloop
  endfacet
  facet normal -1 0 0
    outer loop
      vertex 30.32 4.91 0
      vertex 30.32 14.51 0.579999
      vertex 30.32 14.51 0
    endloop
  endfacet
  facet normal -1 -0 0
    outer loop
      vertex 30.32 14.51 0.579999
      vertex 30.32 4.91 0
      vertex 30.32 4.91 0.579999
    endloop
  endfacet
  facet normal 0 0 -1
    outer loop
      vertex 33.2 5.87 0.579999
      vertex 37.04 7.79 0.579999
      vertex 37.04 4.91 0.579999
    endloop
  endfacet
  facet normal 0 0 -1
    outer loop
      vertex 37.04 7.79 0.579999
      vertex 34.16 8.75 0.579999
      vertex 37.04 8.75 0.579999
    endloop
  endfacet
  facet normal 0 -0 -1
    outer loop
      vertex 36.08 10.67 0.579999
      vertex 37.04 8.75 0.579999
      vertex 34.16 8.75 0.579999
    endloop
  endfacet
  facet normal 0 0 -1
    outer loop
      vertex 34.16 8.75 0.579999
      vertex 36.08 11.63 0.579999
      vertex 36.08 10.67 0.579999
    endloop
  endfacet
  facet normal 0 0 -1
    outer loop
      vertex 36.08 11.63 0.579999
      vertex 34.16 14.51 0.579999
      vertex 36.08 13.55 0.579999
    endloop
  endfacet
  facet normal -0 0 -1
    outer loop
      vertex 36.08 11.63 0.579999
      vertex 34.16 8.75 0.579999
      vertex 34.16 14.51 0.579999
    endloop
  endfacet
  facet normal 0 0 -1
    outer loop
      vertex 37.04 8.75 0.579999
      vertex 36.08 10.67 0.579999
      vertex 37.04 10.67 0.579999
    endloop
  endfacet
  facet normal 0 0 -1
    outer loop
      vertex 33.2 5.87 0.579999
      vertex 37.04 4.91 0.579999
      vertex 33.2 4.91 0.579999
    endloop
  endfacet
  facet normal -0 0 -1
    outer loop
      vertex 37.04 7.79 0.579999
      vertex 33.2 5.87 0.579999
      vertex 34.16 8.75 0.579999
    endloop
  endfacet
  facet normal 0 0 -1
    outer loop
      vertex 33.2 5.87 0.579999
      vertex 33.2 8.75 0.579999
      vertex 34.16 8.75 0.579999
    endloop
  endfacet
  facet normal 0 0 -1
    outer loop
      vertex 31.28 5.87 0.579999
      vertex 33.2 8.75 0.579999
      vertex 33.2 5.87 0.579999
    endloop
  endfacet
  facet normal 0 0 -1
    outer loop
      vertex 31.28 10.67 0.579999
      vertex 33.2 8.75 0.579999
      vertex 31.28 5.87 0.579999
    endloop
  endfacet
  facet normal 0 0 -1
    outer loop
      vertex 33.2 8.75 0.579999
      vertex 31.28 10.67 0.579999
      vertex 33.2 10.67 0.579999
    endloop
  endfacet
  facet normal 0 0 -1
    outer loop
      vertex 37.04 7.79 0.579999
      vertex 38 8.75 0.579999
      vertex 38 7.79 0.579999
    endloop
  endfacet
  facet normal -0 0 -1
    outer loop
      vertex 38 8.75 0.579999
      vertex 37.04 7.79 0.579999
      vertex 37.04 8.75 0.579999
    endloop
  endfacet
  facet normal 0 0 -1
    outer loop
      vertex 36.08 11.63 0.579999
      vertex 37.04 13.55 0.579999
      vertex 37.04 11.63 0.579999
    endloop
  endfacet
  facet normal -0 0 -1
    outer loop
      vertex 37.04 13.55 0.579999
      vertex 36.08 11.63 0.579999
      vertex 36.08 13.55 0.579999
    endloop
  endfacet
  facet normal 0 0 -1
    outer loop
      vertex 36.08 13.55 0.579999
      vertex 34.16 14.51 0.579999
      vertex 36.08 14.51 0.579999
    endloop
  endfacet
  facet normal 1 -0 0
    outer loop
      vertex 33.2 4.91 0.579999
      vertex 33.2 5.87 0
      vertex 33.2 5.87 0.579999
    endloop
  endfacet
  facet normal 1 0 0
    outer loop
      vertex 33.2 5.87 0
      vertex 33.2 4.91 0.579999
      vertex 33.2 4.91 0
    endloop
  endfacet
  facet normal 0 1 -0
    outer loop
      vertex 37.04 4.91 0
      vertex 33.2 4.91 0.579999
      vertex 37.04 4.91 0.579999
    endloop
  endfacet
  facet normal 0 1 0
    outer loop
      vertex 33.2 4.91 0.579999
      vertex 37.04 4.91 0
      vertex 33.2 4.91 0
    endloop
  endfacet
  facet normal -1 0 0
    outer loop
      vertex 37.04 4.91 0
      vertex 37.04 7.79 0.579999
      vertex 37.04 7.79 0
    endloop
  endfacet
  facet normal -1 -0 0
    outer loop
      vertex 37.04 7.79 0.579999
      vertex 37.04 4.91 0
      vertex 37.04 4.91 0.579999
    endloop
  endfacet
  facet normal 0 0 -1
    outer loop
      vertex 38 4.91 0.579999
      vertex 40.88 5.87 0.579999
      vertex 40.88 4.91 0.579999
    endloop
  endfacet
  facet normal -0 0 -1
    outer loop
      vertex 40.88 5.87 0.579999
      vertex 38 4.91 0.579999
      vertex 38 5.87 0.579999
    endloop
  endfacet
  facet normal 1 -0 0
    outer loop
      vertex 38 4.91 0.579999
      vertex 38 5.87 0
      vertex 38 5.87 0.579999
    endloop
  endfacet
  facet normal 1 0 0
    outer loop
      vertex 38 5.87 0
      vertex 38 4.91 0.579999
      vertex 38 4.91 0
    endloop
  endfacet
  facet normal 0 -1 0
    outer loop
      vertex 38 5.87 0
      vertex 40.88 5.87 0.579999
      vertex 38 5.87 0.579999
    endloop
  endfacet
  facet normal 0 -1 -0
    outer loop
      vertex 40.88 5.87 0.579999
      vertex 38 5.87 0
      vertex 40.88 5.87 0
    endloop
  endfacet
  facet normal 0 1 -0
    outer loop
      vertex 40.88 4.91 0
      vertex 38 4.91 0.579999
      vertex 40.88 4.91 0.579999
    endloop
  endfacet
  facet normal 0 1 0
    outer loop
      vertex 38 4.91 0.579999
      vertex 40.88 4.91 0
      vertex 38 4.91 0
    endloop
  endfacet
  facet normal -1 0 0
    outer loop
      vertex 40.88 4.91 0
      vertex 40.88 5.87 0.579999
      vertex 40.88 5.87 0
    endloop
  endfacet
  facet normal -1 -0 0
    outer loop
      vertex 40.88 5.87 0.579999
      vertex 40.88 4.91 0
      vertex 40.88 4.91 0.579999
    endloop
  endfacet
  facet normal 0 0 -1
    outer loop
      vertex 43.76 11.63 0.579999
      vertex 45.68 13.55 0.579999
      vertex 45.68 11.63 0.579999
    endloop
  endfacet
  facet normal -0 0 -1
    outer loop
      vertex 45.68 13.55 0.579999
      vertex 43.76 11.63 0.579999
      vertex 43.76 13.55 0.579999
    endloop
  endfacet
  facet normal 0 0 -1
    outer loop
      vertex 45.68 7.79 0.579999
      vertex 46.64 7.79 0.579999
      vertex 46.64 4.91 0.579999
    endloop
  endfacet
  facet normal 0 0 -1
    outer loop
      vertex 46.64 7.79 0.579999
      vertex 45.68 7.79 0.579999
      vertex 46.64 11.63 0.579999
    endloop
  endfacet
  facet normal 0 0 -1
    outer loop
      vertex 45.68 11.63 0.579999
      vertex 46.64 11.63 0.579999
      vertex 45.68 7.79 0.579999
    endloop
  endfacet
  facet normal 0 0 -1
    outer loop
      vertex 43.76 5.87 0.579999
      vertex 46.64 4.91 0.579999
      vertex 43.76 4.91 0.579999
    endloop
  endfacet
  facet normal 0 0 -1
    outer loop
      vertex 46.64 4.91 0.579999
      vertex 43.76 5.87 0.579999
      vertex 45.68 7.79 0.579999
    endloop
  endfacet
  facet normal 0 0 -1
    outer loop
      vertex 42.8 7.79 0.579999
      vertex 43.76 5.87 0.579999
      vertex 42.8 5.87 0.579999
    endloop
  endfacet
  facet normal 0 0 -1
    outer loop
      vertex 43.76 5.87 0.579999
      vertex 42.8 7.79 0.579999
      vertex 45.68 7.79 0.579999
    endloop
  endfacet
  facet normal 0 0 -1
    outer loop
      vertex 49.52 7.79 0.579999
      vertex 50.48 5.87 0.579999
      vertex 49.52 5.87 0.579999
    endloop
  endfacet
  facet normal 0 0 -1
    outer loop
      vertex 50.48 5.87 0.579999
      vertex 49.52 7.79 0.579999
      vertex 50.48 8.75 0.579999
    endloop
  endfacet
  facet normal 0 0 -1
    outer loop
      vertex 49.52 7.79 0.579999
      vertex 47.6 8.75 0.579999
      vertex 50.48 8.75 0.579999
    endloop
  endfacet
  facet normal 0 0 -1
    outer loop
      vertex 46.64 7.79 0.579999
      vertex 47.6 8.75 0.579999
      vertex 49.52 7.79 0.579999
    endloop
  endfacet
  facet normal 0 0 -1
    outer loop
      vertex 46.64 11.63 0.579999
      vertex 47.6 8.75 0.579999
      vertex 46.64 7.79 0.579999
    endloop
  endfacet
  facet normal 0 0 -1
    outer loop
      vertex 47.6 8.75 0.579999
      vertex 46.64 11.63 0.579999
      vertex 47.6 11.63 0.579999
    endloop
  endfacet
  facet normal 0 0 -1
    outer loop
      vertex 45.68 13.55 0.579999
      vertex 46.64 11.63 0.579999
      vertex 45.68 11.63 0.579999
    endloop
  endfacet
  facet normal 0 0 -1
    outer loop
      vertex 46.64 11.63 0.579999
      vertex 45.68 13.55 0.579999
      vertex 46.64 14.51 0.579999
    endloop
  endfacet
  facet normal -0 0 -1
    outer loop
      vertex 46.64 14.51 0.579999
      vertex 45.68 13.55 0.579999
      vertex 45.68 14.51 0.579999
    endloop
  endfacet
  facet normal 1 -0 0
    outer loop
      vertex 43.76 4.91 0.579999
      vertex 43.76 5.87 0
      vertex 43.76 5.87 0.579999
    endloop
  endfacet
  facet normal 1 0 0
    outer loop
      vertex 43.76 5.87 0
      vertex 43.76 4.91 0.579999
      vertex 43.76 4.91 0
    endloop
  endfacet
  facet normal 0 1 -0
    outer loop
      vertex 46.64 4.91 0
      vertex 43.76 4.91 0.579999
      vertex 46.64 4.91 0.579999
    endloop
  endfacet
  facet normal 0 1 0
    outer loop
      vertex 43.76 4.91 0.579999
      vertex 46.64 4.91 0
      vertex 43.76 4.91 0
    endloop
  endfacet
  facet normal -1 0 0
    outer loop
      vertex 46.64 4.91 0
      vertex 46.64 7.79 0.579999
      vertex 46.64 7.79 0
    endloop
  endfacet
  facet normal -1 -0 0
    outer loop
      vertex 46.64 7.79 0.579999
      vertex 46.64 4.91 0
      vertex 46.64 4.91 0.579999
    endloop
  endfacet
  facet normal 0 0 -1
    outer loop
      vertex 65.84 4.91 0.579999
      vertex 64.88 5.87 0.579999
      vertex 65.84 14.51 0.579999
    endloop
  endfacet
  facet normal 0 0 -1
    outer loop
      vertex 65.84 4.91 0.579999
      vertex 57.2 5.87 0.579999
      vertex 64.88 5.87 0.579999
    endloop
  endfacet
  facet normal -0 0 -1
    outer loop
      vertex 57.2 5.87 0.579999
      vertex 56.24 4.91 0.579999
      vertex 57.2 13.55 0.579999
    endloop
  endfacet
  facet normal 0 0 -1
    outer loop
      vertex 56.24 4.91 0.579999
      vertex 57.2 5.87 0.579999
      vertex 65.84 4.91 0.579999
    endloop
  endfacet
  facet normal 0 0 -1
    outer loop
      vertex 64.88 13.55 0.579999
      vertex 65.84 14.51 0.579999
      vertex 64.88 5.87 0.579999
    endloop
  endfacet
  facet normal 0 0 -1
    outer loop
      vertex 57.2 13.55 0.579999
      vertex 65.84 14.51 0.579999
      vertex 64.88 13.55 0.579999
    endloop
  endfacet
  facet normal 0 0 -1
    outer loop
      vertex 57.2 13.55 0.579999
      vertex 56.24 14.51 0.579999
      vertex 65.84 14.51 0.579999
    endloop
  endfacet
  facet normal 0 0 -1
    outer loop
      vertex 56.24 14.51 0.579999
      vertex 57.2 13.55 0.579999
      vertex 56.24 4.91 0.579999
    endloop
  endfacet
  facet normal 1 -0 0
    outer loop
      vertex 56.24 4.91 0.579999
      vertex 56.24 14.51 0
      vertex 56.24 14.51 0.579999
    endloop
  endfacet
  facet normal 1 0 0
    outer loop
      vertex 56.24 14.51 0
      vertex 56.24 4.91 0.579999
      vertex 56.24 4.91 0
    endloop
  endfacet
  facet normal 0 1 -0
    outer loop
      vertex 65.84 4.91 0
      vertex 56.24 4.91 0.579999
      vertex 65.84 4.91 0.579999
    endloop
  endfacet
  facet normal 0 1 0
    outer loop
      vertex 56.24 4.91 0.579999
      vertex 65.84 4.91 0
      vertex 56.24 4.91 0
    endloop
  endfacet
  facet normal 0 -1 0
    outer loop
      vertex 57.2 5.87 0
      vertex 64.88 5.87 0.579999
      vertex 57.2 5.87 0.579999
    endloop
  endfacet
  facet normal 0 -1 -0
    outer loop
      vertex 64.88 5.87 0.579999
      vertex 57.2 5.87 0
      vertex 64.88 5.87 0
    endloop
  endfacet
  facet normal -1 0 0
    outer loop
      vertex 65.84 4.91 0
      vertex 65.84 14.51 0.579999
      vertex 65.84 14.51 0
    endloop
  endfacet
  facet normal -1 -0 0
    outer loop
      vertex 65.84 14.51 0.579999
      vertex 65.84 4.91 0
      vertex 65.84 4.91 0.579999
    endloop
  endfacet
  facet normal -1 0 0
    outer loop
      vertex 21.68 5.87 0
      vertex 21.68 13.55 0.579999
      vertex 21.68 13.55 0
    endloop
  endfacet
  facet normal -1 -0 0
    outer loop
      vertex 21.68 13.55 0.579999
      vertex 21.68 5.87 0
      vertex 21.68 5.87 0.579999
    endloop
  endfacet
  facet normal 1 -0 0
    outer loop
      vertex 31.28 5.87 0.579999
      vertex 31.28 10.67 0
      vertex 31.28 10.67 0.579999
    endloop
  endfacet
  facet normal 1 0 0
    outer loop
      vertex 31.28 10.67 0
      vertex 31.28 5.87 0.579999
      vertex 31.28 5.87 0
    endloop
  endfacet
  facet normal 0 1 -0
    outer loop
      vertex 33.2 5.87 0
      vertex 31.28 5.87 0.579999
      vertex 33.2 5.87 0.579999
    endloop
  endfacet
  facet normal 0 1 0
    outer loop
      vertex 31.28 5.87 0.579999
      vertex 33.2 5.87 0
      vertex 31.28 5.87 0
    endloop
  endfacet
  facet normal 1 -0 0
    outer loop
      vertex 42.8 5.87 0.579999
      vertex 42.8 7.79 0
      vertex 42.8 7.79 0.579999
    endloop
  endfacet
  facet normal 1 0 0
    outer loop
      vertex 42.8 7.79 0
      vertex 42.8 5.87 0.579999
      vertex 42.8 5.87 0
    endloop
  endfacet
  facet normal 0 1 -0
    outer loop
      vertex 43.76 5.87 0
      vertex 42.8 5.87 0.579999
      vertex 43.76 5.87 0.579999
    endloop
  endfacet
  facet normal 0 1 0
    outer loop
      vertex 42.8 5.87 0.579999
      vertex 43.76 5.87 0
      vertex 42.8 5.87 0
    endloop
  endfacet
  facet normal -1 0 0
    outer loop
      vertex 50.48 5.87 0
      vertex 50.48 8.75 0.579999
      vertex 50.48 8.75 0
    endloop
  endfacet
  facet normal -1 -0 0
    outer loop
      vertex 50.48 8.75 0.579999
      vertex 50.48 5.87 0
      vertex 50.48 5.87 0.579999
    endloop
  endfacet
  facet normal 1 -0 0
    outer loop
      vertex 49.52 5.87 0.579999
      vertex 49.52 7.79 0
      vertex 49.52 7.79 0.579999
    endloop
  endfacet
  facet normal 1 0 0
    outer loop
      vertex 49.52 7.79 0
      vertex 49.52 5.87 0.579999
      vertex 49.52 5.87 0
    endloop
  endfacet
  facet normal 0 1 -0
    outer loop
      vertex 50.48 5.87 0
      vertex 49.52 5.87 0.579999
      vertex 50.48 5.87 0.579999
    endloop
  endfacet
  facet normal 0 1 0
    outer loop
      vertex 49.52 5.87 0.579999
      vertex 50.48 5.87 0
      vertex 49.52 5.87 0
    endloop
  endfacet
  facet normal 0 0 -1
    outer loop
      vertex 53.36 5.87 0.579999
      vertex 55.28 7.79 0.579999
      vertex 55.28 5.87 0.579999
    endloop
  endfacet
  facet normal -0 0 -1
    outer loop
      vertex 55.28 7.79 0.579999
      vertex 53.36 5.87 0.579999
      vertex 53.36 7.79 0.579999
    endloop
  endfacet
  facet normal 1 -0 0
    outer loop
      vertex 53.36 5.87 0.579999
      vertex 53.36 7.79 0
      vertex 53.36 7.79 0.579999
    endloop
  endfacet
  facet normal 1 0 0
    outer loop
      vertex 53.36 7.79 0
      vertex 53.36 5.87 0.579999
      vertex 53.36 5.87 0
    endloop
  endfacet
  facet normal 0 1 -0
    outer loop
      vertex 55.28 5.87 0
      vertex 53.36 5.87 0.579999
      vertex 55.28 5.87 0.579999
    endloop
  endfacet
  facet normal 0 1 0
    outer loop
      vertex 53.36 5.87 0.579999
      vertex 55.28 5.87 0
      vertex 53.36 5.87 0
    endloop
  endfacet
  facet normal -1 0 0
    outer loop
      vertex 55.28 5.87 0
      vertex 55.28 7.79 0.579999
      vertex 55.28 7.79 0
    endloop
  endfacet
  facet normal -1 -0 0
    outer loop
      vertex 55.28 7.79 0.579999
      vertex 55.28 5.87 0
      vertex 55.28 5.87 0.579999
    endloop
  endfacet
  facet normal -1 0 0
    outer loop
      vertex 57.2 5.87 0
      vertex 57.2 13.55 0.579999
      vertex 57.2 13.55 0
    endloop
  endfacet
  facet normal -1 -0 0
    outer loop
      vertex 57.2 13.55 0.579999
      vertex 57.2 5.87 0
      vertex 57.2 5.87 0.579999
    endloop
  endfacet
  facet normal 1 -0 0
    outer loop
      vertex 64.88 5.87 0.579999
      vertex 64.88 13.55 0
      vertex 64.88 13.55 0.579999
    endloop
  endfacet
  facet normal 1 0 0
    outer loop
      vertex 64.88 13.55 0
      vertex 64.88 5.87 0.579999
      vertex 64.88 5.87 0
    endloop
  endfacet
  facet normal 0 -1 0
    outer loop
      vertex 42.8 7.79 0
      vertex 45.68 7.79 0.579999
      vertex 42.8 7.79 0.579999
    endloop
  endfacet
  facet normal 0 -1 -0
    outer loop
      vertex 45.68 7.79 0.579999
      vertex 42.8 7.79 0
      vertex 45.68 7.79 0
    endloop
  endfacet
  facet normal 0 1 -0
    outer loop
      vertex 49.52 7.79 0
      vertex 46.64 7.79 0.579999
      vertex 49.52 7.79 0.579999
    endloop
  endfacet
  facet normal 0 1 0
    outer loop
      vertex 46.64 7.79 0.579999
      vertex 49.52 7.79 0
      vertex 46.64 7.79 0
    endloop
  endfacet
  facet normal 0 -1 0
    outer loop
      vertex 53.36 7.79 0
      vertex 55.28 7.79 0.579999
      vertex 53.36 7.79 0.579999
    endloop
  endfacet
  facet normal 0 -1 -0
    outer loop
      vertex 55.28 7.79 0.579999
      vertex 53.36 7.79 0
      vertex 55.28 7.79 0
    endloop
  endfacet
  facet normal 0 0 -1
    outer loop
      vertex 23.6 7.79 0.579999
      vertex 27.44 11.63 0.579999
      vertex 27.44 7.79 0.579999
    endloop
  endfacet
  facet normal -0 0 -1
    outer loop
      vertex 27.44 11.63 0.579999
      vertex 23.6 7.79 0.579999
      vertex 23.6 11.63 0.579999
    endloop
  endfacet
  facet normal 1 -0 0
    outer loop
      vertex 23.6 7.79 0.579999
      vertex 23.6 11.63 0
      vertex 23.6 11.63 0.579999
    endloop
  endfacet
  facet normal 1 0 0
    outer loop
      vertex 23.6 11.63 0
      vertex 23.6 7.79 0.579999
      vertex 23.6 7.79 0
    endloop
  endfacet
  facet normal 0 1 -0
    outer loop
      vertex 27.44 7.79 0
      vertex 23.6 7.79 0.579999
      vertex 27.44 7.79 0.579999
    endloop
  endfacet
  facet normal 0 1 0
    outer loop
      vertex 23.6 7.79 0.579999
      vertex 27.44 7.79 0
      vertex 23.6 7.79 0
    endloop
  endfacet
  facet normal -1 0 0
    outer loop
      vertex 27.44 7.79 0
      vertex 27.44 11.63 0.579999
      vertex 27.44 11.63 0
    endloop
  endfacet
  facet normal -1 -0 0
    outer loop
      vertex 27.44 11.63 0.579999
      vertex 27.44 7.79 0
      vertex 27.44 7.79 0.579999
    endloop
  endfacet
  facet normal 0 -1 0
    outer loop
      vertex 33.2 8.75 0
      vertex 34.16 8.75 0.579999
      vertex 33.2 8.75 0.579999
    endloop
  endfacet
  facet normal 0 -1 -0
    outer loop
      vertex 34.16 8.75 0.579999
      vertex 33.2 8.75 0
      vertex 34.16 8.75 0
    endloop
  endfacet
  facet normal 0 -1 0
    outer loop
      vertex 37.04 8.75 0
      vertex 38 8.75 0.579999
      vertex 37.04 8.75 0.579999
    endloop
  endfacet
  facet normal 0 -1 -0
    outer loop
      vertex 38 8.75 0.579999
      vertex 37.04 8.75 0
      vertex 38 8.75 0
    endloop
  endfacet
  facet normal -1 0 0
    outer loop
      vertex 38 7.79 0
      vertex 38 8.75 0.579999
      vertex 38 8.75 0
    endloop
  endfacet
  facet normal -1 -0 0
    outer loop
      vertex 38 8.75 0.579999
      vertex 38 7.79 0
      vertex 38 7.79 0.579999
    endloop
  endfacet
  facet normal 0 1 -0
    outer loop
      vertex 38 7.79 0
      vertex 37.04 7.79 0.579999
      vertex 38 7.79 0.579999
    endloop
  endfacet
  facet normal 0 1 0
    outer loop
      vertex 37.04 7.79 0.579999
      vertex 38 7.79 0
      vertex 37.04 7.79 0
    endloop
  endfacet
  facet normal -1 0 0
    outer loop
      vertex 40.88 7.79 0
      vertex 40.88 10.67 0.579999
      vertex 40.88 10.67 0
    endloop
  endfacet
  facet normal -1 -0 0
    outer loop
      vertex 40.88 10.67 0.579999
      vertex 40.88 7.79 0
      vertex 40.88 7.79 0.579999
    endloop
  endfacet
  facet normal 0 0 -1
    outer loop
      vertex 42.8 10.67 0.579999
      vertex 43.76 8.75 0.579999
      vertex 42.8 8.75 0.579999
    endloop
  endfacet
  facet normal 0 0 -1
    outer loop
      vertex 43.76 8.75 0.579999
      vertex 42.8 10.67 0.579999
      vertex 43.76 11.63 0.579999
    endloop
  endfacet
  facet normal 0 0 -1
    outer loop
      vertex 42.8 10.67 0.579999
      vertex 42.8 11.63 0.579999
      vertex 43.76 11.63 0.579999
    endloop
  endfacet
  facet normal 0 0 -1
    outer loop
      vertex 40.88 11.63 0.579999
      vertex 42.8 11.63 0.579999
      vertex 42.8 10.67 0.579999
    endloop
  endfacet
  facet normal 0 0 -1
    outer loop
      vertex 40.88 11.63 0.579999
      vertex 42.8 10.67 0.579999
      vertex 40.88 10.67 0.579999
    endloop
  endfacet
  facet normal 0 0 -1
    outer loop
      vertex 42.8 11.63 0.579999
      vertex 40.88 11.63 0.579999
      vertex 42.8 13.55 0.579999
    endloop
  endfacet
  facet normal -0 0 -1
    outer loop
      vertex 42.8 13.55 0.579999
      vertex 40.88 11.63 0.579999
      vertex 40.88 13.55 0.579999
    endloop
  endfacet
  facet normal 0 0 -1
    outer loop
      vertex 39.92 10.67 0.579999
      vertex 40.88 10.67 0.579999
      vertex 40.88 7.79 0.579999
    endloop
  endfacet
  facet normal 0 0 -1
    outer loop
      vertex 39.92 10.67 0.579999
      vertex 40.88 7.79 0.579999
      vertex 39.92 7.79 0.579999
    endloop
  endfacet
  facet normal 0 0 -1
    outer loop
      vertex 40.88 10.67 0.579999
      vertex 39.92 10.67 0.579999
      vertex 40.88 11.63 0.579999
    endloop
  endfacet
  facet normal 0 0 -1
    outer loop
      vertex 39.92 10.67 0.579999
      vertex 39.92 11.63 0.579999
      vertex 40.88 11.63 0.579999
    endloop
  endfacet
  facet normal 0 0 -1
    outer loop
      vertex 38 11.63 0.579999
      vertex 39.92 11.63 0.579999
      vertex 39.92 10.67 0.579999
    endloop
  endfacet
  facet normal 0 0 -1
    outer loop
      vertex 39.92 11.63 0.579999
      vertex 38 11.63 0.579999
      vertex 39.92 13.55 0.579999
    endloop
  endfacet
  facet normal 0 0 -1
    outer loop
      vertex 37.04 10.67 0.579999
      vertex 38 11.63 0.579999
      vertex 39.92 10.67 0.579999
    endloop
  endfacet
  facet normal -0 0 -1
    outer loop
      vertex 38 11.63 0.579999
      vertex 37.04 10.67 0.579999
      vertex 37.04 11.63 0.579999
    endloop
  endfacet
  facet normal -0 0 -1
    outer loop
      vertex 39.92 13.55 0.579999
      vertex 38 11.63 0.579999
      vertex 38 13.55 0.579999
    endloop
  endfacet
  facet normal 1 -0 0
    outer loop
      vertex 39.92 7.79 0.579999
      vertex 39.92 10.67 0
      vertex 39.92 10.67 0.579999
    endloop
  endfacet
  facet normal 1 0 0
    outer loop
      vertex 39.92 10.67 0
      vertex 39.92 7.79 0.579999
      vertex 39.92 7.79 0
    endloop
  endfacet
  facet normal 0 1 -0
    outer loop
      vertex 40.88 7.79 0
      vertex 39.92 7.79 0.579999
      vertex 40.88 7.79 0.579999
    endloop
  endfacet
  facet normal 0 1 0
    outer loop
      vertex 39.92 7.79 0.579999
      vertex 40.88 7.79 0
      vertex 39.92 7.79 0
    endloop
  endfacet
  facet normal 1 -0 0
    outer loop
      vertex 45.68 7.79 0.579999
      vertex 45.68 11.63 0
      vertex 45.68 11.63 0.579999
    endloop
  endfacet
  facet normal 1 0 0
    outer loop
      vertex 45.68 11.63 0
      vertex 45.68 7.79 0.579999
      vertex 45.68 7.79 0
    endloop
  endfacet
  facet normal 0 -1 0
    outer loop
      vertex 47.6 8.75 0
      vertex 50.48 8.75 0.579999
      vertex 47.6 8.75 0.579999
    endloop
  endfacet
  facet normal 0 -1 -0
    outer loop
      vertex 50.48 8.75 0.579999
      vertex 47.6 8.75 0
      vertex 50.48 8.75 0
    endloop
  endfacet
  facet normal -1 0 0
    outer loop
      vertex 53.36 7.79 0
      vertex 53.36 11.63 0.579999
      vertex 53.36 11.63 0
    endloop
  endfacet
  facet normal -1 -0 0
    outer loop
      vertex 53.36 11.63 0.579999
      vertex 53.36 7.79 0
      vertex 53.36 7.79 0.579999
    endloop
  endfacet
  facet normal 0 0 -1
    outer loop
      vertex 52.4 10.67 0.579999
      vertex 53.36 7.79 0.579999
      vertex 52.4 7.79 0.579999
    endloop
  endfacet
  facet normal 0 0 -1
    outer loop
      vertex 53.36 7.79 0.579999
      vertex 52.4 10.67 0.579999
      vertex 53.36 11.63 0.579999
    endloop
  endfacet
  facet normal 0 0 -1
    outer loop
      vertex 52.4 10.67 0.579999
      vertex 50.48 11.63 0.579999
      vertex 53.36 11.63 0.579999
    endloop
  endfacet
  facet normal 0 0 -1
    outer loop
      vertex 49.52 10.67 0.579999
      vertex 50.48 11.63 0.579999
      vertex 52.4 10.67 0.579999
    endloop
  endfacet
  facet normal 0 0 -1
    outer loop
      vertex 49.52 11.63 0.579999
      vertex 50.48 11.63 0.579999
      vertex 49.52 10.67 0.579999
    endloop
  endfacet
  facet normal 0 0 -1
    outer loop
      vertex 50.48 11.63 0.579999
      vertex 49.52 11.63 0.579999
      vertex 50.48 13.55 0.579999
    endloop
  endfacet
  facet normal 0 0 -1
    outer loop
      vertex 49.52 11.63 0.579999
      vertex 49.52 13.55 0.579999
      vertex 50.48 13.55 0.579999
    endloop
  endfacet
  facet normal 0 0 -1
    outer loop
      vertex 47.6 11.63 0.579999
      vertex 49.52 13.55 0.579999
      vertex 49.52 11.63 0.579999
    endloop
  endfacet
  facet normal -0 0 -1
    outer loop
      vertex 49.52 13.55 0.579999
      vertex 47.6 11.63 0.579999
      vertex 47.6 14.51 0.579999
    endloop
  endfacet
  facet normal 0 0 -1
    outer loop
      vertex 49.52 13.55 0.579999
      vertex 47.6 14.51 0.579999
      vertex 49.52 15.47 0.579999
    endloop
  endfacet
  facet normal 0 0 -1
    outer loop
      vertex 46.64 15.47 0.579999
      vertex 47.6 14.51 0.579999
      vertex 46.64 14.51 0.579999
    endloop
  endfacet
  facet normal 0 0 -1
    outer loop
      vertex 47.6 14.51 0.579999
      vertex 46.64 15.47 0.579999
      vertex 49.52 15.47 0.579999
    endloop
  endfacet
  facet normal 1 -0 0
    outer loop
      vertex 52.4 7.79 0.579999
      vertex 52.4 10.67 0
      vertex 52.4 10.67 0.579999
    endloop
  endfacet
  facet normal 1 0 0
    outer loop
      vertex 52.4 10.67 0
      vertex 52.4 7.79 0.579999
      vertex 52.4 7.79 0
    endloop
  endfacet
  facet normal 0 1 -0
    outer loop
      vertex 53.36 7.79 0
      vertex 52.4 7.79 0.579999
      vertex 53.36 7.79 0.579999
    endloop
  endfacet
  facet normal 0 1 0
    outer loop
      vertex 52.4 7.79 0.579999
      vertex 53.36 7.79 0
      vertex 52.4 7.79 0
    endloop
  endfacet
  facet normal 0 0 -1
    outer loop
      vertex 59.12 7.79 0.579999
      vertex 62.96 11.63 0.579999
      vertex 62.96 7.79 0.579999
    endloop
  endfacet
  facet normal -0 0 -1
    outer loop
      vertex 62.96 11.63 0.579999
      vertex 59.12 7.79 0.579999
      vertex 59.12 11.63 0.579999
    endloop
  endfacet
  facet normal 1 -0 0
    outer loop
      vertex 59.12 7.79 0.579999
      vertex 59.12 11.63 0
      vertex 59.12 11.63 0.579999
    endloop
  endfacet
  facet normal 1 0 0
    outer loop
      vertex 59.12 11.63 0
      vertex 59.12 7.79 0.579999
      vertex 59.12 7.79 0
    endloop
  endfacet
  facet normal 0 1 -0
    outer loop
      vertex 62.96 7.79 0
      vertex 59.12 7.79 0.579999
      vertex 62.96 7.79 0.579999
    endloop
  endfacet
  facet normal 0 1 0
    outer loop
      vertex 59.12 7.79 0.579999
      vertex 62.96 7.79 0
      vertex 59.12 7.79 0
    endloop
  endfacet
  facet normal -1 0 0
    outer loop
      vertex 62.96 7.79 0
      vertex 62.96 11.63 0.579999
      vertex 62.96 11.63 0
    endloop
  endfacet
  facet normal -1 -0 0
    outer loop
      vertex 62.96 11.63 0.579999
      vertex 62.96 7.79 0
      vertex 62.96 7.79 0.579999
    endloop
  endfacet
  facet normal -1 0 0
    outer loop
      vertex 33.2 8.75 0
      vertex 33.2 10.67 0.579999
      vertex 33.2 10.67 0
    endloop
  endfacet
  facet normal -1 -0 0
    outer loop
      vertex 33.2 10.67 0.579999
      vertex 33.2 8.75 0
      vertex 33.2 8.75 0.579999
    endloop
  endfacet
  facet normal 1 -0 0
    outer loop
      vertex 34.16 8.75 0.579999
      vertex 34.16 14.51 0
      vertex 34.16 14.51 0.579999
    endloop
  endfacet
  facet normal 1 0 0
    outer loop
      vertex 34.16 14.51 0
      vertex 34.16 8.75 0.579999
      vertex 34.16 8.75 0
    endloop
  endfacet
  facet normal -1 0 0
    outer loop
      vertex 37.04 8.75 0
      vertex 37.04 10.67 0.579999
      vertex 37.04 10.67 0
    endloop
  endfacet
  facet normal -1 -0 0
    outer loop
      vertex 37.04 10.67 0.579999
      vertex 37.04 8.75 0
      vertex 37.04 8.75 0.579999
    endloop
  endfacet
  facet normal -1 0 0
    outer loop
      vertex 43.76 8.75 0
      vertex 43.76 11.63 0.579999
      vertex 43.76 11.63 0
    endloop
  endfacet
  facet normal -1 -0 0
    outer loop
      vertex 43.76 11.63 0.579999
      vertex 43.76 8.75 0
      vertex 43.76 8.75 0.579999
    endloop
  endfacet
  facet normal 1 -0 0
    outer loop
      vertex 42.8 8.75 0.579999
      vertex 42.8 10.67 0
      vertex 42.8 10.67 0.579999
    endloop
  endfacet
  facet normal 1 0 0
    outer loop
      vertex 42.8 10.67 0
      vertex 42.8 8.75 0.579999
      vertex 42.8 8.75 0
    endloop
  endfacet
  facet normal 0 1 -0
    outer loop
      vertex 43.76 8.75 0
      vertex 42.8 8.75 0.579999
      vertex 43.76 8.75 0.579999
    endloop
  endfacet
  facet normal 0 1 0
    outer loop
      vertex 42.8 8.75 0.579999
      vertex 43.76 8.75 0
      vertex 42.8 8.75 0
    endloop
  endfacet
  facet normal -1 0 0
    outer loop
      vertex 47.6 8.75 0
      vertex 47.6 11.63 0.579999
      vertex 47.6 11.63 0
    endloop
  endfacet
  facet normal -1 -0 0
    outer loop
      vertex 47.6 11.63 0.579999
      vertex 47.6 8.75 0
      vertex 47.6 8.75 0.579999
    endloop
  endfacet
  facet normal 0 -1 0
    outer loop
      vertex 31.28 10.67 0
      vertex 33.2 10.67 0.579999
      vertex 31.28 10.67 0.579999
    endloop
  endfacet
  facet normal 0 -1 -0
    outer loop
      vertex 33.2 10.67 0.579999
      vertex 31.28 10.67 0
      vertex 33.2 10.67 0
    endloop
  endfacet
  facet normal 0 -1 0
    outer loop
      vertex 36.08 10.67 0
      vertex 37.04 10.67 0.579999
      vertex 36.08 10.67 0.579999
    endloop
  endfacet
  facet normal 0 -1 -0
    outer loop
      vertex 37.04 10.67 0.579999
      vertex 36.08 10.67 0
      vertex 37.04 10.67 0
    endloop
  endfacet
  facet normal 0 1 -0
    outer loop
      vertex 42.8 10.67 0
      vertex 40.88 10.67 0.579999
      vertex 42.8 10.67 0.579999
    endloop
  endfacet
  facet normal 0 1 0
    outer loop
      vertex 40.88 10.67 0.579999
      vertex 42.8 10.67 0
      vertex 40.88 10.67 0
    endloop
  endfacet
  facet normal 0 1 -0
    outer loop
      vertex 52.4 10.67 0
      vertex 49.52 10.67 0.579999
      vertex 52.4 10.67 0.579999
    endloop
  endfacet
  facet normal 0 1 0
    outer loop
      vertex 49.52 10.67 0.579999
      vertex 52.4 10.67 0
      vertex 49.52 10.67 0
    endloop
  endfacet
  facet normal 0 -1 0
    outer loop
      vertex 23.6 11.63 0
      vertex 27.44 11.63 0.579999
      vertex 23.6 11.63 0.579999
    endloop
  endfacet
  facet normal 0 -1 -0
    outer loop
      vertex 27.44 11.63 0.579999
      vertex 23.6 11.63 0
      vertex 27.44 11.63 0
    endloop
  endfacet
  facet normal -1 0 0
    outer loop
      vertex 36.08 10.67 0
      vertex 36.08 11.63 0.579999
      vertex 36.08 11.63 0
    endloop
  endfacet
  facet normal -1 -0 0
    outer loop
      vertex 36.08 11.63 0.579999
      vertex 36.08 10.67 0
      vertex 36.08 10.67 0.579999
    endloop
  endfacet
  facet normal 1 -0 0
    outer loop
      vertex 38 11.63 0.579999
      vertex 38 13.55 0
      vertex 38 13.55 0.579999
    endloop
  endfacet
  facet normal 1 0 0
    outer loop
      vertex 38 13.55 0
      vertex 38 11.63 0.579999
      vertex 38 11.63 0
    endloop
  endfacet
  facet normal 1 -0 0
    outer loop
      vertex 37.04 10.67 0.579999
      vertex 37.04 11.63 0
      vertex 37.04 11.63 0.579999
    endloop
  endfacet
  facet normal 1 0 0
    outer loop
      vertex 37.04 11.63 0
      vertex 37.04 10.67 0.579999
      vertex 37.04 10.67 0
    endloop
  endfacet
  facet normal 0 -1 0
    outer loop
      vertex 37.04 11.63 0
      vertex 38 11.63 0.579999
      vertex 37.04 11.63 0.579999
    endloop
  endfacet
  facet normal 0 -1 -0
    outer loop
      vertex 38 11.63 0.579999
      vertex 37.04 11.63 0
      vertex 38 11.63 0
    endloop
  endfacet
  facet normal 0 1 -0
    outer loop
      vertex 39.92 10.67 0
      vertex 37.04 10.67 0.579999
      vertex 39.92 10.67 0.579999
    endloop
  endfacet
  facet normal 0 1 0
    outer loop
      vertex 37.04 10.67 0.579999
      vertex 39.92 10.67 0
      vertex 37.04 10.67 0
    endloop
  endfacet
  facet normal 1 -0 0
    outer loop
      vertex 40.88 11.63 0.579999
      vertex 40.88 13.55 0
      vertex 40.88 13.55 0.579999
    endloop
  endfacet
  facet normal 1 0 0
    outer loop
      vertex 40.88 13.55 0
      vertex 40.88 11.63 0.579999
      vertex 40.88 11.63 0
    endloop
  endfacet
  facet normal 0 -1 0
    outer loop
      vertex 39.92 11.63 0
      vertex 40.88 11.63 0.579999
      vertex 39.92 11.63 0.579999
    endloop
  endfacet
  facet normal 0 -1 -0
    outer loop
      vertex 40.88 11.63 0.579999
      vertex 39.92 11.63 0
      vertex 40.88 11.63 0
    endloop
  endfacet
  facet normal 0 -1 0
    outer loop
      vertex 42.8 11.63 0
      vertex 43.76 11.63 0.579999
      vertex 42.8 11.63 0.579999
    endloop
  endfacet
  facet normal 0 -1 -0
    outer loop
      vertex 43.76 11.63 0.579999
      vertex 42.8 11.63 0
      vertex 43.76 11.63 0
    endloop
  endfacet
  facet normal 0 -1 0
    outer loop
      vertex 46.64 11.63 0
      vertex 47.6 11.63 0.579999
      vertex 46.64 11.63 0.579999
    endloop
  endfacet
  facet normal 0 -1 -0
    outer loop
      vertex 47.6 11.63 0.579999
      vertex 46.64 11.63 0
      vertex 47.6 11.63 0
    endloop
  endfacet
  facet normal 1 -0 0
    outer loop
      vertex 49.52 10.67 0.579999
      vertex 49.52 11.63 0
      vertex 49.52 11.63 0.579999
    endloop
  endfacet
  facet normal 1 0 0
    outer loop
      vertex 49.52 11.63 0
      vertex 49.52 10.67 0.579999
      vertex 49.52 10.67 0
    endloop
  endfacet
  facet normal 0 -1 0
    outer loop
      vertex 50.48 11.63 0
      vertex 53.36 11.63 0.579999
      vertex 50.48 11.63 0.579999
    endloop
  endfacet
  facet normal 0 -1 -0
    outer loop
      vertex 53.36 11.63 0.579999
      vertex 50.48 11.63 0
      vertex 53.36 11.63 0
    endloop
  endfacet
  facet normal 0 -1 0
    outer loop
      vertex 59.12 11.63 0
      vertex 62.96 11.63 0.579999
      vertex 59.12 11.63 0.579999
    endloop
  endfacet
  facet normal 0 -1 -0
    outer loop
      vertex 62.96 11.63 0.579999
      vertex 59.12 11.63 0
      vertex 62.96 11.63 0
    endloop
  endfacet
  facet normal -1 0 0
    outer loop
      vertex 37.04 11.63 0
      vertex 37.04 13.55 0.579999
      vertex 37.04 13.55 0
    endloop
  endfacet
  facet normal -1 -0 0
    outer loop
      vertex 37.04 13.55 0.579999
      vertex 37.04 11.63 0
      vertex 37.04 11.63 0.579999
    endloop
  endfacet
  facet normal 0 1 -0
    outer loop
      vertex 37.04 11.63 0
      vertex 36.08 11.63 0.579999
      vertex 37.04 11.63 0.579999
    endloop
  endfacet
  facet normal 0 1 0
    outer loop
      vertex 36.08 11.63 0.579999
      vertex 37.04 11.63 0
      vertex 36.08 11.63 0
    endloop
  endfacet
  facet normal -1 0 0
    outer loop
      vertex 39.92 11.63 0
      vertex 39.92 13.55 0.579999
      vertex 39.92 13.55 0
    endloop
  endfacet
  facet normal -1 -0 0
    outer loop
      vertex 39.92 13.55 0.579999
      vertex 39.92 11.63 0
      vertex 39.92 11.63 0.579999
    endloop
  endfacet
  facet normal -1 0 0
    outer loop
      vertex 42.8 11.63 0
      vertex 42.8 13.55 0.579999
      vertex 42.8 13.55 0
    endloop
  endfacet
  facet normal -1 -0 0
    outer loop
      vertex 42.8 13.55 0.579999
      vertex 42.8 11.63 0
      vertex 42.8 11.63 0.579999
    endloop
  endfacet
  facet normal 1 -0 0
    outer loop
      vertex 43.76 11.63 0.579999
      vertex 43.76 13.55 0
      vertex 43.76 13.55 0.579999
    endloop
  endfacet
  facet normal 1 0 0
    outer loop
      vertex 43.76 13.55 0
      vertex 43.76 11.63 0.579999
      vertex 43.76 11.63 0
    endloop
  endfacet
  facet normal 0 1 -0
    outer loop
      vertex 45.68 11.63 0
      vertex 43.76 11.63 0.579999
      vertex 45.68 11.63 0.579999
    endloop
  endfacet
  facet normal 0 1 0
    outer loop
      vertex 43.76 11.63 0.579999
      vertex 45.68 11.63 0
      vertex 43.76 11.63 0
    endloop
  endfacet
  facet normal -1 0 0
    outer loop
      vertex 46.64 11.63 0
      vertex 46.64 14.51 0.579999
      vertex 46.64 14.51 0
    endloop
  endfacet
  facet normal -1 -0 0
    outer loop
      vertex 46.64 14.51 0.579999
      vertex 46.64 11.63 0
      vertex 46.64 11.63 0.579999
    endloop
  endfacet
  facet normal 1 -0 0
    outer loop
      vertex 47.6 11.63 0.579999
      vertex 47.6 14.51 0
      vertex 47.6 14.51 0.579999
    endloop
  endfacet
  facet normal 1 0 0
    outer loop
      vertex 47.6 14.51 0
      vertex 47.6 11.63 0.579999
      vertex 47.6 11.63 0
    endloop
  endfacet
  facet normal 0 1 -0
    outer loop
      vertex 49.52 11.63 0
      vertex 47.6 11.63 0.579999
      vertex 49.52 11.63 0.579999
    endloop
  endfacet
  facet normal 0 1 0
    outer loop
      vertex 47.6 11.63 0.579999
      vertex 49.52 11.63 0
      vertex 47.6 11.63 0
    endloop
  endfacet
  facet normal -1 0 0
    outer loop
      vertex 50.48 11.63 0
      vertex 50.48 13.55 0.579999
      vertex 50.48 13.55 0
    endloop
  endfacet
  facet normal -1 -0 0
    outer loop
      vertex 50.48 13.55 0.579999
      vertex 50.48 11.63 0
      vertex 50.48 11.63 0.579999
    endloop
  endfacet
  facet normal 0 1 -0
    outer loop
      vertex 29.36 13.55 0
      vertex 21.68 13.55 0.579999
      vertex 29.36 13.55 0.579999
    endloop
  endfacet
  facet normal 0 1 0
    outer loop
      vertex 21.68 13.55 0.579999
      vertex 29.36 13.55 0
      vertex 21.68 13.55 0
    endloop
  endfacet
  facet normal 0 -1 0
    outer loop
      vertex 36.08 13.55 0
      vertex 37.04 13.55 0.579999
      vertex 36.08 13.55 0.579999
    endloop
  endfacet
  facet normal 0 -1 -0
    outer loop
      vertex 37.04 13.55 0.579999
      vertex 36.08 13.55 0
      vertex 37.04 13.55 0
    endloop
  endfacet
  facet normal 0 -1 0
    outer loop
      vertex 38 13.55 0
      vertex 39.92 13.55 0.579999
      vertex 38 13.55 0.579999
    endloop
  endfacet
  facet normal 0 -1 -0
    outer loop
      vertex 39.92 13.55 0.579999
      vertex 38 13.55 0
      vertex 39.92 13.55 0
    endloop
  endfacet
  facet normal 0 -1 0
    outer loop
      vertex 40.88 13.55 0
      vertex 42.8 13.55 0.579999
      vertex 40.88 13.55 0.579999
    endloop
  endfacet
  facet normal 0 -1 -0
    outer loop
      vertex 42.8 13.55 0.579999
      vertex 40.88 13.55 0
      vertex 42.8 13.55 0
    endloop
  endfacet
  facet normal 0 -1 0
    outer loop
      vertex 43.76 13.55 0
      vertex 45.68 13.55 0.579999
      vertex 43.76 13.55 0.579999
    endloop
  endfacet
  facet normal 0 -1 -0
    outer loop
      vertex 45.68 13.55 0.579999
      vertex 43.76 13.55 0
      vertex 45.68 13.55 0
    endloop
  endfacet
  facet normal -1 0 0
    outer loop
      vertex 49.52 13.55 0
      vertex 49.52 15.47 0.579999
      vertex 49.52 15.47 0
    endloop
  endfacet
  facet normal -1 -0 0
    outer loop
      vertex 49.52 15.47 0.579999
      vertex 49.52 13.55 0
      vertex 49.52 13.55 0.579999
    endloop
  endfacet
  facet normal 0 -1 0
    outer loop
      vertex 49.52 13.55 0
      vertex 50.48 13.55 0.579999
      vertex 49.52 13.55 0.579999
    endloop
  endfacet
  facet normal 0 -1 -0
    outer loop
      vertex 50.48 13.55 0.579999
      vertex 49.52 13.55 0
      vertex 50.48 13.55 0
    endloop
  endfacet
  facet normal 0 1 -0
    outer loop
      vertex 64.88 13.55 0
      vertex 57.2 13.55 0.579999
      vertex 64.88 13.55 0.579999
    endloop
  endfacet
  facet normal 0 1 0
    outer loop
      vertex 57.2 13.55 0.579999
      vertex 64.88 13.55 0
      vertex 57.2 13.55 0
    endloop
  endfacet
  facet normal 0 -1 0
    outer loop
      vertex 20.72 14.51 0
      vertex 30.32 14.51 0.579999
      vertex 20.72 14.51 0.579999
    endloop
  endfacet
  facet normal 0 -1 -0
    outer loop
      vertex 30.32 14.51 0.579999
      vertex 20.72 14.51 0
      vertex 30.32 14.51 0
    endloop
  endfacet
  facet normal 0 0 -1
    outer loop
      vertex 31.28 13.55 0.579999
      vertex 33.2 14.51 0.579999
      vertex 33.2 13.55 0.579999
    endloop
  endfacet
  facet normal -0 0 -1
    outer loop
      vertex 33.2 14.51 0.579999
      vertex 31.28 13.55 0.579999
      vertex 33.2 15.47 0.579999
    endloop
  endfacet
  facet normal 0 0 -1
    outer loop
      vertex 31.28 18.35 0.579999
      vertex 33.2 15.47 0.579999
      vertex 31.28 13.55 0.579999
    endloop
  endfacet
  facet normal 0 0 -1
    outer loop
      vertex 33.2 15.47 0.579999
      vertex 31.28 18.35 0.579999
      vertex 33.2 18.35 0.579999
    endloop
  endfacet
  facet normal 0 0 -1
    outer loop
      vertex 33.2 14.51 0.579999
      vertex 34.16 15.47 0.579999
      vertex 34.16 14.51 0.579999
    endloop
  endfacet
  facet normal -0 0 -1
    outer loop
      vertex 34.16 15.47 0.579999
      vertex 33.2 14.51 0.579999
      vertex 33.2 15.47 0.579999
    endloop
  endfacet
  facet normal 1 -0 0
    outer loop
      vertex 31.28 13.55 0.579999
      vertex 31.28 18.35 0
      vertex 31.28 18.35 0.579999
    endloop
  endfacet
  facet normal 1 0 0
    outer loop
      vertex 31.28 18.35 0
      vertex 31.28 13.55 0.579999
      vertex 31.28 13.55 0
    endloop
  endfacet
  facet normal 0 1 -0
    outer loop
      vertex 33.2 13.55 0
      vertex 31.28 13.55 0.579999
      vertex 33.2 13.55 0.579999
    endloop
  endfacet
  facet normal 0 1 0
    outer loop
      vertex 31.28 13.55 0.579999
      vertex 33.2 13.55 0
      vertex 31.28 13.55 0
    endloop
  endfacet
  facet normal -1 0 0
    outer loop
      vertex 33.2 13.55 0
      vertex 33.2 14.51 0.579999
      vertex 33.2 14.51 0
    endloop
  endfacet
  facet normal -1 -0 0
    outer loop
      vertex 33.2 14.51 0.579999
      vertex 33.2 13.55 0
      vertex 33.2 13.55 0.579999
    endloop
  endfacet
  facet normal 0 -1 0
    outer loop
      vertex 34.16 14.51 0
      vertex 36.08 14.51 0.579999
      vertex 34.16 14.51 0.579999
    endloop
  endfacet
  facet normal 0 -1 -0
    outer loop
      vertex 36.08 14.51 0.579999
      vertex 34.16 14.51 0
      vertex 36.08 14.51 0
    endloop
  endfacet
  facet normal -1 0 0
    outer loop
      vertex 36.08 13.55 0
      vertex 36.08 14.51 0.579999
      vertex 36.08 14.51 0
    endloop
  endfacet
  facet normal -1 -0 0
    outer loop
      vertex 36.08 14.51 0.579999
      vertex 36.08 13.55 0
      vertex 36.08 13.55 0.579999
    endloop
  endfacet
  facet normal -1 0 0
    outer loop
      vertex 38 13.55 0
      vertex 38 14.51 0.579999
      vertex 38 14.51 0
    endloop
  endfacet
  facet normal -1 -0 0
    outer loop
      vertex 38 14.51 0.579999
      vertex 38 13.55 0
      vertex 38 13.55 0.579999
    endloop
  endfacet
  facet normal 0 0 -1
    outer loop
      vertex 37.04 13.55 0.579999
      vertex 38 14.51 0.579999
      vertex 38 13.55 0.579999
    endloop
  endfacet
  facet normal -0 0 -1
    outer loop
      vertex 38 14.51 0.579999
      vertex 37.04 13.55 0.579999
      vertex 37.04 14.51 0.579999
    endloop
  endfacet
  facet normal 1 -0 0
    outer loop
      vertex 37.04 13.55 0.579999
      vertex 37.04 14.51 0
      vertex 37.04 14.51 0.579999
    endloop
  endfacet
  facet normal 1 0 0
    outer loop
      vertex 37.04 14.51 0
      vertex 37.04 13.55 0.579999
      vertex 37.04 13.55 0
    endloop
  endfacet
  facet normal 0 -1 0
    outer loop
      vertex 37.04 14.51 0
      vertex 38 14.51 0.579999
      vertex 37.04 14.51 0.579999
    endloop
  endfacet
  facet normal 0 -1 -0
    outer loop
      vertex 38 14.51 0.579999
      vertex 37.04 14.51 0
      vertex 38 14.51 0
    endloop
  endfacet
  facet normal 0 1 -0
    outer loop
      vertex 38 13.55 0
      vertex 37.04 13.55 0.579999
      vertex 38 13.55 0.579999
    endloop
  endfacet
  facet normal 0 1 0
    outer loop
      vertex 37.04 13.55 0.579999
      vertex 38 13.55 0
      vertex 37.04 13.55 0
    endloop
  endfacet
  facet normal -1 0 0
    outer loop
      vertex 40.88 13.55 0
      vertex 40.88 14.51 0.579999
      vertex 40.88 14.51 0
    endloop
  endfacet
  facet normal -1 -0 0
    outer loop
      vertex 40.88 14.51 0.579999
      vertex 40.88 13.55 0
      vertex 40.88 13.55 0.579999
    endloop
  endfacet
  facet normal 0 0 -1
    outer loop
      vertex 40.88 13.55 0.579999
      vertex 39.92 13.55 0.579999
      vertex 40.88 14.51 0.579999
    endloop
  endfacet
  facet normal 0 0 -1
    outer loop
      vertex 42.8 14.51 0.579999
      vertex 43.76 13.55 0.579999
      vertex 42.8 13.55 0.579999
    endloop
  endfacet
  facet normal 0 0 -1
    outer loop
      vertex 43.76 13.55 0.579999
      vertex 42.8 14.51 0.579999
      vertex 43.76 15.47 0.579999
    endloop
  endfacet
  facet normal 0 0 -1
    outer loop
      vertex 40.88 14.51 0.579999
      vertex 43.76 15.47 0.579999
      vertex 42.8 14.51 0.579999
    endloop
  endfacet
  facet normal 0 0 -1
    outer loop
      vertex 40.88 14.51 0.579999
      vertex 39.92 15.47 0.579999
      vertex 43.76 15.47 0.579999
    endloop
  endfacet
  facet normal 0 0 -1
    outer loop
      vertex 39.92 15.47 0.579999
      vertex 40.88 14.51 0.579999
      vertex 39.92 13.55 0.579999
    endloop
  endfacet
  facet normal 1 -0 0
    outer loop
      vertex 39.92 13.55 0.579999
      vertex 39.92 15.47 0
      vertex 39.92 15.47 0.579999
    endloop
  endfacet
  facet normal 1 0 0
    outer loop
      vertex 39.92 15.47 0
      vertex 39.92 13.55 0.579999
      vertex 39.92 13.55 0
    endloop
  endfacet
  facet normal 0 1 -0
    outer loop
      vertex 40.88 13.55 0
      vertex 39.92 13.55 0.579999
      vertex 40.88 13.55 0.579999
    endloop
  endfacet
  facet normal 0 1 0
    outer loop
      vertex 39.92 13.55 0.579999
      vertex 40.88 13.55 0
      vertex 39.92 13.55 0
    endloop
  endfacet
  facet normal -1 0 0
    outer loop
      vertex 43.76 13.55 0
      vertex 43.76 15.47 0.579999
      vertex 43.76 15.47 0
    endloop
  endfacet
  facet normal -1 -0 0
    outer loop
      vertex 43.76 15.47 0.579999
      vertex 43.76 13.55 0
      vertex 43.76 13.55 0.579999
    endloop
  endfacet
  facet normal 1 -0 0
    outer loop
      vertex 42.8 13.55 0.579999
      vertex 42.8 14.51 0
      vertex 42.8 14.51 0.579999
    endloop
  endfacet
  facet normal 1 0 0
    outer loop
      vertex 42.8 14.51 0
      vertex 42.8 13.55 0.579999
      vertex 42.8 13.55 0
    endloop
  endfacet
  facet normal 0 1 -0
    outer loop
      vertex 43.76 13.55 0
      vertex 42.8 13.55 0.579999
      vertex 43.76 13.55 0.579999
    endloop
  endfacet
  facet normal 0 1 0
    outer loop
      vertex 42.8 13.55 0.579999
      vertex 43.76 13.55 0
      vertex 42.8 13.55 0
    endloop
  endfacet
  facet normal 1 -0 0
    outer loop
      vertex 45.68 13.55 0.579999
      vertex 45.68 14.51 0
      vertex 45.68 14.51 0.579999
    endloop
  endfacet
  facet normal 1 0 0
    outer loop
      vertex 45.68 14.51 0
      vertex 45.68 13.55 0.579999
      vertex 45.68 13.55 0
    endloop
  endfacet
  facet normal 0 -1 0
    outer loop
      vertex 45.68 14.51 0
      vertex 46.64 14.51 0.579999
      vertex 45.68 14.51 0.579999
    endloop
  endfacet
  facet normal 0 -1 -0
    outer loop
      vertex 46.64 14.51 0.579999
      vertex 45.68 14.51 0
      vertex 46.64 14.51 0
    endloop
  endfacet
  facet normal 0 1 -0
    outer loop
      vertex 47.6 14.51 0
      vertex 46.64 14.51 0.579999
      vertex 47.6 14.51 0.579999
    endloop
  endfacet
  facet normal 0 1 0
    outer loop
      vertex 46.64 14.51 0.579999
      vertex 47.6 14.51 0
      vertex 46.64 14.51 0
    endloop
  endfacet
  facet normal 0 0 -1
    outer loop
      vertex 50.48 13.55 0.579999
      vertex 52.4 17.39 0.579999
      vertex 52.4 13.55 0.579999
    endloop
  endfacet
  facet normal -0 0 -1
    outer loop
      vertex 52.4 17.39 0.579999
      vertex 50.48 13.55 0.579999
      vertex 50.48 17.39 0.579999
    endloop
  endfacet
  facet normal 1 -0 0
    outer loop
      vertex 50.48 13.55 0.579999
      vertex 50.48 17.39 0
      vertex 50.48 17.39 0.579999
    endloop
  endfacet
  facet normal 1 0 0
    outer loop
      vertex 50.48 17.39 0
      vertex 50.48 13.55 0.579999
      vertex 50.48 13.55 0
    endloop
  endfacet
  facet normal 0 1 -0
    outer loop
      vertex 52.4 13.55 0
      vertex 50.48 13.55 0.579999
      vertex 52.4 13.55 0.579999
    endloop
  endfacet
  facet normal 0 1 0
    outer loop
      vertex 50.48 13.55 0.579999
      vertex 52.4 13.55 0
      vertex 50.48 13.55 0
    endloop
  endfacet
  facet normal -1 0 0
    outer loop
      vertex 52.4 13.55 0
      vertex 52.4 17.39 0.579999
      vertex 52.4 17.39 0
    endloop
  endfacet
  facet normal -1 -0 0
    outer loop
      vertex 52.4 17.39 0.579999
      vertex 52.4 13.55 0
      vertex 52.4 13.55 0.579999
    endloop
  endfacet
  facet normal 0 0 -1
    outer loop
      vertex 52.4 17.39 0.579999
      vertex 53.36 18.35 0.579999
      vertex 53.36 17.39 0.579999
    endloop
  endfacet
  facet normal -0 0 -1
    outer loop
      vertex 53.36 18.35 0.579999
      vertex 52.4 17.39 0.579999
      vertex 52.4 18.35 0.579999
    endloop
  endfacet
  facet normal 0 0 -1
    outer loop
      vertex 53.36 13.55 0.579999
      vertex 55.28 15.47 0.579999
      vertex 55.28 13.55 0.579999
    endloop
  endfacet
  facet normal 0 0 -1
    outer loop
      vertex 55.28 15.47 0.579999
      vertex 53.36 17.39 0.579999
      vertex 55.28 17.39 0.579999
    endloop
  endfacet
  facet normal -0 0 -1
    outer loop
      vertex 55.28 15.47 0.579999
      vertex 53.36 13.55 0.579999
      vertex 53.36 17.39 0.579999
    endloop
  endfacet
  facet normal 0 0 -1
    outer loop
      vertex 53.36 18.35 0.579999
      vertex 55.28 17.39 0.579999
      vertex 53.36 17.39 0.579999
    endloop
  endfacet
  facet normal 0 0 -1
    outer loop
      vertex 55.28 17.39 0.579999
      vertex 53.36 18.35 0.579999
      vertex 55.28 20.27 0.579999
    endloop
  endfacet
  facet normal -0 0 -1
    outer loop
      vertex 55.28 20.27 0.579999
      vertex 53.36 18.35 0.579999
      vertex 53.36 20.27 0.579999
    endloop
  endfacet
  facet normal 0 0 -1
    outer loop
      vertex 55.28 15.47 0.579999
      vertex 57.2 17.39 0.579999
      vertex 57.2 15.47 0.579999
    endloop
  endfacet
  facet normal -0 0 -1
    outer loop
      vertex 57.2 17.39 0.579999
      vertex 55.28 15.47 0.579999
      vertex 55.28 17.39 0.579999
    endloop
  endfacet
  facet normal 1 -0 0
    outer loop
      vertex 53.36 13.55 0.579999
      vertex 53.36 17.39 0
      vertex 53.36 17.39 0.579999
    endloop
  endfacet
  facet normal 1 0 0
    outer loop
      vertex 53.36 17.39 0
      vertex 53.36 13.55 0.579999
      vertex 53.36 13.55 0
    endloop
  endfacet
  facet normal 0 1 -0
    outer loop
      vertex 55.28 13.55 0
      vertex 53.36 13.55 0.579999
      vertex 55.28 13.55 0.579999
    endloop
  endfacet
  facet normal 0 1 0
    outer loop
      vertex 53.36 13.55 0.579999
      vertex 55.28 13.55 0
      vertex 53.36 13.55 0
    endloop
  endfacet
  facet normal -1 0 0
    outer loop
      vertex 55.28 13.55 0
      vertex 55.28 15.47 0.579999
      vertex 55.28 15.47 0
    endloop
  endfacet
  facet normal -1 -0 0
    outer loop
      vertex 55.28 15.47 0.579999
      vertex 55.28 13.55 0
      vertex 55.28 13.55 0.579999
    endloop
  endfacet
  facet normal 0 -1 0
    outer loop
      vertex 56.24 14.51 0
      vertex 65.84 14.51 0.579999
      vertex 56.24 14.51 0.579999
    endloop
  endfacet
  facet normal 0 -1 -0
    outer loop
      vertex 65.84 14.51 0.579999
      vertex 56.24 14.51 0
      vertex 65.84 14.51 0
    endloop
  endfacet
  facet normal -1 0 0
    outer loop
      vertex 33.2 15.47 0
      vertex 33.2 18.35 0.579999
      vertex 33.2 18.35 0
    endloop
  endfacet
  facet normal -1 -0 0
    outer loop
      vertex 33.2 18.35 0.579999
      vertex 33.2 15.47 0
      vertex 33.2 15.47 0.579999
    endloop
  endfacet
  facet normal -1 0 0
    outer loop
      vertex 34.16 14.51 0
      vertex 34.16 15.47 0.579999
      vertex 34.16 15.47 0
    endloop
  endfacet
  facet normal -1 -0 0
    outer loop
      vertex 34.16 15.47 0.579999
      vertex 34.16 14.51 0
      vertex 34.16 14.51 0.579999
    endloop
  endfacet
  facet normal 0 -1 0
    outer loop
      vertex 33.2 15.47 0
      vertex 34.16 15.47 0.579999
      vertex 33.2 15.47 0.579999
    endloop
  endfacet
  facet normal 0 -1 -0
    outer loop
      vertex 34.16 15.47 0.579999
      vertex 33.2 15.47 0
      vertex 34.16 15.47 0
    endloop
  endfacet
  facet normal 0 1 -0
    outer loop
      vertex 34.16 14.51 0
      vertex 33.2 14.51 0.579999
      vertex 34.16 14.51 0.579999
    endloop
  endfacet
  facet normal 0 1 0
    outer loop
      vertex 33.2 14.51 0.579999
      vertex 34.16 14.51 0
      vertex 33.2 14.51 0
    endloop
  endfacet
  facet normal -1 0 0
    outer loop
      vertex 37.04 14.51 0
      vertex 37.04 15.47 0.579999
      vertex 37.04 15.47 0
    endloop
  endfacet
  facet normal -1 -0 0
    outer loop
      vertex 37.04 15.47 0.579999
      vertex 37.04 14.51 0
      vertex 37.04 14.51 0.579999
    endloop
  endfacet
  facet normal 0 0 -1
    outer loop
      vertex 36.08 14.51 0.579999
      vertex 37.04 15.47 0.579999
      vertex 37.04 14.51 0.579999
    endloop
  endfacet
  facet normal -0 0 -1
    outer loop
      vertex 37.04 15.47 0.579999
      vertex 36.08 14.51 0.579999
      vertex 36.08 15.47 0.579999
    endloop
  endfacet
  facet normal 1 -0 0
    outer loop
      vertex 36.08 14.51 0.579999
      vertex 36.08 15.47 0
      vertex 36.08 15.47 0.579999
    endloop
  endfacet
  facet normal 1 0 0
    outer loop
      vertex 36.08 15.47 0
      vertex 36.08 14.51 0.579999
      vertex 36.08 14.51 0
    endloop
  endfacet
  facet normal 0 -1 0
    outer loop
      vertex 36.08 15.47 0
      vertex 37.04 15.47 0.579999
      vertex 36.08 15.47 0.579999
    endloop
  endfacet
  facet normal 0 -1 -0
    outer loop
      vertex 37.04 15.47 0.579999
      vertex 36.08 15.47 0
      vertex 37.04 15.47 0
    endloop
  endfacet
  facet normal 0 1 -0
    outer loop
      vertex 37.04 14.51 0
      vertex 36.08 14.51 0.579999
      vertex 37.04 14.51 0.579999
    endloop
  endfacet
  facet normal 0 1 0
    outer loop
      vertex 36.08 14.51 0.579999
      vertex 37.04 14.51 0
      vertex 36.08 14.51 0
    endloop
  endfacet
  facet normal 0 -1 0
    outer loop
      vertex 39.92 15.47 0
      vertex 43.76 15.47 0.579999
      vertex 39.92 15.47 0.579999
    endloop
  endfacet
  facet normal 0 -1 -0
    outer loop
      vertex 43.76 15.47 0.579999
      vertex 39.92 15.47 0
      vertex 43.76 15.47 0
    endloop
  endfacet
  facet normal 0 1 -0
    outer loop
      vertex 42.8 14.51 0
      vertex 40.88 14.51 0.579999
      vertex 42.8 14.51 0.579999
    endloop
  endfacet
  facet normal 0 1 0
    outer loop
      vertex 40.88 14.51 0.579999
      vertex 42.8 14.51 0
      vertex 40.88 14.51 0
    endloop
  endfacet
  facet normal 1 -0 0
    outer loop
      vertex 46.64 14.51 0.579999
      vertex 46.64 15.47 0
      vertex 46.64 15.47 0.579999
    endloop
  endfacet
  facet normal 1 0 0
    outer loop
      vertex 46.64 15.47 0
      vertex 46.64 14.51 0.579999
      vertex 46.64 14.51 0
    endloop
  endfacet
  facet normal 0 -1 0
    outer loop
      vertex 46.64 15.47 0
      vertex 49.52 15.47 0.579999
      vertex 46.64 15.47 0.579999
    endloop
  endfacet
  facet normal 0 -1 -0
    outer loop
      vertex 49.52 15.47 0.579999
      vertex 46.64 15.47 0
      vertex 49.52 15.47 0
    endloop
  endfacet
  facet normal -1 0 0
    outer loop
      vertex 21.68 15.47 0
      vertex 21.68 18.35 0.579999
      vertex 21.68 18.35 0
    endloop
  endfacet
  facet normal -1 -0 0
    outer loop
      vertex 21.68 18.35 0.579999
      vertex 21.68 15.47 0
      vertex 21.68 15.47 0.579999
    endloop
  endfacet
  facet normal 0 0 -1
    outer loop
      vertex 20.72 15.47 0.579999
      vertex 21.68 18.35 0.579999
      vertex 21.68 15.47 0.579999
    endloop
  endfacet
  facet normal -0 0 -1
    outer loop
      vertex 21.68 18.35 0.579999
      vertex 20.72 15.47 0.579999
      vertex 20.72 18.35 0.579999
    endloop
  endfacet
  facet normal 1 -0 0
    outer loop
      vertex 20.72 15.47 0.579999
      vertex 20.72 18.35 0
      vertex 20.72 18.35 0.579999
    endloop
  endfacet
  facet normal 1 0 0
    outer loop
      vertex 20.72 18.35 0
      vertex 20.72 15.47 0.579999
      vertex 20.72 15.47 0
    endloop
  endfacet
  facet normal 0 1 -0
    outer loop
      vertex 21.68 15.47 0
      vertex 20.72 15.47 0.579999
      vertex 21.68 15.47 0.579999
    endloop
  endfacet
  facet normal 0 1 0
    outer loop
      vertex 20.72 15.47 0.579999
      vertex 21.68 15.47 0
      vertex 20.72 15.47 0
    endloop
  endfacet
  facet normal -1 0 0
    outer loop
      vertex 30.32 15.47 0
      vertex 30.32 17.39 0.579999
      vertex 30.32 17.39 0
    endloop
  endfacet
  facet normal -1 -0 0
    outer loop
      vertex 30.32 17.39 0.579999
      vertex 30.32 15.47 0
      vertex 30.32 15.47 0.579999
    endloop
  endfacet
  facet normal 0 0 -1
    outer loop
      vertex 29.36 15.47 0.579999
      vertex 30.32 17.39 0.579999
      vertex 30.32 15.47 0.579999
    endloop
  endfacet
  facet normal -0 0 -1
    outer loop
      vertex 30.32 17.39 0.579999
      vertex 29.36 15.47 0.579999
      vertex 29.36 17.39 0.579999
    endloop
  endfacet
  facet normal 1 -0 0
    outer loop
      vertex 29.36 15.47 0.579999
      vertex 29.36 17.39 0
      vertex 29.36 17.39 0.579999
    endloop
  endfacet
  facet normal 1 0 0
    outer loop
      vertex 29.36 17.39 0
      vertex 29.36 15.47 0.579999
      vertex 29.36 15.47 0
    endloop
  endfacet
  facet normal 0 1 -0
    outer loop
      vertex 30.32 15.47 0
      vertex 29.36 15.47 0.579999
      vertex 30.32 15.47 0.579999
    endloop
  endfacet
  facet normal 0 1 0
    outer loop
      vertex 29.36 15.47 0.579999
      vertex 30.32 15.47 0
      vertex 29.36 15.47 0
    endloop
  endfacet
  facet normal 0 0 -1
    outer loop
      vertex 34.16 15.47 0.579999
      vertex 36.08 17.39 0.579999
      vertex 36.08 15.47 0.579999
    endloop
  endfacet
  facet normal -0 0 -1
    outer loop
      vertex 36.08 17.39 0.579999
      vertex 34.16 15.47 0.579999
      vertex 34.16 17.39 0.579999
    endloop
  endfacet
  facet normal 1 -0 0
    outer loop
      vertex 34.16 15.47 0.579999
      vertex 34.16 17.39 0
      vertex 34.16 17.39 0.579999
    endloop
  endfacet
  facet normal 1 0 0
    outer loop
      vertex 34.16 17.39 0
      vertex 34.16 15.47 0.579999
      vertex 34.16 15.47 0
    endloop
  endfacet
  facet normal 0 1 -0
    outer loop
      vertex 36.08 15.47 0
      vertex 34.16 15.47 0.579999
      vertex 36.08 15.47 0.579999
    endloop
  endfacet
  facet normal 0 1 0
    outer loop
      vertex 34.16 15.47 0.579999
      vertex 36.08 15.47 0
      vertex 34.16 15.47 0
    endloop
  endfacet
  facet normal -1 0 0
    outer loop
      vertex 36.08 15.47 0
      vertex 36.08 17.39 0.579999
      vertex 36.08 17.39 0
    endloop
  endfacet
  facet normal -1 -0 0
    outer loop
      vertex 36.08 17.39 0.579999
      vertex 36.08 15.47 0
      vertex 36.08 15.47 0.579999
    endloop
  endfacet
  facet normal 0 0 -1
    outer loop
      vertex 42.8 17.39 0.579999
      vertex 39.92 17.39 0.579999
      vertex 42.8 18.35 0.579999
    endloop
  endfacet
  facet normal 0 0 -1
    outer loop
      vertex 42.8 18.35 0.579999
      vertex 43.76 20.27 0.579999
      vertex 43.76 18.35 0.579999
    endloop
  endfacet
  facet normal 0 0 -1
    outer loop
      vertex 39.92 20.27 0.579999
      vertex 42.8 18.35 0.579999
      vertex 39.92 17.39 0.579999
    endloop
  endfacet
  facet normal 0 0 -1
    outer loop
      vertex 42.8 18.35 0.579999
      vertex 39.92 20.27 0.579999
      vertex 43.76 20.27 0.579999
    endloop
  endfacet
  facet normal 0 0 -1
    outer loop
      vertex 43.76 15.47 0.579999
      vertex 45.68 17.39 0.579999
      vertex 45.68 15.47 0.579999
    endloop
  endfacet
  facet normal 0 0 -1
    outer loop
      vertex 45.68 17.39 0.579999
      vertex 43.76 18.35 0.579999
      vertex 45.68 18.35 0.579999
    endloop
  endfacet
  facet normal 0 0 -1
    outer loop
      vertex 45.68 18.35 0.579999
      vertex 43.76 18.35 0.579999
      vertex 45.68 20.27 0.579999
    endloop
  endfacet
  facet normal 0 0 -1
    outer loop
      vertex 43.76 20.27 0.579999
      vertex 45.68 20.27 0.579999
      vertex 43.76 18.35 0.579999
    endloop
  endfacet
  facet normal 0 0 -1
    outer loop
      vertex 45.68 20.27 0.579999
      vertex 43.76 20.27 0.579999
      vertex 45.68 21.23 0.579999
    endloop
  endfacet
  facet normal 0 0 -1
    outer loop
      vertex 43.76 24.11 0.579999
      vertex 45.68 22.19 0.579999
      vertex 43.76 20.27 0.579999
    endloop
  endfacet
  facet normal -0 0 -1
    outer loop
      vertex 45.68 17.39 0.579999
      vertex 43.76 15.47 0.579999
      vertex 43.76 18.35 0.579999
    endloop
  endfacet
  facet normal -0 0 -1
    outer loop
      vertex 45.68 21.23 0.579999
      vertex 43.76 20.27 0.579999
      vertex 45.68 22.19 0.579999
    endloop
  endfacet
  facet normal 0 0 -1
    outer loop
      vertex 45.68 22.19 0.579999
      vertex 43.76 24.11 0.579999
      vertex 45.68 24.11 0.579999
    endloop
  endfacet
  facet normal 0 0 -1
    outer loop
      vertex 45.68 24.11 0.579999
      vertex 43.76 24.11 0.579999
      vertex 45.68 25.07 0.579999
    endloop
  endfacet
  facet normal 0 0 -1
    outer loop
      vertex 43.76 24.11 0.579999
      vertex 43.76 25.07 0.579999
      vertex 45.68 25.07 0.579999
    endloop
  endfacet
  facet normal 0 0 -1
    outer loop
      vertex 42.8 25.07 0.579999
      vertex 43.76 25.07 0.579999
      vertex 43.76 24.11 0.579999
    endloop
  endfacet
  facet normal 0 0 -1
    outer loop
      vertex 43.76 25.07 0.579999
      vertex 42.8 25.07 0.579999
      vertex 43.76 26.99 0.579999
    endloop
  endfacet
  facet normal 0 0 -1
    outer loop
      vertex 40.88 24.11 0.579999
      vertex 42.8 25.07 0.579999
      vertex 43.76 24.11 0.579999
    endloop
  endfacet
  facet normal -0 0 -1
    outer loop
      vertex 42.8 25.07 0.579999
      vertex 40.88 24.11 0.579999
      vertex 40.88 25.07 0.579999
    endloop
  endfacet
  facet normal 0 0 -1
    outer loop
      vertex 49.52 17.39 0.579999
      vertex 47.6 18.35 0.579999
      vertex 49.52 20.27 0.579999
    endloop
  endfacet
  facet normal 0 0 -1
    outer loop
      vertex 45.68 17.39 0.579999
      vertex 47.6 18.35 0.579999
      vertex 49.52 17.39 0.579999
    endloop
  endfacet
  facet normal -0 0 -1
    outer loop
      vertex 47.6 18.35 0.579999
      vertex 45.68 17.39 0.579999
      vertex 45.68 18.35 0.579999
    endloop
  endfacet
  facet normal -0 0 -1
    outer loop
      vertex 49.52 20.27 0.579999
      vertex 47.6 18.35 0.579999
      vertex 47.6 20.27 0.579999
    endloop
  endfacet
  facet normal 0 0 -1
    outer loop
      vertex 45.68 20.27 0.579999
      vertex 46.64 21.23 0.579999
      vertex 46.64 20.27 0.579999
    endloop
  endfacet
  facet normal -0 0 -1
    outer loop
      vertex 46.64 21.23 0.579999
      vertex 45.68 20.27 0.579999
      vertex 45.68 21.23 0.579999
    endloop
  endfacet
  facet normal 0 0 -1
    outer loop
      vertex 47.6 22.19 0.579999
      vertex 49.52 21.23 0.579999
      vertex 47.6 21.23 0.579999
    endloop
  endfacet
  facet normal 0 0 -1
    outer loop
      vertex 49.52 21.23 0.579999
      vertex 47.6 22.19 0.579999
      vertex 49.52 24.11 0.579999
    endloop
  endfacet
  facet normal 0 0 -1
    outer loop
      vertex 45.68 24.11 0.579999
      vertex 47.6 22.19 0.579999
      vertex 45.68 22.19 0.579999
    endloop
  endfacet
  facet normal 0 0 -1
    outer loop
      vertex 47.6 22.19 0.579999
      vertex 45.68 24.11 0.579999
      vertex 49.52 24.11 0.579999
    endloop
  endfacet
  facet normal 0 0 -1
    outer loop
      vertex 33.2 18.35 0.579999
      vertex 36.08 20.27 0.579999
      vertex 36.08 18.35 0.579999
    endloop
  endfacet
  facet normal 0 0 -1
    outer loop
      vertex 36.08 20.27 0.579999
      vertex 34.16 21.23 0.579999
      vertex 36.08 21.23 0.579999
    endloop
  endfacet
  facet normal 0 0 -1
    outer loop
      vertex 36.08 21.23 0.579999
      vertex 34.16 21.23 0.579999
      vertex 36.08 24.11 0.579999
    endloop
  endfacet
  facet normal -0 0 -1
    outer loop
      vertex 36.08 20.27 0.579999
      vertex 33.2 18.35 0.579999
      vertex 34.16 21.23 0.579999
    endloop
  endfacet
  facet normal -0 0 -1
    outer loop
      vertex 34.16 21.23 0.579999
      vertex 33.2 18.35 0.579999
      vertex 33.2 21.23 0.579999
    endloop
  endfacet
  facet normal 0 0 -1
    outer loop
      vertex 37.04 20.27 0.579999
      vertex 38 18.35 0.579999
      vertex 37.04 18.35 0.579999
    endloop
  endfacet
  facet normal 0 0 -1
    outer loop
      vertex 38 18.35 0.579999
      vertex 37.04 20.27 0.579999
      vertex 38 21.23 0.579999
    endloop
  endfacet
  facet normal 0 0 -1
    outer loop
      vertex 36.08 21.23 0.579999
      vertex 37.04 20.27 0.579999
      vertex 36.08 20.27 0.579999
    endloop
  endfacet
  facet normal 0 0 -1
    outer loop
      vertex 37.04 20.27 0.579999
      vertex 36.08 21.23 0.579999
      vertex 38 21.23 0.579999
    endloop
  endfacet
  facet normal 0 0 -1
    outer loop
      vertex 38 17.39 0.579999
      vertex 39.92 17.39 0.579999
      vertex 39.92 15.47 0.579999
    endloop
  endfacet
  facet normal 0 0 -1
    outer loop
      vertex 39.92 17.39 0.579999
      vertex 38 18.35 0.579999
      vertex 39.92 20.27 0.579999
    endloop
  endfacet
  facet normal 0 0 -1
    outer loop
      vertex 39.92 17.39 0.579999
      vertex 38 17.39 0.579999
      vertex 38 18.35 0.579999
    endloop
  endfacet
  facet normal 0 0 -1
    outer loop
      vertex 37.04 15.47 0.579999
      vertex 38 17.39 0.579999
      vertex 39.92 15.47 0.579999
    endloop
  endfacet
  facet normal -0 0 -1
    outer loop
      vertex 38 17.39 0.579999
      vertex 37.04 15.47 0.579999
      vertex 37.04 17.39 0.579999
    endloop
  endfacet
  facet normal -0 0 -1
    outer loop
      vertex 43.76 26.99 0.579999
      vertex 42.8 25.07 0.579999
      vertex 42.8 26.99 0.579999
    endloop
  endfacet
  facet normal 0 0 -1
    outer loop
      vertex 38 21.23 0.579999
      vertex 39.92 20.27 0.579999
      vertex 38 18.35 0.579999
    endloop
  endfacet
  facet normal 0 0 -1
    outer loop
      vertex 39.92 20.27 0.579999
      vertex 38 21.23 0.579999
      vertex 39.92 22.19 0.579999
    endloop
  endfacet
  facet normal -0 0 -1
    outer loop
      vertex 39.92 22.19 0.579999
      vertex 38 21.23 0.579999
      vertex 38 22.19 0.579999
    endloop
  endfacet
  facet normal -0 0 -1
    outer loop
      vertex 36.08 24.11 0.579999
      vertex 34.16 21.23 0.579999
      vertex 34.16 24.11 0.579999
    endloop
  endfacet
  facet normal 1 -0 0
    outer loop
      vertex 37.04 15.47 0.579999
      vertex 37.04 17.39 0
      vertex 37.04 17.39 0.579999
    endloop
  endfacet
  facet normal 1 0 0
    outer loop
      vertex 37.04 17.39 0
      vertex 37.04 15.47 0.579999
      vertex 37.04 15.47 0
    endloop
  endfacet
  facet normal 0 1 -0
    outer loop
      vertex 39.92 15.47 0
      vertex 37.04 15.47 0.579999
      vertex 39.92 15.47 0.579999
    endloop
  endfacet
  facet normal 0 1 0
    outer loop
      vertex 37.04 15.47 0.579999
      vertex 39.92 15.47 0
      vertex 37.04 15.47 0
    endloop
  endfacet
  facet normal -1 0 0
    outer loop
      vertex 39.92 15.47 0
      vertex 39.92 17.39 0.579999
      vertex 39.92 17.39 0
    endloop
  endfacet
  facet normal -1 -0 0
    outer loop
      vertex 39.92 17.39 0.579999
      vertex 39.92 15.47 0
      vertex 39.92 15.47 0.579999
    endloop
  endfacet
  facet normal 1 -0 0
    outer loop
      vertex 43.76 15.47 0.579999
      vertex 43.76 18.35 0
      vertex 43.76 18.35 0.579999
    endloop
  endfacet
  facet normal 1 0 0
    outer loop
      vertex 43.76 18.35 0
      vertex 43.76 15.47 0.579999
      vertex 43.76 15.47 0
    endloop
  endfacet
  facet normal 0 1 -0
    outer loop
      vertex 45.68 15.47 0
      vertex 43.76 15.47 0.579999
      vertex 45.68 15.47 0.579999
    endloop
  endfacet
  facet normal 0 1 0
    outer loop
      vertex 43.76 15.47 0.579999
      vertex 45.68 15.47 0
      vertex 43.76 15.47 0
    endloop
  endfacet
  facet normal -1 0 0
    outer loop
      vertex 45.68 15.47 0
      vertex 45.68 17.39 0.579999
      vertex 45.68 17.39 0
    endloop
  endfacet
  facet normal -1 -0 0
    outer loop
      vertex 45.68 17.39 0.579999
      vertex 45.68 15.47 0
      vertex 45.68 15.47 0.579999
    endloop
  endfacet
  facet normal 0 1 -0
    outer loop
      vertex 57.2 15.47 0
      vertex 55.28 15.47 0.579999
      vertex 57.2 15.47 0.579999
    endloop
  endfacet
  facet normal 0 1 0
    outer loop
      vertex 55.28 15.47 0.579999
      vertex 57.2 15.47 0
      vertex 55.28 15.47 0
    endloop
  endfacet
  facet normal -1 0 0
    outer loop
      vertex 57.2 15.47 0
      vertex 57.2 17.39 0.579999
      vertex 57.2 17.39 0
    endloop
  endfacet
  facet normal -1 -0 0
    outer loop
      vertex 57.2 17.39 0.579999
      vertex 57.2 15.47 0
      vertex 57.2 15.47 0.579999
    endloop
  endfacet
  facet normal 0 0 -1
    outer loop
      vertex 50.48 25.07 0.579999
      vertex 52.4 26.99 0.579999
      vertex 52.4 25.07 0.579999
    endloop
  endfacet
  facet normal 0 0 -1
    outer loop
      vertex 50.48 27.95 0.579999
      vertex 52.4 26.99 0.579999
      vertex 50.48 25.07 0.579999
    endloop
  endfacet
  facet normal 0 0 -1
    outer loop
      vertex 52.4 26.99 0.579999
      vertex 50.48 27.95 0.579999
      vertex 52.4 27.95 0.579999
    endloop
  endfacet
  facet normal 0 0 -1
    outer loop
      vertex 57.2 18.35 0.579999
      vertex 56.24 18.35 0.579999
      vertex 57.2 20.27 0.579999
    endloop
  endfacet
  facet normal 0 0 -1
    outer loop
      vertex 60.08 36.59 0.579999
      vertex 62 36.59 0.579999
      vertex 62 34.67 0.579999
    endloop
  endfacet
  facet normal 0 0 -1
    outer loop
      vertex 62 36.59 0.579999
      vertex 60.08 36.59 0.579999
      vertex 62 37.55 0.579999
    endloop
  endfacet
  facet normal 0 0 -1
    outer loop
      vertex 60.08 36.59 0.579999
      vertex 62 34.67 0.579999
      vertex 60.08 34.67 0.579999
    endloop
  endfacet
  facet normal 0 0 -1
    outer loop
      vertex 60.08 39.47 0.579999
      vertex 62 37.55 0.579999
      vertex 60.08 36.59 0.579999
    endloop
  endfacet
  facet normal 0 0 -1
    outer loop
      vertex 62 37.55 0.579999
      vertex 60.08 39.47 0.579999
      vertex 62 39.47 0.579999
    endloop
  endfacet
  facet normal 0 0 -1
    outer loop
      vertex 59.12 37.55 0.579999
      vertex 60.08 39.47 0.579999
      vertex 60.08 36.59 0.579999
    endloop
  endfacet
  facet normal 0 0 -1
    outer loop
      vertex 60.08 39.47 0.579999
      vertex 59.12 39.47 0.579999
      vertex 60.08 41.39 0.579999
    endloop
  endfacet
  facet normal 0 0 -1
    outer loop
      vertex 59.12 43.31 0.579999
      vertex 60.08 41.39 0.579999
      vertex 59.12 39.47 0.579999
    endloop
  endfacet
  facet normal 0 0 -1
    outer loop
      vertex 59.12 37.55 0.579999
      vertex 60.08 36.59 0.579999
      vertex 59.12 36.59 0.579999
    endloop
  endfacet
  facet normal 0 0 -1
    outer loop
      vertex 62.96 36.59 0.579999
      vertex 64.88 34.67 0.579999
      vertex 62.96 34.67 0.579999
    endloop
  endfacet
  facet normal 0 0 -1
    outer loop
      vertex 64.88 34.67 0.579999
      vertex 62.96 36.59 0.579999
      vertex 64.88 37.55 0.579999
    endloop
  endfacet
  facet normal 0 0 -1
    outer loop
      vertex 62 37.55 0.579999
      vertex 62.96 36.59 0.579999
      vertex 62 36.59 0.579999
    endloop
  endfacet
  facet normal 0 0 -1
    outer loop
      vertex 62.96 36.59 0.579999
      vertex 62 37.55 0.579999
      vertex 64.88 37.55 0.579999
    endloop
  endfacet
  facet normal 0 0 -1
    outer loop
      vertex 62 44.27 0.579999
      vertex 62.96 46.19 0.579999
      vertex 62.96 44.27 0.579999
    endloop
  endfacet
  facet normal -0 0 -1
    outer loop
      vertex 62.96 46.19 0.579999
      vertex 62 44.27 0.579999
      vertex 62 46.19 0.579999
    endloop
  endfacet
  facet normal 0 0 -1
    outer loop
      vertex 64.88 39.47 0.579999
      vertex 65.84 37.55 0.579999
      vertex 64.88 37.55 0.579999
    endloop
  endfacet
  facet normal 0 0 -1
    outer loop
      vertex 65.84 37.55 0.579999
      vertex 64.88 39.47 0.579999
      vertex 65.84 40.43 0.579999
    endloop
  endfacet
  facet normal 0 0 -1
    outer loop
      vertex 64.88 39.47 0.579999
      vertex 62.96 40.43 0.579999
      vertex 65.84 40.43 0.579999
    endloop
  endfacet
  facet normal 0 0 -1
    outer loop
      vertex 62 41.39 0.579999
      vertex 62.96 41.39 0.579999
      vertex 62.96 40.43 0.579999
    endloop
  endfacet
  facet normal 0 0 -1
    outer loop
      vertex 62 39.47 0.579999
      vertex 62.96 40.43 0.579999
      vertex 64.88 39.47 0.579999
    endloop
  endfacet
  facet normal 0 0 -1
    outer loop
      vertex 62 41.39 0.579999
      vertex 62.96 40.43 0.579999
      vertex 62 39.47 0.579999
    endloop
  endfacet
  facet normal 0 0 -1
    outer loop
      vertex 62.96 41.39 0.579999
      vertex 62 41.39 0.579999
      vertex 62.96 43.31 0.579999
    endloop
  endfacet
  facet normal 0 0 -1
    outer loop
      vertex 62 41.39 0.579999
      vertex 62 43.31 0.579999
      vertex 62.96 43.31 0.579999
    endloop
  endfacet
  facet normal 0 0 -1
    outer loop
      vertex 60.08 41.39 0.579999
      vertex 62 43.31 0.579999
      vertex 62 41.39 0.579999
    endloop
  endfacet
  facet normal 0 0 -1
    outer loop
      vertex 60.08 44.27 0.579999
      vertex 62 43.31 0.579999
      vertex 60.08 41.39 0.579999
    endloop
  endfacet
  facet normal 0 0 -1
    outer loop
      vertex 62 43.31 0.579999
      vertex 60.08 44.27 0.579999
      vertex 62 44.27 0.579999
    endloop
  endfacet
  facet normal 0 0 -1
    outer loop
      vertex 64.88 41.39 0.579999
      vertex 62.96 41.39 0.579999
      vertex 64.88 43.31 0.579999
    endloop
  endfacet
  facet normal 0 0 -1
    outer loop
      vertex 64.88 43.31 0.579999
      vertex 65.84 47.15 0.579999
      vertex 65.84 43.31 0.579999
    endloop
  endfacet
  facet normal 0 0 -1
    outer loop
      vertex 62.96 43.31 0.579999
      vertex 64.88 43.31 0.579999
      vertex 62.96 41.39 0.579999
    endloop
  endfacet
  facet normal 0 0 -1
    outer loop
      vertex 62.96 44.27 0.579999
      vertex 64.88 43.31 0.579999
      vertex 62.96 43.31 0.579999
    endloop
  endfacet
  facet normal 0 0 -1
    outer loop
      vertex 62.96 46.19 0.579999
      vertex 64.88 43.31 0.579999
      vertex 62.96 44.27 0.579999
    endloop
  endfacet
  facet normal 0 0 -1
    outer loop
      vertex 64.88 43.31 0.579999
      vertex 62.96 46.19 0.579999
      vertex 65.84 47.15 0.579999
    endloop
  endfacet
  facet normal -0 0 -1
    outer loop
      vertex 65.84 47.15 0.579999
      vertex 62.96 46.19 0.579999
      vertex 62.96 47.15 0.579999
    endloop
  endfacet
  facet normal 0 0 -1
    outer loop
      vertex 62.96 47.15 0.579999
      vertex 62 49.07 0.579999
      vertex 62.96 49.07 0.579999
    endloop
  endfacet
  facet normal 0 0 -1
    outer loop
      vertex 60.08 47.15 0.579999
      vertex 62 49.07 0.579999
      vertex 62.96 47.15 0.579999
    endloop
  endfacet
  facet normal -0 0 -1
    outer loop
      vertex 60.08 39.47 0.579999
      vertex 59.12 37.55 0.579999
      vertex 59.12 39.47 0.579999
    endloop
  endfacet
  facet normal 0 0 -1
    outer loop
      vertex 60.08 41.39 0.579999
      vertex 59.12 43.31 0.579999
      vertex 60.08 44.27 0.579999
    endloop
  endfacet
  facet normal 0 0 -1
    outer loop
      vertex 57.2 44.27 0.579999
      vertex 60.08 44.27 0.579999
      vertex 59.12 43.31 0.579999
    endloop
  endfacet
  facet normal 0 0 -1
    outer loop
      vertex 60.08 47.15 0.579999
      vertex 59.12 49.07 0.579999
      vertex 62 49.07 0.579999
    endloop
  endfacet
  facet normal 0 0 -1
    outer loop
      vertex 60.08 44.27 0.579999
      vertex 57.2 44.27 0.579999
      vertex 60.08 47.15 0.579999
    endloop
  endfacet
  facet normal 0 0 -1
    outer loop
      vertex 60.08 47.15 0.579999
      vertex 57.2 47.15 0.579999
      vertex 59.12 49.07 0.579999
    endloop
  endfacet
  facet normal -0 0 -1
    outer loop
      vertex 60.08 47.15 0.579999
      vertex 57.2 44.27 0.579999
      vertex 57.2 47.15 0.579999
    endloop
  endfacet
  facet normal 0 0 -1
    outer loop
      vertex 55.28 43.31 0.579999
      vertex 57.2 44.27 0.579999
      vertex 59.12 43.31 0.579999
    endloop
  endfacet
  facet normal -0 0 -1
    outer loop
      vertex 57.2 44.27 0.579999
      vertex 55.28 43.31 0.579999
      vertex 56.24 44.27 0.579999
    endloop
  endfacet
  facet normal 0 0 -1
    outer loop
      vertex 55.28 46.19 0.579999
      vertex 56.24 44.27 0.579999
      vertex 55.28 43.31 0.579999
    endloop
  endfacet
  facet normal 0 0 -1
    outer loop
      vertex 56.24 44.27 0.579999
      vertex 55.28 46.19 0.579999
      vertex 56.24 46.19 0.579999
    endloop
  endfacet
  facet normal 0 0 -1
    outer loop
      vertex 62.96 49.07 0.579999
      vertex 64.88 50.03 0.579999
      vertex 64.88 49.07 0.579999
    endloop
  endfacet
  facet normal 0 0 -1
    outer loop
      vertex 62 50.03 0.579999
      vertex 62.96 49.07 0.579999
      vertex 62 49.07 0.579999
    endloop
  endfacet
  facet normal 0 0 -1
    outer loop
      vertex 62.96 49.07 0.579999
      vertex 62 50.03 0.579999
      vertex 64.88 50.03 0.579999
    endloop
  endfacet
  facet normal 0 0 -1
    outer loop
      vertex 62 18.35 0.579999
      vertex 64.88 17.39 0.579999
      vertex 64.88 15.47 0.579999
    endloop
  endfacet
  facet normal 0 0 -1
    outer loop
      vertex 64.88 17.39 0.579999
      vertex 62 18.35 0.579999
      vertex 64.88 18.35 0.579999
    endloop
  endfacet
  facet normal 0 0 -1
    outer loop
      vertex 62 20.27 0.579999
      vertex 64.88 18.35 0.579999
      vertex 62 18.35 0.579999
    endloop
  endfacet
  facet normal 0 0 -1
    outer loop
      vertex 60.08 15.47 0.579999
      vertex 62 18.35 0.579999
      vertex 64.88 15.47 0.579999
    endloop
  endfacet
  facet normal 0 0 -1
    outer loop
      vertex 60.08 17.39 0.579999
      vertex 62 18.35 0.579999
      vertex 60.08 15.47 0.579999
    endloop
  endfacet
  facet normal 0 0 -1
    outer loop
      vertex 60.08 17.39 0.579999
      vertex 60.08 18.35 0.579999
      vertex 62 18.35 0.579999
    endloop
  endfacet
  facet normal 0 0 -1
    outer loop
      vertex 59.12 17.39 0.579999
      vertex 60.08 18.35 0.579999
      vertex 60.08 17.39 0.579999
    endloop
  endfacet
  facet normal 0 0 -1
    outer loop
      vertex 60.08 18.35 0.579999
      vertex 59.12 20.27 0.579999
      vertex 60.08 20.27 0.579999
    endloop
  endfacet
  facet normal 0 0 -1
    outer loop
      vertex 60.08 20.27 0.579999
      vertex 59.12 20.27 0.579999
      vertex 60.08 21.23 0.579999
    endloop
  endfacet
  facet normal -0 0 -1
    outer loop
      vertex 60.08 18.35 0.579999
      vertex 59.12 17.39 0.579999
      vertex 59.12 20.27 0.579999
    endloop
  endfacet
  facet normal 0 0 -1
    outer loop
      vertex 59.12 22.19 0.579999
      vertex 60.08 21.23 0.579999
      vertex 59.12 20.27 0.579999
    endloop
  endfacet
  facet normal 0 0 -1
    outer loop
      vertex 60.08 21.23 0.579999
      vertex 59.12 22.19 0.579999
      vertex 60.08 22.19 0.579999
    endloop
  endfacet
  facet normal 0 0 -1
    outer loop
      vertex 57.2 20.27 0.579999
      vertex 59.12 22.19 0.579999
      vertex 59.12 20.27 0.579999
    endloop
  endfacet
  facet normal -0 0 -1
    outer loop
      vertex 59.12 22.19 0.579999
      vertex 57.2 20.27 0.579999
      vertex 56.24 22.19 0.579999
    endloop
  endfacet
  facet normal 0 0 -1
    outer loop
      vertex 56.24 22.19 0.579999
      vertex 57.2 20.27 0.579999
      vertex 56.24 18.35 0.579999
    endloop
  endfacet
  facet normal 0 0 -1
    outer loop
      vertex 59.12 22.19 0.579999
      vertex 56.24 22.19 0.579999
      vertex 59.12 25.07 0.579999
    endloop
  endfacet
  facet normal 0 0 -1
    outer loop
      vertex 56.24 22.19 0.579999
      vertex 56.24 25.07 0.579999
      vertex 59.12 25.07 0.579999
    endloop
  endfacet
  facet normal 0 0 -1
    outer loop
      vertex 55.28 24.11 0.579999
      vertex 56.24 25.07 0.579999
      vertex 56.24 22.19 0.579999
    endloop
  endfacet
  facet normal -0 0 -1
    outer loop
      vertex 56.24 25.07 0.579999
      vertex 55.28 24.11 0.579999
      vertex 55.28 25.07 0.579999
    endloop
  endfacet
  facet normal 0 0 -1
    outer loop
      vertex 52.4 22.19 0.579999
      vertex 55.28 24.11 0.579999
      vertex 56.24 22.19 0.579999
    endloop
  endfacet
  facet normal -0 0 -1
    outer loop
      vertex 55.28 24.11 0.579999
      vertex 52.4 22.19 0.579999
      vertex 52.4 24.11 0.579999
    endloop
  endfacet
  facet normal 0 0 -1
    outer loop
      vertex 64.88 17.39 0.579999
      vertex 65.84 18.35 0.579999
      vertex 65.84 17.39 0.579999
    endloop
  endfacet
  facet normal -0 0 -1
    outer loop
      vertex 65.84 18.35 0.579999
      vertex 64.88 17.39 0.579999
      vertex 64.88 18.35 0.579999
    endloop
  endfacet
  facet normal 0 0 -1
    outer loop
      vertex 64.88 18.35 0.579999
      vertex 62 20.27 0.579999
      vertex 64.88 21.23 0.579999
    endloop
  endfacet
  facet normal 0 0 -1
    outer loop
      vertex 60.08 21.23 0.579999
      vertex 62 20.27 0.579999
      vertex 60.08 20.27 0.579999
    endloop
  endfacet
  facet normal 0 0 -1
    outer loop
      vertex 62 20.27 0.579999
      vertex 60.08 21.23 0.579999
      vertex 64.88 21.23 0.579999
    endloop
  endfacet
  facet normal 0 0 -1
    outer loop
      vertex 56.24 25.07 0.579999
      vertex 55.28 25.07 0.579999
      vertex 56.24 27.95 0.579999
    endloop
  endfacet
  facet normal 0 0 -1
    outer loop
      vertex 53.36 26.99 0.579999
      vertex 55.28 25.07 0.579999
      vertex 53.36 25.07 0.579999
    endloop
  endfacet
  facet normal 0 0 -1
    outer loop
      vertex 55.28 25.07 0.579999
      vertex 53.36 26.99 0.579999
      vertex 56.24 27.95 0.579999
    endloop
  endfacet
  facet normal 0 0 -1
    outer loop
      vertex 53.36 26.99 0.579999
      vertex 53.36 27.95 0.579999
      vertex 56.24 27.95 0.579999
    endloop
  endfacet
  facet normal 0 0 -1
    outer loop
      vertex 52.4 27.95 0.579999
      vertex 53.36 27.95 0.579999
      vertex 53.36 26.99 0.579999
    endloop
  endfacet
  facet normal 0 0 -1
    outer loop
      vertex 52.4 27.95 0.579999
      vertex 53.36 26.99 0.579999
      vertex 52.4 26.99 0.579999
    endloop
  endfacet
  facet normal 0 0 -1
    outer loop
      vertex 52.4 29.87 0.579999
      vertex 53.36 27.95 0.579999
      vertex 52.4 27.95 0.579999
    endloop
  endfacet
  facet normal 0 0 -1
    outer loop
      vertex 53.36 27.95 0.579999
      vertex 52.4 29.87 0.579999
      vertex 53.36 30.83 0.579999
    endloop
  endfacet
  facet normal 0 0 -1
    outer loop
      vertex 52.4 29.87 0.579999
      vertex 52.4 30.83 0.579999
      vertex 53.36 30.83 0.579999
    endloop
  endfacet
  facet normal 0 0 -1
    outer loop
      vertex 50.48 29.87 0.579999
      vertex 52.4 30.83 0.579999
      vertex 52.4 29.87 0.579999
    endloop
  endfacet
  facet normal -0 0 -1
    outer loop
      vertex 52.4 30.83 0.579999
      vertex 50.48 29.87 0.579999
      vertex 50.48 33.71 0.579999
    endloop
  endfacet
  facet normal 0 0 -1
    outer loop
      vertex 52.4 41.39 0.579999
      vertex 53.36 40.43 0.579999
      vertex 52.4 40.43 0.579999
    endloop
  endfacet
  facet normal 0 0 -1
    outer loop
      vertex 53.36 40.43 0.579999
      vertex 52.4 41.39 0.579999
      vertex 53.36 43.31 0.579999
    endloop
  endfacet
  facet normal 0 0 -1
    outer loop
      vertex 52.4 41.39 0.579999
      vertex 52.4 43.31 0.579999
      vertex 53.36 43.31 0.579999
    endloop
  endfacet
  facet normal 0 0 -1
    outer loop
      vertex 50.48 41.39 0.579999
      vertex 52.4 43.31 0.579999
      vertex 52.4 41.39 0.579999
    endloop
  endfacet
  facet normal 0 0 -1
    outer loop
      vertex 50.48 46.19 0.579999
      vertex 52.4 43.31 0.579999
      vertex 50.48 41.39 0.579999
    endloop
  endfacet
  facet normal 0 0 -1
    outer loop
      vertex 52.4 43.31 0.579999
      vertex 50.48 46.19 0.579999
      vertex 52.4 46.19 0.579999
    endloop
  endfacet
  facet normal 0 0 -1
    outer loop
      vertex 52.4 36.59 0.579999
      vertex 53.36 37.55 0.579999
      vertex 53.36 36.59 0.579999
    endloop
  endfacet
  facet normal 0 0 -1
    outer loop
      vertex 52.4 30.83 0.579999
      vertex 50.48 33.71 0.579999
      vertex 52.4 36.59 0.579999
    endloop
  endfacet
  facet normal 0 0 -1
    outer loop
      vertex 50.48 34.67 0.579999
      vertex 52.4 36.59 0.579999
      vertex 50.48 33.71 0.579999
    endloop
  endfacet
  facet normal 0 0 -1
    outer loop
      vertex 50.48 37.55 0.579999
      vertex 52.4 36.59 0.579999
      vertex 50.48 34.67 0.579999
    endloop
  endfacet
  facet normal 0 0 -1
    outer loop
      vertex 52.4 36.59 0.579999
      vertex 50.48 37.55 0.579999
      vertex 53.36 37.55 0.579999
    endloop
  endfacet
  facet normal 0 0 -1
    outer loop
      vertex 57.2 31.79 0.579999
      vertex 59.12 33.71 0.579999
      vertex 59.12 31.79 0.579999
    endloop
  endfacet
  facet normal 0 0 -1
    outer loop
      vertex 59.12 33.71 0.579999
      vertex 57.2 34.67 0.579999
      vertex 59.12 34.67 0.579999
    endloop
  endfacet
  facet normal -0 0 -1
    outer loop
      vertex 59.12 33.71 0.579999
      vertex 57.2 31.79 0.579999
      vertex 57.2 34.67 0.579999
    endloop
  endfacet
  facet normal 0 0 -1
    outer loop
      vertex 59.12 34.67 0.579999
      vertex 57.2 34.67 0.579999
      vertex 59.12 36.59 0.579999
    endloop
  endfacet
  facet normal 0 0 -1
    outer loop
      vertex 57.2 34.67 0.579999
      vertex 57.2 36.59 0.579999
      vertex 59.12 36.59 0.579999
    endloop
  endfacet
  facet normal 0 0 -1
    outer loop
      vertex 53.36 36.59 0.579999
      vertex 57.2 36.59 0.579999
      vertex 57.2 34.67 0.579999
    endloop
  endfacet
  facet normal 0 0 -1
    outer loop
      vertex 57.2 36.59 0.579999
      vertex 53.36 36.59 0.579999
      vertex 57.2 37.55 0.579999
    endloop
  endfacet
  facet normal 0 0 -1
    outer loop
      vertex 53.36 40.43 0.579999
      vertex 55.28 43.31 0.579999
      vertex 55.28 39.47 0.579999
    endloop
  endfacet
  facet normal 0 0 -1
    outer loop
      vertex 55.28 43.31 0.579999
      vertex 53.36 43.31 0.579999
      vertex 55.28 46.19 0.579999
    endloop
  endfacet
  facet normal 0 0 -1
    outer loop
      vertex 53.36 36.59 0.579999
      vertex 57.2 34.67 0.579999
      vertex 53.36 34.67 0.579999
    endloop
  endfacet
  facet normal 0 0 -1
    outer loop
      vertex 53.36 37.55 0.579999
      vertex 57.2 37.55 0.579999
      vertex 53.36 36.59 0.579999
    endloop
  endfacet
  facet normal 0 0 -1
    outer loop
      vertex 57.2 37.55 0.579999
      vertex 53.36 37.55 0.579999
      vertex 55.28 39.47 0.579999
    endloop
  endfacet
  facet normal 0 0 -1
    outer loop
      vertex 53.36 40.43 0.579999
      vertex 55.28 39.47 0.579999
      vertex 53.36 37.55 0.579999
    endloop
  endfacet
  facet normal -0 0 -1
    outer loop
      vertex 55.28 43.31 0.579999
      vertex 53.36 40.43 0.579999
      vertex 53.36 43.31 0.579999
    endloop
  endfacet
  facet normal 0 0 -1
    outer loop
      vertex 53.36 46.19 0.579999
      vertex 55.28 46.19 0.579999
      vertex 53.36 43.31 0.579999
    endloop
  endfacet
  facet normal 0 0 -1
    outer loop
      vertex 55.28 46.19 0.579999
      vertex 53.36 46.19 0.579999
      vertex 55.28 47.15 0.579999
    endloop
  endfacet
  facet normal 0 0 -1
    outer loop
      vertex 52.4 47.15 0.579999
      vertex 53.36 46.19 0.579999
      vertex 52.4 46.19 0.579999
    endloop
  endfacet
  facet normal 0 0 -1
    outer loop
      vertex 53.36 46.19 0.579999
      vertex 52.4 47.15 0.579999
      vertex 55.28 47.15 0.579999
    endloop
  endfacet
  facet normal 0 0 -1
    outer loop
      vertex 59.12 33.71 0.579999
      vertex 60.08 34.67 0.579999
      vertex 60.08 33.71 0.579999
    endloop
  endfacet
  facet normal -0 0 -1
    outer loop
      vertex 60.08 34.67 0.579999
      vertex 59.12 33.71 0.579999
      vertex 59.12 34.67 0.579999
    endloop
  endfacet
  facet normal 0 0 -1
    outer loop
      vertex 57.2 37.55 0.579999
      vertex 59.12 39.47 0.579999
      vertex 59.12 37.55 0.579999
    endloop
  endfacet
  facet normal -0 0 -1
    outer loop
      vertex 59.12 39.47 0.579999
      vertex 57.2 37.55 0.579999
      vertex 55.28 39.47 0.579999
    endloop
  endfacet
  facet normal 0 0 -1
    outer loop
      vertex 55.28 49.07 0.579999
      vertex 59.12 49.07 0.579999
      vertex 57.2 47.15 0.579999
    endloop
  endfacet
  facet normal 0 0 -1
    outer loop
      vertex 55.28 49.07 0.579999
      vertex 57.2 47.15 0.579999
      vertex 55.28 47.15 0.579999
    endloop
  endfacet
  facet normal 0 0 -1
    outer loop
      vertex 59.12 49.07 0.579999
      vertex 55.28 49.07 0.579999
      vertex 59.12 50.03 0.579999
    endloop
  endfacet
  facet normal 0 0 -1
    outer loop
      vertex 50.48 50.03 0.579999
      vertex 55.28 49.07 0.579999
      vertex 50.48 49.07 0.579999
    endloop
  endfacet
  facet normal 0 0 -1
    outer loop
      vertex 55.28 49.07 0.579999
      vertex 50.48 50.03 0.579999
      vertex 59.12 50.03 0.579999
    endloop
  endfacet
  facet normal 0 0 -1
    outer loop
      vertex 49.52 33.71 0.579999
      vertex 50.48 34.67 0.579999
      vertex 50.48 33.71 0.579999
    endloop
  endfacet
  facet normal -0 0 -1
    outer loop
      vertex 50.48 34.67 0.579999
      vertex 49.52 33.71 0.579999
      vertex 49.52 34.67 0.579999
    endloop
  endfacet
  facet normal 1 -0 0
    outer loop
      vertex 60.08 15.47 0.579999
      vertex 60.08 17.39 0
      vertex 60.08 17.39 0.579999
    endloop
  endfacet
  facet normal 1 0 0
    outer loop
      vertex 60.08 17.39 0
      vertex 60.08 15.47 0.579999
      vertex 60.08 15.47 0
    endloop
  endfacet
  facet normal 0 1 -0
    outer loop
      vertex 64.88 15.47 0
      vertex 60.08 15.47 0.579999
      vertex 64.88 15.47 0.579999
    endloop
  endfacet
  facet normal 0 1 0
    outer loop
      vertex 60.08 15.47 0.579999
      vertex 64.88 15.47 0
      vertex 60.08 15.47 0
    endloop
  endfacet
  facet normal 1 -0 0
    outer loop
      vertex 62 18.35 0.579999
      vertex 62 20.27 0
      vertex 62 20.27 0.579999
    endloop
  endfacet
  facet normal 1 0 0
    outer loop
      vertex 62 20.27 0
      vertex 62 18.35 0.579999
      vertex 62 18.35 0
    endloop
  endfacet
  facet normal -1 0 0
    outer loop
      vertex 64.88 15.47 0
      vertex 64.88 17.39 0.579999
      vertex 64.88 17.39 0
    endloop
  endfacet
  facet normal -1 -0 0
    outer loop
      vertex 64.88 17.39 0.579999
      vertex 64.88 15.47 0
      vertex 64.88 15.47 0.579999
    endloop
  endfacet
  facet normal 0 -1 0
    outer loop
      vertex 29.36 17.39 0
      vertex 30.32 17.39 0.579999
      vertex 29.36 17.39 0.579999
    endloop
  endfacet
  facet normal 0 -1 -0
    outer loop
      vertex 30.32 17.39 0.579999
      vertex 29.36 17.39 0
      vertex 30.32 17.39 0
    endloop
  endfacet
  facet normal 0 -1 0
    outer loop
      vertex 34.16 17.39 0
      vertex 36.08 17.39 0.579999
      vertex 34.16 17.39 0.579999
    endloop
  endfacet
  facet normal 0 -1 -0
    outer loop
      vertex 36.08 17.39 0.579999
      vertex 34.16 17.39 0
      vertex 36.08 17.39 0
    endloop
  endfacet
  facet normal 0 -1 0
    outer loop
      vertex 37.04 17.39 0
      vertex 38 17.39 0.579999
      vertex 37.04 17.39 0.579999
    endloop
  endfacet
  facet normal 0 -1 -0
    outer loop
      vertex 38 17.39 0.579999
      vertex 37.04 17.39 0
      vertex 38 17.39 0
    endloop
  endfacet
  facet normal 0 -1 0
    outer loop
      vertex 50.48 17.39 0
      vertex 52.4 17.39 0.579999
      vertex 50.48 17.39 0.579999
    endloop
  endfacet
  facet normal 0 -1 -0
    outer loop
      vertex 52.4 17.39 0.579999
      vertex 50.48 17.39 0
      vertex 52.4 17.39 0
    endloop
  endfacet
  facet normal 0 1 -0
    outer loop
      vertex 53.36 17.39 0
      vertex 52.4 17.39 0.579999
      vertex 53.36 17.39 0.579999
    endloop
  endfacet
  facet normal 0 1 0
    outer loop
      vertex 52.4 17.39 0.579999
      vertex 53.36 17.39 0
      vertex 52.4 17.39 0
    endloop
  endfacet
  facet normal -1 0 0
    outer loop
      vertex 55.28 17.39 0
      vertex 55.28 20.27 0.579999
      vertex 55.28 20.27 0
    endloop
  endfacet
  facet normal -1 -0 0
    outer loop
      vertex 55.28 20.27 0.579999
      vertex 55.28 17.39 0
      vertex 55.28 17.39 0.579999
    endloop
  endfacet
  facet normal 0 -1 0
    outer loop
      vertex 55.28 17.39 0
      vertex 57.2 17.39 0.579999
      vertex 55.28 17.39 0.579999
    endloop
  endfacet
  facet normal 0 -1 -0
    outer loop
      vertex 57.2 17.39 0.579999
      vertex 55.28 17.39 0
      vertex 57.2 17.39 0
    endloop
  endfacet
  facet normal 0 1 -0
    outer loop
      vertex 65.84 17.39 0
      vertex 64.88 17.39 0.579999
      vertex 65.84 17.39 0.579999
    endloop
  endfacet
  facet normal 0 1 0
    outer loop
      vertex 64.88 17.39 0.579999
      vertex 65.84 17.39 0
      vertex 64.88 17.39 0
    endloop
  endfacet
  facet normal 0 -1 0
    outer loop
      vertex 20.72 18.35 0
      vertex 21.68 18.35 0.579999
      vertex 20.72 18.35 0.579999
    endloop
  endfacet
  facet normal 0 -1 -0
    outer loop
      vertex 21.68 18.35 0.579999
      vertex 20.72 18.35 0
      vertex 21.68 18.35 0
    endloop
  endfacet
  facet normal 0 0 -1
    outer loop
      vertex 24.56 17.39 0.579999
      vertex 27.44 20.27 0.579999
      vertex 27.44 17.39 0.579999
    endloop
  endfacet
  facet normal 0 0 -1
    outer loop
      vertex 27.44 20.27 0.579999
      vertex 26.48 21.23 0.579999
      vertex 27.44 21.23 0.579999
    endloop
  endfacet
  facet normal 0 0 -1
    outer loop
      vertex 27.44 21.23 0.579999
      vertex 26.48 21.23 0.579999
      vertex 27.44 22.19 0.579999
    endloop
  endfacet
  facet normal -0 0 -1
    outer loop
      vertex 27.44 20.27 0.579999
      vertex 24.56 17.39 0.579999
      vertex 26.48 21.23 0.579999
    endloop
  endfacet
  facet normal -0 0 -1
    outer loop
      vertex 26.48 21.23 0.579999
      vertex 24.56 17.39 0.579999
      vertex 24.56 21.23 0.579999
    endloop
  endfacet
  facet normal 0 0 -1
    outer loop
      vertex 27.44 20.27 0.579999
      vertex 29.36 21.23 0.579999
      vertex 29.36 20.27 0.579999
    endloop
  endfacet
  facet normal -0 0 -1
    outer loop
      vertex 29.36 21.23 0.579999
      vertex 27.44 20.27 0.579999
      vertex 27.44 21.23 0.579999
    endloop
  endfacet
  facet normal -0 0 -1
    outer loop
      vertex 27.44 22.19 0.579999
      vertex 26.48 21.23 0.579999
      vertex 26.48 22.19 0.579999
    endloop
  endfacet
  facet normal 1 -0 0
    outer loop
      vertex 24.56 17.39 0.579999
      vertex 24.56 21.23 0
      vertex 24.56 21.23 0.579999
    endloop
  endfacet
  facet normal 1 0 0
    outer loop
      vertex 24.56 21.23 0
      vertex 24.56 17.39 0.579999
      vertex 24.56 17.39 0
    endloop
  endfacet
  facet normal 0 1 -0
    outer loop
      vertex 27.44 17.39 0
      vertex 24.56 17.39 0.579999
      vertex 27.44 17.39 0.579999
    endloop
  endfacet
  facet normal 0 1 0
    outer loop
      vertex 24.56 17.39 0.579999
      vertex 27.44 17.39 0
      vertex 24.56 17.39 0
    endloop
  endfacet
  facet normal -1 0 0
    outer loop
      vertex 27.44 21.23 0
      vertex 27.44 22.19 0.579999
      vertex 27.44 22.19 0
    endloop
  endfacet
  facet normal -1 -0 0
    outer loop
      vertex 27.44 22.19 0.579999
      vertex 27.44 21.23 0
      vertex 27.44 21.23 0.579999
    endloop
  endfacet
  facet normal -1 0 0
    outer loop
      vertex 27.44 17.39 0
      vertex 27.44 20.27 0.579999
      vertex 27.44 20.27 0
    endloop
  endfacet
  facet normal -1 -0 0
    outer loop
      vertex 27.44 20.27 0.579999
      vertex 27.44 17.39 0
      vertex 27.44 17.39 0.579999
    endloop
  endfacet
  facet normal 0 -1 0
    outer loop
      vertex 31.28 18.35 0
      vertex 33.2 18.35 0.579999
      vertex 31.28 18.35 0.579999
    endloop
  endfacet
  facet normal 0 -1 -0
    outer loop
      vertex 33.2 18.35 0.579999
      vertex 31.28 18.35 0
      vertex 33.2 18.35 0
    endloop
  endfacet
  facet normal 1 -0 0
    outer loop
      vertex 38 17.39 0.579999
      vertex 38 18.35 0
      vertex 38 18.35 0.579999
    endloop
  endfacet
  facet normal 1 0 0
    outer loop
      vertex 38 18.35 0
      vertex 38 17.39 0.579999
      vertex 38 17.39 0
    endloop
  endfacet
  facet normal 0 1 -0
    outer loop
      vertex 42.8 17.39 0
      vertex 39.92 17.39 0.579999
      vertex 42.8 17.39 0.579999
    endloop
  endfacet
  facet normal 0 1 0
    outer loop
      vertex 39.92 17.39 0.579999
      vertex 42.8 17.39 0
      vertex 39.92 17.39 0
    endloop
  endfacet
  facet normal -1 0 0
    outer loop
      vertex 42.8 17.39 0
      vertex 42.8 18.35 0.579999
      vertex 42.8 18.35 0
    endloop
  endfacet
  facet normal -1 -0 0
    outer loop
      vertex 42.8 18.35 0.579999
      vertex 42.8 17.39 0
      vertex 42.8 17.39 0.579999
    endloop
  endfacet
  facet normal -1 0 0
    outer loop
      vertex 45.68 18.35 0
      vertex 45.68 20.27 0.579999
      vertex 45.68 20.27 0
    endloop
  endfacet
  facet normal -1 -0 0
    outer loop
      vertex 45.68 20.27 0.579999
      vertex 45.68 18.35 0
      vertex 45.68 18.35 0.579999
    endloop
  endfacet
  facet normal 0 -1 0
    outer loop
      vertex 45.68 18.35 0
      vertex 47.6 18.35 0.579999
      vertex 45.68 18.35 0.579999
    endloop
  endfacet
  facet normal 0 -1 -0
    outer loop
      vertex 47.6 18.35 0.579999
      vertex 45.68 18.35 0
      vertex 47.6 18.35 0
    endloop
  endfacet
  facet normal 0 1 -0
    outer loop
      vertex 49.52 17.39 0
      vertex 45.68 17.39 0.579999
      vertex 49.52 17.39 0.579999
    endloop
  endfacet
  facet normal 0 1 0
    outer loop
      vertex 45.68 17.39 0.579999
      vertex 49.52 17.39 0
      vertex 45.68 17.39 0
    endloop
  endfacet
  facet normal -1 0 0
    outer loop
      vertex 49.52 17.39 0
      vertex 49.52 20.27 0.579999
      vertex 49.52 20.27 0
    endloop
  endfacet
  facet normal -1 -0 0
    outer loop
      vertex 49.52 20.27 0.579999
      vertex 49.52 17.39 0
      vertex 49.52 17.39 0.579999
    endloop
  endfacet
  facet normal 1 -0 0
    outer loop
      vertex 52.4 17.39 0.579999
      vertex 52.4 18.35 0
      vertex 52.4 18.35 0.579999
    endloop
  endfacet
  facet normal 1 0 0
    outer loop
      vertex 52.4 18.35 0
      vertex 52.4 17.39 0.579999
      vertex 52.4 17.39 0
    endloop
  endfacet
  facet normal 0 -1 0
    outer loop
      vertex 52.4 18.35 0
      vertex 53.36 18.35 0.579999
      vertex 52.4 18.35 0.579999
    endloop
  endfacet
  facet normal 0 -1 -0
    outer loop
      vertex 53.36 18.35 0.579999
      vertex 52.4 18.35 0
      vertex 53.36 18.35 0
    endloop
  endfacet
  facet normal 1 -0 0
    outer loop
      vertex 59.12 17.39 0.579999
      vertex 59.12 20.27 0
      vertex 59.12 20.27 0.579999
    endloop
  endfacet
  facet normal 1 0 0
    outer loop
      vertex 59.12 20.27 0
      vertex 59.12 17.39 0.579999
      vertex 59.12 17.39 0
    endloop
  endfacet
  facet normal 0 -1 0
    outer loop
      vertex 60.08 18.35 0
      vertex 62 18.35 0.579999
      vertex 60.08 18.35 0.579999
    endloop
  endfacet
  facet normal 0 -1 -0
    outer loop
      vertex 62 18.35 0.579999
      vertex 60.08 18.35 0
      vertex 62 18.35 0
    endloop
  endfacet
  facet normal 0 1 -0
    outer loop
      vertex 60.08 17.39 0
      vertex 59.12 17.39 0.579999
      vertex 60.08 17.39 0.579999
    endloop
  endfacet
  facet normal 0 1 0
    outer loop
      vertex 59.12 17.39 0.579999
      vertex 60.08 17.39 0
      vertex 59.12 17.39 0
    endloop
  endfacet
  facet normal 0 -1 0
    outer loop
      vertex 64.88 18.35 0
      vertex 65.84 18.35 0.579999
      vertex 64.88 18.35 0.579999
    endloop
  endfacet
  facet normal 0 -1 -0
    outer loop
      vertex 65.84 18.35 0.579999
      vertex 64.88 18.35 0
      vertex 65.84 18.35 0
    endloop
  endfacet
  facet normal -1 0 0
    outer loop
      vertex 65.84 17.39 0
      vertex 65.84 18.35 0.579999
      vertex 65.84 18.35 0
    endloop
  endfacet
  facet normal -1 -0 0
    outer loop
      vertex 65.84 18.35 0.579999
      vertex 65.84 17.39 0
      vertex 65.84 17.39 0.579999
    endloop
  endfacet
  facet normal 0 0 -1
    outer loop
      vertex 29.36 18.35 0.579999
      vertex 31.28 20.27 0.579999
      vertex 31.28 18.35 0.579999
    endloop
  endfacet
  facet normal -0 0 -1
    outer loop
      vertex 31.28 20.27 0.579999
      vertex 29.36 18.35 0.579999
      vertex 29.36 20.27 0.579999
    endloop
  endfacet
  facet normal 1 -0 0
    outer loop
      vertex 29.36 18.35 0.579999
      vertex 29.36 20.27 0
      vertex 29.36 20.27 0.579999
    endloop
  endfacet
  facet normal 1 0 0
    outer loop
      vertex 29.36 20.27 0
      vertex 29.36 18.35 0.579999
      vertex 29.36 18.35 0
    endloop
  endfacet
  facet normal 0 1 -0
    outer loop
      vertex 31.28 18.35 0
      vertex 29.36 18.35 0.579999
      vertex 31.28 18.35 0.579999
    endloop
  endfacet
  facet normal 0 1 0
    outer loop
      vertex 29.36 18.35 0.579999
      vertex 31.28 18.35 0
      vertex 29.36 18.35 0
    endloop
  endfacet
  facet normal -1 0 0
    outer loop
      vertex 31.28 18.35 0
      vertex 31.28 20.27 0.579999
      vertex 31.28 20.27 0
    endloop
  endfacet
  facet normal -1 -0 0
    outer loop
      vertex 31.28 20.27 0.579999
      vertex 31.28 18.35 0
      vertex 31.28 18.35 0.579999
    endloop
  endfacet
  facet normal 1 -0 0
    outer loop
      vertex 33.2 18.35 0.579999
      vertex 33.2 21.23 0
      vertex 33.2 21.23 0.579999
    endloop
  endfacet
  facet normal 1 0 0
    outer loop
      vertex 33.2 21.23 0
      vertex 33.2 18.35 0.579999
      vertex 33.2 18.35 0
    endloop
  endfacet
  facet normal 0 1 -0
    outer loop
      vertex 36.08 18.35 0
      vertex 33.2 18.35 0.579999
      vertex 36.08 18.35 0.579999
    endloop
  endfacet
  facet normal 0 1 0
    outer loop
      vertex 33.2 18.35 0.579999
      vertex 36.08 18.35 0
      vertex 33.2 18.35 0
    endloop
  endfacet
  facet normal -1 0 0
    outer loop
      vertex 36.08 18.35 0
      vertex 36.08 20.27 0.579999
      vertex 36.08 20.27 0
    endloop
  endfacet
  facet normal -1 -0 0
    outer loop
      vertex 36.08 20.27 0.579999
      vertex 36.08 18.35 0
      vertex 36.08 18.35 0.579999
    endloop
  endfacet
  facet normal 1 -0 0
    outer loop
      vertex 37.04 18.35 0.579999
      vertex 37.04 20.27 0
      vertex 37.04 20.27 0.579999
    endloop
  endfacet
  facet normal 1 0 0
    outer loop
      vertex 37.04 20.27 0
      vertex 37.04 18.35 0.579999
      vertex 37.04 18.35 0
    endloop
  endfacet
  facet normal 0 1 -0
    outer loop
      vertex 38 18.35 0
      vertex 37.04 18.35 0.579999
      vertex 38 18.35 0.579999
    endloop
  endfacet
  facet normal 0 1 0
    outer loop
      vertex 37.04 18.35 0.579999
      vertex 38 18.35 0
      vertex 37.04 18.35 0
    endloop
  endfacet
  facet normal 0 1 -0
    outer loop
      vertex 43.76 18.35 0
      vertex 42.8 18.35 0.579999
      vertex 43.76 18.35 0.579999
    endloop
  endfacet
  facet normal 0 1 0
    outer loop
      vertex 42.8 18.35 0.579999
      vertex 43.76 18.35 0
      vertex 42.8 18.35 0
    endloop
  endfacet
  facet normal 1 -0 0
    outer loop
      vertex 47.6 18.35 0.579999
      vertex 47.6 20.27 0
      vertex 47.6 20.27 0.579999
    endloop
  endfacet
  facet normal 1 0 0
    outer loop
      vertex 47.6 20.27 0
      vertex 47.6 18.35 0.579999
      vertex 47.6 18.35 0
    endloop
  endfacet
  facet normal 0 0 -1
    outer loop
      vertex 52.4 18.35 0.579999
      vertex 50.48 18.35 0.579999
      vertex 52.4 20.27 0.579999
    endloop
  endfacet
  facet normal 0 0 -1
    outer loop
      vertex 52.4 20.27 0.579999
      vertex 53.36 21.23 0.579999
      vertex 53.36 20.27 0.579999
    endloop
  endfacet
  facet normal 0 0 -1
    outer loop
      vertex 50.48 21.23 0.579999
      vertex 52.4 20.27 0.579999
      vertex 50.48 18.35 0.579999
    endloop
  endfacet
  facet normal 0 0 -1
    outer loop
      vertex 52.4 20.27 0.579999
      vertex 50.48 21.23 0.579999
      vertex 53.36 21.23 0.579999
    endloop
  endfacet
  facet normal 1 -0 0
    outer loop
      vertex 50.48 18.35 0.579999
      vertex 50.48 21.23 0
      vertex 50.48 21.23 0.579999
    endloop
  endfacet
  facet normal 1 0 0
    outer loop
      vertex 50.48 21.23 0
      vertex 50.48 18.35 0.579999
      vertex 50.48 18.35 0
    endloop
  endfacet
  facet normal 0 1 -0
    outer loop
      vertex 52.4 18.35 0
      vertex 50.48 18.35 0.579999
      vertex 52.4 18.35 0.579999
    endloop
  endfacet
  facet normal 0 1 0
    outer loop
      vertex 50.48 18.35 0.579999
      vertex 52.4 18.35 0
      vertex 50.48 18.35 0
    endloop
  endfacet
  facet normal -1 0 0
    outer loop
      vertex 52.4 18.35 0
      vertex 52.4 20.27 0.579999
      vertex 52.4 20.27 0
    endloop
  endfacet
  facet normal -1 -0 0
    outer loop
      vertex 52.4 20.27 0.579999
      vertex 52.4 18.35 0
      vertex 52.4 18.35 0.579999
    endloop
  endfacet
  facet normal 1 -0 0
    outer loop
      vertex 53.36 18.35 0.579999
      vertex 53.36 20.27 0
      vertex 53.36 20.27 0.579999
    endloop
  endfacet
  facet normal 1 0 0
    outer loop
      vertex 53.36 20.27 0
      vertex 53.36 18.35 0.579999
      vertex 53.36 18.35 0
    endloop
  endfacet
  facet normal -1 0 0
    outer loop
      vertex 57.2 18.35 0
      vertex 57.2 20.27 0.579999
      vertex 57.2 20.27 0
    endloop
  endfacet
  facet normal -1 -0 0
    outer loop
      vertex 57.2 20.27 0.579999
      vertex 57.2 18.35 0
      vertex 57.2 18.35 0.579999
    endloop
  endfacet
  facet normal 1 -0 0
    outer loop
      vertex 56.24 18.35 0.579999
      vertex 56.24 22.19 0
      vertex 56.24 22.19 0.579999
    endloop
  endfacet
  facet normal 1 0 0
    outer loop
      vertex 56.24 22.19 0
      vertex 56.24 18.35 0.579999
      vertex 56.24 18.35 0
    endloop
  endfacet
  facet normal 0 1 -0
    outer loop
      vertex 57.2 18.35 0
      vertex 56.24 18.35 0.579999
      vertex 57.2 18.35 0.579999
    endloop
  endfacet
  facet normal 0 1 0
    outer loop
      vertex 56.24 18.35 0.579999
      vertex 57.2 18.35 0
      vertex 56.24 18.35 0
    endloop
  endfacet
  facet normal -1 0 0
    outer loop
      vertex 60.08 18.35 0
      vertex 60.08 20.27 0.579999
      vertex 60.08 20.27 0
    endloop
  endfacet
  facet normal -1 -0 0
    outer loop
      vertex 60.08 20.27 0.579999
      vertex 60.08 18.35 0
      vertex 60.08 18.35 0.579999
    endloop
  endfacet
  facet normal -1 0 0
    outer loop
      vertex 64.88 18.35 0
      vertex 64.88 21.23 0.579999
      vertex 64.88 21.23 0
    endloop
  endfacet
  facet normal -1 -0 0
    outer loop
      vertex 64.88 21.23 0.579999
      vertex 64.88 18.35 0
      vertex 64.88 18.35 0.579999
    endloop
  endfacet
  facet normal 0 -1 0
    outer loop
      vertex 29.36 20.27 0
      vertex 31.28 20.27 0.579999
      vertex 29.36 20.27 0.579999
    endloop
  endfacet
  facet normal 0 -1 -0
    outer loop
      vertex 31.28 20.27 0.579999
      vertex 29.36 20.27 0
      vertex 31.28 20.27 0
    endloop
  endfacet
  facet normal 0 1 -0
    outer loop
      vertex 37.04 20.27 0
      vertex 36.08 20.27 0.579999
      vertex 37.04 20.27 0.579999
    endloop
  endfacet
  facet normal 0 1 0
    outer loop
      vertex 36.08 20.27 0.579999
      vertex 37.04 20.27 0
      vertex 36.08 20.27 0
    endloop
  endfacet
  facet normal 0 -1 0
    outer loop
      vertex 39.92 20.27 0
      vertex 43.76 20.27 0.579999
      vertex 39.92 20.27 0.579999
    endloop
  endfacet
  facet normal 0 -1 -0
    outer loop
      vertex 43.76 20.27 0.579999
      vertex 39.92 20.27 0
      vertex 43.76 20.27 0
    endloop
  endfacet
  facet normal 0 -1 0
    outer loop
      vertex 47.6 20.27 0
      vertex 49.52 20.27 0.579999
      vertex 47.6 20.27 0.579999
    endloop
  endfacet
  facet normal 0 -1 -0
    outer loop
      vertex 49.52 20.27 0.579999
      vertex 47.6 20.27 0
      vertex 49.52 20.27 0
    endloop
  endfacet
  facet normal 0 1 -0
    outer loop
      vertex 53.36 20.27 0
      vertex 52.4 20.27 0.579999
      vertex 53.36 20.27 0.579999
    endloop
  endfacet
  facet normal 0 1 0
    outer loop
      vertex 52.4 20.27 0.579999
      vertex 53.36 20.27 0
      vertex 52.4 20.27 0
    endloop
  endfacet
  facet normal 0 -1 0
    outer loop
      vertex 53.36 20.27 0
      vertex 55.28 20.27 0.579999
      vertex 53.36 20.27 0.579999
    endloop
  endfacet
  facet normal 0 -1 -0
    outer loop
      vertex 55.28 20.27 0.579999
      vertex 53.36 20.27 0
      vertex 55.28 20.27 0
    endloop
  endfacet
  facet normal 0 1 -0
    outer loop
      vertex 59.12 20.27 0
      vertex 57.2 20.27 0.579999
      vertex 59.12 20.27 0.579999
    endloop
  endfacet
  facet normal 0 1 0
    outer loop
      vertex 57.2 20.27 0.579999
      vertex 59.12 20.27 0
      vertex 57.2 20.27 0
    endloop
  endfacet
  facet normal 0 1 -0
    outer loop
      vertex 62 20.27 0
      vertex 60.08 20.27 0.579999
      vertex 62 20.27 0.579999
    endloop
  endfacet
  facet normal 0 1 0
    outer loop
      vertex 60.08 20.27 0.579999
      vertex 62 20.27 0
      vertex 60.08 20.27 0
    endloop
  endfacet
  facet normal -1 0 0
    outer loop
      vertex 21.68 20.27 0
      vertex 21.68 22.19 0.579999
      vertex 21.68 22.19 0
    endloop
  endfacet
  facet normal -1 -0 0
    outer loop
      vertex 21.68 22.19 0.579999
      vertex 21.68 20.27 0
      vertex 21.68 20.27 0.579999
    endloop
  endfacet
  facet normal 0 0 -1
    outer loop
      vertex 21.68 27.95 0.579999
      vertex 23.6 27.95 0.579999
      vertex 23.6 26.99 0.579999
    endloop
  endfacet
  facet normal 0 0 -1
    outer loop
      vertex 23.6 27.95 0.579999
      vertex 21.68 27.95 0.579999
      vertex 23.6 29.87 0.579999
    endloop
  endfacet
  facet normal 0 0 -1
    outer loop
      vertex 21.68 27.95 0.579999
      vertex 23.6 26.99 0.579999
      vertex 21.68 26.99 0.579999
    endloop
  endfacet
  facet normal 0 0 -1
    outer loop
      vertex 21.68 30.83 0.579999
      vertex 23.6 29.87 0.579999
      vertex 21.68 27.95 0.579999
    endloop
  endfacet
  facet normal 0 0 -1
    outer loop
      vertex 23.6 29.87 0.579999
      vertex 21.68 30.83 0.579999
      vertex 23.6 30.83 0.579999
    endloop
  endfacet
  facet normal 0 0 -1
    outer loop
      vertex 23.6 27.95 0.579999
      vertex 24.56 29.87 0.579999
      vertex 24.56 27.95 0.579999
    endloop
  endfacet
  facet normal -0 0 -1
    outer loop
      vertex 24.56 29.87 0.579999
      vertex 23.6 27.95 0.579999
      vertex 23.6 29.87 0.579999
    endloop
  endfacet
  facet normal 0 0 -1
    outer loop
      vertex 20.72 20.27 0.579999
      vertex 21.68 22.19 0.579999
      vertex 21.68 20.27 0.579999
    endloop
  endfacet
  facet normal -0 0 -1
    outer loop
      vertex 21.68 22.19 0.579999
      vertex 20.72 20.27 0.579999
      vertex 21.68 24.11 0.579999
    endloop
  endfacet
  facet normal 0 0 -1
    outer loop
      vertex 20.72 27.95 0.579999
      vertex 21.68 24.11 0.579999
      vertex 20.72 20.27 0.579999
    endloop
  endfacet
  facet normal 0 0 -1
    outer loop
      vertex 21.68 24.11 0.579999
      vertex 20.72 27.95 0.579999
      vertex 21.68 26.99 0.579999
    endloop
  endfacet
  facet normal 0 0 -1
    outer loop
      vertex 21.68 26.99 0.579999
      vertex 20.72 27.95 0.579999
      vertex 21.68 27.95 0.579999
    endloop
  endfacet
  facet normal 0 0 -1
    outer loop
      vertex 21.68 22.19 0.579999
      vertex 23.6 24.11 0.579999
      vertex 23.6 22.19 0.579999
    endloop
  endfacet
  facet normal -0 0 -1
    outer loop
      vertex 23.6 24.11 0.579999
      vertex 21.68 22.19 0.579999
      vertex 21.68 24.11 0.579999
    endloop
  endfacet
  facet normal 1 -0 0
    outer loop
      vertex 20.72 20.27 0.579999
      vertex 20.72 27.95 0
      vertex 20.72 27.95 0.579999
    endloop
  endfacet
  facet normal 1 0 0
    outer loop
      vertex 20.72 27.95 0
      vertex 20.72 20.27 0.579999
      vertex 20.72 20.27 0
    endloop
  endfacet
  facet normal 0 1 -0
    outer loop
      vertex 21.68 20.27 0
      vertex 20.72 20.27 0.579999
      vertex 21.68 20.27 0.579999
    endloop
  endfacet
  facet normal 0 1 0
    outer loop
      vertex 20.72 20.27 0.579999
      vertex 21.68 20.27 0
      vertex 20.72 20.27 0
    endloop
  endfacet
  facet normal 0 -1 0
    outer loop
      vertex 24.56 21.23 0
      vertex 26.48 21.23 0.579999
      vertex 24.56 21.23 0.579999
    endloop
  endfacet
  facet normal 0 -1 -0
    outer loop
      vertex 26.48 21.23 0.579999
      vertex 24.56 21.23 0
      vertex 26.48 21.23 0
    endloop
  endfacet
  facet normal 0 -1 0
    outer loop
      vertex 27.44 21.23 0
      vertex 29.36 21.23 0.579999
      vertex 27.44 21.23 0.579999
    endloop
  endfacet
  facet normal 0 -1 -0
    outer loop
      vertex 29.36 21.23 0.579999
      vertex 27.44 21.23 0
      vertex 29.36 21.23 0
    endloop
  endfacet
  facet normal 0 1 -0
    outer loop
      vertex 29.36 20.27 0
      vertex 27.44 20.27 0.579999
      vertex 29.36 20.27 0.579999
    endloop
  endfacet
  facet normal 0 1 0
    outer loop
      vertex 27.44 20.27 0.579999
      vertex 29.36 20.27 0
      vertex 27.44 20.27 0
    endloop
  endfacet
  facet normal -1 0 0
    outer loop
      vertex 29.36 20.27 0
      vertex 29.36 21.23 0.579999
      vertex 29.36 21.23 0
    endloop
  endfacet
  facet normal -1 -0 0
    outer loop
      vertex 29.36 21.23 0.579999
      vertex 29.36 20.27 0
      vertex 29.36 20.27 0.579999
    endloop
  endfacet
  facet normal 0 -1 0
    outer loop
      vertex 33.2 21.23 0
      vertex 34.16 21.23 0.579999
      vertex 33.2 21.23 0.579999
    endloop
  endfacet
  facet normal 0 -1 -0
    outer loop
      vertex 34.16 21.23 0.579999
      vertex 33.2 21.23 0
      vertex 34.16 21.23 0
    endloop
  endfacet
  facet normal -1 0 0
    outer loop
      vertex 36.08 21.23 0
      vertex 36.08 24.11 0.579999
      vertex 36.08 24.11 0
    endloop
  endfacet
  facet normal -1 -0 0
    outer loop
      vertex 36.08 24.11 0.579999
      vertex 36.08 21.23 0
      vertex 36.08 21.23 0.579999
    endloop
  endfacet
  facet normal 0 -1 0
    outer loop
      vertex 36.08 21.23 0
      vertex 38 21.23 0.579999
      vertex 36.08 21.23 0.579999
    endloop
  endfacet
  facet normal 0 -1 -0
    outer loop
      vertex 38 21.23 0.579999
      vertex 36.08 21.23 0
      vertex 38 21.23 0
    endloop
  endfacet
  facet normal -1 0 0
    outer loop
      vertex 39.92 20.27 0
      vertex 39.92 22.19 0.579999
      vertex 39.92 22.19 0
    endloop
  endfacet
  facet normal -1 -0 0
    outer loop
      vertex 39.92 22.19 0.579999
      vertex 39.92 20.27 0
      vertex 39.92 20.27 0.579999
    endloop
  endfacet
  facet normal 1 -0 0
    outer loop
      vertex 43.76 20.27 0.579999
      vertex 43.76 24.11 0
      vertex 43.76 24.11 0.579999
    endloop
  endfacet
  facet normal 1 0 0
    outer loop
      vertex 43.76 24.11 0
      vertex 43.76 20.27 0.579999
      vertex 43.76 20.27 0
    endloop
  endfacet
  facet normal -1 0 0
    outer loop
      vertex 46.64 20.27 0
      vertex 46.64 21.23 0.579999
      vertex 46.64 21.23 0
    endloop
  endfacet
  facet normal -1 -0 0
    outer loop
      vertex 46.64 21.23 0.579999
      vertex 46.64 20.27 0
      vertex 46.64 20.27 0.579999
    endloop
  endfacet
  facet normal 0 -1 0
    outer loop
      vertex 45.68 21.23 0
      vertex 46.64 21.23 0.579999
      vertex 45.68 21.23 0.579999
    endloop
  endfacet
  facet normal 0 -1 -0
    outer loop
      vertex 46.64 21.23 0.579999
      vertex 45.68 21.23 0
      vertex 46.64 21.23 0
    endloop
  endfacet
  facet normal 0 1 -0
    outer loop
      vertex 46.64 20.27 0
      vertex 45.68 20.27 0.579999
      vertex 46.64 20.27 0.579999
    endloop
  endfacet
  facet normal 0 1 0
    outer loop
      vertex 45.68 20.27 0.579999
      vertex 46.64 20.27 0
      vertex 45.68 20.27 0
    endloop
  endfacet
  facet normal 0 -1 0
    outer loop
      vertex 50.48 21.23 0
      vertex 53.36 21.23 0.579999
      vertex 50.48 21.23 0.579999
    endloop
  endfacet
  facet normal 0 -1 -0
    outer loop
      vertex 53.36 21.23 0.579999
      vertex 50.48 21.23 0
      vertex 53.36 21.23 0
    endloop
  endfacet
  facet normal -1 0 0
    outer loop
      vertex 53.36 20.27 0
      vertex 53.36 21.23 0.579999
      vertex 53.36 21.23 0
    endloop
  endfacet
  facet normal -1 -0 0
    outer loop
      vertex 53.36 21.23 0.579999
      vertex 53.36 20.27 0
      vertex 53.36 20.27 0.579999
    endloop
  endfacet
  facet normal 0 -1 0
    outer loop
      vertex 60.08 21.23 0
      vertex 64.88 21.23 0.579999
      vertex 60.08 21.23 0.579999
    endloop
  endfacet
  facet normal 0 -1 -0
    outer loop
      vertex 64.88 21.23 0.579999
      vertex 60.08 21.23 0
      vertex 64.88 21.23 0
    endloop
  endfacet
  facet normal 0 1 -0
    outer loop
      vertex 23.6 22.19 0
      vertex 21.68 22.19 0.579999
      vertex 23.6 22.19 0.579999
    endloop
  endfacet
  facet normal 0 1 0
    outer loop
      vertex 21.68 22.19 0.579999
      vertex 23.6 22.19 0
      vertex 21.68 22.19 0
    endloop
  endfacet
  facet normal 1 -0 0
    outer loop
      vertex 26.48 21.23 0.579999
      vertex 26.48 22.19 0
      vertex 26.48 22.19 0.579999
    endloop
  endfacet
  facet normal 1 0 0
    outer loop
      vertex 26.48 22.19 0
      vertex 26.48 21.23 0.579999
      vertex 26.48 21.23 0
    endloop
  endfacet
  facet normal 0 -1 0
    outer loop
      vertex 26.48 22.19 0
      vertex 27.44 22.19 0.579999
      vertex 26.48 22.19 0.579999
    endloop
  endfacet
  facet normal 0 -1 -0
    outer loop
      vertex 27.44 22.19 0.579999
      vertex 26.48 22.19 0
      vertex 27.44 22.19 0
    endloop
  endfacet
  facet normal 0 0 -1
    outer loop
      vertex 33.2 21.23 0.579999
      vertex 31.28 24.11 0.579999
      vertex 33.2 24.11 0.579999
    endloop
  endfacet
  facet normal 0 0 -1
    outer loop
      vertex 33.2 21.23 0.579999
      vertex 30.32 22.19 0.579999
      vertex 31.28 24.11 0.579999
    endloop
  endfacet
  facet normal 0 0 -1
    outer loop
      vertex 29.36 21.23 0.579999
      vertex 30.32 22.19 0.579999
      vertex 33.2 21.23 0.579999
    endloop
  endfacet
  facet normal -0 0 -1
    outer loop
      vertex 30.32 22.19 0.579999
      vertex 29.36 21.23 0.579999
      vertex 29.36 22.19 0.579999
    endloop
  endfacet
  facet normal 0 0 -1
    outer loop
      vertex 33.2 24.11 0.579999
      vertex 34.16 25.07 0.579999
      vertex 34.16 24.11 0.579999
    endloop
  endfacet
  facet normal 0 0 -1
    outer loop
      vertex 31.28 25.07 0.579999
      vertex 33.2 24.11 0.579999
      vertex 31.28 24.11 0.579999
    endloop
  endfacet
  facet normal 0 0 -1
    outer loop
      vertex 33.2 24.11 0.579999
      vertex 31.28 25.07 0.579999
      vertex 34.16 25.07 0.579999
    endloop
  endfacet
  facet normal -0 0 -1
    outer loop
      vertex 31.28 24.11 0.579999
      vertex 30.32 22.19 0.579999
      vertex 30.32 24.11 0.579999
    endloop
  endfacet
  facet normal 1 -0 0
    outer loop
      vertex 29.36 21.23 0.579999
      vertex 29.36 22.19 0
      vertex 29.36 22.19 0.579999
    endloop
  endfacet
  facet normal 1 0 0
    outer loop
      vertex 29.36 22.19 0
      vertex 29.36 21.23 0.579999
      vertex 29.36 21.23 0
    endloop
  endfacet
  facet normal 0 -1 0
    outer loop
      vertex 29.36 22.19 0
      vertex 30.32 22.19 0.579999
      vertex 29.36 22.19 0.579999
    endloop
  endfacet
  facet normal 0 -1 -0
    outer loop
      vertex 30.32 22.19 0.579999
      vertex 29.36 22.19 0
      vertex 30.32 22.19 0
    endloop
  endfacet
  facet normal 0 1 -0
    outer loop
      vertex 33.2 21.23 0
      vertex 29.36 21.23 0.579999
      vertex 33.2 21.23 0.579999
    endloop
  endfacet
  facet normal 0 1 0
    outer loop
      vertex 29.36 21.23 0.579999
      vertex 33.2 21.23 0
      vertex 29.36 21.23 0
    endloop
  endfacet
  facet normal -1 0 0
    outer loop
      vertex 33.2 21.23 0
      vertex 33.2 24.11 0.579999
      vertex 33.2 24.11 0
    endloop
  endfacet
  facet normal -1 -0 0
    outer loop
      vertex 33.2 24.11 0.579999
      vertex 33.2 21.23 0
      vertex 33.2 21.23 0.579999
    endloop
  endfacet
  facet normal 1 -0 0
    outer loop
      vertex 34.16 21.23 0.579999
      vertex 34.16 24.11 0
      vertex 34.16 24.11 0.579999
    endloop
  endfacet
  facet normal 1 0 0
    outer loop
      vertex 34.16 24.11 0
      vertex 34.16 21.23 0.579999
      vertex 34.16 21.23 0
    endloop
  endfacet
  facet normal 1 -0 0
    outer loop
      vertex 38 21.23 0.579999
      vertex 38 22.19 0
      vertex 38 22.19 0.579999
    endloop
  endfacet
  facet normal 1 0 0
    outer loop
      vertex 38 22.19 0
      vertex 38 21.23 0.579999
      vertex 38 21.23 0
    endloop
  endfacet
  facet normal 0 -1 0
    outer loop
      vertex 38 22.19 0
      vertex 39.92 22.19 0.579999
      vertex 38 22.19 0.579999
    endloop
  endfacet
  facet normal 0 -1 -0
    outer loop
      vertex 39.92 22.19 0.579999
      vertex 38 22.19 0
      vertex 39.92 22.19 0
    endloop
  endfacet
  facet normal 0 0 -1
    outer loop
      vertex 40.88 21.23 0.579999
      vertex 42.8 22.19 0.579999
      vertex 42.8 21.23 0.579999
    endloop
  endfacet
  facet normal -0 0 -1
    outer loop
      vertex 42.8 22.19 0.579999
      vertex 40.88 21.23 0.579999
      vertex 40.88 22.19 0.579999
    endloop
  endfacet
  facet normal 1 -0 0
    outer loop
      vertex 40.88 21.23 0.579999
      vertex 40.88 22.19 0
      vertex 40.88 22.19 0.579999
    endloop
  endfacet
  facet normal 1 0 0
    outer loop
      vertex 40.88 22.19 0
      vertex 40.88 21.23 0.579999
      vertex 40.88 21.23 0
    endloop
  endfacet
  facet normal 0 -1 0
    outer loop
      vertex 40.88 22.19 0
      vertex 42.8 22.19 0.579999
      vertex 40.88 22.19 0.579999
    endloop
  endfacet
  facet normal 0 -1 -0
    outer loop
      vertex 42.8 22.19 0.579999
      vertex 40.88 22.19 0
      vertex 42.8 22.19 0
    endloop
  endfacet
  facet normal 0 1 -0
    outer loop
      vertex 42.8 21.23 0
      vertex 40.88 21.23 0.579999
      vertex 42.8 21.23 0.579999
    endloop
  endfacet
  facet normal 0 1 0
    outer loop
      vertex 40.88 21.23 0.579999
      vertex 42.8 21.23 0
      vertex 40.88 21.23 0
    endloop
  endfacet
  facet normal -1 0 0
    outer loop
      vertex 42.8 21.23 0
      vertex 42.8 22.19 0.579999
      vertex 42.8 22.19 0
    endloop
  endfacet
  facet normal -1 -0 0
    outer loop
      vertex 42.8 22.19 0.579999
      vertex 42.8 21.23 0
      vertex 42.8 21.23 0.579999
    endloop
  endfacet
  facet normal 0 1 -0
    outer loop
      vertex 47.6 22.19 0
      vertex 45.68 22.19 0.579999
      vertex 47.6 22.19 0.579999
    endloop
  endfacet
  facet normal 0 1 0
    outer loop
      vertex 45.68 22.19 0.579999
      vertex 47.6 22.19 0
      vertex 45.68 22.19 0
    endloop
  endfacet
  facet normal -1 0 0
    outer loop
      vertex 45.68 21.23 0
      vertex 45.68 22.19 0.579999
      vertex 45.68 22.19 0
    endloop
  endfacet
  facet normal -1 -0 0
    outer loop
      vertex 45.68 22.19 0.579999
      vertex 45.68 21.23 0
      vertex 45.68 21.23 0.579999
    endloop
  endfacet
  facet normal 1 -0 0
    outer loop
      vertex 47.6 21.23 0.579999
      vertex 47.6 22.19 0
      vertex 47.6 22.19 0.579999
    endloop
  endfacet
  facet normal 1 0 0
    outer loop
      vertex 47.6 22.19 0
      vertex 47.6 21.23 0.579999
      vertex 47.6 21.23 0
    endloop
  endfacet
  facet normal 0 1 -0
    outer loop
      vertex 49.52 21.23 0
      vertex 47.6 21.23 0.579999
      vertex 49.52 21.23 0.579999
    endloop
  endfacet
  facet normal 0 1 0
    outer loop
      vertex 47.6 21.23 0.579999
      vertex 49.52 21.23 0
      vertex 47.6 21.23 0
    endloop
  endfacet
  facet normal -1 0 0
    outer loop
      vertex 49.52 21.23 0
      vertex 49.52 24.11 0.579999
      vertex 49.52 24.11 0
    endloop
  endfacet
  facet normal -1 -0 0
    outer loop
      vertex 49.52 24.11 0.579999
      vertex 49.52 21.23 0
      vertex 49.52 21.23 0.579999
    endloop
  endfacet
  facet normal 0 1 -0
    outer loop
      vertex 56.24 22.19 0
      vertex 52.4 22.19 0.579999
      vertex 56.24 22.19 0.579999
    endloop
  endfacet
  facet normal 0 1 0
    outer loop
      vertex 52.4 22.19 0.579999
      vertex 56.24 22.19 0
      vertex 52.4 22.19 0
    endloop
  endfacet
  facet normal 0 -1 0
    outer loop
      vertex 59.12 22.19 0
      vertex 60.08 22.19 0.579999
      vertex 59.12 22.19 0.579999
    endloop
  endfacet
  facet normal 0 -1 -0
    outer loop
      vertex 60.08 22.19 0.579999
      vertex 59.12 22.19 0
      vertex 60.08 22.19 0
    endloop
  endfacet
  facet normal -1 0 0
    outer loop
      vertex 60.08 21.23 0
      vertex 60.08 22.19 0.579999
      vertex 60.08 22.19 0
    endloop
  endfacet
  facet normal -1 -0 0
    outer loop
      vertex 60.08 22.19 0.579999
      vertex 60.08 21.23 0
      vertex 60.08 21.23 0.579999
    endloop
  endfacet
  facet normal -1 0 0
    outer loop
      vertex 65.84 21.23 0
      vertex 65.84 24.11 0.579999
      vertex 65.84 24.11 0
    endloop
  endfacet
  facet normal -1 -0 0
    outer loop
      vertex 65.84 24.11 0.579999
      vertex 65.84 21.23 0
      vertex 65.84 21.23 0.579999
    endloop
  endfacet
  facet normal 0 0 -1
    outer loop
      vertex 59.12 30.83 0.579999
      vertex 60.08 31.79 0.579999
      vertex 60.08 30.83 0.579999
    endloop
  endfacet
  facet normal -0 0 -1
    outer loop
      vertex 60.08 31.79 0.579999
      vertex 59.12 30.83 0.579999
      vertex 59.12 31.79 0.579999
    endloop
  endfacet
  facet normal 0 0 -1
    outer loop
      vertex 57.2 26.99 0.579999
      vertex 60.08 27.95 0.579999
      vertex 60.08 26.99 0.579999
    endloop
  endfacet
  facet normal -0 0 -1
    outer loop
      vertex 60.08 27.95 0.579999
      vertex 57.2 26.99 0.579999
      vertex 57.2 27.95 0.579999
    endloop
  endfacet
  facet normal 0 0 -1
    outer loop
      vertex 64.88 22.19 0.579999
      vertex 65.84 21.23 0.579999
      vertex 64.88 21.23 0.579999
    endloop
  endfacet
  facet normal 0 0 -1
    outer loop
      vertex 65.84 21.23 0.579999
      vertex 64.88 22.19 0.579999
      vertex 65.84 24.11 0.579999
    endloop
  endfacet
  facet normal 0 0 -1
    outer loop
      vertex 64.88 22.19 0.579999
      vertex 64.88 24.11 0.579999
      vertex 65.84 24.11 0.579999
    endloop
  endfacet
  facet normal 0 0 -1
    outer loop
      vertex 62 24.11 0.579999
      vertex 64.88 24.11 0.579999
      vertex 64.88 22.19 0.579999
    endloop
  endfacet
  facet normal 0 0 -1
    outer loop
      vertex 64.88 24.11 0.579999
      vertex 62.96 25.07 0.579999
      vertex 64.88 25.07 0.579999
    endloop
  endfacet
  facet normal 0 0 -1
    outer loop
      vertex 62 25.07 0.579999
      vertex 62.96 25.07 0.579999
      vertex 62 24.11 0.579999
    endloop
  endfacet
  facet normal 0 0 -1
    outer loop
      vertex 64.88 24.11 0.579999
      vertex 62 24.11 0.579999
      vertex 62.96 25.07 0.579999
    endloop
  endfacet
  facet normal 0 0 -1
    outer loop
      vertex 60.08 22.19 0.579999
      vertex 62 24.11 0.579999
      vertex 64.88 22.19 0.579999
    endloop
  endfacet
  facet normal -0 0 -1
    outer loop
      vertex 62 24.11 0.579999
      vertex 60.08 22.19 0.579999
      vertex 60.08 24.11 0.579999
    endloop
  endfacet
  facet normal 0 0 -1
    outer loop
      vertex 60.08 27.95 0.579999
      vertex 62.96 25.07 0.579999
      vertex 62 25.07 0.579999
    endloop
  endfacet
  facet normal 0 0 -1
    outer loop
      vertex 62.96 25.07 0.579999
      vertex 60.08 27.95 0.579999
      vertex 62.96 31.79 0.579999
    endloop
  endfacet
  facet normal -0 0 -1
    outer loop
      vertex 62.96 31.79 0.579999
      vertex 60.08 27.95 0.579999
      vertex 62 31.79 0.579999
    endloop
  endfacet
  facet normal 0 0 -1
    outer loop
      vertex 60.08 26.99 0.579999
      vertex 62 25.07 0.579999
      vertex 60.08 25.07 0.579999
    endloop
  endfacet
  facet normal 0 0 -1
    outer loop
      vertex 60.08 27.95 0.579999
      vertex 62 25.07 0.579999
      vertex 60.08 26.99 0.579999
    endloop
  endfacet
  facet normal 0 0 -1
    outer loop
      vertex 60.08 30.83 0.579999
      vertex 62 31.79 0.579999
      vertex 60.08 27.95 0.579999
    endloop
  endfacet
  facet normal 0 0 -1
    outer loop
      vertex 60.08 31.79 0.579999
      vertex 62 31.79 0.579999
      vertex 60.08 30.83 0.579999
    endloop
  endfacet
  facet normal 0 0 -1
    outer loop
      vertex 62 31.79 0.579999
      vertex 60.08 31.79 0.579999
      vertex 62 33.71 0.579999
    endloop
  endfacet
  facet normal -0 0 -1
    outer loop
      vertex 62 33.71 0.579999
      vertex 60.08 31.79 0.579999
      vertex 60.08 33.71 0.579999
    endloop
  endfacet
  facet normal 1 -0 0
    outer loop
      vertex 64.88 21.23 0.579999
      vertex 64.88 22.19 0
      vertex 64.88 22.19 0.579999
    endloop
  endfacet
  facet normal 1 0 0
    outer loop
      vertex 64.88 22.19 0
      vertex 64.88 21.23 0.579999
      vertex 64.88 21.23 0
    endloop
  endfacet
  facet normal 0 1 -0
    outer loop
      vertex 65.84 21.23 0
      vertex 64.88 21.23 0.579999
      vertex 65.84 21.23 0.579999
    endloop
  endfacet
  facet normal 0 1 0
    outer loop
      vertex 64.88 21.23 0.579999
      vertex 65.84 21.23 0
      vertex 64.88 21.23 0
    endloop
  endfacet
  facet normal -1 0 0
    outer loop
      vertex 23.6 22.19 0
      vertex 23.6 24.11 0.579999
      vertex 23.6 24.11 0
    endloop
  endfacet
  facet normal -1 -0 0
    outer loop
      vertex 23.6 24.11 0.579999
      vertex 23.6 22.19 0
      vertex 23.6 22.19 0.579999
    endloop
  endfacet
  facet normal 0 0 -1
    outer loop
      vertex 24.56 22.19 0.579999
      vertex 26.48 25.07 0.579999
      vertex 26.48 22.19 0.579999
    endloop
  endfacet
  facet normal -0 0 -1
    outer loop
      vertex 26.48 25.07 0.579999
      vertex 24.56 22.19 0.579999
      vertex 24.56 25.07 0.579999
    endloop
  endfacet
  facet normal 1 -0 0
    outer loop
      vertex 24.56 22.19 0.579999
      vertex 24.56 25.07 0
      vertex 24.56 25.07 0.579999
    endloop
  endfacet
  facet normal 1 0 0
    outer loop
      vertex 24.56 25.07 0
      vertex 24.56 22.19 0.579999
      vertex 24.56 22.19 0
    endloop
  endfacet
  facet normal 0 1 -0
    outer loop
      vertex 26.48 22.19 0
      vertex 24.56 22.19 0.579999
      vertex 26.48 22.19 0.579999
    endloop
  endfacet
  facet normal 0 1 0
    outer loop
      vertex 24.56 22.19 0.579999
      vertex 26.48 22.19 0
      vertex 24.56 22.19 0
    endloop
  endfacet
  facet normal -1 0 0
    outer loop
      vertex 26.48 22.19 0
      vertex 26.48 25.07 0.579999
      vertex 26.48 25.07 0
    endloop
  endfacet
  facet normal -1 -0 0
    outer loop
      vertex 26.48 25.07 0.579999
      vertex 26.48 22.19 0
      vertex 26.48 22.19 0.579999
    endloop
  endfacet
  facet normal 1 -0 0
    outer loop
      vertex 30.32 22.19 0.579999
      vertex 30.32 24.11 0
      vertex 30.32 24.11 0.579999
    endloop
  endfacet
  facet normal 1 0 0
    outer loop
      vertex 30.32 24.11 0
      vertex 30.32 22.19 0.579999
      vertex 30.32 22.19 0
    endloop
  endfacet
  facet normal 1 -0 0
    outer loop
      vertex 52.4 22.19 0.579999
      vertex 52.4 24.11 0
      vertex 52.4 24.11 0.579999
    endloop
  endfacet
  facet normal 1 0 0
    outer loop
      vertex 52.4 24.11 0
      vertex 52.4 22.19 0.579999
      vertex 52.4 22.19 0
    endloop
  endfacet
  facet normal -1 0 0
    outer loop
      vertex 59.12 22.19 0
      vertex 59.12 25.07 0.579999
      vertex 59.12 25.07 0
    endloop
  endfacet
  facet normal -1 -0 0
    outer loop
      vertex 59.12 25.07 0.579999
      vertex 59.12 22.19 0
      vertex 59.12 22.19 0.579999
    endloop
  endfacet
  facet normal 1 -0 0
    outer loop
      vertex 60.08 22.19 0.579999
      vertex 60.08 24.11 0
      vertex 60.08 24.11 0.579999
    endloop
  endfacet
  facet normal 1 0 0
    outer loop
      vertex 60.08 24.11 0
      vertex 60.08 22.19 0.579999
      vertex 60.08 22.19 0
    endloop
  endfacet
  facet normal 0 1 -0
    outer loop
      vertex 64.88 22.19 0
      vertex 60.08 22.19 0.579999
      vertex 64.88 22.19 0.579999
    endloop
  endfacet
  facet normal 0 1 0
    outer loop
      vertex 60.08 22.19 0.579999
      vertex 64.88 22.19 0
      vertex 60.08 22.19 0
    endloop
  endfacet
  facet normal -1 0 0
    outer loop
      vertex 64.88 24.11 0
      vertex 64.88 25.07 0.579999
      vertex 64.88 25.07 0
    endloop
  endfacet
  facet normal -1 -0 0
    outer loop
      vertex 64.88 25.07 0.579999
      vertex 64.88 24.11 0
      vertex 64.88 24.11 0.579999
    endloop
  endfacet
  facet normal 0 -1 0
    outer loop
      vertex 21.68 24.11 0
      vertex 23.6 24.11 0.579999
      vertex 21.68 24.11 0.579999
    endloop
  endfacet
  facet normal 0 -1 -0
    outer loop
      vertex 23.6 24.11 0.579999
      vertex 21.68 24.11 0
      vertex 23.6 24.11 0
    endloop
  endfacet
  facet normal 0 -1 0
    outer loop
      vertex 30.32 24.11 0
      vertex 31.28 24.11 0.579999
      vertex 30.32 24.11 0.579999
    endloop
  endfacet
  facet normal 0 -1 -0
    outer loop
      vertex 31.28 24.11 0.579999
      vertex 30.32 24.11 0
      vertex 31.28 24.11 0
    endloop
  endfacet
  facet normal 0 1 -0
    outer loop
      vertex 34.16 24.11 0
      vertex 33.2 24.11 0.579999
      vertex 34.16 24.11 0.579999
    endloop
  endfacet
  facet normal 0 1 0
    outer loop
      vertex 33.2 24.11 0.579999
      vertex 34.16 24.11 0
      vertex 33.2 24.11 0
    endloop
  endfacet
  facet normal 0 -1 0
    outer loop
      vertex 34.16 24.11 0
      vertex 36.08 24.11 0.579999
      vertex 34.16 24.11 0.579999
    endloop
  endfacet
  facet normal 0 -1 -0
    outer loop
      vertex 36.08 24.11 0.579999
      vertex 34.16 24.11 0
      vertex 36.08 24.11 0
    endloop
  endfacet
  facet normal 0 1 -0
    outer loop
      vertex 43.76 24.11 0
      vertex 40.88 24.11 0.579999
      vertex 43.76 24.11 0.579999
    endloop
  endfacet
  facet normal 0 1 0
    outer loop
      vertex 40.88 24.11 0.579999
      vertex 43.76 24.11 0
      vertex 40.88 24.11 0
    endloop
  endfacet
  facet normal 0 -1 0
    outer loop
      vertex 45.68 24.11 0
      vertex 49.52 24.11 0.579999
      vertex 45.68 24.11 0.579999
    endloop
  endfacet
  facet normal 0 -1 -0
    outer loop
      vertex 49.52 24.11 0.579999
      vertex 45.68 24.11 0
      vertex 49.52 24.11 0
    endloop
  endfacet
  facet normal 0 -1 0
    outer loop
      vertex 52.4 24.11 0
      vertex 55.28 24.11 0.579999
      vertex 52.4 24.11 0.579999
    endloop
  endfacet
  facet normal 0 -1 -0
    outer loop
      vertex 55.28 24.11 0.579999
      vertex 52.4 24.11 0
      vertex 55.28 24.11 0
    endloop
  endfacet
  facet normal 0 -1 0
    outer loop
      vertex 60.08 24.11 0
      vertex 62 24.11 0.579999
      vertex 60.08 24.11 0.579999
    endloop
  endfacet
  facet normal 0 -1 -0
    outer loop
      vertex 62 24.11 0.579999
      vertex 60.08 24.11 0
      vertex 62 24.11 0
    endloop
  endfacet
  facet normal 0 -1 0
    outer loop
      vertex 64.88 24.11 0
      vertex 65.84 24.11 0.579999
      vertex 64.88 24.11 0.579999
    endloop
  endfacet
  facet normal 0 -1 -0
    outer loop
      vertex 65.84 24.11 0.579999
      vertex 64.88 24.11 0
      vertex 65.84 24.11 0
    endloop
  endfacet
  facet normal -1 0 0
    outer loop
      vertex 21.68 24.11 0
      vertex 21.68 26.99 0.579999
      vertex 21.68 26.99 0
    endloop
  endfacet
  facet normal -1 -0 0
    outer loop
      vertex 21.68 26.99 0.579999
      vertex 21.68 24.11 0
      vertex 21.68 24.11 0.579999
    endloop
  endfacet
  facet normal 0 -1 0
    outer loop
      vertex 24.56 25.07 0
      vertex 26.48 25.07 0.579999
      vertex 24.56 25.07 0.579999
    endloop
  endfacet
  facet normal 0 -1 -0
    outer loop
      vertex 26.48 25.07 0.579999
      vertex 24.56 25.07 0
      vertex 26.48 25.07 0
    endloop
  endfacet
  facet normal -1 0 0
    outer loop
      vertex 30.32 24.11 0
      vertex 30.32 25.07 0.579999
      vertex 30.32 25.07 0
    endloop
  endfacet
  facet normal -1 -0 0
    outer loop
      vertex 30.32 25.07 0.579999
      vertex 30.32 24.11 0
      vertex 30.32 24.11 0.579999
    endloop
  endfacet
  facet normal 0 0 -1
    outer loop
      vertex 29.36 24.11 0.579999
      vertex 30.32 25.07 0.579999
      vertex 30.32 24.11 0.579999
    endloop
  endfacet
  facet normal -0 0 -1
    outer loop
      vertex 30.32 25.07 0.579999
      vertex 29.36 24.11 0.579999
      vertex 29.36 25.07 0.579999
    endloop
  endfacet
  facet normal 1 -0 0
    outer loop
      vertex 29.36 24.11 0.579999
      vertex 29.36 25.07 0
      vertex 29.36 25.07 0.579999
    endloop
  endfacet
  facet normal 1 0 0
    outer loop
      vertex 29.36 25.07 0
      vertex 29.36 24.11 0.579999
      vertex 29.36 24.11 0
    endloop
  endfacet
  facet normal 0 -1 0
    outer loop
      vertex 29.36 25.07 0
      vertex 30.32 25.07 0.579999
      vertex 29.36 25.07 0.579999
    endloop
  endfacet
  facet normal 0 -1 -0
    outer loop
      vertex 30.32 25.07 0.579999
      vertex 29.36 25.07 0
      vertex 30.32 25.07 0
    endloop
  endfacet
  facet normal 0 1 -0
    outer loop
      vertex 30.32 24.11 0
      vertex 29.36 24.11 0.579999
      vertex 30.32 24.11 0.579999
    endloop
  endfacet
  facet normal 0 1 0
    outer loop
      vertex 29.36 24.11 0.579999
      vertex 30.32 24.11 0
      vertex 29.36 24.11 0
    endloop
  endfacet
  facet normal 1 -0 0
    outer loop
      vertex 31.28 24.11 0.579999
      vertex 31.28 25.07 0
      vertex 31.28 25.07 0.579999
    endloop
  endfacet
  facet normal 1 0 0
    outer loop
      vertex 31.28 25.07 0
      vertex 31.28 24.11 0.579999
      vertex 31.28 24.11 0
    endloop
  endfacet
  facet normal 0 -1 0
    outer loop
      vertex 31.28 25.07 0
      vertex 34.16 25.07 0.579999
      vertex 31.28 25.07 0.579999
    endloop
  endfacet
  facet normal 0 -1 -0
    outer loop
      vertex 34.16 25.07 0.579999
      vertex 31.28 25.07 0
      vertex 34.16 25.07 0
    endloop
  endfacet
  facet normal -1 0 0
    outer loop
      vertex 34.16 24.11 0
      vertex 34.16 25.07 0.579999
      vertex 34.16 25.07 0
    endloop
  endfacet
  facet normal -1 -0 0
    outer loop
      vertex 34.16 25.07 0.579999
      vertex 34.16 24.11 0
      vertex 34.16 24.11 0.579999
    endloop
  endfacet
  facet normal 0 0 -1
    outer loop
      vertex 39.92 24.11 0.579999
      vertex 38 24.11 0.579999
      vertex 39.92 25.07 0.579999
    endloop
  endfacet
  facet normal 0 0 -1
    outer loop
      vertex 43.76 27.95 0.579999
      vertex 42.8 27.95 0.579999
      vertex 43.76 29.87 0.579999
    endloop
  endfacet
  facet normal 0 0 -1
    outer loop
      vertex 45.68 29.87 0.579999
      vertex 46.64 27.95 0.579999
      vertex 45.68 27.95 0.579999
    endloop
  endfacet
  facet normal 0 0 -1
    outer loop
      vertex 46.64 27.95 0.579999
      vertex 45.68 29.87 0.579999
      vertex 46.64 30.83 0.579999
    endloop
  endfacet
  facet normal 0 0 -1
    outer loop
      vertex 43.76 29.87 0.579999
      vertex 46.64 30.83 0.579999
      vertex 45.68 29.87 0.579999
    endloop
  endfacet
  facet normal 0 0 -1
    outer loop
      vertex 43.76 29.87 0.579999
      vertex 42.8 30.83 0.579999
      vertex 46.64 30.83 0.579999
    endloop
  endfacet
  facet normal 0 0 -1
    outer loop
      vertex 42.8 30.83 0.579999
      vertex 43.76 29.87 0.579999
      vertex 42.8 27.95 0.579999
    endloop
  endfacet
  facet normal 0 0 -1
    outer loop
      vertex 46.64 27.95 0.579999
      vertex 49.52 27.95 0.579999
      vertex 49.52 26.99 0.579999
    endloop
  endfacet
  facet normal 0 0 -1
    outer loop
      vertex 49.52 27.95 0.579999
      vertex 46.64 27.95 0.579999
      vertex 49.52 29.87 0.579999
    endloop
  endfacet
  facet normal 0 0 -1
    outer loop
      vertex 46.64 27.95 0.579999
      vertex 49.52 26.99 0.579999
      vertex 46.64 26.99 0.579999
    endloop
  endfacet
  facet normal 0 0 -1
    outer loop
      vertex 46.64 30.83 0.579999
      vertex 49.52 29.87 0.579999
      vertex 46.64 27.95 0.579999
    endloop
  endfacet
  facet normal 0 0 -1
    outer loop
      vertex 49.52 29.87 0.579999
      vertex 46.64 30.83 0.579999
      vertex 49.52 31.79 0.579999
    endloop
  endfacet
  facet normal -0 0 -1
    outer loop
      vertex 49.52 31.79 0.579999
      vertex 46.64 30.83 0.579999
      vertex 46.64 31.79 0.579999
    endloop
  endfacet
  facet normal 0 0 -1
    outer loop
      vertex 49.52 27.95 0.579999
      vertex 50.48 29.87 0.579999
      vertex 50.48 27.95 0.579999
    endloop
  endfacet
  facet normal -0 0 -1
    outer loop
      vertex 50.48 29.87 0.579999
      vertex 49.52 27.95 0.579999
      vertex 49.52 29.87 0.579999
    endloop
  endfacet
  facet normal 0 0 -1
    outer loop
      vertex 40.88 27.95 0.579999
      vertex 42.8 27.95 0.579999
      vertex 42.8 26.99 0.579999
    endloop
  endfacet
  facet normal 0 0 -1
    outer loop
      vertex 42.8 27.95 0.579999
      vertex 40.88 27.95 0.579999
      vertex 42.8 30.83 0.579999
    endloop
  endfacet
  facet normal 0 0 -1
    outer loop
      vertex 40.88 27.95 0.579999
      vertex 42.8 26.99 0.579999
      vertex 40.88 26.99 0.579999
    endloop
  endfacet
  facet normal 0 0 -1
    outer loop
      vertex 40.88 33.71 0.579999
      vertex 42.8 30.83 0.579999
      vertex 40.88 27.95 0.579999
    endloop
  endfacet
  facet normal 0 0 -1
    outer loop
      vertex 42.8 30.83 0.579999
      vertex 40.88 33.71 0.579999
      vertex 42.8 33.71 0.579999
    endloop
  endfacet
  facet normal 0 0 -1
    outer loop
      vertex 39.92 25.07 0.579999
      vertex 40.88 26.99 0.579999
      vertex 40.88 25.07 0.579999
    endloop
  endfacet
  facet normal 0 0 -1
    outer loop
      vertex 38 27.95 0.579999
      vertex 40.88 26.99 0.579999
      vertex 39.92 25.07 0.579999
    endloop
  endfacet
  facet normal 0 0 -1
    outer loop
      vertex 38 27.95 0.579999
      vertex 39.92 25.07 0.579999
      vertex 38 24.11 0.579999
    endloop
  endfacet
  facet normal 0 0 -1
    outer loop
      vertex 40.88 26.99 0.579999
      vertex 38 27.95 0.579999
      vertex 40.88 27.95 0.579999
    endloop
  endfacet
  facet normal 1 -0 0
    outer loop
      vertex 38 24.11 0.579999
      vertex 38 27.95 0
      vertex 38 27.95 0.579999
    endloop
  endfacet
  facet normal 1 0 0
    outer loop
      vertex 38 27.95 0
      vertex 38 24.11 0.579999
      vertex 38 24.11 0
    endloop
  endfacet
  facet normal 0 1 -0
    outer loop
      vertex 39.92 24.11 0
      vertex 38 24.11 0.579999
      vertex 39.92 24.11 0.579999
    endloop
  endfacet
  facet normal 0 1 0
    outer loop
      vertex 38 24.11 0.579999
      vertex 39.92 24.11 0
      vertex 38 24.11 0
    endloop
  endfacet
  facet normal -1 0 0
    outer loop
      vertex 39.92 24.11 0
      vertex 39.92 25.07 0.579999
      vertex 39.92 25.07 0
    endloop
  endfacet
  facet normal -1 -0 0
    outer loop
      vertex 39.92 25.07 0.579999
      vertex 39.92 24.11 0
      vertex 39.92 24.11 0.579999
    endloop
  endfacet
  facet normal 1 -0 0
    outer loop
      vertex 40.88 24.11 0.579999
      vertex 40.88 25.07 0
      vertex 40.88 25.07 0.579999
    endloop
  endfacet
  facet normal 1 0 0
    outer loop
      vertex 40.88 25.07 0
      vertex 40.88 24.11 0.579999
      vertex 40.88 24.11 0
    endloop
  endfacet
  facet normal 0 -1 0
    outer loop
      vertex 40.88 25.07 0
      vertex 42.8 25.07 0.579999
      vertex 40.88 25.07 0.579999
    endloop
  endfacet
  facet normal 0 -1 -0
    outer loop
      vertex 42.8 25.07 0.579999
      vertex 40.88 25.07 0
      vertex 42.8 25.07 0
    endloop
  endfacet
  facet normal 1 -0 0
    outer loop
      vertex 42.8 25.07 0.579999
      vertex 42.8 26.99 0
      vertex 42.8 26.99 0.579999
    endloop
  endfacet
  facet normal 1 0 0
    outer loop
      vertex 42.8 26.99 0
      vertex 42.8 25.07 0.579999
      vertex 42.8 25.07 0
    endloop
  endfacet
  facet normal 0 -1 0
    outer loop
      vertex 43.76 25.07 0
      vertex 45.68 25.07 0.579999
      vertex 43.76 25.07 0.579999
    endloop
  endfacet
  facet normal 0 -1 -0
    outer loop
      vertex 45.68 25.07 0.579999
      vertex 43.76 25.07 0
      vertex 45.68 25.07 0
    endloop
  endfacet
  facet normal -1 0 0
    outer loop
      vertex 45.68 24.11 0
      vertex 45.68 25.07 0.579999
      vertex 45.68 25.07 0
    endloop
  endfacet
  facet normal -1 -0 0
    outer loop
      vertex 45.68 25.07 0.579999
      vertex 45.68 24.11 0
      vertex 45.68 24.11 0.579999
    endloop
  endfacet
  facet normal -1 0 0
    outer loop
      vertex 50.48 24.11 0
      vertex 50.48 25.07 0.579999
      vertex 50.48 25.07 0
    endloop
  endfacet
  facet normal -1 -0 0
    outer loop
      vertex 50.48 25.07 0.579999
      vertex 50.48 24.11 0
      vertex 50.48 24.11 0.579999
    endloop
  endfacet
  facet normal 0 0 -1
    outer loop
      vertex 49.52 24.11 0.579999
      vertex 50.48 25.07 0.579999
      vertex 50.48 24.11 0.579999
    endloop
  endfacet
  facet normal -0 0 -1
    outer loop
      vertex 50.48 25.07 0.579999
      vertex 49.52 24.11 0.579999
      vertex 49.52 25.07 0.579999
    endloop
  endfacet
  facet normal 1 -0 0
    outer loop
      vertex 49.52 24.11 0.579999
      vertex 49.52 25.07 0
      vertex 49.52 25.07 0.579999
    endloop
  endfacet
  facet normal 1 0 0
    outer loop
      vertex 49.52 25.07 0
      vertex 49.52 24.11 0.579999
      vertex 49.52 24.11 0
    endloop
  endfacet
  facet normal 0 -1 0
    outer loop
      vertex 49.52 25.07 0
      vertex 50.48 25.07 0.579999
      vertex 49.52 25.07 0.579999
    endloop
  endfacet
  facet normal 0 -1 -0
    outer loop
      vertex 50.48 25.07 0.579999
      vertex 49.52 25.07 0
      vertex 50.48 25.07 0
    endloop
  endfacet
  facet normal 0 1 -0
    outer loop
      vertex 50.48 24.11 0
      vertex 49.52 24.11 0.579999
      vertex 50.48 24.11 0.579999
    endloop
  endfacet
  facet normal 0 1 0
    outer loop
      vertex 49.52 24.11 0.579999
      vertex 50.48 24.11 0
      vertex 49.52 24.11 0
    endloop
  endfacet
  facet normal 1 -0 0
    outer loop
      vertex 55.28 24.11 0.579999
      vertex 55.28 25.07 0
      vertex 55.28 25.07 0.579999
    endloop
  endfacet
  facet normal 1 0 0
    outer loop
      vertex 55.28 25.07 0
      vertex 55.28 24.11 0.579999
      vertex 55.28 24.11 0
    endloop
  endfacet
  facet normal 0 -1 0
    outer loop
      vertex 56.24 25.07 0
      vertex 59.12 25.07 0.579999
      vertex 56.24 25.07 0.579999
    endloop
  endfacet
  facet normal 0 -1 -0
    outer loop
      vertex 59.12 25.07 0.579999
      vertex 56.24 25.07 0
      vertex 59.12 25.07 0
    endloop
  endfacet
  facet normal 1 -0 0
    outer loop
      vertex 62 24.11 0.579999
      vertex 62 25.07 0
      vertex 62 25.07 0.579999
    endloop
  endfacet
  facet normal 1 0 0
    outer loop
      vertex 62 25.07 0
      vertex 62 24.11 0.579999
      vertex 62 24.11 0
    endloop
  endfacet
  facet normal 0 -1 0
    outer loop
      vertex 62.96 25.07 0
      vertex 64.88 25.07 0.579999
      vertex 62.96 25.07 0.579999
    endloop
  endfacet
  facet normal 0 -1 -0
    outer loop
      vertex 64.88 25.07 0.579999
      vertex 62.96 25.07 0
      vertex 64.88 25.07 0
    endloop
  endfacet
  facet normal 0 1 -0
    outer loop
      vertex 62 25.07 0
      vertex 60.08 25.07 0.579999
      vertex 62 25.07 0.579999
    endloop
  endfacet
  facet normal 0 1 0
    outer loop
      vertex 60.08 25.07 0.579999
      vertex 62 25.07 0
      vertex 60.08 25.07 0
    endloop
  endfacet
  facet normal 0 0 -1
    outer loop
      vertex 29.36 25.07 0.579999
      vertex 27.44 26.99 0.579999
      vertex 29.36 26.99 0.579999
    endloop
  endfacet
  facet normal 0 0 -1
    outer loop
      vertex 26.48 25.07 0.579999
      vertex 27.44 26.99 0.579999
      vertex 29.36 25.07 0.579999
    endloop
  endfacet
  facet normal 0 0 -1
    outer loop
      vertex 26.48 26.99 0.579999
      vertex 27.44 26.99 0.579999
      vertex 26.48 25.07 0.579999
    endloop
  endfacet
  facet normal 0 0 -1
    outer loop
      vertex 27.44 26.99 0.579999
      vertex 26.48 26.99 0.579999
      vertex 27.44 27.95 0.579999
    endloop
  endfacet
  facet normal 0 0 -1
    outer loop
      vertex 24.56 27.95 0.579999
      vertex 26.48 26.99 0.579999
      vertex 24.56 26.99 0.579999
    endloop
  endfacet
  facet normal 0 0 -1
    outer loop
      vertex 26.48 26.99 0.579999
      vertex 24.56 27.95 0.579999
      vertex 27.44 27.95 0.579999
    endloop
  endfacet
  facet normal 1 -0 0
    outer loop
      vertex 26.48 25.07 0.579999
      vertex 26.48 26.99 0
      vertex 26.48 26.99 0.579999
    endloop
  endfacet
  facet normal 1 0 0
    outer loop
      vertex 26.48 26.99 0
      vertex 26.48 25.07 0.579999
      vertex 26.48 25.07 0
    endloop
  endfacet
  facet normal 0 1 -0
    outer loop
      vertex 29.36 25.07 0
      vertex 26.48 25.07 0.579999
      vertex 29.36 25.07 0.579999
    endloop
  endfacet
  facet normal 0 1 0
    outer loop
      vertex 26.48 25.07 0.579999
      vertex 29.36 25.07 0
      vertex 26.48 25.07 0
    endloop
  endfacet
  facet normal -1 0 0
    outer loop
      vertex 29.36 25.07 0
      vertex 29.36 26.99 0.579999
      vertex 29.36 26.99 0
    endloop
  endfacet
  facet normal -1 -0 0
    outer loop
      vertex 29.36 26.99 0.579999
      vertex 29.36 25.07 0
      vertex 29.36 25.07 0.579999
    endloop
  endfacet
  facet normal -1 0 0
    outer loop
      vertex 31.28 25.07 0
      vertex 31.28 26.99 0.579999
      vertex 31.28 26.99 0
    endloop
  endfacet
  facet normal -1 -0 0
    outer loop
      vertex 31.28 26.99 0.579999
      vertex 31.28 25.07 0
      vertex 31.28 25.07 0.579999
    endloop
  endfacet
  facet normal 0 0 -1
    outer loop
      vertex 30.32 25.07 0.579999
      vertex 31.28 26.99 0.579999
      vertex 31.28 25.07 0.579999
    endloop
  endfacet
  facet normal -0 0 -1
    outer loop
      vertex 31.28 26.99 0.579999
      vertex 30.32 25.07 0.579999
      vertex 30.32 26.99 0.579999
    endloop
  endfacet
  facet normal 1 -0 0
    outer loop
      vertex 30.32 25.07 0.579999
      vertex 30.32 26.99 0
      vertex 30.32 26.99 0.579999
    endloop
  endfacet
  facet normal 1 0 0
    outer loop
      vertex 30.32 26.99 0
      vertex 30.32 25.07 0.579999
      vertex 30.32 25.07 0
    endloop
  endfacet
  facet normal 0 1 -0
    outer loop
      vertex 31.28 25.07 0
      vertex 30.32 25.07 0.579999
      vertex 31.28 25.07 0.579999
    endloop
  endfacet
  facet normal 0 1 0
    outer loop
      vertex 30.32 25.07 0.579999
      vertex 31.28 25.07 0
      vertex 30.32 25.07 0
    endloop
  endfacet
  facet normal 0 0 -1
    outer loop
      vertex 31.28 26.99 0.579999
      vertex 33.2 27.95 0.579999
      vertex 33.2 26.99 0.579999
    endloop
  endfacet
  facet normal -0 0 -1
    outer loop
      vertex 33.2 27.95 0.579999
      vertex 31.28 26.99 0.579999
      vertex 33.2 29.87 0.579999
    endloop
  endfacet
  facet normal 0 0 -1
    outer loop
      vertex 31.28 31.79 0.579999
      vertex 33.2 29.87 0.579999
      vertex 31.28 26.99 0.579999
    endloop
  endfacet
  facet normal 0 0 -1
    outer loop
      vertex 33.2 29.87 0.579999
      vertex 31.28 31.79 0.579999
      vertex 33.2 31.79 0.579999
    endloop
  endfacet
  facet normal 0 0 -1
    outer loop
      vertex 33.2 27.95 0.579999
      vertex 34.16 29.87 0.579999
      vertex 34.16 27.95 0.579999
    endloop
  endfacet
  facet normal -0 0 -1
    outer loop
      vertex 34.16 29.87 0.579999
      vertex 33.2 27.95 0.579999
      vertex 33.2 29.87 0.579999
    endloop
  endfacet
  facet normal 0 0 -1
    outer loop
      vertex 36.08 34.67 0.579999
      vertex 37.04 36.59 0.579999
      vertex 37.04 34.67 0.579999
    endloop
  endfacet
  facet normal -0 0 -1
    outer loop
      vertex 37.04 36.59 0.579999
      vertex 36.08 34.67 0.579999
      vertex 36.08 36.59 0.579999
    endloop
  endfacet
  facet normal 0 0 -1
    outer loop
      vertex 45.68 39.47 0.579999
      vertex 47.6 37.55 0.579999
      vertex 45.68 37.55 0.579999
    endloop
  endfacet
  facet normal 0 0 -1
    outer loop
      vertex 47.6 37.55 0.579999
      vertex 45.68 39.47 0.579999
      vertex 47.6 40.43 0.579999
    endloop
  endfacet
  facet normal 0 0 -1
    outer loop
      vertex 45.68 39.47 0.579999
      vertex 45.68 40.43 0.579999
      vertex 47.6 40.43 0.579999
    endloop
  endfacet
  facet normal 0 0 -1
    outer loop
      vertex 43.76 40.43 0.579999
      vertex 45.68 40.43 0.579999
      vertex 45.68 39.47 0.579999
    endloop
  endfacet
  facet normal 0 0 -1
    outer loop
      vertex 45.68 40.43 0.579999
      vertex 43.76 40.43 0.579999
      vertex 45.68 41.39 0.579999
    endloop
  endfacet
  facet normal 0 0 -1
    outer loop
      vertex 45.68 39.47 0.579999
      vertex 42.8 40.43 0.579999
      vertex 43.76 40.43 0.579999
    endloop
  endfacet
  facet normal 0 0 -1
    outer loop
      vertex 39.92 39.47 0.579999
      vertex 42.8 40.43 0.579999
      vertex 45.68 39.47 0.579999
    endloop
  endfacet
  facet normal 0 0 -1
    outer loop
      vertex 39.92 40.43 0.579999
      vertex 42.8 40.43 0.579999
      vertex 39.92 39.47 0.579999
    endloop
  endfacet
  facet normal 0 0 -1
    outer loop
      vertex 42.8 40.43 0.579999
      vertex 39.92 40.43 0.579999
      vertex 42.8 41.39 0.579999
    endloop
  endfacet
  facet normal -0 0 -1
    outer loop
      vertex 42.8 41.39 0.579999
      vertex 39.92 40.43 0.579999
      vertex 39.92 41.39 0.579999
    endloop
  endfacet
  facet normal 0 0 -1
    outer loop
      vertex 47.6 37.55 0.579999
      vertex 49.52 34.67 0.579999
      vertex 47.6 34.67 0.579999
    endloop
  endfacet
  facet normal 0 0 -1
    outer loop
      vertex 49.52 34.67 0.579999
      vertex 47.6 37.55 0.579999
      vertex 49.52 43.31 0.579999
    endloop
  endfacet
  facet normal 0 0 -1
    outer loop
      vertex 47.6 40.43 0.579999
      vertex 49.52 43.31 0.579999
      vertex 47.6 37.55 0.579999
    endloop
  endfacet
  facet normal -0 0 -1
    outer loop
      vertex 49.52 43.31 0.579999
      vertex 47.6 40.43 0.579999
      vertex 47.6 43.31 0.579999
    endloop
  endfacet
  facet normal 0 0 -1
    outer loop
      vertex 45.68 41.39 0.579999
      vertex 46.64 43.31 0.579999
      vertex 46.64 41.39 0.579999
    endloop
  endfacet
  facet normal 0 0 -1
    outer loop
      vertex 43.76 43.31 0.579999
      vertex 45.68 41.39 0.579999
      vertex 43.76 40.43 0.579999
    endloop
  endfacet
  facet normal 0 0 -1
    outer loop
      vertex 45.68 41.39 0.579999
      vertex 43.76 43.31 0.579999
      vertex 46.64 43.31 0.579999
    endloop
  endfacet
  facet normal 0 0 -1
    outer loop
      vertex 38 39.47 0.579999
      vertex 39.92 39.47 0.579999
      vertex 39.92 37.55 0.579999
    endloop
  endfacet
  facet normal 0 0 -1
    outer loop
      vertex 38 39.47 0.579999
      vertex 39.92 37.55 0.579999
      vertex 38 37.55 0.579999
    endloop
  endfacet
  facet normal 0 0 -1
    outer loop
      vertex 39.92 39.47 0.579999
      vertex 38 39.47 0.579999
      vertex 39.92 40.43 0.579999
    endloop
  endfacet
  facet normal -0 0 -1
    outer loop
      vertex 39.92 40.43 0.579999
      vertex 38 39.47 0.579999
      vertex 38 40.43 0.579999
    endloop
  endfacet
  facet normal 0 0 -1
    outer loop
      vertex 37.04 33.71 0.579999
      vertex 38 33.71 0.579999
      vertex 38 30.83 0.579999
    endloop
  endfacet
  facet normal 0 0 -1
    outer loop
      vertex 38 33.71 0.579999
      vertex 37.04 33.71 0.579999
      vertex 38 34.67 0.579999
    endloop
  endfacet
  facet normal 0 0 -1
    outer loop
      vertex 37.04 36.59 0.579999
      vertex 38 34.67 0.579999
      vertex 37.04 34.67 0.579999
    endloop
  endfacet
  facet normal 0 0 -1
    outer loop
      vertex 37.04 33.71 0.579999
      vertex 38 30.83 0.579999
      vertex 37.04 30.83 0.579999
    endloop
  endfacet
  facet normal -0 0 -1
    outer loop
      vertex 38 34.67 0.579999
      vertex 37.04 33.71 0.579999
      vertex 37.04 34.67 0.579999
    endloop
  endfacet
  facet normal 0 0 -1
    outer loop
      vertex 38 34.67 0.579999
      vertex 37.04 36.59 0.579999
      vertex 38 37.55 0.579999
    endloop
  endfacet
  facet normal 0 0 -1
    outer loop
      vertex 37.04 37.55 0.579999
      vertex 38 37.55 0.579999
      vertex 37.04 36.59 0.579999
    endloop
  endfacet
  facet normal 0 0 -1
    outer loop
      vertex 38 37.55 0.579999
      vertex 37.04 37.55 0.579999
      vertex 38 39.47 0.579999
    endloop
  endfacet
  facet normal 0 0 -1
    outer loop
      vertex 36.08 39.47 0.579999
      vertex 37.04 37.55 0.579999
      vertex 36.08 37.55 0.579999
    endloop
  endfacet
  facet normal 0 0 -1
    outer loop
      vertex 37.04 37.55 0.579999
      vertex 36.08 39.47 0.579999
      vertex 38 39.47 0.579999
    endloop
  endfacet
  facet normal 0 0 -1
    outer loop
      vertex 40.88 33.71 0.579999
      vertex 39.92 34.67 0.579999
      vertex 40.88 36.59 0.579999
    endloop
  endfacet
  facet normal 0 0 -1
    outer loop
      vertex 38 33.71 0.579999
      vertex 39.92 34.67 0.579999
      vertex 40.88 33.71 0.579999
    endloop
  endfacet
  facet normal -0 0 -1
    outer loop
      vertex 39.92 34.67 0.579999
      vertex 38 33.71 0.579999
      vertex 38 34.67 0.579999
    endloop
  endfacet
  facet normal -0 0 -1
    outer loop
      vertex 40.88 36.59 0.579999
      vertex 39.92 34.67 0.579999
      vertex 39.92 36.59 0.579999
    endloop
  endfacet
  facet normal 0 0 -1
    outer loop
      vertex 36.08 30.83 0.579999
      vertex 37.04 30.83 0.579999
      vertex 37.04 29.87 0.579999
    endloop
  endfacet
  facet normal 0 0 -1
    outer loop
      vertex 36.08 30.83 0.579999
      vertex 37.04 29.87 0.579999
      vertex 36.08 29.87 0.579999
    endloop
  endfacet
  facet normal 0 0 -1
    outer loop
      vertex 37.04 30.83 0.579999
      vertex 36.08 30.83 0.579999
      vertex 37.04 33.71 0.579999
    endloop
  endfacet
  facet normal -0 0 -1
    outer loop
      vertex 37.04 33.71 0.579999
      vertex 36.08 30.83 0.579999
      vertex 36.08 33.71 0.579999
    endloop
  endfacet
  facet normal 0 0 -1
    outer loop
      vertex 34.16 27.95 0.579999
      vertex 36.08 29.87 0.579999
      vertex 36.08 25.07 0.579999
    endloop
  endfacet
  facet normal 0 0 -1
    outer loop
      vertex 34.16 27.95 0.579999
      vertex 36.08 25.07 0.579999
      vertex 34.16 25.07 0.579999
    endloop
  endfacet
  facet normal 0 0 -1
    outer loop
      vertex 34.16 29.87 0.579999
      vertex 36.08 29.87 0.579999
      vertex 34.16 27.95 0.579999
    endloop
  endfacet
  facet normal 0 0 -1
    outer loop
      vertex 36.08 29.87 0.579999
      vertex 34.16 29.87 0.579999
      vertex 36.08 30.83 0.579999
    endloop
  endfacet
  facet normal -0 0 -1
    outer loop
      vertex 36.08 30.83 0.579999
      vertex 34.16 29.87 0.579999
      vertex 34.16 30.83 0.579999
    endloop
  endfacet
  facet normal 1 -0 0
    outer loop
      vertex 34.16 25.07 0.579999
      vertex 34.16 27.95 0
      vertex 34.16 27.95 0.579999
    endloop
  endfacet
  facet normal 1 0 0
    outer loop
      vertex 34.16 27.95 0
      vertex 34.16 25.07 0.579999
      vertex 34.16 25.07 0
    endloop
  endfacet
  facet normal 0 1 -0
    outer loop
      vertex 36.08 25.07 0
      vertex 34.16 25.07 0.579999
      vertex 36.08 25.07 0.579999
    endloop
  endfacet
  facet normal 0 1 0
    outer loop
      vertex 34.16 25.07 0.579999
      vertex 36.08 25.07 0
      vertex 34.16 25.07 0
    endloop
  endfacet
  facet normal -1 0 0
    outer loop
      vertex 36.08 25.07 0
      vertex 36.08 29.87 0.579999
      vertex 36.08 29.87 0
    endloop
  endfacet
  facet normal -1 -0 0
    outer loop
      vertex 36.08 29.87 0.579999
      vertex 36.08 25.07 0
      vertex 36.08 25.07 0.579999
    endloop
  endfacet
  facet normal -1 0 0
    outer loop
      vertex 40.88 25.07 0
      vertex 40.88 26.99 0.579999
      vertex 40.88 26.99 0
    endloop
  endfacet
  facet normal -1 -0 0
    outer loop
      vertex 40.88 26.99 0.579999
      vertex 40.88 25.07 0
      vertex 40.88 25.07 0.579999
    endloop
  endfacet
  facet normal 0 1 -0
    outer loop
      vertex 40.88 25.07 0
      vertex 39.92 25.07 0.579999
      vertex 40.88 25.07 0.579999
    endloop
  endfacet
  facet normal 0 1 0
    outer loop
      vertex 39.92 25.07 0.579999
      vertex 40.88 25.07 0
      vertex 39.92 25.07 0
    endloop
  endfacet
  facet normal -1 0 0
    outer loop
      vertex 43.76 25.07 0
      vertex 43.76 26.99 0.579999
      vertex 43.76 26.99 0
    endloop
  endfacet
  facet normal -1 -0 0
    outer loop
      vertex 43.76 26.99 0.579999
      vertex 43.76 25.07 0
      vertex 43.76 25.07 0.579999
    endloop
  endfacet
  facet normal 1 -0 0
    outer loop
      vertex 50.48 25.07 0.579999
      vertex 50.48 27.95 0
      vertex 50.48 27.95 0.579999
    endloop
  endfacet
  facet normal 1 0 0
    outer loop
      vertex 50.48 27.95 0
      vertex 50.48 25.07 0.579999
      vertex 50.48 25.07 0
    endloop
  endfacet
  facet normal 0 1 -0
    outer loop
      vertex 52.4 25.07 0
      vertex 50.48 25.07 0.579999
      vertex 52.4 25.07 0.579999
    endloop
  endfacet
  facet normal 0 1 0
    outer loop
      vertex 50.48 25.07 0.579999
      vertex 52.4 25.07 0
      vertex 50.48 25.07 0
    endloop
  endfacet
  facet normal -1 0 0
    outer loop
      vertex 52.4 25.07 0
      vertex 52.4 26.99 0.579999
      vertex 52.4 26.99 0
    endloop
  endfacet
  facet normal -1 -0 0
    outer loop
      vertex 52.4 26.99 0.579999
      vertex 52.4 25.07 0
      vertex 52.4 25.07 0.579999
    endloop
  endfacet
  facet normal 1 -0 0
    outer loop
      vertex 53.36 25.07 0.579999
      vertex 53.36 26.99 0
      vertex 53.36 26.99 0.579999
    endloop
  endfacet
  facet normal 1 0 0
    outer loop
      vertex 53.36 26.99 0
      vertex 53.36 25.07 0.579999
      vertex 53.36 25.07 0
    endloop
  endfacet
  facet normal 0 1 -0
    outer loop
      vertex 55.28 25.07 0
      vertex 53.36 25.07 0.579999
      vertex 55.28 25.07 0.579999
    endloop
  endfacet
  facet normal 0 1 0
    outer loop
      vertex 53.36 25.07 0.579999
      vertex 55.28 25.07 0
      vertex 53.36 25.07 0
    endloop
  endfacet
  facet normal -1 0 0
    outer loop
      vertex 56.24 25.07 0
      vertex 56.24 27.95 0.579999
      vertex 56.24 27.95 0
    endloop
  endfacet
  facet normal -1 -0 0
    outer loop
      vertex 56.24 27.95 0.579999
      vertex 56.24 25.07 0
      vertex 56.24 25.07 0.579999
    endloop
  endfacet
  facet normal 1 -0 0
    outer loop
      vertex 60.08 25.07 0.579999
      vertex 60.08 26.99 0
      vertex 60.08 26.99 0.579999
    endloop
  endfacet
  facet normal 1 0 0
    outer loop
      vertex 60.08 26.99 0
      vertex 60.08 25.07 0.579999
      vertex 60.08 25.07 0
    endloop
  endfacet
  facet normal -1 0 0
    outer loop
      vertex 62.96 25.07 0
      vertex 62.96 31.79 0.579999
      vertex 62.96 31.79 0
    endloop
  endfacet
  facet normal -1 -0 0
    outer loop
      vertex 62.96 31.79 0.579999
      vertex 62.96 25.07 0
      vertex 62.96 25.07 0.579999
    endloop
  endfacet
  facet normal -1 0 0
    outer loop
      vertex 65.84 25.07 0
      vertex 65.84 30.83 0.579999
      vertex 65.84 30.83 0
    endloop
  endfacet
  facet normal -1 -0 0
    outer loop
      vertex 65.84 30.83 0.579999
      vertex 65.84 25.07 0
      vertex 65.84 25.07 0.579999
    endloop
  endfacet
  facet normal 0 0 -1
    outer loop
      vertex 64.88 25.07 0.579999
      vertex 65.84 30.83 0.579999
      vertex 65.84 25.07 0.579999
    endloop
  endfacet
  facet normal -0 0 -1
    outer loop
      vertex 65.84 30.83 0.579999
      vertex 64.88 25.07 0.579999
      vertex 64.88 30.83 0.579999
    endloop
  endfacet
  facet normal 1 -0 0
    outer loop
      vertex 64.88 25.07 0.579999
      vertex 64.88 30.83 0
      vertex 64.88 30.83 0.579999
    endloop
  endfacet
  facet normal 1 0 0
    outer loop
      vertex 64.88 30.83 0
      vertex 64.88 25.07 0.579999
      vertex 64.88 25.07 0
    endloop
  endfacet
  facet normal 0 1 -0
    outer loop
      vertex 65.84 25.07 0
      vertex 64.88 25.07 0.579999
      vertex 65.84 25.07 0.579999
    endloop
  endfacet
  facet normal 0 1 0
    outer loop
      vertex 64.88 25.07 0.579999
      vertex 65.84 25.07 0
      vertex 64.88 25.07 0
    endloop
  endfacet
  facet normal 0 -1 0
    outer loop
      vertex 27.44 26.99 0
      vertex 29.36 26.99 0.579999
      vertex 27.44 26.99 0.579999
    endloop
  endfacet
  facet normal 0 -1 -0
    outer loop
      vertex 29.36 26.99 0.579999
      vertex 27.44 26.99 0
      vertex 29.36 26.99 0
    endloop
  endfacet
  facet normal 0 1 -0
    outer loop
      vertex 26.48 26.99 0
      vertex 24.56 26.99 0.579999
      vertex 26.48 26.99 0.579999
    endloop
  endfacet
  facet normal 0 1 0
    outer loop
      vertex 24.56 26.99 0.579999
      vertex 26.48 26.99 0
      vertex 24.56 26.99 0
    endloop
  endfacet
  facet normal 0 -1 0
    outer loop
      vertex 30.32 26.99 0
      vertex 31.28 26.99 0.579999
      vertex 30.32 26.99 0.579999
    endloop
  endfacet
  facet normal 0 -1 -0
    outer loop
      vertex 31.28 26.99 0.579999
      vertex 30.32 26.99 0
      vertex 31.28 26.99 0
    endloop
  endfacet
  facet normal 0 -1 0
    outer loop
      vertex 42.8 26.99 0
      vertex 43.76 26.99 0.579999
      vertex 42.8 26.99 0.579999
    endloop
  endfacet
  facet normal 0 -1 -0
    outer loop
      vertex 43.76 26.99 0.579999
      vertex 42.8 26.99 0
      vertex 43.76 26.99 0
    endloop
  endfacet
  facet normal 0 1 -0
    outer loop
      vertex 53.36 26.99 0
      vertex 52.4 26.99 0.579999
      vertex 53.36 26.99 0.579999
    endloop
  endfacet
  facet normal 0 1 0
    outer loop
      vertex 52.4 26.99 0.579999
      vertex 53.36 26.99 0
      vertex 52.4 26.99 0
    endloop
  endfacet
  facet normal 0 -1 0
    outer loop
      vertex 20.72 27.95 0
      vertex 21.68 27.95 0.579999
      vertex 20.72 27.95 0.579999
    endloop
  endfacet
  facet normal 0 -1 -0
    outer loop
      vertex 21.68 27.95 0.579999
      vertex 20.72 27.95 0
      vertex 21.68 27.95 0
    endloop
  endfacet
  facet normal 0 1 -0
    outer loop
      vertex 23.6 26.99 0
      vertex 21.68 26.99 0.579999
      vertex 23.6 26.99 0.579999
    endloop
  endfacet
  facet normal 0 1 0
    outer loop
      vertex 21.68 26.99 0.579999
      vertex 23.6 26.99 0
      vertex 21.68 26.99 0
    endloop
  endfacet
  facet normal -1 0 0
    outer loop
      vertex 23.6 26.99 0
      vertex 23.6 27.95 0.579999
      vertex 23.6 27.95 0
    endloop
  endfacet
  facet normal -1 -0 0
    outer loop
      vertex 23.6 27.95 0.579999
      vertex 23.6 26.99 0
      vertex 23.6 26.99 0.579999
    endloop
  endfacet
  facet normal 1 -0 0
    outer loop
      vertex 24.56 26.99 0.579999
      vertex 24.56 27.95 0
      vertex 24.56 27.95 0.579999
    endloop
  endfacet
  facet normal 1 0 0
    outer loop
      vertex 24.56 27.95 0
      vertex 24.56 26.99 0.579999
      vertex 24.56 26.99 0
    endloop
  endfacet
  facet normal 0 -1 0
    outer loop
      vertex 24.56 27.95 0
      vertex 27.44 27.95 0.579999
      vertex 24.56 27.95 0.579999
    endloop
  endfacet
  facet normal 0 -1 -0
    outer loop
      vertex 27.44 27.95 0.579999
      vertex 24.56 27.95 0
      vertex 27.44 27.95 0
    endloop
  endfacet
  facet normal -1 0 0
    outer loop
      vertex 27.44 26.99 0
      vertex 27.44 27.95 0.579999
      vertex 27.44 27.95 0
    endloop
  endfacet
  facet normal -1 -0 0
    outer loop
      vertex 27.44 27.95 0.579999
      vertex 27.44 26.99 0
      vertex 27.44 26.99 0.579999
    endloop
  endfacet
  facet normal -1 0 0
    outer loop
      vertex 30.32 26.99 0
      vertex 30.32 27.95 0.579999
      vertex 30.32 27.95 0
    endloop
  endfacet
  facet normal -1 -0 0
    outer loop
      vertex 30.32 27.95 0.579999
      vertex 30.32 26.99 0
      vertex 30.32 26.99 0.579999
    endloop
  endfacet
  facet normal 0 0 -1
    outer loop
      vertex 29.36 26.99 0.579999
      vertex 30.32 27.95 0.579999
      vertex 30.32 26.99 0.579999
    endloop
  endfacet
  facet normal -0 0 -1
    outer loop
      vertex 30.32 27.95 0.579999
      vertex 29.36 26.99 0.579999
      vertex 29.36 27.95 0.579999
    endloop
  endfacet
  facet normal 1 -0 0
    outer loop
      vertex 29.36 26.99 0.579999
      vertex 29.36 27.95 0
      vertex 29.36 27.95 0.579999
    endloop
  endfacet
  facet normal 1 0 0
    outer loop
      vertex 29.36 27.95 0
      vertex 29.36 26.99 0.579999
      vertex 29.36 26.99 0
    endloop
  endfacet
  facet normal 0 -1 0
    outer loop
      vertex 29.36 27.95 0
      vertex 30.32 27.95 0.579999
      vertex 29.36 27.95 0.579999
    endloop
  endfacet
  facet normal 0 -1 -0
    outer loop
      vertex 30.32 27.95 0.579999
      vertex 29.36 27.95 0
      vertex 30.32 27.95 0
    endloop
  endfacet
  facet normal 0 1 -0
    outer loop
      vertex 30.32 26.99 0
      vertex 29.36 26.99 0.579999
      vertex 30.32 26.99 0.579999
    endloop
  endfacet
  facet normal 0 1 0
    outer loop
      vertex 29.36 26.99 0.579999
      vertex 30.32 26.99 0
      vertex 29.36 26.99 0
    endloop
  endfacet
  facet normal 1 -0 0
    outer loop
      vertex 31.28 26.99 0.579999
      vertex 31.28 31.79 0
      vertex 31.28 31.79 0.579999
    endloop
  endfacet
  facet normal 1 0 0
    outer loop
      vertex 31.28 31.79 0
      vertex 31.28 26.99 0.579999
      vertex 31.28 26.99 0
    endloop
  endfacet
  facet normal 0 1 -0
    outer loop
      vertex 33.2 26.99 0
      vertex 31.28 26.99 0.579999
      vertex 33.2 26.99 0.579999
    endloop
  endfacet
  facet normal 0 1 0
    outer loop
      vertex 31.28 26.99 0.579999
      vertex 33.2 26.99 0
      vertex 31.28 26.99 0
    endloop
  endfacet
  facet normal -1 0 0
    outer loop
      vertex 33.2 26.99 0
      vertex 33.2 27.95 0.579999
      vertex 33.2 27.95 0
    endloop
  endfacet
  facet normal -1 -0 0
    outer loop
      vertex 33.2 27.95 0.579999
      vertex 33.2 26.99 0
      vertex 33.2 26.99 0.579999
    endloop
  endfacet
  facet normal 0 -1 0
    outer loop
      vertex 38 27.95 0
      vertex 40.88 27.95 0.579999
      vertex 38 27.95 0.579999
    endloop
  endfacet
  facet normal 0 -1 -0
    outer loop
      vertex 40.88 27.95 0.579999
      vertex 38 27.95 0
      vertex 40.88 27.95 0
    endloop
  endfacet
  facet normal 0 1 -0
    outer loop
      vertex 42.8 26.99 0
      vertex 40.88 26.99 0.579999
      vertex 42.8 26.99 0.579999
    endloop
  endfacet
  facet normal 0 1 0
    outer loop
      vertex 40.88 26.99 0.579999
      vertex 42.8 26.99 0
      vertex 40.88 26.99 0
    endloop
  endfacet
  facet normal -1 0 0
    outer loop
      vertex 42.8 26.99 0
      vertex 42.8 27.95 0.579999
      vertex 42.8 27.95 0
    endloop
  endfacet
  facet normal -1 -0 0
    outer loop
      vertex 42.8 27.95 0.579999
      vertex 42.8 26.99 0
      vertex 42.8 26.99 0.579999
    endloop
  endfacet
  facet normal 0 1 -0
    outer loop
      vertex 43.76 27.95 0
      vertex 42.8 27.95 0.579999
      vertex 43.76 27.95 0.579999
    endloop
  endfacet
  facet normal 0 1 0
    outer loop
      vertex 42.8 27.95 0.579999
      vertex 43.76 27.95 0
      vertex 42.8 27.95 0
    endloop
  endfacet
  facet normal 0 0 -1
    outer loop
      vertex 43.76 26.99 0.579999
      vertex 45.68 27.95 0.579999
      vertex 45.68 26.99 0.579999
    endloop
  endfacet
  facet normal -0 0 -1
    outer loop
      vertex 45.68 27.95 0.579999
      vertex 43.76 26.99 0.579999
      vertex 43.76 27.95 0.579999
    endloop
  endfacet
  facet normal 1 -0 0
    outer loop
      vertex 43.76 26.99 0.579999
      vertex 43.76 27.95 0
      vertex 43.76 27.95 0.579999
    endloop
  endfacet
  facet normal 1 0 0
    outer loop
      vertex 43.76 27.95 0
      vertex 43.76 26.99 0.579999
      vertex 43.76 26.99 0
    endloop
  endfacet
  facet normal 0 -1 0
    outer loop
      vertex 43.76 27.95 0
      vertex 45.68 27.95 0.579999
      vertex 43.76 27.95 0.579999
    endloop
  endfacet
  facet normal 0 -1 -0
    outer loop
      vertex 45.68 27.95 0.579999
      vertex 43.76 27.95 0
      vertex 45.68 27.95 0
    endloop
  endfacet
  facet normal 0 1 -0
    outer loop
      vertex 45.68 26.99 0
      vertex 43.76 26.99 0.579999
      vertex 45.68 26.99 0.579999
    endloop
  endfacet
  facet normal 0 1 0
    outer loop
      vertex 43.76 26.99 0.579999
      vertex 45.68 26.99 0
      vertex 43.76 26.99 0
    endloop
  endfacet
  facet normal -1 0 0
    outer loop
      vertex 45.68 26.99 0
      vertex 45.68 27.95 0.579999
      vertex 45.68 27.95 0
    endloop
  endfacet
  facet normal -1 -0 0
    outer loop
      vertex 45.68 27.95 0.579999
      vertex 45.68 26.99 0
      vertex 45.68 26.99 0.579999
    endloop
  endfacet
  facet normal 1 -0 0
    outer loop
      vertex 46.64 26.99 0.579999
      vertex 46.64 27.95 0
      vertex 46.64 27.95 0.579999
    endloop
  endfacet
  facet normal 1 0 0
    outer loop
      vertex 46.64 27.95 0
      vertex 46.64 26.99 0.579999
      vertex 46.64 26.99 0
    endloop
  endfacet
  facet normal 0 1 -0
    outer loop
      vertex 49.52 26.99 0
      vertex 46.64 26.99 0.579999
      vertex 49.52 26.99 0.579999
    endloop
  endfacet
  facet normal 0 1 0
    outer loop
      vertex 46.64 26.99 0.579999
      vertex 49.52 26.99 0
      vertex 46.64 26.99 0
    endloop
  endfacet
  facet normal -1 0 0
    outer loop
      vertex 49.52 26.99 0
      vertex 49.52 27.95 0.579999
      vertex 49.52 27.95 0
    endloop
  endfacet
  facet normal -1 -0 0
    outer loop
      vertex 49.52 27.95 0.579999
      vertex 49.52 26.99 0
      vertex 49.52 26.99 0.579999
    endloop
  endfacet
  facet normal 0 -1 0
    outer loop
      vertex 50.48 27.95 0
      vertex 52.4 27.95 0.579999
      vertex 50.48 27.95 0.579999
    endloop
  endfacet
  facet normal 0 -1 -0
    outer loop
      vertex 52.4 27.95 0.579999
      vertex 50.48 27.95 0
      vertex 52.4 27.95 0
    endloop
  endfacet
  facet normal 1 -0 0
    outer loop
      vertex 52.4 27.95 0.579999
      vertex 52.4 29.87 0
      vertex 52.4 29.87 0.579999
    endloop
  endfacet
  facet normal 1 0 0
    outer loop
      vertex 52.4 29.87 0
      vertex 52.4 27.95 0.579999
      vertex 52.4 27.95 0
    endloop
  endfacet
  facet normal -1 0 0
    outer loop
      vertex 52.4 30.83 0
      vertex 52.4 36.59 0.579999
      vertex 52.4 36.59 0
    endloop
  endfacet
  facet normal -1 -0 0
    outer loop
      vertex 52.4 36.59 0.579999
      vertex 52.4 30.83 0
      vertex 52.4 30.83 0.579999
    endloop
  endfacet
  facet normal 0 -1 0
    outer loop
      vertex 53.36 27.95 0
      vertex 56.24 27.95 0.579999
      vertex 53.36 27.95 0.579999
    endloop
  endfacet
  facet normal 0 -1 -0
    outer loop
      vertex 56.24 27.95 0.579999
      vertex 53.36 27.95 0
      vertex 56.24 27.95 0
    endloop
  endfacet
  facet normal 1 -0 0
    outer loop
      vertex 57.2 26.99 0.579999
      vertex 57.2 27.95 0
      vertex 57.2 27.95 0.579999
    endloop
  endfacet
  facet normal 1 0 0
    outer loop
      vertex 57.2 27.95 0
      vertex 57.2 26.99 0.579999
      vertex 57.2 26.99 0
    endloop
  endfacet
  facet normal 0 -1 0
    outer loop
      vertex 57.2 27.95 0
      vertex 60.08 27.95 0.579999
      vertex 57.2 27.95 0.579999
    endloop
  endfacet
  facet normal 0 -1 -0
    outer loop
      vertex 60.08 27.95 0.579999
      vertex 57.2 27.95 0
      vertex 60.08 27.95 0
    endloop
  endfacet
  facet normal 0 1 -0
    outer loop
      vertex 60.08 26.99 0
      vertex 57.2 26.99 0.579999
      vertex 60.08 26.99 0.579999
    endloop
  endfacet
  facet normal 0 1 0
    outer loop
      vertex 57.2 26.99 0.579999
      vertex 60.08 26.99 0
      vertex 57.2 26.99 0
    endloop
  endfacet
  facet normal 1 -0 0
    outer loop
      vertex 21.68 27.95 0.579999
      vertex 21.68 30.83 0
      vertex 21.68 30.83 0.579999
    endloop
  endfacet
  facet normal 1 0 0
    outer loop
      vertex 21.68 30.83 0
      vertex 21.68 27.95 0.579999
      vertex 21.68 27.95 0
    endloop
  endfacet
  facet normal -1 0 0
    outer loop
      vertex 24.56 27.95 0
      vertex 24.56 29.87 0.579999
      vertex 24.56 29.87 0
    endloop
  endfacet
  facet normal -1 -0 0
    outer loop
      vertex 24.56 29.87 0.579999
      vertex 24.56 27.95 0
      vertex 24.56 27.95 0.579999
    endloop
  endfacet
  facet normal 0 1 -0
    outer loop
      vertex 24.56 27.95 0
      vertex 23.6 27.95 0.579999
      vertex 24.56 27.95 0.579999
    endloop
  endfacet
  facet normal 0 1 0
    outer loop
      vertex 23.6 27.95 0.579999
      vertex 24.56 27.95 0
      vertex 23.6 27.95 0
    endloop
  endfacet
  facet normal 0 0 -1
    outer loop
      vertex 26.48 29.87 0.579999
      vertex 27.44 30.83 0.579999
      vertex 27.44 29.87 0.579999
    endloop
  endfacet
  facet normal -0 0 -1
    outer loop
      vertex 27.44 30.83 0.579999
      vertex 26.48 29.87 0.579999
      vertex 26.48 30.83 0.579999
    endloop
  endfacet
  facet normal 0 0 -1
    outer loop
      vertex 27.44 29.87 0.579999
      vertex 29.36 29.87 0.579999
      vertex 29.36 27.95 0.579999
    endloop
  endfacet
  facet normal 0 0 -1
    outer loop
      vertex 29.36 29.87 0.579999
      vertex 27.44 29.87 0.579999
      vertex 29.36 30.83 0.579999
    endloop
  endfacet
  facet normal 0 0 -1
    outer loop
      vertex 27.44 29.87 0.579999
      vertex 29.36 27.95 0.579999
      vertex 27.44 27.95 0.579999
    endloop
  endfacet
  facet normal 0 0 -1
    outer loop
      vertex 27.44 30.83 0.579999
      vertex 29.36 30.83 0.579999
      vertex 27.44 29.87 0.579999
    endloop
  endfacet
  facet normal 0 0 -1
    outer loop
      vertex 29.36 30.83 0.579999
      vertex 27.44 30.83 0.579999
      vertex 29.36 31.79 0.579999
    endloop
  endfacet
  facet normal -0 0 -1
    outer loop
      vertex 29.36 31.79 0.579999
      vertex 27.44 30.83 0.579999
      vertex 27.44 31.79 0.579999
    endloop
  endfacet
  facet normal 0 0 -1
    outer loop
      vertex 29.36 29.87 0.579999
      vertex 30.32 30.83 0.579999
      vertex 30.32 29.87 0.579999
    endloop
  endfacet
  facet normal -0 0 -1
    outer loop
      vertex 30.32 30.83 0.579999
      vertex 29.36 29.87 0.579999
      vertex 29.36 30.83 0.579999
    endloop
  endfacet
  facet normal 1 -0 0
    outer loop
      vertex 27.44 30.83 0.579999
      vertex 27.44 31.79 0
      vertex 27.44 31.79 0.579999
    endloop
  endfacet
  facet normal 1 0 0
    outer loop
      vertex 27.44 31.79 0
      vertex 27.44 30.83 0.579999
      vertex 27.44 30.83 0
    endloop
  endfacet
  facet normal 1 -0 0
    outer loop
      vertex 27.44 27.95 0.579999
      vertex 27.44 29.87 0
      vertex 27.44 29.87 0.579999
    endloop
  endfacet
  facet normal 1 0 0
    outer loop
      vertex 27.44 29.87 0
      vertex 27.44 27.95 0.579999
      vertex 27.44 27.95 0
    endloop
  endfacet
  facet normal 0 1 -0
    outer loop
      vertex 29.36 27.95 0
      vertex 27.44 27.95 0.579999
      vertex 29.36 27.95 0.579999
    endloop
  endfacet
  facet normal 0 1 0
    outer loop
      vertex 27.44 27.95 0.579999
      vertex 29.36 27.95 0
      vertex 27.44 27.95 0
    endloop
  endfacet
  facet normal -1 0 0
    outer loop
      vertex 29.36 27.95 0
      vertex 29.36 29.87 0.579999
      vertex 29.36 29.87 0
    endloop
  endfacet
  facet normal -1 -0 0
    outer loop
      vertex 29.36 29.87 0.579999
      vertex 29.36 27.95 0
      vertex 29.36 27.95 0.579999
    endloop
  endfacet
  facet normal 0 1 -0
    outer loop
      vertex 34.16 27.95 0
      vertex 33.2 27.95 0.579999
      vertex 34.16 27.95 0.579999
    endloop
  endfacet
  facet normal 0 1 0
    outer loop
      vertex 33.2 27.95 0.579999
      vertex 34.16 27.95 0
      vertex 33.2 27.95 0
    endloop
  endfacet
  facet normal 1 -0 0
    outer loop
      vertex 40.88 27.95 0.579999
      vertex 40.88 33.71 0
      vertex 40.88 33.71 0.579999
    endloop
  endfacet
  facet normal 1 0 0
    outer loop
      vertex 40.88 33.71 0
      vertex 40.88 27.95 0.579999
      vertex 40.88 27.95 0
    endloop
  endfacet
  facet normal -1 0 0
    outer loop
      vertex 43.76 27.95 0
      vertex 43.76 29.87 0.579999
      vertex 43.76 29.87 0
    endloop
  endfacet
  facet normal -1 -0 0
    outer loop
      vertex 43.76 29.87 0.579999
      vertex 43.76 27.95 0
      vertex 43.76 27.95 0.579999
    endloop
  endfacet
  facet normal 1 -0 0
    outer loop
      vertex 45.68 27.95 0.579999
      vertex 45.68 29.87 0
      vertex 45.68 29.87 0.579999
    endloop
  endfacet
  facet normal 1 0 0
    outer loop
      vertex 45.68 29.87 0
      vertex 45.68 27.95 0.579999
      vertex 45.68 27.95 0
    endloop
  endfacet
  facet normal 0 1 -0
    outer loop
      vertex 46.64 27.95 0
      vertex 45.68 27.95 0.579999
      vertex 46.64 27.95 0.579999
    endloop
  endfacet
  facet normal 0 1 0
    outer loop
      vertex 45.68 27.95 0.579999
      vertex 46.64 27.95 0
      vertex 45.68 27.95 0
    endloop
  endfacet
  facet normal -1 0 0
    outer loop
      vertex 50.48 27.95 0
      vertex 50.48 29.87 0.579999
      vertex 50.48 29.87 0
    endloop
  endfacet
  facet normal -1 -0 0
    outer loop
      vertex 50.48 29.87 0.579999
      vertex 50.48 27.95 0
      vertex 50.48 27.95 0.579999
    endloop
  endfacet
  facet normal 0 1 -0
    outer loop
      vertex 50.48 27.95 0
      vertex 49.52 27.95 0.579999
      vertex 50.48 27.95 0.579999
    endloop
  endfacet
  facet normal 0 1 0
    outer loop
      vertex 49.52 27.95 0.579999
      vertex 50.48 27.95 0
      vertex 49.52 27.95 0
    endloop
  endfacet
  facet normal -1 0 0
    outer loop
      vertex 53.36 27.95 0
      vertex 53.36 30.83 0.579999
      vertex 53.36 30.83 0
    endloop
  endfacet
  facet normal -1 -0 0
    outer loop
      vertex 53.36 30.83 0.579999
      vertex 53.36 27.95 0
      vertex 53.36 27.95 0.579999
    endloop
  endfacet
  facet normal -1 0 0
    outer loop
      vertex 57.2 27.95 0
      vertex 57.2 29.87 0.579999
      vertex 57.2 29.87 0
    endloop
  endfacet
  facet normal -1 -0 0
    outer loop
      vertex 57.2 29.87 0.579999
      vertex 57.2 27.95 0
      vertex 57.2 27.95 0.579999
    endloop
  endfacet
  facet normal 0 0 -1
    outer loop
      vertex 57.2 27.95 0.579999
      vertex 56.24 27.95 0.579999
      vertex 57.2 29.87 0.579999
    endloop
  endfacet
  facet normal 0 0 -1
    outer loop
      vertex 57.2 29.87 0.579999
      vertex 59.12 30.83 0.579999
      vertex 59.12 29.87 0.579999
    endloop
  endfacet
  facet normal 0 0 -1
    outer loop
      vertex 56.24 29.87 0.579999
      vertex 57.2 29.87 0.579999
      vertex 56.24 27.95 0.579999
    endloop
  endfacet
  facet normal 0 0 -1
    outer loop
      vertex 55.28 30.83 0.579999
      vertex 57.2 29.87 0.579999
      vertex 56.24 29.87 0.579999
    endloop
  endfacet
  facet normal 0 0 -1
    outer loop
      vertex 55.28 30.83 0.579999
      vertex 56.24 29.87 0.579999
      vertex 55.28 29.87 0.579999
    endloop
  endfacet
  facet normal 0 0 -1
    outer loop
      vertex 57.2 29.87 0.579999
      vertex 55.28 30.83 0.579999
      vertex 59.12 30.83 0.579999
    endloop
  endfacet
  facet normal 1 -0 0
    outer loop
      vertex 56.24 27.95 0.579999
      vertex 56.24 29.87 0
      vertex 56.24 29.87 0.579999
    endloop
  endfacet
  facet normal 1 0 0
    outer loop
      vertex 56.24 29.87 0
      vertex 56.24 27.95 0.579999
      vertex 56.24 27.95 0
    endloop
  endfacet
  facet normal 0 1 -0
    outer loop
      vertex 57.2 27.95 0
      vertex 56.24 27.95 0.579999
      vertex 57.2 27.95 0.579999
    endloop
  endfacet
  facet normal 0 1 0
    outer loop
      vertex 56.24 27.95 0.579999
      vertex 57.2 27.95 0
      vertex 56.24 27.95 0
    endloop
  endfacet
  facet normal 1 -0 0
    outer loop
      vertex 60.08 27.95 0.579999
      vertex 60.08 30.83 0
      vertex 60.08 30.83 0.579999
    endloop
  endfacet
  facet normal 1 0 0
    outer loop
      vertex 60.08 30.83 0
      vertex 60.08 27.95 0.579999
      vertex 60.08 27.95 0
    endloop
  endfacet
  facet normal 0 -1 0
    outer loop
      vertex 23.6 29.87 0
      vertex 24.56 29.87 0.579999
      vertex 23.6 29.87 0.579999
    endloop
  endfacet
  facet normal 0 -1 -0
    outer loop
      vertex 24.56 29.87 0.579999
      vertex 23.6 29.87 0
      vertex 24.56 29.87 0
    endloop
  endfacet
  facet normal 0 1 -0
    outer loop
      vertex 30.32 29.87 0
      vertex 29.36 29.87 0.579999
      vertex 30.32 29.87 0.579999
    endloop
  endfacet
  facet normal 0 1 0
    outer loop
      vertex 29.36 29.87 0.579999
      vertex 30.32 29.87 0
      vertex 29.36 29.87 0
    endloop
  endfacet
  facet normal 0 -1 0
    outer loop
      vertex 33.2 29.87 0
      vertex 34.16 29.87 0.579999
      vertex 33.2 29.87 0.579999
    endloop
  endfacet
  facet normal 0 -1 -0
    outer loop
      vertex 34.16 29.87 0.579999
      vertex 33.2 29.87 0
      vertex 34.16 29.87 0
    endloop
  endfacet
  facet normal 0 1 -0
    outer loop
      vertex 45.68 29.87 0
      vertex 43.76 29.87 0.579999
      vertex 45.68 29.87 0.579999
    endloop
  endfacet
  facet normal 0 1 0
    outer loop
      vertex 43.76 29.87 0.579999
      vertex 45.68 29.87 0
      vertex 43.76 29.87 0
    endloop
  endfacet
  facet normal 0 -1 0
    outer loop
      vertex 49.52 29.87 0
      vertex 50.48 29.87 0.579999
      vertex 49.52 29.87 0.579999
    endloop
  endfacet
  facet normal 0 -1 -0
    outer loop
      vertex 50.48 29.87 0.579999
      vertex 49.52 29.87 0
      vertex 50.48 29.87 0
    endloop
  endfacet
  facet normal 0 -1 0
    outer loop
      vertex 21.68 30.83 0
      vertex 23.6 30.83 0.579999
      vertex 21.68 30.83 0.579999
    endloop
  endfacet
  facet normal 0 -1 -0
    outer loop
      vertex 23.6 30.83 0.579999
      vertex 21.68 30.83 0
      vertex 23.6 30.83 0
    endloop
  endfacet
  facet normal -1 0 0
    outer loop
      vertex 23.6 29.87 0
      vertex 23.6 30.83 0.579999
      vertex 23.6 30.83 0
    endloop
  endfacet
  facet normal -1 -0 0
    outer loop
      vertex 23.6 30.83 0.579999
      vertex 23.6 29.87 0
      vertex 23.6 29.87 0.579999
    endloop
  endfacet
  facet normal 1 -0 0
    outer loop
      vertex 26.48 29.87 0.579999
      vertex 26.48 30.83 0
      vertex 26.48 30.83 0.579999
    endloop
  endfacet
  facet normal 1 0 0
    outer loop
      vertex 26.48 30.83 0
      vertex 26.48 29.87 0.579999
      vertex 26.48 29.87 0
    endloop
  endfacet
  facet normal 0 -1 0
    outer loop
      vertex 26.48 30.83 0
      vertex 27.44 30.83 0.579999
      vertex 26.48 30.83 0.579999
    endloop
  endfacet
  facet normal 0 -1 -0
    outer loop
      vertex 27.44 30.83 0.579999
      vertex 26.48 30.83 0
      vertex 27.44 30.83 0
    endloop
  endfacet
  facet normal 0 1 -0
    outer loop
      vertex 27.44 29.87 0
      vertex 26.48 29.87 0.579999
      vertex 27.44 29.87 0.579999
    endloop
  endfacet
  facet normal 0 1 0
    outer loop
      vertex 26.48 29.87 0.579999
      vertex 27.44 29.87 0
      vertex 26.48 29.87 0
    endloop
  endfacet
  facet normal 0 -1 0
    outer loop
      vertex 29.36 30.83 0
      vertex 30.32 30.83 0.579999
      vertex 29.36 30.83 0.579999
    endloop
  endfacet
  facet normal 0 -1 -0
    outer loop
      vertex 30.32 30.83 0.579999
      vertex 29.36 30.83 0
      vertex 30.32 30.83 0
    endloop
  endfacet
  facet normal -1 0 0
    outer loop
      vertex 30.32 29.87 0
      vertex 30.32 30.83 0.579999
      vertex 30.32 30.83 0
    endloop
  endfacet
  facet normal -1 -0 0
    outer loop
      vertex 30.32 30.83 0.579999
      vertex 30.32 29.87 0
      vertex 30.32 29.87 0.579999
    endloop
  endfacet
  facet normal -1 0 0
    outer loop
      vertex 33.2 29.87 0
      vertex 33.2 31.79 0.579999
      vertex 33.2 31.79 0
    endloop
  endfacet
  facet normal -1 -0 0
    outer loop
      vertex 33.2 31.79 0.579999
      vertex 33.2 29.87 0
      vertex 33.2 29.87 0.579999
    endloop
  endfacet
  facet normal 1 -0 0
    outer loop
      vertex 34.16 29.87 0.579999
      vertex 34.16 30.83 0
      vertex 34.16 30.83 0.579999
    endloop
  endfacet
  facet normal 1 0 0
    outer loop
      vertex 34.16 30.83 0
      vertex 34.16 29.87 0.579999
      vertex 34.16 29.87 0
    endloop
  endfacet
  facet normal 0 -1 0
    outer loop
      vertex 34.16 30.83 0
      vertex 36.08 30.83 0.579999
      vertex 34.16 30.83 0.579999
    endloop
  endfacet
  facet normal 0 -1 -0
    outer loop
      vertex 36.08 30.83 0.579999
      vertex 34.16 30.83 0
      vertex 36.08 30.83 0
    endloop
  endfacet
  facet normal -1 0 0
    outer loop
      vertex 37.04 29.87 0
      vertex 37.04 30.83 0.579999
      vertex 37.04 30.83 0
    endloop
  endfacet
  facet normal -1 -0 0
    outer loop
      vertex 37.04 30.83 0.579999
      vertex 37.04 29.87 0
      vertex 37.04 29.87 0.579999
    endloop
  endfacet
  facet normal 0 1 -0
    outer loop
      vertex 37.04 29.87 0
      vertex 36.08 29.87 0.579999
      vertex 37.04 29.87 0.579999
    endloop
  endfacet
  facet normal 0 1 0
    outer loop
      vertex 36.08 29.87 0.579999
      vertex 37.04 29.87 0
      vertex 36.08 29.87 0
    endloop
  endfacet
  facet normal 0 -1 0
    outer loop
      vertex 42.8 30.83 0
      vertex 46.64 30.83 0.579999
      vertex 42.8 30.83 0.579999
    endloop
  endfacet
  facet normal 0 -1 -0
    outer loop
      vertex 46.64 30.83 0.579999
      vertex 42.8 30.83 0
      vertex 46.64 30.83 0
    endloop
  endfacet
  facet normal -1 0 0
    outer loop
      vertex 49.52 29.87 0
      vertex 49.52 31.79 0.579999
      vertex 49.52 31.79 0
    endloop
  endfacet
  facet normal -1 -0 0
    outer loop
      vertex 49.52 31.79 0.579999
      vertex 49.52 29.87 0
      vertex 49.52 29.87 0.579999
    endloop
  endfacet
  facet normal 1 -0 0
    outer loop
      vertex 50.48 29.87 0.579999
      vertex 50.48 33.71 0
      vertex 50.48 33.71 0.579999
    endloop
  endfacet
  facet normal 1 0 0
    outer loop
      vertex 50.48 33.71 0
      vertex 50.48 29.87 0.579999
      vertex 50.48 29.87 0
    endloop
  endfacet
  facet normal 0 1 -0
    outer loop
      vertex 52.4 29.87 0
      vertex 50.48 29.87 0.579999
      vertex 52.4 29.87 0.579999
    endloop
  endfacet
  facet normal 0 1 0
    outer loop
      vertex 50.48 29.87 0.579999
      vertex 52.4 29.87 0
      vertex 50.48 29.87 0
    endloop
  endfacet
  facet normal 0 -1 0
    outer loop
      vertex 52.4 30.83 0
      vertex 53.36 30.83 0.579999
      vertex 52.4 30.83 0.579999
    endloop
  endfacet
  facet normal 0 -1 -0
    outer loop
      vertex 53.36 30.83 0.579999
      vertex 52.4 30.83 0
      vertex 53.36 30.83 0
    endloop
  endfacet
  facet normal 1 -0 0
    outer loop
      vertex 55.28 29.87 0.579999
      vertex 55.28 30.83 0
      vertex 55.28 30.83 0.579999
    endloop
  endfacet
  facet normal 1 0 0
    outer loop
      vertex 55.28 30.83 0
      vertex 55.28 29.87 0.579999
      vertex 55.28 29.87 0
    endloop
  endfacet
  facet normal 0 -1 0
    outer loop
      vertex 55.28 30.83 0
      vertex 59.12 30.83 0.579999
      vertex 55.28 30.83 0.579999
    endloop
  endfacet
  facet normal 0 -1 -0
    outer loop
      vertex 59.12 30.83 0.579999
      vertex 55.28 30.83 0
      vertex 59.12 30.83 0
    endloop
  endfacet
  facet normal 0 1 -0
    outer loop
      vertex 56.24 29.87 0
      vertex 55.28 29.87 0.579999
      vertex 56.24 29.87 0.579999
    endloop
  endfacet
  facet normal 0 1 0
    outer loop
      vertex 55.28 29.87 0.579999
      vertex 56.24 29.87 0
      vertex 55.28 29.87 0
    endloop
  endfacet
  facet normal 0 1 -0
    outer loop
      vertex 59.12 29.87 0
      vertex 57.2 29.87 0.579999
      vertex 59.12 29.87 0.579999
    endloop
  endfacet
  facet normal 0 1 0
    outer loop
      vertex 57.2 29.87 0.579999
      vertex 59.12 29.87 0
      vertex 57.2 29.87 0
    endloop
  endfacet
  facet normal -1 0 0
    outer loop
      vertex 59.12 29.87 0
      vertex 59.12 30.83 0.579999
      vertex 59.12 30.83 0
    endloop
  endfacet
  facet normal -1 -0 0
    outer loop
      vertex 59.12 30.83 0.579999
      vertex 59.12 29.87 0
      vertex 59.12 29.87 0.579999
    endloop
  endfacet
  facet normal 0 1 -0
    outer loop
      vertex 60.08 30.83 0
      vertex 59.12 30.83 0.579999
      vertex 60.08 30.83 0.579999
    endloop
  endfacet
  facet normal 0 1 0
    outer loop
      vertex 59.12 30.83 0.579999
      vertex 60.08 30.83 0
      vertex 59.12 30.83 0
    endloop
  endfacet
  facet normal 0 -1 0
    outer loop
      vertex 64.88 30.83 0
      vertex 65.84 30.83 0.579999
      vertex 64.88 30.83 0.579999
    endloop
  endfacet
  facet normal 0 -1 -0
    outer loop
      vertex 65.84 30.83 0.579999
      vertex 64.88 30.83 0
      vertex 65.84 30.83 0
    endloop
  endfacet
  facet normal -1 0 0
    outer loop
      vertex 24.56 30.83 0
      vertex 24.56 31.79 0.579999
      vertex 24.56 31.79 0
    endloop
  endfacet
  facet normal -1 -0 0
    outer loop
      vertex 24.56 31.79 0.579999
      vertex 24.56 30.83 0
      vertex 24.56 30.83 0.579999
    endloop
  endfacet
  facet normal 0 0 -1
    outer loop
      vertex 23.6 30.83 0.579999
      vertex 24.56 31.79 0.579999
      vertex 24.56 30.83 0.579999
    endloop
  endfacet
  facet normal -0 0 -1
    outer loop
      vertex 24.56 31.79 0.579999
      vertex 23.6 30.83 0.579999
      vertex 23.6 31.79 0.579999
    endloop
  endfacet
  facet normal 1 -0 0
    outer loop
      vertex 23.6 30.83 0.579999
      vertex 23.6 31.79 0
      vertex 23.6 31.79 0.579999
    endloop
  endfacet
  facet normal 1 0 0
    outer loop
      vertex 23.6 31.79 0
      vertex 23.6 30.83 0.579999
      vertex 23.6 30.83 0
    endloop
  endfacet
  facet normal 0 -1 0
    outer loop
      vertex 23.6 31.79 0
      vertex 24.56 31.79 0.579999
      vertex 23.6 31.79 0.579999
    endloop
  endfacet
  facet normal 0 -1 -0
    outer loop
      vertex 24.56 31.79 0.579999
      vertex 23.6 31.79 0
      vertex 24.56 31.79 0
    endloop
  endfacet
  facet normal 0 1 -0
    outer loop
      vertex 24.56 30.83 0
      vertex 23.6 30.83 0.579999
      vertex 24.56 30.83 0.579999
    endloop
  endfacet
  facet normal 0 1 0
    outer loop
      vertex 23.6 30.83 0.579999
      vertex 24.56 30.83 0
      vertex 23.6 30.83 0
    endloop
  endfacet
  facet normal 0 -1 0
    outer loop
      vertex 27.44 31.79 0
      vertex 29.36 31.79 0.579999
      vertex 27.44 31.79 0.579999
    endloop
  endfacet
  facet normal 0 -1 -0
    outer loop
      vertex 29.36 31.79 0.579999
      vertex 27.44 31.79 0
      vertex 29.36 31.79 0
    endloop
  endfacet
  facet normal -1 0 0
    outer loop
      vertex 29.36 30.83 0
      vertex 29.36 31.79 0.579999
      vertex 29.36 31.79 0
    endloop
  endfacet
  facet normal -1 -0 0
    outer loop
      vertex 29.36 31.79 0.579999
      vertex 29.36 30.83 0
      vertex 29.36 30.83 0.579999
    endloop
  endfacet
  facet normal 0 -1 0
    outer loop
      vertex 31.28 31.79 0
      vertex 33.2 31.79 0.579999
      vertex 31.28 31.79 0.579999
    endloop
  endfacet
  facet normal 0 -1 -0
    outer loop
      vertex 33.2 31.79 0.579999
      vertex 31.28 31.79 0
      vertex 33.2 31.79 0
    endloop
  endfacet
  facet normal 1 -0 0
    outer loop
      vertex 37.04 33.71 0.579999
      vertex 37.04 34.67 0
      vertex 37.04 34.67 0.579999
    endloop
  endfacet
  facet normal 1 0 0
    outer loop
      vertex 37.04 34.67 0
      vertex 37.04 33.71 0.579999
      vertex 37.04 33.71 0
    endloop
  endfacet
  facet normal 1 -0 0
    outer loop
      vertex 36.08 30.83 0.579999
      vertex 36.08 33.71 0
      vertex 36.08 33.71 0.579999
    endloop
  endfacet
  facet normal 1 0 0
    outer loop
      vertex 36.08 33.71 0
      vertex 36.08 30.83 0.579999
      vertex 36.08 30.83 0
    endloop
  endfacet
  facet normal -1 0 0
    outer loop
      vertex 38 30.83 0
      vertex 38 33.71 0.579999
      vertex 38 33.71 0
    endloop
  endfacet
  facet normal -1 -0 0
    outer loop
      vertex 38 33.71 0.579999
      vertex 38 30.83 0
      vertex 38 30.83 0.579999
    endloop
  endfacet
  facet normal 0 1 -0
    outer loop
      vertex 38 30.83 0
      vertex 37.04 30.83 0.579999
      vertex 38 30.83 0.579999
    endloop
  endfacet
  facet normal 0 1 0
    outer loop
      vertex 37.04 30.83 0.579999
      vertex 38 30.83 0
      vertex 37.04 30.83 0
    endloop
  endfacet
  facet normal -1 0 0
    outer loop
      vertex 42.8 30.83 0
      vertex 42.8 33.71 0.579999
      vertex 42.8 33.71 0
    endloop
  endfacet
  facet normal -1 -0 0
    outer loop
      vertex 42.8 33.71 0.579999
      vertex 42.8 30.83 0
      vertex 42.8 30.83 0.579999
    endloop
  endfacet
  facet normal 1 -0 0
    outer loop
      vertex 46.64 30.83 0.579999
      vertex 46.64 31.79 0
      vertex 46.64 31.79 0.579999
    endloop
  endfacet
  facet normal 1 0 0
    outer loop
      vertex 46.64 31.79 0
      vertex 46.64 30.83 0.579999
      vertex 46.64 30.83 0
    endloop
  endfacet
  facet normal 0 -1 0
    outer loop
      vertex 46.64 31.79 0
      vertex 49.52 31.79 0.579999
      vertex 46.64 31.79 0.579999
    endloop
  endfacet
  facet normal 0 -1 -0
    outer loop
      vertex 49.52 31.79 0.579999
      vertex 46.64 31.79 0
      vertex 49.52 31.79 0
    endloop
  endfacet
  facet normal 1 -0 0
    outer loop
      vertex 59.12 30.83 0.579999
      vertex 59.12 31.79 0
      vertex 59.12 31.79 0.579999
    endloop
  endfacet
  facet normal 1 0 0
    outer loop
      vertex 59.12 31.79 0
      vertex 59.12 30.83 0.579999
      vertex 59.12 30.83 0
    endloop
  endfacet
  facet normal 0 -1 0
    outer loop
      vertex 59.12 31.79 0
      vertex 60.08 31.79 0.579999
      vertex 59.12 31.79 0.579999
    endloop
  endfacet
  facet normal 0 -1 -0
    outer loop
      vertex 60.08 31.79 0.579999
      vertex 59.12 31.79 0
      vertex 60.08 31.79 0
    endloop
  endfacet
  facet normal 0 -1 0
    outer loop
      vertex 62 31.79 0
      vertex 62.96 31.79 0.579999
      vertex 62 31.79 0.579999
    endloop
  endfacet
  facet normal 0 -1 -0
    outer loop
      vertex 62.96 31.79 0.579999
      vertex 62 31.79 0
      vertex 62.96 31.79 0
    endloop
  endfacet
  facet normal 0 0 -1
    outer loop
      vertex 21.68 31.79 0.579999
      vertex 23.6 33.71 0.579999
      vertex 23.6 31.79 0.579999
    endloop
  endfacet
  facet normal -0 0 -1
    outer loop
      vertex 23.6 33.71 0.579999
      vertex 21.68 31.79 0.579999
      vertex 21.68 33.71 0.579999
    endloop
  endfacet
  facet normal 1 -0 0
    outer loop
      vertex 21.68 31.79 0.579999
      vertex 21.68 33.71 0
      vertex 21.68 33.71 0.579999
    endloop
  endfacet
  facet normal 1 0 0
    outer loop
      vertex 21.68 33.71 0
      vertex 21.68 31.79 0.579999
      vertex 21.68 31.79 0
    endloop
  endfacet
  facet normal 0 1 -0
    outer loop
      vertex 23.6 31.79 0
      vertex 21.68 31.79 0.579999
      vertex 23.6 31.79 0.579999
    endloop
  endfacet
  facet normal 0 1 0
    outer loop
      vertex 21.68 31.79 0.579999
      vertex 23.6 31.79 0
      vertex 21.68 31.79 0
    endloop
  endfacet
  facet normal -1 0 0
    outer loop
      vertex 23.6 31.79 0
      vertex 23.6 33.71 0.579999
      vertex 23.6 33.71 0
    endloop
  endfacet
  facet normal -1 -0 0
    outer loop
      vertex 23.6 33.71 0.579999
      vertex 23.6 31.79 0
      vertex 23.6 31.79 0.579999
    endloop
  endfacet
  facet normal -1 0 0
    outer loop
      vertex 27.44 31.79 0
      vertex 27.44 33.71 0.579999
      vertex 27.44 33.71 0
    endloop
  endfacet
  facet normal -1 -0 0
    outer loop
      vertex 27.44 33.71 0.579999
      vertex 27.44 31.79 0
      vertex 27.44 31.79 0.579999
    endloop
  endfacet
  facet normal 0 0 -1
    outer loop
      vertex 26.48 31.79 0.579999
      vertex 27.44 33.71 0.579999
      vertex 27.44 31.79 0.579999
    endloop
  endfacet
  facet normal -0 0 -1
    outer loop
      vertex 27.44 33.71 0.579999
      vertex 26.48 31.79 0.579999
      vertex 26.48 33.71 0.579999
    endloop
  endfacet
  facet normal 1 -0 0
    outer loop
      vertex 26.48 31.79 0.579999
      vertex 26.48 33.71 0
      vertex 26.48 33.71 0.579999
    endloop
  endfacet
  facet normal 1 0 0
    outer loop
      vertex 26.48 33.71 0
      vertex 26.48 31.79 0.579999
      vertex 26.48 31.79 0
    endloop
  endfacet
  facet normal 0 1 -0
    outer loop
      vertex 27.44 31.79 0
      vertex 26.48 31.79 0.579999
      vertex 27.44 31.79 0.579999
    endloop
  endfacet
  facet normal 0 1 0
    outer loop
      vertex 26.48 31.79 0.579999
      vertex 27.44 31.79 0
      vertex 26.48 31.79 0
    endloop
  endfacet
  facet normal -1 0 0
    outer loop
      vertex 30.32 31.79 0
      vertex 30.32 33.71 0.579999
      vertex 30.32 33.71 0
    endloop
  endfacet
  facet normal -1 -0 0
    outer loop
      vertex 30.32 33.71 0.579999
      vertex 30.32 31.79 0
      vertex 30.32 31.79 0.579999
    endloop
  endfacet
  facet normal 0 0 -1
    outer loop
      vertex 29.36 31.79 0.579999
      vertex 30.32 33.71 0.579999
      vertex 30.32 31.79 0.579999
    endloop
  endfacet
  facet normal -0 0 -1
    outer loop
      vertex 30.32 33.71 0.579999
      vertex 29.36 31.79 0.579999
      vertex 29.36 33.71 0.579999
    endloop
  endfacet
  facet normal 1 -0 0
    outer loop
      vertex 29.36 31.79 0.579999
      vertex 29.36 33.71 0
      vertex 29.36 33.71 0.579999
    endloop
  endfacet
  facet normal 1 0 0
    outer loop
      vertex 29.36 33.71 0
      vertex 29.36 31.79 0.579999
      vertex 29.36 31.79 0
    endloop
  endfacet
  facet normal 0 1 -0
    outer loop
      vertex 30.32 31.79 0
      vertex 29.36 31.79 0.579999
      vertex 30.32 31.79 0.579999
    endloop
  endfacet
  facet normal 0 1 0
    outer loop
      vertex 29.36 31.79 0.579999
      vertex 30.32 31.79 0
      vertex 29.36 31.79 0
    endloop
  endfacet
  facet normal -1 0 0
    outer loop
      vertex 46.64 31.79 0
      vertex 46.64 33.71 0.579999
      vertex 46.64 33.71 0
    endloop
  endfacet
  facet normal -1 -0 0
    outer loop
      vertex 46.64 33.71 0.579999
      vertex 46.64 31.79 0
      vertex 46.64 31.79 0.579999
    endloop
  endfacet
  facet normal 0 0 -1
    outer loop
      vertex 45.68 31.79 0.579999
      vertex 46.64 33.71 0.579999
      vertex 46.64 31.79 0.579999
    endloop
  endfacet
  facet normal -0 0 -1
    outer loop
      vertex 46.64 33.71 0.579999
      vertex 45.68 31.79 0.579999
      vertex 45.68 33.71 0.579999
    endloop
  endfacet
  facet normal 1 -0 0
    outer loop
      vertex 45.68 31.79 0.579999
      vertex 45.68 33.71 0
      vertex 45.68 33.71 0.579999
    endloop
  endfacet
  facet normal 1 0 0
    outer loop
      vertex 45.68 33.71 0
      vertex 45.68 31.79 0.579999
      vertex 45.68 31.79 0
    endloop
  endfacet
  facet normal 0 1 -0
    outer loop
      vertex 46.64 31.79 0
      vertex 45.68 31.79 0.579999
      vertex 46.64 31.79 0.579999
    endloop
  endfacet
  facet normal 0 1 0
    outer loop
      vertex 45.68 31.79 0.579999
      vertex 46.64 31.79 0
      vertex 45.68 31.79 0
    endloop
  endfacet
  facet normal 0 0 -1
    outer loop
      vertex 53.36 31.79 0.579999
      vertex 56.24 33.71 0.579999
      vertex 56.24 31.79 0.579999
    endloop
  endfacet
  facet normal -0 0 -1
    outer loop
      vertex 56.24 33.71 0.579999
      vertex 53.36 31.79 0.579999
      vertex 53.36 33.71 0.579999
    endloop
  endfacet
  facet normal 1 -0 0
    outer loop
      vertex 53.36 31.79 0.579999
      vertex 53.36 33.71 0
      vertex 53.36 33.71 0.579999
    endloop
  endfacet
  facet normal 1 0 0
    outer loop
      vertex 53.36 33.71 0
      vertex 53.36 31.79 0.579999
      vertex 53.36 31.79 0
    endloop
  endfacet
  facet normal 0 1 -0
    outer loop
      vertex 56.24 31.79 0
      vertex 53.36 31.79 0.579999
      vertex 56.24 31.79 0.579999
    endloop
  endfacet
  facet normal 0 1 0
    outer loop
      vertex 53.36 31.79 0.579999
      vertex 56.24 31.79 0
      vertex 53.36 31.79 0
    endloop
  endfacet
  facet normal -1 0 0
    outer loop
      vertex 56.24 31.79 0
      vertex 56.24 33.71 0.579999
      vertex 56.24 33.71 0
    endloop
  endfacet
  facet normal -1 -0 0
    outer loop
      vertex 56.24 33.71 0.579999
      vertex 56.24 31.79 0
      vertex 56.24 31.79 0.579999
    endloop
  endfacet
  facet normal 1 -0 0
    outer loop
      vertex 57.2 31.79 0.579999
      vertex 57.2 34.67 0
      vertex 57.2 34.67 0.579999
    endloop
  endfacet
  facet normal 1 0 0
    outer loop
      vertex 57.2 34.67 0
      vertex 57.2 31.79 0.579999
      vertex 57.2 31.79 0
    endloop
  endfacet
  facet normal 0 1 -0
    outer loop
      vertex 59.12 31.79 0
      vertex 57.2 31.79 0.579999
      vertex 59.12 31.79 0.579999
    endloop
  endfacet
  facet normal 0 1 0
    outer loop
      vertex 57.2 31.79 0.579999
      vertex 59.12 31.79 0
      vertex 57.2 31.79 0
    endloop
  endfacet
  facet normal -1 0 0
    outer loop
      vertex 59.12 31.79 0
      vertex 59.12 33.71 0.579999
      vertex 59.12 33.71 0
    endloop
  endfacet
  facet normal -1 -0 0
    outer loop
      vertex 59.12 33.71 0.579999
      vertex 59.12 31.79 0
      vertex 59.12 31.79 0.579999
    endloop
  endfacet
  facet normal 1 -0 0
    outer loop
      vertex 60.08 31.79 0.579999
      vertex 60.08 33.71 0
      vertex 60.08 33.71 0.579999
    endloop
  endfacet
  facet normal 1 0 0
    outer loop
      vertex 60.08 33.71 0
      vertex 60.08 31.79 0.579999
      vertex 60.08 31.79 0
    endloop
  endfacet
  facet normal -1 0 0
    outer loop
      vertex 62 31.79 0
      vertex 62 33.71 0.579999
      vertex 62 33.71 0
    endloop
  endfacet
  facet normal -1 -0 0
    outer loop
      vertex 62 33.71 0.579999
      vertex 62 31.79 0
      vertex 62 31.79 0.579999
    endloop
  endfacet
  facet normal 0 -1 0
    outer loop
      vertex 21.68 33.71 0
      vertex 23.6 33.71 0.579999
      vertex 21.68 33.71 0.579999
    endloop
  endfacet
  facet normal 0 -1 -0
    outer loop
      vertex 23.6 33.71 0.579999
      vertex 21.68 33.71 0
      vertex 23.6 33.71 0
    endloop
  endfacet
  facet normal 0 -1 0
    outer loop
      vertex 26.48 33.71 0
      vertex 27.44 33.71 0.579999
      vertex 26.48 33.71 0.579999
    endloop
  endfacet
  facet normal 0 -1 -0
    outer loop
      vertex 27.44 33.71 0.579999
      vertex 26.48 33.71 0
      vertex 27.44 33.71 0
    endloop
  endfacet
  facet normal 0 -1 0
    outer loop
      vertex 29.36 33.71 0
      vertex 30.32 33.71 0.579999
      vertex 29.36 33.71 0.579999
    endloop
  endfacet
  facet normal 0 -1 -0
    outer loop
      vertex 30.32 33.71 0.579999
      vertex 29.36 33.71 0
      vertex 30.32 33.71 0
    endloop
  endfacet
  facet normal 0 -1 0
    outer loop
      vertex 36.08 33.71 0
      vertex 37.04 33.71 0.579999
      vertex 36.08 33.71 0.579999
    endloop
  endfacet
  facet normal 0 -1 -0
    outer loop
      vertex 37.04 33.71 0.579999
      vertex 36.08 33.71 0
      vertex 37.04 33.71 0
    endloop
  endfacet
  facet normal 0 1 -0
    outer loop
      vertex 40.88 33.71 0
      vertex 38 33.71 0.579999
      vertex 40.88 33.71 0.579999
    endloop
  endfacet
  facet normal 0 1 0
    outer loop
      vertex 38 33.71 0.579999
      vertex 40.88 33.71 0
      vertex 38 33.71 0
    endloop
  endfacet
  facet normal 0 -1 0
    outer loop
      vertex 40.88 33.71 0
      vertex 42.8 33.71 0.579999
      vertex 40.88 33.71 0.579999
    endloop
  endfacet
  facet normal 0 -1 -0
    outer loop
      vertex 42.8 33.71 0.579999
      vertex 40.88 33.71 0
      vertex 42.8 33.71 0
    endloop
  endfacet
  facet normal 0 -1 0
    outer loop
      vertex 45.68 33.71 0
      vertex 46.64 33.71 0.579999
      vertex 45.68 33.71 0.579999
    endloop
  endfacet
  facet normal 0 -1 -0
    outer loop
      vertex 46.64 33.71 0.579999
      vertex 45.68 33.71 0
      vertex 46.64 33.71 0
    endloop
  endfacet
  facet normal 0 -1 0
    outer loop
      vertex 53.36 33.71 0
      vertex 56.24 33.71 0.579999
      vertex 53.36 33.71 0.579999
    endloop
  endfacet
  facet normal 0 -1 -0
    outer loop
      vertex 56.24 33.71 0.579999
      vertex 53.36 33.71 0
      vertex 56.24 33.71 0
    endloop
  endfacet
  facet normal 0 -1 0
    outer loop
      vertex 60.08 33.71 0
      vertex 62 33.71 0.579999
      vertex 60.08 33.71 0.579999
    endloop
  endfacet
  facet normal 0 -1 -0
    outer loop
      vertex 62 33.71 0.579999
      vertex 60.08 33.71 0
      vertex 62 33.71 0
    endloop
  endfacet
  facet normal -1 0 0
    outer loop
      vertex 21.68 33.71 0
      vertex 21.68 37.55 0.579999
      vertex 21.68 37.55 0
    endloop
  endfacet
  facet normal -1 -0 0
    outer loop
      vertex 21.68 37.55 0.579999
      vertex 21.68 33.71 0
      vertex 21.68 33.71 0.579999
    endloop
  endfacet
  facet normal 0 0 -1
    outer loop
      vertex 21.68 33.71 0.579999
      vertex 20.72 33.71 0.579999
      vertex 21.68 37.55 0.579999
    endloop
  endfacet
  facet normal 0 0 -1
    outer loop
      vertex 24.56 34.67 0.579999
      vertex 26.48 33.71 0.579999
      vertex 24.56 33.71 0.579999
    endloop
  endfacet
  facet normal 0 0 -1
    outer loop
      vertex 26.48 33.71 0.579999
      vertex 24.56 34.67 0.579999
      vertex 26.48 37.55 0.579999
    endloop
  endfacet
  facet normal 0 0 -1
    outer loop
      vertex 24.56 34.67 0.579999
      vertex 24.56 37.55 0.579999
      vertex 26.48 37.55 0.579999
    endloop
  endfacet
  facet normal 0 0 -1
    outer loop
      vertex 23.6 37.55 0.579999
      vertex 24.56 37.55 0.579999
      vertex 24.56 34.67 0.579999
    endloop
  endfacet
  facet normal 0 0 -1
    outer loop
      vertex 23.6 37.55 0.579999
      vertex 24.56 34.67 0.579999
      vertex 23.6 34.67 0.579999
    endloop
  endfacet
  facet normal 0 0 -1
    outer loop
      vertex 24.56 37.55 0.579999
      vertex 23.6 37.55 0.579999
      vertex 24.56 39.47 0.579999
    endloop
  endfacet
  facet normal 0 0 -1
    outer loop
      vertex 21.68 37.55 0.579999
      vertex 24.56 39.47 0.579999
      vertex 23.6 37.55 0.579999
    endloop
  endfacet
  facet normal 0 0 -1
    outer loop
      vertex 21.68 37.55 0.579999
      vertex 20.72 39.47 0.579999
      vertex 24.56 39.47 0.579999
    endloop
  endfacet
  facet normal 0 0 -1
    outer loop
      vertex 20.72 39.47 0.579999
      vertex 21.68 37.55 0.579999
      vertex 20.72 33.71 0.579999
    endloop
  endfacet
  facet normal 1 -0 0
    outer loop
      vertex 20.72 33.71 0.579999
      vertex 20.72 39.47 0
      vertex 20.72 39.47 0.579999
    endloop
  endfacet
  facet normal 1 0 0
    outer loop
      vertex 20.72 39.47 0
      vertex 20.72 33.71 0.579999
      vertex 20.72 33.71 0
    endloop
  endfacet
  facet normal 0 1 -0
    outer loop
      vertex 21.68 33.71 0
      vertex 20.72 33.71 0.579999
      vertex 21.68 33.71 0.579999
    endloop
  endfacet
  facet normal 0 1 0
    outer loop
      vertex 20.72 33.71 0.579999
      vertex 21.68 33.71 0
      vertex 20.72 33.71 0
    endloop
  endfacet
  facet normal 1 -0 0
    outer loop
      vertex 24.56 33.71 0.579999
      vertex 24.56 34.67 0
      vertex 24.56 34.67 0.579999
    endloop
  endfacet
  facet normal 1 0 0
    outer loop
      vertex 24.56 34.67 0
      vertex 24.56 33.71 0.579999
      vertex 24.56 33.71 0
    endloop
  endfacet
  facet normal 0 1 -0
    outer loop
      vertex 26.48 33.71 0
      vertex 24.56 33.71 0.579999
      vertex 26.48 33.71 0.579999
    endloop
  endfacet
  facet normal 0 1 0
    outer loop
      vertex 24.56 33.71 0.579999
      vertex 26.48 33.71 0
      vertex 24.56 33.71 0
    endloop
  endfacet
  facet normal -1 0 0
    outer loop
      vertex 26.48 33.71 0
      vertex 26.48 37.55 0.579999
      vertex 26.48 37.55 0
    endloop
  endfacet
  facet normal -1 -0 0
    outer loop
      vertex 26.48 37.55 0.579999
      vertex 26.48 33.71 0
      vertex 26.48 33.71 0.579999
    endloop
  endfacet
  facet normal -1 0 0
    outer loop
      vertex 31.28 33.71 0
      vertex 31.28 34.67 0.579999
      vertex 31.28 34.67 0
    endloop
  endfacet
  facet normal -1 -0 0
    outer loop
      vertex 31.28 34.67 0.579999
      vertex 31.28 33.71 0
      vertex 31.28 33.71 0.579999
    endloop
  endfacet
  facet normal 0 0 -1
    outer loop
      vertex 31.28 33.71 0.579999
      vertex 30.32 33.71 0.579999
      vertex 31.28 34.67 0.579999
    endloop
  endfacet
  facet normal 0 0 -1
    outer loop
      vertex 31.28 34.67 0.579999
      vertex 33.2 37.55 0.579999
      vertex 33.2 34.67 0.579999
    endloop
  endfacet
  facet normal 0 0 -1
    outer loop
      vertex 30.32 34.67 0.579999
      vertex 31.28 34.67 0.579999
      vertex 30.32 33.71 0.579999
    endloop
  endfacet
  facet normal 0 0 -1
    outer loop
      vertex 30.32 36.59 0.579999
      vertex 31.28 34.67 0.579999
      vertex 30.32 34.67 0.579999
    endloop
  endfacet
  facet normal 0 0 -1
    outer loop
      vertex 31.28 34.67 0.579999
      vertex 30.32 36.59 0.579999
      vertex 33.2 37.55 0.579999
    endloop
  endfacet
  facet normal -0 0 -1
    outer loop
      vertex 33.2 37.55 0.579999
      vertex 30.32 36.59 0.579999
      vertex 30.32 37.55 0.579999
    endloop
  endfacet
  facet normal 0 0 -1
    outer loop
      vertex 33.2 34.67 0.579999
      vertex 34.16 36.59 0.579999
      vertex 34.16 33.71 0.579999
    endloop
  endfacet
  facet normal 0 0 -1
    outer loop
      vertex 33.2 37.55 0.579999
      vertex 34.16 36.59 0.579999
      vertex 33.2 34.67 0.579999
    endloop
  endfacet
  facet normal 0 0 -1
    outer loop
      vertex 33.2 34.67 0.579999
      vertex 34.16 33.71 0.579999
      vertex 33.2 33.71 0.579999
    endloop
  endfacet
  facet normal 0 0 -1
    outer loop
      vertex 34.16 36.59 0.579999
      vertex 33.2 37.55 0.579999
      vertex 34.16 37.55 0.579999
    endloop
  endfacet
  facet normal 0 0 -1
    outer loop
      vertex 34.16 37.55 0.579999
      vertex 33.2 37.55 0.579999
      vertex 34.16 39.47 0.579999
    endloop
  endfacet
  facet normal -0 0 -1
    outer loop
      vertex 34.16 39.47 0.579999
      vertex 33.2 37.55 0.579999
      vertex 33.2 39.47 0.579999
    endloop
  endfacet
  facet normal 0 0 -1
    outer loop
      vertex 34.16 36.59 0.579999
      vertex 36.08 37.55 0.579999
      vertex 36.08 36.59 0.579999
    endloop
  endfacet
  facet normal -0 0 -1
    outer loop
      vertex 36.08 37.55 0.579999
      vertex 34.16 36.59 0.579999
      vertex 34.16 37.55 0.579999
    endloop
  endfacet
  facet normal 0 0 -1
    outer loop
      vertex 29.36 34.67 0.579999
      vertex 30.32 36.59 0.579999
      vertex 30.32 34.67 0.579999
    endloop
  endfacet
  facet normal -0 0 -1
    outer loop
      vertex 30.32 36.59 0.579999
      vertex 29.36 34.67 0.579999
      vertex 29.36 36.59 0.579999
    endloop
  endfacet
  facet normal 1 -0 0
    outer loop
      vertex 30.32 33.71 0.579999
      vertex 30.32 34.67 0
      vertex 30.32 34.67 0.579999
    endloop
  endfacet
  facet normal 1 0 0
    outer loop
      vertex 30.32 34.67 0
      vertex 30.32 33.71 0.579999
      vertex 30.32 33.71 0
    endloop
  endfacet
  facet normal 0 1 -0
    outer loop
      vertex 33.2 34.67 0
      vertex 31.28 34.67 0.579999
      vertex 33.2 34.67 0.579999
    endloop
  endfacet
  facet normal 0 1 0
    outer loop
      vertex 31.28 34.67 0.579999
      vertex 33.2 34.67 0
      vertex 31.28 34.67 0
    endloop
  endfacet
  facet normal 0 1 -0
    outer loop
      vertex 30.32 34.67 0
      vertex 29.36 34.67 0.579999
      vertex 30.32 34.67 0.579999
    endloop
  endfacet
  facet normal 0 1 0
    outer loop
      vertex 29.36 34.67 0.579999
      vertex 30.32 34.67 0
      vertex 29.36 34.67 0
    endloop
  endfacet
  facet normal 0 1 -0
    outer loop
      vertex 31.28 33.71 0
      vertex 30.32 33.71 0.579999
      vertex 31.28 33.71 0.579999
    endloop
  endfacet
  facet normal 0 1 0
    outer loop
      vertex 30.32 33.71 0.579999
      vertex 31.28 33.71 0
      vertex 30.32 33.71 0
    endloop
  endfacet
  facet normal -1 0 0
    outer loop
      vertex 34.16 33.71 0
      vertex 34.16 36.59 0.579999
      vertex 34.16 36.59 0
    endloop
  endfacet
  facet normal -1 -0 0
    outer loop
      vertex 34.16 36.59 0.579999
      vertex 34.16 33.71 0
      vertex 34.16 33.71 0.579999
    endloop
  endfacet
  facet normal 1 -0 0
    outer loop
      vertex 33.2 33.71 0.579999
      vertex 33.2 34.67 0
      vertex 33.2 34.67 0.579999
    endloop
  endfacet
  facet normal 1 0 0
    outer loop
      vertex 33.2 34.67 0
      vertex 33.2 33.71 0.579999
      vertex 33.2 33.71 0
    endloop
  endfacet
  facet normal 0 1 -0
    outer loop
      vertex 34.16 33.71 0
      vertex 33.2 33.71 0.579999
      vertex 34.16 33.71 0.579999
    endloop
  endfacet
  facet normal 0 1 0
    outer loop
      vertex 33.2 33.71 0.579999
      vertex 34.16 33.71 0
      vertex 33.2 33.71 0
    endloop
  endfacet
  facet normal 0 -1 0
    outer loop
      vertex 38 34.67 0
      vertex 39.92 34.67 0.579999
      vertex 38 34.67 0.579999
    endloop
  endfacet
  facet normal 0 -1 -0
    outer loop
      vertex 39.92 34.67 0.579999
      vertex 38 34.67 0
      vertex 39.92 34.67 0
    endloop
  endfacet
  facet normal -1 0 0
    outer loop
      vertex 40.88 33.71 0
      vertex 40.88 36.59 0.579999
      vertex 40.88 36.59 0
    endloop
  endfacet
  facet normal -1 -0 0
    outer loop
      vertex 40.88 36.59 0.579999
      vertex 40.88 33.71 0
      vertex 40.88 33.71 0.579999
    endloop
  endfacet
  facet normal 0 0 -1
    outer loop
      vertex 43.76 33.71 0.579999
      vertex 45.68 34.67 0.579999
      vertex 45.68 33.71 0.579999
    endloop
  endfacet
  facet normal -0 0 -1
    outer loop
      vertex 45.68 34.67 0.579999
      vertex 43.76 33.71 0.579999
      vertex 43.76 34.67 0.579999
    endloop
  endfacet
  facet normal 1 -0 0
    outer loop
      vertex 43.76 33.71 0.579999
      vertex 43.76 34.67 0
      vertex 43.76 34.67 0.579999
    endloop
  endfacet
  facet normal 1 0 0
    outer loop
      vertex 43.76 34.67 0
      vertex 43.76 33.71 0.579999
      vertex 43.76 33.71 0
    endloop
  endfacet
  facet normal 0 -1 0
    outer loop
      vertex 43.76 34.67 0
      vertex 45.68 34.67 0.579999
      vertex 43.76 34.67 0.579999
    endloop
  endfacet
  facet normal 0 -1 -0
    outer loop
      vertex 45.68 34.67 0.579999
      vertex 43.76 34.67 0
      vertex 45.68 34.67 0
    endloop
  endfacet
  facet normal 0 1 -0
    outer loop
      vertex 45.68 33.71 0
      vertex 43.76 33.71 0.579999
      vertex 45.68 33.71 0.579999
    endloop
  endfacet
  facet normal 0 1 0
    outer loop
      vertex 43.76 33.71 0.579999
      vertex 45.68 33.71 0
      vertex 43.76 33.71 0
    endloop
  endfacet
  facet normal -1 0 0
    outer loop
      vertex 45.68 33.71 0
      vertex 45.68 34.67 0.579999
      vertex 45.68 34.67 0
    endloop
  endfacet
  facet normal -1 -0 0
    outer loop
      vertex 45.68 34.67 0.579999
      vertex 45.68 33.71 0
      vertex 45.68 33.71 0.579999
    endloop
  endfacet
  facet normal -1 0 0
    outer loop
      vertex 47.6 33.71 0
      vertex 47.6 34.67 0.579999
      vertex 47.6 34.67 0
    endloop
  endfacet
  facet normal -1 -0 0
    outer loop
      vertex 47.6 34.67 0.579999
      vertex 47.6 33.71 0
      vertex 47.6 33.71 0.579999
    endloop
  endfacet
  facet normal 0 0 -1
    outer loop
      vertex 46.64 33.71 0.579999
      vertex 47.6 34.67 0.579999
      vertex 47.6 33.71 0.579999
    endloop
  endfacet
  facet normal -0 0 -1
    outer loop
      vertex 47.6 34.67 0.579999
      vertex 46.64 33.71 0.579999
      vertex 46.64 34.67 0.579999
    endloop
  endfacet
  facet normal 1 -0 0
    outer loop
      vertex 46.64 33.71 0.579999
      vertex 46.64 34.67 0
      vertex 46.64 34.67 0.579999
    endloop
  endfacet
  facet normal 1 0 0
    outer loop
      vertex 46.64 34.67 0
      vertex 46.64 33.71 0.579999
      vertex 46.64 33.71 0
    endloop
  endfacet
  facet normal 0 -1 0
    outer loop
      vertex 46.64 34.67 0
      vertex 47.6 34.67 0.579999
      vertex 46.64 34.67 0.579999
    endloop
  endfacet
  facet normal 0 -1 -0
    outer loop
      vertex 47.6 34.67 0.579999
      vertex 46.64 34.67 0
      vertex 47.6 34.67 0
    endloop
  endfacet
  facet normal 0 1 -0
    outer loop
      vertex 47.6 33.71 0
      vertex 46.64 33.71 0.579999
      vertex 47.6 33.71 0.579999
    endloop
  endfacet
  facet normal 0 1 0
    outer loop
      vertex 46.64 33.71 0.579999
      vertex 47.6 33.71 0
      vertex 46.64 33.71 0
    endloop
  endfacet
  facet normal 1 -0 0
    outer loop
      vertex 50.48 34.67 0.579999
      vertex 50.48 37.55 0
      vertex 50.48 37.55 0.579999
    endloop
  endfacet
  facet normal 1 0 0
    outer loop
      vertex 50.48 37.55 0
      vertex 50.48 34.67 0.579999
      vertex 50.48 34.67 0
    endloop
  endfacet
  facet normal 1 -0 0
    outer loop
      vertex 49.52 33.71 0.579999
      vertex 49.52 34.67 0
      vertex 49.52 34.67 0.579999
    endloop
  endfacet
  facet normal 1 0 0
    outer loop
      vertex 49.52 34.67 0
      vertex 49.52 33.71 0.579999
      vertex 49.52 33.71 0
    endloop
  endfacet
  facet normal 0 -1 0
    outer loop
      vertex 49.52 34.67 0
      vertex 50.48 34.67 0.579999
      vertex 49.52 34.67 0.579999
    endloop
  endfacet
  facet normal 0 -1 -0
    outer loop
      vertex 50.48 34.67 0.579999
      vertex 49.52 34.67 0
      vertex 50.48 34.67 0
    endloop
  endfacet
  facet normal 0 1 -0
    outer loop
      vertex 50.48 33.71 0
      vertex 49.52 33.71 0.579999
      vertex 50.48 33.71 0.579999
    endloop
  endfacet
  facet normal 0 1 0
    outer loop
      vertex 49.52 33.71 0.579999
      vertex 50.48 33.71 0
      vertex 49.52 33.71 0
    endloop
  endfacet
  facet normal -1 0 0
    outer loop
      vertex 59.12 34.67 0
      vertex 59.12 36.59 0.579999
      vertex 59.12 36.59 0
    endloop
  endfacet
  facet normal -1 -0 0
    outer loop
      vertex 59.12 36.59 0.579999
      vertex 59.12 34.67 0
      vertex 59.12 34.67 0.579999
    endloop
  endfacet
  facet normal -1 0 0
    outer loop
      vertex 60.08 33.71 0
      vertex 60.08 34.67 0.579999
      vertex 60.08 34.67 0
    endloop
  endfacet
  facet normal -1 -0 0
    outer loop
      vertex 60.08 34.67 0.579999
      vertex 60.08 33.71 0
      vertex 60.08 33.71 0.579999
    endloop
  endfacet
  facet normal 0 -1 0
    outer loop
      vertex 59.12 34.67 0
      vertex 60.08 34.67 0.579999
      vertex 59.12 34.67 0.579999
    endloop
  endfacet
  facet normal 0 -1 -0
    outer loop
      vertex 60.08 34.67 0.579999
      vertex 59.12 34.67 0
      vertex 60.08 34.67 0
    endloop
  endfacet
  facet normal 0 1 -0
    outer loop
      vertex 60.08 33.71 0
      vertex 59.12 33.71 0.579999
      vertex 60.08 33.71 0.579999
    endloop
  endfacet
  facet normal 0 1 0
    outer loop
      vertex 59.12 33.71 0.579999
      vertex 60.08 33.71 0
      vertex 59.12 33.71 0
    endloop
  endfacet
  facet normal -1 0 0
    outer loop
      vertex 62.96 33.71 0
      vertex 62.96 34.67 0.579999
      vertex 62.96 34.67 0
    endloop
  endfacet
  facet normal -1 -0 0
    outer loop
      vertex 62.96 34.67 0.579999
      vertex 62.96 33.71 0
      vertex 62.96 33.71 0.579999
    endloop
  endfacet
  facet normal 0 0 -1
    outer loop
      vertex 62 33.71 0.579999
      vertex 62.96 34.67 0.579999
      vertex 62.96 33.71 0.579999
    endloop
  endfacet
  facet normal -0 0 -1
    outer loop
      vertex 62.96 34.67 0.579999
      vertex 62 33.71 0.579999
      vertex 62 34.67 0.579999
    endloop
  endfacet
  facet normal 1 -0 0
    outer loop
      vertex 62 33.71 0.579999
      vertex 62 34.67 0
      vertex 62 34.67 0.579999
    endloop
  endfacet
  facet normal 1 0 0
    outer loop
      vertex 62 34.67 0
      vertex 62 33.71 0.579999
      vertex 62 33.71 0
    endloop
  endfacet
  facet normal 0 -1 0
    outer loop
      vertex 62 34.67 0
      vertex 62.96 34.67 0.579999
      vertex 62 34.67 0.579999
    endloop
  endfacet
  facet normal 0 -1 -0
    outer loop
      vertex 62.96 34.67 0.579999
      vertex 62 34.67 0
      vertex 62.96 34.67 0
    endloop
  endfacet
  facet normal 0 1 -0
    outer loop
      vertex 62.96 33.71 0
      vertex 62 33.71 0.579999
      vertex 62.96 33.71 0.579999
    endloop
  endfacet
  facet normal 0 1 0
    outer loop
      vertex 62 33.71 0.579999
      vertex 62.96 33.71 0
      vertex 62 33.71 0
    endloop
  endfacet
  facet normal 1 -0 0
    outer loop
      vertex 23.6 34.67 0.579999
      vertex 23.6 37.55 0
      vertex 23.6 37.55 0.579999
    endloop
  endfacet
  facet normal 1 0 0
    outer loop
      vertex 23.6 37.55 0
      vertex 23.6 34.67 0.579999
      vertex 23.6 34.67 0
    endloop
  endfacet
  facet normal 0 1 -0
    outer loop
      vertex 24.56 34.67 0
      vertex 23.6 34.67 0.579999
      vertex 24.56 34.67 0.579999
    endloop
  endfacet
  facet normal 0 1 0
    outer loop
      vertex 23.6 34.67 0.579999
      vertex 24.56 34.67 0
      vertex 23.6 34.67 0
    endloop
  endfacet
  facet normal 1 -0 0
    outer loop
      vertex 29.36 34.67 0.579999
      vertex 29.36 36.59 0
      vertex 29.36 36.59 0.579999
    endloop
  endfacet
  facet normal 1 0 0
    outer loop
      vertex 29.36 36.59 0
      vertex 29.36 34.67 0.579999
      vertex 29.36 34.67 0
    endloop
  endfacet
  facet normal 1 -0 0
    outer loop
      vertex 36.08 34.67 0.579999
      vertex 36.08 36.59 0
      vertex 36.08 36.59 0.579999
    endloop
  endfacet
  facet normal 1 0 0
    outer loop
      vertex 36.08 36.59 0
      vertex 36.08 34.67 0.579999
      vertex 36.08 34.67 0
    endloop
  endfacet
  facet normal 0 1 -0
    outer loop
      vertex 37.04 34.67 0
      vertex 36.08 34.67 0.579999
      vertex 37.04 34.67 0.579999
    endloop
  endfacet
  facet normal 0 1 0
    outer loop
      vertex 36.08 34.67 0.579999
      vertex 37.04 34.67 0
      vertex 36.08 34.67 0
    endloop
  endfacet
  facet normal -1 0 0
    outer loop
      vertex 38 34.67 0
      vertex 38 37.55 0.579999
      vertex 38 37.55 0
    endloop
  endfacet
  facet normal -1 -0 0
    outer loop
      vertex 38 37.55 0.579999
      vertex 38 34.67 0
      vertex 38 34.67 0.579999
    endloop
  endfacet
  facet normal 1 -0 0
    outer loop
      vertex 39.92 34.67 0.579999
      vertex 39.92 36.59 0
      vertex 39.92 36.59 0.579999
    endloop
  endfacet
  facet normal 1 0 0
    outer loop
      vertex 39.92 36.59 0
      vertex 39.92 34.67 0.579999
      vertex 39.92 34.67 0
    endloop
  endfacet
  facet normal 1 -0 0
    outer loop
      vertex 47.6 34.67 0.579999
      vertex 47.6 37.55 0
      vertex 47.6 37.55 0.579999
    endloop
  endfacet
  facet normal 1 0 0
    outer loop
      vertex 47.6 37.55 0
      vertex 47.6 34.67 0.579999
      vertex 47.6 34.67 0
    endloop
  endfacet
  facet normal 0 1 -0
    outer loop
      vertex 49.52 34.67 0
      vertex 47.6 34.67 0.579999
      vertex 49.52 34.67 0.579999
    endloop
  endfacet
  facet normal 0 1 0
    outer loop
      vertex 47.6 34.67 0.579999
      vertex 49.52 34.67 0
      vertex 47.6 34.67 0
    endloop
  endfacet
  facet normal -1 0 0
    outer loop
      vertex 49.52 34.67 0
      vertex 49.52 43.31 0.579999
      vertex 49.52 43.31 0
    endloop
  endfacet
  facet normal -1 -0 0
    outer loop
      vertex 49.52 43.31 0.579999
      vertex 49.52 34.67 0
      vertex 49.52 34.67 0.579999
    endloop
  endfacet
  facet normal 1 -0 0
    outer loop
      vertex 53.36 34.67 0.579999
      vertex 53.36 36.59 0
      vertex 53.36 36.59 0.579999
    endloop
  endfacet
  facet normal 1 0 0
    outer loop
      vertex 53.36 36.59 0
      vertex 53.36 34.67 0.579999
      vertex 53.36 34.67 0
    endloop
  endfacet
  facet normal 0 1 -0
    outer loop
      vertex 57.2 34.67 0
      vertex 53.36 34.67 0.579999
      vertex 57.2 34.67 0.579999
    endloop
  endfacet
  facet normal 0 1 0
    outer loop
      vertex 53.36 34.67 0.579999
      vertex 57.2 34.67 0
      vertex 53.36 34.67 0
    endloop
  endfacet
  facet normal 1 -0 0
    outer loop
      vertex 60.08 34.67 0.579999
      vertex 60.08 36.59 0
      vertex 60.08 36.59 0.579999
    endloop
  endfacet
  facet normal 1 0 0
    outer loop
      vertex 60.08 36.59 0
      vertex 60.08 34.67 0.579999
      vertex 60.08 34.67 0
    endloop
  endfacet
  facet normal 0 1 -0
    outer loop
      vertex 62 34.67 0
      vertex 60.08 34.67 0.579999
      vertex 62 34.67 0.579999
    endloop
  endfacet
  facet normal 0 1 0
    outer loop
      vertex 60.08 34.67 0.579999
      vertex 62 34.67 0
      vertex 60.08 34.67 0
    endloop
  endfacet
  facet normal -1 0 0
    outer loop
      vertex 62 34.67 0
      vertex 62 36.59 0.579999
      vertex 62 36.59 0
    endloop
  endfacet
  facet normal -1 -0 0
    outer loop
      vertex 62 36.59 0.579999
      vertex 62 34.67 0
      vertex 62 34.67 0.579999
    endloop
  endfacet
  facet normal 1 -0 0
    outer loop
      vertex 62.96 34.67 0.579999
      vertex 62.96 36.59 0
      vertex 62.96 36.59 0.579999
    endloop
  endfacet
  facet normal 1 0 0
    outer loop
      vertex 62.96 36.59 0
      vertex 62.96 34.67 0.579999
      vertex 62.96 34.67 0
    endloop
  endfacet
  facet normal 0 1 -0
    outer loop
      vertex 64.88 34.67 0
      vertex 62.96 34.67 0.579999
      vertex 64.88 34.67 0.579999
    endloop
  endfacet
  facet normal 0 1 0
    outer loop
      vertex 62.96 34.67 0.579999
      vertex 64.88 34.67 0
      vertex 62.96 34.67 0
    endloop
  endfacet
  facet normal -1 0 0
    outer loop
      vertex 64.88 34.67 0
      vertex 64.88 37.55 0.579999
      vertex 64.88 37.55 0
    endloop
  endfacet
  facet normal -1 -0 0
    outer loop
      vertex 64.88 37.55 0.579999
      vertex 64.88 34.67 0
      vertex 64.88 34.67 0.579999
    endloop
  endfacet
  facet normal 1 -0 0
    outer loop
      vertex 30.32 36.59 0.579999
      vertex 30.32 37.55 0
      vertex 30.32 37.55 0.579999
    endloop
  endfacet
  facet normal 1 0 0
    outer loop
      vertex 30.32 37.55 0
      vertex 30.32 36.59 0.579999
      vertex 30.32 36.59 0
    endloop
  endfacet
  facet normal 0 -1 0
    outer loop
      vertex 29.36 36.59 0
      vertex 30.32 36.59 0.579999
      vertex 29.36 36.59 0.579999
    endloop
  endfacet
  facet normal 0 -1 -0
    outer loop
      vertex 30.32 36.59 0.579999
      vertex 29.36 36.59 0
      vertex 30.32 36.59 0
    endloop
  endfacet
  facet normal 0 -1 0
    outer loop
      vertex 36.08 36.59 0
      vertex 37.04 36.59 0.579999
      vertex 36.08 36.59 0.579999
    endloop
  endfacet
  facet normal 0 -1 -0
    outer loop
      vertex 37.04 36.59 0.579999
      vertex 36.08 36.59 0
      vertex 37.04 36.59 0
    endloop
  endfacet
  facet normal 0 -1 0
    outer loop
      vertex 39.92 36.59 0
      vertex 40.88 36.59 0.579999
      vertex 39.92 36.59 0.579999
    endloop
  endfacet
  facet normal 0 -1 -0
    outer loop
      vertex 40.88 36.59 0.579999
      vertex 39.92 36.59 0
      vertex 40.88 36.59 0
    endloop
  endfacet
  facet normal 0 1 -0
    outer loop
      vertex 53.36 36.59 0
      vertex 52.4 36.59 0.579999
      vertex 53.36 36.59 0.579999
    endloop
  endfacet
  facet normal 0 1 0
    outer loop
      vertex 52.4 36.59 0.579999
      vertex 53.36 36.59 0
      vertex 52.4 36.59 0
    endloop
  endfacet
  facet normal 0 -1 0
    outer loop
      vertex 57.2 36.59 0
      vertex 59.12 36.59 0.579999
      vertex 57.2 36.59 0.579999
    endloop
  endfacet
  facet normal 0 -1 -0
    outer loop
      vertex 59.12 36.59 0.579999
      vertex 57.2 36.59 0
      vertex 59.12 36.59 0
    endloop
  endfacet
  facet normal 0 1 -0
    outer loop
      vertex 62.96 36.59 0
      vertex 62 36.59 0.579999
      vertex 62.96 36.59 0.579999
    endloop
  endfacet
  facet normal 0 1 0
    outer loop
      vertex 62 36.59 0.579999
      vertex 62.96 36.59 0
      vertex 62 36.59 0
    endloop
  endfacet
  facet normal 0 1 -0
    outer loop
      vertex 23.6 37.55 0
      vertex 21.68 37.55 0.579999
      vertex 23.6 37.55 0.579999
    endloop
  endfacet
  facet normal 0 1 0
    outer loop
      vertex 21.68 37.55 0.579999
      vertex 23.6 37.55 0
      vertex 21.68 37.55 0
    endloop
  endfacet
  facet normal 0 -1 0
    outer loop
      vertex 24.56 37.55 0
      vertex 26.48 37.55 0.579999
      vertex 24.56 37.55 0.579999
    endloop
  endfacet
  facet normal 0 -1 -0
    outer loop
      vertex 26.48 37.55 0.579999
      vertex 24.56 37.55 0
      vertex 26.48 37.55 0
    endloop
  endfacet
  facet normal 0 -1 0
    outer loop
      vertex 30.32 37.55 0
      vertex 33.2 37.55 0.579999
      vertex 30.32 37.55 0.579999
    endloop
  endfacet
  facet normal 0 -1 -0
    outer loop
      vertex 33.2 37.55 0.579999
      vertex 30.32 37.55 0
      vertex 33.2 37.55 0
    endloop
  endfacet
  facet normal 0 -1 0
    outer loop
      vertex 34.16 37.55 0
      vertex 36.08 37.55 0.579999
      vertex 34.16 37.55 0.579999
    endloop
  endfacet
  facet normal 0 -1 -0
    outer loop
      vertex 36.08 37.55 0.579999
      vertex 34.16 37.55 0
      vertex 36.08 37.55 0
    endloop
  endfacet
  facet normal 0 1 -0
    outer loop
      vertex 36.08 36.59 0
      vertex 34.16 36.59 0.579999
      vertex 36.08 36.59 0.579999
    endloop
  endfacet
  facet normal 0 1 0
    outer loop
      vertex 34.16 36.59 0.579999
      vertex 36.08 36.59 0
      vertex 34.16 36.59 0
    endloop
  endfacet
  facet normal -1 0 0
    outer loop
      vertex 36.08 36.59 0
      vertex 36.08 37.55 0.579999
      vertex 36.08 37.55 0
    endloop
  endfacet
  facet normal -1 -0 0
    outer loop
      vertex 36.08 37.55 0.579999
      vertex 36.08 36.59 0
      vertex 36.08 36.59 0.579999
    endloop
  endfacet
  facet normal 1 -0 0
    outer loop
      vertex 37.04 36.59 0.579999
      vertex 37.04 37.55 0
      vertex 37.04 37.55 0.579999
    endloop
  endfacet
  facet normal 1 0 0
    outer loop
      vertex 37.04 37.55 0
      vertex 37.04 36.59 0.579999
      vertex 37.04 36.59 0
    endloop
  endfacet
  facet normal 0 1 -0
    outer loop
      vertex 39.92 37.55 0
      vertex 38 37.55 0.579999
      vertex 39.92 37.55 0.579999
    endloop
  endfacet
  facet normal 0 1 0
    outer loop
      vertex 38 37.55 0.579999
      vertex 39.92 37.55 0
      vertex 38 37.55 0
    endloop
  endfacet
  facet normal 0 1 -0
    outer loop
      vertex 37.04 37.55 0
      vertex 36.08 37.55 0.579999
      vertex 37.04 37.55 0.579999
    endloop
  endfacet
  facet normal 0 1 0
    outer loop
      vertex 36.08 37.55 0.579999
      vertex 37.04 37.55 0
      vertex 36.08 37.55 0
    endloop
  endfacet
  facet normal 0 0 -1
    outer loop
      vertex 40.88 36.59 0.579999
      vertex 43.76 37.55 0.579999
      vertex 43.76 36.59 0.579999
    endloop
  endfacet
  facet normal -0 0 -1
    outer loop
      vertex 43.76 37.55 0.579999
      vertex 40.88 36.59 0.579999
      vertex 40.88 37.55 0.579999
    endloop
  endfacet
  facet normal 1 -0 0
    outer loop
      vertex 40.88 36.59 0.579999
      vertex 40.88 37.55 0
      vertex 40.88 37.55 0.579999
    endloop
  endfacet
  facet normal 1 0 0
    outer loop
      vertex 40.88 37.55 0
      vertex 40.88 36.59 0.579999
      vertex 40.88 36.59 0
    endloop
  endfacet
  facet normal 0 -1 0
    outer loop
      vertex 40.88 37.55 0
      vertex 43.76 37.55 0.579999
      vertex 40.88 37.55 0.579999
    endloop
  endfacet
  facet normal 0 -1 -0
    outer loop
      vertex 43.76 37.55 0.579999
      vertex 40.88 37.55 0
      vertex 43.76 37.55 0
    endloop
  endfacet
  facet normal 0 1 -0
    outer loop
      vertex 43.76 36.59 0
      vertex 40.88 36.59 0.579999
      vertex 43.76 36.59 0.579999
    endloop
  endfacet
  facet normal 0 1 0
    outer loop
      vertex 40.88 36.59 0.579999
      vertex 43.76 36.59 0
      vertex 40.88 36.59 0
    endloop
  endfacet
  facet normal -1 0 0
    outer loop
      vertex 43.76 36.59 0
      vertex 43.76 37.55 0.579999
      vertex 43.76 37.55 0
    endloop
  endfacet
  facet normal -1 -0 0
    outer loop
      vertex 43.76 37.55 0.579999
      vertex 43.76 36.59 0
      vertex 43.76 36.59 0.579999
    endloop
  endfacet
  facet normal 0 -1 0
    outer loop
      vertex 50.48 37.55 0
      vertex 53.36 37.55 0.579999
      vertex 50.48 37.55 0.579999
    endloop
  endfacet
  facet normal 0 -1 -0
    outer loop
      vertex 53.36 37.55 0.579999
      vertex 50.48 37.55 0
      vertex 53.36 37.55 0
    endloop
  endfacet
  facet normal -1 0 0
    outer loop
      vertex 57.2 36.59 0
      vertex 57.2 37.55 0.579999
      vertex 57.2 37.55 0
    endloop
  endfacet
  facet normal -1 -0 0
    outer loop
      vertex 57.2 37.55 0.579999
      vertex 57.2 36.59 0
      vertex 57.2 36.59 0.579999
    endloop
  endfacet
  facet normal 1 -0 0
    outer loop
      vertex 59.12 36.59 0.579999
      vertex 59.12 37.55 0
      vertex 59.12 37.55 0.579999
    endloop
  endfacet
  facet normal 1 0 0
    outer loop
      vertex 59.12 37.55 0
      vertex 59.12 36.59 0.579999
      vertex 59.12 36.59 0
    endloop
  endfacet
  facet normal 0 1 -0
    outer loop
      vertex 60.08 36.59 0
      vertex 59.12 36.59 0.579999
      vertex 60.08 36.59 0.579999
    endloop
  endfacet
  facet normal 0 1 0
    outer loop
      vertex 59.12 36.59 0.579999
      vertex 60.08 36.59 0
      vertex 59.12 36.59 0
    endloop
  endfacet
  facet normal 0 -1 0
    outer loop
      vertex 62 37.55 0
      vertex 64.88 37.55 0.579999
      vertex 62 37.55 0.579999
    endloop
  endfacet
  facet normal 0 -1 -0
    outer loop
      vertex 64.88 37.55 0.579999
      vertex 62 37.55 0
      vertex 64.88 37.55 0
    endloop
  endfacet
  facet normal -1 0 0
    outer loop
      vertex 24.56 37.55 0
      vertex 24.56 39.47 0.579999
      vertex 24.56 39.47 0
    endloop
  endfacet
  facet normal -1 -0 0
    outer loop
      vertex 24.56 39.47 0.579999
      vertex 24.56 37.55 0
      vertex 24.56 37.55 0.579999
    endloop
  endfacet
  facet normal 0 0 -1
    outer loop
      vertex 26.48 37.55 0.579999
      vertex 30.32 39.47 0.579999
      vertex 30.32 37.55 0.579999
    endloop
  endfacet
  facet normal -0 0 -1
    outer loop
      vertex 30.32 39.47 0.579999
      vertex 26.48 37.55 0.579999
      vertex 26.48 39.47 0.579999
    endloop
  endfacet
  facet normal 1 -0 0
    outer loop
      vertex 26.48 37.55 0.579999
      vertex 26.48 39.47 0
      vertex 26.48 39.47 0.579999
    endloop
  endfacet
  facet normal 1 0 0
    outer loop
      vertex 26.48 39.47 0
      vertex 26.48 37.55 0.579999
      vertex 26.48 37.55 0
    endloop
  endfacet
  facet normal 0 1 -0
    outer loop
      vertex 30.32 37.55 0
      vertex 26.48 37.55 0.579999
      vertex 30.32 37.55 0.579999
    endloop
  endfacet
  facet normal 0 1 0
    outer loop
      vertex 26.48 37.55 0.579999
      vertex 30.32 37.55 0
      vertex 26.48 37.55 0
    endloop
  endfacet
  facet normal -1 0 0
    outer loop
      vertex 30.32 37.55 0
      vertex 30.32 39.47 0.579999
      vertex 30.32 39.47 0
    endloop
  endfacet
  facet normal -1 -0 0
    outer loop
      vertex 30.32 39.47 0.579999
      vertex 30.32 37.55 0
      vertex 30.32 37.55 0.579999
    endloop
  endfacet
  facet normal -1 0 0
    outer loop
      vertex 34.16 37.55 0
      vertex 34.16 39.47 0.579999
      vertex 34.16 39.47 0
    endloop
  endfacet
  facet normal -1 -0 0
    outer loop
      vertex 34.16 39.47 0.579999
      vertex 34.16 37.55 0
      vertex 34.16 37.55 0.579999
    endloop
  endfacet
  facet normal 1 -0 0
    outer loop
      vertex 33.2 37.55 0.579999
      vertex 33.2 39.47 0
      vertex 33.2 39.47 0.579999
    endloop
  endfacet
  facet normal 1 0 0
    outer loop
      vertex 33.2 39.47 0
      vertex 33.2 37.55 0.579999
      vertex 33.2 37.55 0
    endloop
  endfacet
  facet normal 1 -0 0
    outer loop
      vertex 36.08 37.55 0.579999
      vertex 36.08 39.47 0
      vertex 36.08 39.47 0.579999
    endloop
  endfacet
  facet normal 1 0 0
    outer loop
      vertex 36.08 39.47 0
      vertex 36.08 37.55 0.579999
      vertex 36.08 37.55 0
    endloop
  endfacet
  facet normal -1 0 0
    outer loop
      vertex 39.92 37.55 0
      vertex 39.92 39.47 0.579999
      vertex 39.92 39.47 0
    endloop
  endfacet
  facet normal -1 -0 0
    outer loop
      vertex 39.92 39.47 0.579999
      vertex 39.92 37.55 0
      vertex 39.92 37.55 0.579999
    endloop
  endfacet
  facet normal 1 -0 0
    outer loop
      vertex 45.68 37.55 0.579999
      vertex 45.68 39.47 0
      vertex 45.68 39.47 0.579999
    endloop
  endfacet
  facet normal 1 0 0
    outer loop
      vertex 45.68 39.47 0
      vertex 45.68 37.55 0.579999
      vertex 45.68 37.55 0
    endloop
  endfacet
  facet normal 0 1 -0
    outer loop
      vertex 47.6 37.55 0
      vertex 45.68 37.55 0.579999
      vertex 47.6 37.55 0.579999
    endloop
  endfacet
  facet normal 0 1 0
    outer loop
      vertex 45.68 37.55 0.579999
      vertex 47.6 37.55 0
      vertex 45.68 37.55 0
    endloop
  endfacet
  facet normal 1 -0 0
    outer loop
      vertex 53.36 37.55 0.579999
      vertex 53.36 40.43 0
      vertex 53.36 40.43 0.579999
    endloop
  endfacet
  facet normal 1 0 0
    outer loop
      vertex 53.36 40.43 0
      vertex 53.36 37.55 0.579999
      vertex 53.36 37.55 0
    endloop
  endfacet
  facet normal -1 0 0
    outer loop
      vertex 55.28 39.47 0
      vertex 55.28 43.31 0.579999
      vertex 55.28 43.31 0
    endloop
  endfacet
  facet normal -1 -0 0
    outer loop
      vertex 55.28 43.31 0.579999
      vertex 55.28 39.47 0
      vertex 55.28 39.47 0.579999
    endloop
  endfacet
  facet normal 0 1 -0
    outer loop
      vertex 59.12 37.55 0
      vertex 57.2 37.55 0.579999
      vertex 59.12 37.55 0.579999
    endloop
  endfacet
  facet normal 0 1 0
    outer loop
      vertex 57.2 37.55 0.579999
      vertex 59.12 37.55 0
      vertex 57.2 37.55 0
    endloop
  endfacet
  facet normal -1 0 0
    outer loop
      vertex 62 37.55 0
      vertex 62 39.47 0.579999
      vertex 62 39.47 0
    endloop
  endfacet
  facet normal -1 -0 0
    outer loop
      vertex 62 39.47 0.579999
      vertex 62 37.55 0
      vertex 62 37.55 0.579999
    endloop
  endfacet
  facet normal -1 0 0
    outer loop
      vertex 65.84 37.55 0
      vertex 65.84 40.43 0.579999
      vertex 65.84 40.43 0
    endloop
  endfacet
  facet normal -1 -0 0
    outer loop
      vertex 65.84 40.43 0.579999
      vertex 65.84 37.55 0
      vertex 65.84 37.55 0.579999
    endloop
  endfacet
  facet normal 1 -0 0
    outer loop
      vertex 64.88 37.55 0.579999
      vertex 64.88 39.47 0
      vertex 64.88 39.47 0.579999
    endloop
  endfacet
  facet normal 1 0 0
    outer loop
      vertex 64.88 39.47 0
      vertex 64.88 37.55 0.579999
      vertex 64.88 37.55 0
    endloop
  endfacet
  facet normal 0 1 -0
    outer loop
      vertex 65.84 37.55 0
      vertex 64.88 37.55 0.579999
      vertex 65.84 37.55 0.579999
    endloop
  endfacet
  facet normal 0 1 0
    outer loop
      vertex 64.88 37.55 0.579999
      vertex 65.84 37.55 0
      vertex 64.88 37.55 0
    endloop
  endfacet
  facet normal 0 -1 0
    outer loop
      vertex 20.72 39.47 0
      vertex 24.56 39.47 0.579999
      vertex 20.72 39.47 0.579999
    endloop
  endfacet
  facet normal 0 -1 -0
    outer loop
      vertex 24.56 39.47 0.579999
      vertex 20.72 39.47 0
      vertex 24.56 39.47 0
    endloop
  endfacet
  facet normal 0 -1 0
    outer loop
      vertex 26.48 39.47 0
      vertex 30.32 39.47 0.579999
      vertex 26.48 39.47 0.579999
    endloop
  endfacet
  facet normal 0 -1 -0
    outer loop
      vertex 30.32 39.47 0.579999
      vertex 26.48 39.47 0
      vertex 30.32 39.47 0
    endloop
  endfacet
  facet normal 0 -1 0
    outer loop
      vertex 33.2 39.47 0
      vertex 34.16 39.47 0.579999
      vertex 33.2 39.47 0.579999
    endloop
  endfacet
  facet normal 0 -1 -0
    outer loop
      vertex 34.16 39.47 0.579999
      vertex 33.2 39.47 0
      vertex 34.16 39.47 0
    endloop
  endfacet
  facet normal 0 -1 0
    outer loop
      vertex 36.08 39.47 0
      vertex 38 39.47 0.579999
      vertex 36.08 39.47 0.579999
    endloop
  endfacet
  facet normal 0 -1 -0
    outer loop
      vertex 38 39.47 0.579999
      vertex 36.08 39.47 0
      vertex 38 39.47 0
    endloop
  endfacet
  facet normal 0 1 -0
    outer loop
      vertex 45.68 39.47 0
      vertex 39.92 39.47 0.579999
      vertex 45.68 39.47 0.579999
    endloop
  endfacet
  facet normal 0 1 0
    outer loop
      vertex 39.92 39.47 0.579999
      vertex 45.68 39.47 0
      vertex 39.92 39.47 0
    endloop
  endfacet
  facet normal 0 -1 0
    outer loop
      vertex 55.28 39.47 0
      vertex 59.12 39.47 0.579999
      vertex 55.28 39.47 0.579999
    endloop
  endfacet
  facet normal 0 -1 -0
    outer loop
      vertex 59.12 39.47 0.579999
      vertex 55.28 39.47 0
      vertex 59.12 39.47 0
    endloop
  endfacet
  facet normal 0 -1 0
    outer loop
      vertex 60.08 39.47 0
      vertex 62 39.47 0.579999
      vertex 60.08 39.47 0.579999
    endloop
  endfacet
  facet normal 0 -1 -0
    outer loop
      vertex 62 39.47 0.579999
      vertex 60.08 39.47 0
      vertex 62 39.47 0
    endloop
  endfacet
  facet normal 0 0 -1
    outer loop
      vertex 31.28 39.47 0.579999
      vertex 33.2 40.43 0.579999
      vertex 33.2 39.47 0.579999
    endloop
  endfacet
  facet normal -0 0 -1
    outer loop
      vertex 33.2 40.43 0.579999
      vertex 31.28 39.47 0.579999
      vertex 31.28 40.43 0.579999
    endloop
  endfacet
  facet normal 1 -0 0
    outer loop
      vertex 31.28 39.47 0.579999
      vertex 31.28 40.43 0
      vertex 31.28 40.43 0.579999
    endloop
  endfacet
  facet normal 1 0 0
    outer loop
      vertex 31.28 40.43 0
      vertex 31.28 39.47 0.579999
      vertex 31.28 39.47 0
    endloop
  endfacet
  facet normal 0 -1 0
    outer loop
      vertex 31.28 40.43 0
      vertex 33.2 40.43 0.579999
      vertex 31.28 40.43 0.579999
    endloop
  endfacet
  facet normal 0 -1 -0
    outer loop
      vertex 33.2 40.43 0.579999
      vertex 31.28 40.43 0
      vertex 33.2 40.43 0
    endloop
  endfacet
  facet normal 0 1 -0
    outer loop
      vertex 33.2 39.47 0
      vertex 31.28 39.47 0.579999
      vertex 33.2 39.47 0.579999
    endloop
  endfacet
  facet normal 0 1 0
    outer loop
      vertex 31.28 39.47 0.579999
      vertex 33.2 39.47 0
      vertex 31.28 39.47 0
    endloop
  endfacet
  facet normal -1 0 0
    outer loop
      vertex 33.2 39.47 0
      vertex 33.2 40.43 0.579999
      vertex 33.2 40.43 0
    endloop
  endfacet
  facet normal -1 -0 0
    outer loop
      vertex 33.2 40.43 0.579999
      vertex 33.2 39.47 0
      vertex 33.2 39.47 0.579999
    endloop
  endfacet
  facet normal 1 -0 0
    outer loop
      vertex 38 39.47 0.579999
      vertex 38 40.43 0
      vertex 38 40.43 0.579999
    endloop
  endfacet
  facet normal 1 0 0
    outer loop
      vertex 38 40.43 0
      vertex 38 39.47 0.579999
      vertex 38 39.47 0
    endloop
  endfacet
  facet normal 0 -1 0
    outer loop
      vertex 38 40.43 0
      vertex 39.92 40.43 0.579999
      vertex 38 40.43 0.579999
    endloop
  endfacet
  facet normal 0 -1 -0
    outer loop
      vertex 39.92 40.43 0.579999
      vertex 38 40.43 0
      vertex 39.92 40.43 0
    endloop
  endfacet
  facet normal 0 -1 0
    outer loop
      vertex 42.8 40.43 0
      vertex 43.76 40.43 0.579999
      vertex 42.8 40.43 0.579999
    endloop
  endfacet
  facet normal 0 -1 -0
    outer loop
      vertex 43.76 40.43 0.579999
      vertex 42.8 40.43 0
      vertex 43.76 40.43 0
    endloop
  endfacet
  facet normal 1 -0 0
    outer loop
      vertex 43.76 40.43 0.579999
      vertex 43.76 43.31 0
      vertex 43.76 43.31 0.579999
    endloop
  endfacet
  facet normal 1 0 0
    outer loop
      vertex 43.76 43.31 0
      vertex 43.76 40.43 0.579999
      vertex 43.76 40.43 0
    endloop
  endfacet
  facet normal 0 -1 0
    outer loop
      vertex 45.68 40.43 0
      vertex 47.6 40.43 0.579999
      vertex 45.68 40.43 0.579999
    endloop
  endfacet
  facet normal 0 -1 -0
    outer loop
      vertex 47.6 40.43 0.579999
      vertex 45.68 40.43 0
      vertex 47.6 40.43 0
    endloop
  endfacet
  facet normal 0 0 -1
    outer loop
      vertex 50.48 39.47 0.579999
      vertex 52.4 40.43 0.579999
      vertex 52.4 39.47 0.579999
    endloop
  endfacet
  facet normal -0 0 -1
    outer loop
      vertex 52.4 40.43 0.579999
      vertex 50.48 39.47 0.579999
      vertex 50.48 40.43 0.579999
    endloop
  endfacet
  facet normal 1 -0 0
    outer loop
      vertex 50.48 39.47 0.579999
      vertex 50.48 40.43 0
      vertex 50.48 40.43 0.579999
    endloop
  endfacet
  facet normal 1 0 0
    outer loop
      vertex 50.48 40.43 0
      vertex 50.48 39.47 0.579999
      vertex 50.48 39.47 0
    endloop
  endfacet
  facet normal 0 -1 0
    outer loop
      vertex 50.48 40.43 0
      vertex 52.4 40.43 0.579999
      vertex 50.48 40.43 0.579999
    endloop
  endfacet
  facet normal 0 -1 -0
    outer loop
      vertex 52.4 40.43 0.579999
      vertex 50.48 40.43 0
      vertex 52.4 40.43 0
    endloop
  endfacet
  facet normal 0 1 -0
    outer loop
      vertex 52.4 39.47 0
      vertex 50.48 39.47 0.579999
      vertex 52.4 39.47 0.579999
    endloop
  endfacet
  facet normal 0 1 0
    outer loop
      vertex 50.48 39.47 0.579999
      vertex 52.4 39.47 0
      vertex 50.48 39.47 0
    endloop
  endfacet
  facet normal -1 0 0
    outer loop
      vertex 52.4 39.47 0
      vertex 52.4 40.43 0.579999
      vertex 52.4 40.43 0
    endloop
  endfacet
  facet normal -1 -0 0
    outer loop
      vertex 52.4 40.43 0.579999
      vertex 52.4 39.47 0
      vertex 52.4 39.47 0.579999
    endloop
  endfacet
  facet normal -1 0 0
    outer loop
      vertex 60.08 39.47 0
      vertex 60.08 41.39 0.579999
      vertex 60.08 41.39 0
    endloop
  endfacet
  facet normal -1 -0 0
    outer loop
      vertex 60.08 41.39 0.579999
      vertex 60.08 39.47 0
      vertex 60.08 39.47 0.579999
    endloop
  endfacet
  facet normal 1 -0 0
    outer loop
      vertex 59.12 39.47 0.579999
      vertex 59.12 43.31 0
      vertex 59.12 43.31 0.579999
    endloop
  endfacet
  facet normal 1 0 0
    outer loop
      vertex 59.12 43.31 0
      vertex 59.12 39.47 0.579999
      vertex 59.12 39.47 0
    endloop
  endfacet
  facet normal 1 -0 0
    outer loop
      vertex 62 39.47 0.579999
      vertex 62 41.39 0
      vertex 62 41.39 0.579999
    endloop
  endfacet
  facet normal 1 0 0
    outer loop
      vertex 62 41.39 0
      vertex 62 39.47 0.579999
      vertex 62 39.47 0
    endloop
  endfacet
  facet normal 0 -1 0
    outer loop
      vertex 62.96 40.43 0
      vertex 65.84 40.43 0.579999
      vertex 62.96 40.43 0.579999
    endloop
  endfacet
  facet normal 0 -1 -0
    outer loop
      vertex 65.84 40.43 0.579999
      vertex 62.96 40.43 0
      vertex 65.84 40.43 0
    endloop
  endfacet
  facet normal 0 1 -0
    outer loop
      vertex 64.88 39.47 0
      vertex 62 39.47 0.579999
      vertex 64.88 39.47 0.579999
    endloop
  endfacet
  facet normal 0 1 0
    outer loop
      vertex 62 39.47 0.579999
      vertex 64.88 39.47 0
      vertex 62 39.47 0
    endloop
  endfacet
  facet normal 0 0 -1
    outer loop
      vertex 30.32 40.43 0.579999
      vertex 29.36 41.39 0.579999
      vertex 30.32 50.03 0.579999
    endloop
  endfacet
  facet normal 0 0 -1
    outer loop
      vertex 30.32 40.43 0.579999
      vertex 21.68 41.39 0.579999
      vertex 29.36 41.39 0.579999
    endloop
  endfacet
  facet normal -0 0 -1
    outer loop
      vertex 21.68 41.39 0.579999
      vertex 20.72 40.43 0.579999
      vertex 21.68 49.07 0.579999
    endloop
  endfacet
  facet normal 0 0 -1
    outer loop
      vertex 20.72 40.43 0.579999
      vertex 21.68 41.39 0.579999
      vertex 30.32 40.43 0.579999
    endloop
  endfacet
  facet normal 0 0 -1
    outer loop
      vertex 29.36 49.07 0.579999
      vertex 30.32 50.03 0.579999
      vertex 29.36 41.39 0.579999
    endloop
  endfacet
  facet normal 0 0 -1
    outer loop
      vertex 21.68 49.07 0.579999
      vertex 30.32 50.03 0.579999
      vertex 29.36 49.07 0.579999
    endloop
  endfacet
  facet normal 0 0 -1
    outer loop
      vertex 21.68 49.07 0.579999
      vertex 20.72 50.03 0.579999
      vertex 30.32 50.03 0.579999
    endloop
  endfacet
  facet normal 0 0 -1
    outer loop
      vertex 20.72 50.03 0.579999
      vertex 21.68 49.07 0.579999
      vertex 20.72 40.43 0.579999
    endloop
  endfacet
  facet normal 1 -0 0
    outer loop
      vertex 20.72 40.43 0.579999
      vertex 20.72 50.03 0
      vertex 20.72 50.03 0.579999
    endloop
  endfacet
  facet normal 1 0 0
    outer loop
      vertex 20.72 50.03 0
      vertex 20.72 40.43 0.579999
      vertex 20.72 40.43 0
    endloop
  endfacet
  facet normal 0 1 -0
    outer loop
      vertex 30.32 40.43 0
      vertex 20.72 40.43 0.579999
      vertex 30.32 40.43 0.579999
    endloop
  endfacet
  facet normal 0 1 0
    outer loop
      vertex 20.72 40.43 0.579999
      vertex 30.32 40.43 0
      vertex 20.72 40.43 0
    endloop
  endfacet
  facet normal 0 -1 0
    outer loop
      vertex 21.68 41.39 0
      vertex 29.36 41.39 0.579999
      vertex 21.68 41.39 0.579999
    endloop
  endfacet
  facet normal 0 -1 -0
    outer loop
      vertex 29.36 41.39 0.579999
      vertex 21.68 41.39 0
      vertex 29.36 41.39 0
    endloop
  endfacet
  facet normal -1 0 0
    outer loop
      vertex 30.32 40.43 0
      vertex 30.32 50.03 0.579999
      vertex 30.32 50.03 0
    endloop
  endfacet
  facet normal -1 -0 0
    outer loop
      vertex 30.32 50.03 0.579999
      vertex 30.32 40.43 0
      vertex 30.32 40.43 0.579999
    endloop
  endfacet
  facet normal -1 0 0
    outer loop
      vertex 37.04 40.43 0
      vertex 37.04 41.39 0.579999
      vertex 37.04 41.39 0
    endloop
  endfacet
  facet normal -1 -0 0
    outer loop
      vertex 37.04 41.39 0.579999
      vertex 37.04 40.43 0
      vertex 37.04 40.43 0.579999
    endloop
  endfacet
  facet normal 0 0 -1
    outer loop
      vertex 36.08 40.43 0.579999
      vertex 37.04 41.39 0.579999
      vertex 37.04 40.43 0.579999
    endloop
  endfacet
  facet normal -0 0 -1
    outer loop
      vertex 37.04 41.39 0.579999
      vertex 36.08 40.43 0.579999
      vertex 36.08 41.39 0.579999
    endloop
  endfacet
  facet normal 1 -0 0
    outer loop
      vertex 36.08 40.43 0.579999
      vertex 36.08 41.39 0
      vertex 36.08 41.39 0.579999
    endloop
  endfacet
  facet normal 1 0 0
    outer loop
      vertex 36.08 41.39 0
      vertex 36.08 40.43 0.579999
      vertex 36.08 40.43 0
    endloop
  endfacet
  facet normal 0 -1 0
    outer loop
      vertex 36.08 41.39 0
      vertex 37.04 41.39 0.579999
      vertex 36.08 41.39 0.579999
    endloop
  endfacet
  facet normal 0 -1 -0
    outer loop
      vertex 37.04 41.39 0.579999
      vertex 36.08 41.39 0
      vertex 37.04 41.39 0
    endloop
  endfacet
  facet normal 0 1 -0
    outer loop
      vertex 37.04 40.43 0
      vertex 36.08 40.43 0.579999
      vertex 37.04 40.43 0.579999
    endloop
  endfacet
  facet normal 0 1 0
    outer loop
      vertex 36.08 40.43 0.579999
      vertex 37.04 40.43 0
      vertex 36.08 40.43 0
    endloop
  endfacet
  facet normal 1 -0 0
    outer loop
      vertex 39.92 40.43 0.579999
      vertex 39.92 41.39 0
      vertex 39.92 41.39 0.579999
    endloop
  endfacet
  facet normal 1 0 0
    outer loop
      vertex 39.92 41.39 0
      vertex 39.92 40.43 0.579999
      vertex 39.92 40.43 0
    endloop
  endfacet
  facet normal 0 -1 0
    outer loop
      vertex 39.92 41.39 0
      vertex 42.8 41.39 0.579999
      vertex 39.92 41.39 0.579999
    endloop
  endfacet
  facet normal 0 -1 -0
    outer loop
      vertex 42.8 41.39 0.579999
      vertex 39.92 41.39 0
      vertex 42.8 41.39 0
    endloop
  endfacet
  facet normal -1 0 0
    outer loop
      vertex 42.8 40.43 0
      vertex 42.8 41.39 0.579999
      vertex 42.8 41.39 0
    endloop
  endfacet
  facet normal -1 -0 0
    outer loop
      vertex 42.8 41.39 0.579999
      vertex 42.8 40.43 0
      vertex 42.8 40.43 0.579999
    endloop
  endfacet
  facet normal -1 0 0
    outer loop
      vertex 45.68 40.43 0
      vertex 45.68 41.39 0.579999
      vertex 45.68 41.39 0
    endloop
  endfacet
  facet normal -1 -0 0
    outer loop
      vertex 45.68 41.39 0.579999
      vertex 45.68 40.43 0
      vertex 45.68 40.43 0.579999
    endloop
  endfacet
  facet normal 1 -0 0
    outer loop
      vertex 47.6 40.43 0.579999
      vertex 47.6 43.31 0
      vertex 47.6 43.31 0.579999
    endloop
  endfacet
  facet normal 1 0 0
    outer loop
      vertex 47.6 43.31 0
      vertex 47.6 40.43 0.579999
      vertex 47.6 40.43 0
    endloop
  endfacet
  facet normal 1 -0 0
    outer loop
      vertex 52.4 40.43 0.579999
      vertex 52.4 41.39 0
      vertex 52.4 41.39 0.579999
    endloop
  endfacet
  facet normal 1 0 0
    outer loop
      vertex 52.4 41.39 0
      vertex 52.4 40.43 0.579999
      vertex 52.4 40.43 0
    endloop
  endfacet
  facet normal 0 1 -0
    outer loop
      vertex 52.4 41.39 0
      vertex 50.48 41.39 0.579999
      vertex 52.4 41.39 0.579999
    endloop
  endfacet
  facet normal 0 1 0
    outer loop
      vertex 50.48 41.39 0.579999
      vertex 52.4 41.39 0
      vertex 50.48 41.39 0
    endloop
  endfacet
  facet normal 0 1 -0
    outer loop
      vertex 53.36 40.43 0
      vertex 52.4 40.43 0.579999
      vertex 53.36 40.43 0.579999
    endloop
  endfacet
  facet normal 0 1 0
    outer loop
      vertex 52.4 40.43 0.579999
      vertex 53.36 40.43 0
      vertex 52.4 40.43 0
    endloop
  endfacet
  facet normal -1 0 0
    outer loop
      vertex 57.2 40.43 0
      vertex 57.2 41.39 0.579999
      vertex 57.2 41.39 0
    endloop
  endfacet
  facet normal -1 -0 0
    outer loop
      vertex 57.2 41.39 0.579999
      vertex 57.2 40.43 0
      vertex 57.2 40.43 0.579999
    endloop
  endfacet
  facet normal 0 0 -1
    outer loop
      vertex 56.24 40.43 0.579999
      vertex 57.2 41.39 0.579999
      vertex 57.2 40.43 0.579999
    endloop
  endfacet
  facet normal -0 0 -1
    outer loop
      vertex 57.2 41.39 0.579999
      vertex 56.24 40.43 0.579999
      vertex 56.24 41.39 0.579999
    endloop
  endfacet
  facet normal 1 -0 0
    outer loop
      vertex 56.24 40.43 0.579999
      vertex 56.24 41.39 0
      vertex 56.24 41.39 0.579999
    endloop
  endfacet
  facet normal 1 0 0
    outer loop
      vertex 56.24 41.39 0
      vertex 56.24 40.43 0.579999
      vertex 56.24 40.43 0
    endloop
  endfacet
  facet normal 0 -1 0
    outer loop
      vertex 56.24 41.39 0
      vertex 57.2 41.39 0.579999
      vertex 56.24 41.39 0.579999
    endloop
  endfacet
  facet normal 0 -1 -0
    outer loop
      vertex 57.2 41.39 0.579999
      vertex 56.24 41.39 0
      vertex 57.2 41.39 0
    endloop
  endfacet
  facet normal 0 1 -0
    outer loop
      vertex 57.2 40.43 0
      vertex 56.24 40.43 0.579999
      vertex 57.2 40.43 0.579999
    endloop
  endfacet
  facet normal 0 1 0
    outer loop
      vertex 56.24 40.43 0.579999
      vertex 57.2 40.43 0
      vertex 56.24 40.43 0
    endloop
  endfacet
  facet normal -1 0 0
    outer loop
      vertex 62.96 40.43 0
      vertex 62.96 41.39 0.579999
      vertex 62.96 41.39 0
    endloop
  endfacet
  facet normal -1 -0 0
    outer loop
      vertex 62.96 41.39 0.579999
      vertex 62.96 40.43 0
      vertex 62.96 40.43 0.579999
    endloop
  endfacet
  facet normal 0 1 -0
    outer loop
      vertex 62 41.39 0
      vertex 60.08 41.39 0.579999
      vertex 62 41.39 0.579999
    endloop
  endfacet
  facet normal 0 1 0
    outer loop
      vertex 60.08 41.39 0.579999
      vertex 62 41.39 0
      vertex 60.08 41.39 0
    endloop
  endfacet
  facet normal -1 0 0
    outer loop
      vertex 21.68 41.39 0
      vertex 21.68 49.07 0.579999
      vertex 21.68 49.07 0
    endloop
  endfacet
  facet normal -1 -0 0
    outer loop
      vertex 21.68 49.07 0.579999
      vertex 21.68 41.39 0
      vertex 21.68 41.39 0.579999
    endloop
  endfacet
  facet normal 1 -0 0
    outer loop
      vertex 29.36 41.39 0.579999
      vertex 29.36 49.07 0
      vertex 29.36 49.07 0.579999
    endloop
  endfacet
  facet normal 1 0 0
    outer loop
      vertex 29.36 49.07 0
      vertex 29.36 41.39 0.579999
      vertex 29.36 41.39 0
    endloop
  endfacet
  facet normal -1 0 0
    outer loop
      vertex 34.16 41.39 0
      vertex 34.16 44.27 0.579999
      vertex 34.16 44.27 0
    endloop
  endfacet
  facet normal -1 -0 0
    outer loop
      vertex 34.16 44.27 0.579999
      vertex 34.16 41.39 0
      vertex 34.16 41.39 0.579999
    endloop
  endfacet
  facet normal 0 0 -1
    outer loop
      vertex 33.2 41.39 0.579999
      vertex 34.16 44.27 0.579999
      vertex 34.16 41.39 0.579999
    endloop
  endfacet
  facet normal -0 0 -1
    outer loop
      vertex 34.16 44.27 0.579999
      vertex 33.2 41.39 0.579999
      vertex 33.2 44.27 0.579999
    endloop
  endfacet
  facet normal 1 -0 0
    outer loop
      vertex 33.2 41.39 0.579999
      vertex 33.2 44.27 0
      vertex 33.2 44.27 0.579999
    endloop
  endfacet
  facet normal 1 0 0
    outer loop
      vertex 33.2 44.27 0
      vertex 33.2 41.39 0.579999
      vertex 33.2 41.39 0
    endloop
  endfacet
  facet normal 0 1 -0
    outer loop
      vertex 34.16 41.39 0
      vertex 33.2 41.39 0.579999
      vertex 34.16 41.39 0.579999
    endloop
  endfacet
  facet normal 0 1 0
    outer loop
      vertex 33.2 41.39 0.579999
      vertex 34.16 41.39 0
      vertex 33.2 41.39 0
    endloop
  endfacet
  facet normal -1 0 0
    outer loop
      vertex 38 41.39 0
      vertex 38 43.31 0.579999
      vertex 38 43.31 0
    endloop
  endfacet
  facet normal -1 -0 0
    outer loop
      vertex 38 43.31 0.579999
      vertex 38 41.39 0
      vertex 38 41.39 0.579999
    endloop
  endfacet
  facet normal 0 0 -1
    outer loop
      vertex 36.08 44.27 0.579999
      vertex 37.04 43.31 0.579999
      vertex 36.08 43.31 0.579999
    endloop
  endfacet
  facet normal 0 0 -1
    outer loop
      vertex 37.04 43.31 0.579999
      vertex 36.08 44.27 0.579999
      vertex 37.04 46.19 0.579999
    endloop
  endfacet
  facet normal 0 0 -1
    outer loop
      vertex 36.08 44.27 0.579999
      vertex 36.08 46.19 0.579999
      vertex 37.04 46.19 0.579999
    endloop
  endfacet
  facet normal 0 0 -1
    outer loop
      vertex 34.16 44.27 0.579999
      vertex 36.08 46.19 0.579999
      vertex 36.08 44.27 0.579999
    endloop
  endfacet
  facet normal 0 0 -1
    outer loop
      vertex 34.16 47.15 0.579999
      vertex 36.08 46.19 0.579999
      vertex 34.16 44.27 0.579999
    endloop
  endfacet
  facet normal 0 0 -1
    outer loop
      vertex 36.08 46.19 0.579999
      vertex 34.16 47.15 0.579999
      vertex 36.08 47.15 0.579999
    endloop
  endfacet
  facet normal 0 0 -1
    outer loop
      vertex 37.04 43.31 0.579999
      vertex 38 43.31 0.579999
      vertex 38 41.39 0.579999
    endloop
  endfacet
  facet normal 0 0 -1
    outer loop
      vertex 38 43.31 0.579999
      vertex 37.04 43.31 0.579999
      vertex 38 44.27 0.579999
    endloop
  endfacet
  facet normal 0 0 -1
    outer loop
      vertex 37.04 43.31 0.579999
      vertex 38 41.39 0.579999
      vertex 37.04 41.39 0.579999
    endloop
  endfacet
  facet normal 0 0 -1
    outer loop
      vertex 37.04 46.19 0.579999
      vertex 38 44.27 0.579999
      vertex 37.04 43.31 0.579999
    endloop
  endfacet
  facet normal 0 0 -1
    outer loop
      vertex 38 44.27 0.579999
      vertex 37.04 46.19 0.579999
      vertex 38 47.15 0.579999
    endloop
  endfacet
  facet normal -0 0 -1
    outer loop
      vertex 38 47.15 0.579999
      vertex 37.04 46.19 0.579999
      vertex 37.04 47.15 0.579999
    endloop
  endfacet
  facet normal 0 0 -1
    outer loop
      vertex 38 43.31 0.579999
      vertex 39.92 44.27 0.579999
      vertex 39.92 43.31 0.579999
    endloop
  endfacet
  facet normal -0 0 -1
    outer loop
      vertex 39.92 44.27 0.579999
      vertex 38 43.31 0.579999
      vertex 38 44.27 0.579999
    endloop
  endfacet
  facet normal 1 -0 0
    outer loop
      vertex 37.04 41.39 0.579999
      vertex 37.04 43.31 0
      vertex 37.04 43.31 0.579999
    endloop
  endfacet
  facet normal 1 0 0
    outer loop
      vertex 37.04 43.31 0
      vertex 37.04 41.39 0.579999
      vertex 37.04 41.39 0
    endloop
  endfacet
  facet normal 0 1 -0
    outer loop
      vertex 38 41.39 0
      vertex 37.04 41.39 0.579999
      vertex 38 41.39 0.579999
    endloop
  endfacet
  facet normal 0 1 0
    outer loop
      vertex 37.04 41.39 0.579999
      vertex 38 41.39 0
      vertex 37.04 41.39 0
    endloop
  endfacet
  facet normal -1 0 0
    outer loop
      vertex 46.64 41.39 0
      vertex 46.64 43.31 0.579999
      vertex 46.64 43.31 0
    endloop
  endfacet
  facet normal -1 -0 0
    outer loop
      vertex 46.64 43.31 0.579999
      vertex 46.64 41.39 0
      vertex 46.64 41.39 0.579999
    endloop
  endfacet
  facet normal 0 1 -0
    outer loop
      vertex 46.64 41.39 0
      vertex 45.68 41.39 0.579999
      vertex 46.64 41.39 0.579999
    endloop
  endfacet
  facet normal 0 1 0
    outer loop
      vertex 45.68 41.39 0.579999
      vertex 46.64 41.39 0
      vertex 45.68 41.39 0
    endloop
  endfacet
  facet normal 1 -0 0
    outer loop
      vertex 50.48 41.39 0.579999
      vertex 50.48 46.19 0
      vertex 50.48 46.19 0.579999
    endloop
  endfacet
  facet normal 1 0 0
    outer loop
      vertex 50.48 46.19 0
      vertex 50.48 41.39 0.579999
      vertex 50.48 41.39 0
    endloop
  endfacet
  facet normal 0 1 -0
    outer loop
      vertex 64.88 41.39 0
      vertex 62.96 41.39 0.579999
      vertex 64.88 41.39 0.579999
    endloop
  endfacet
  facet normal 0 1 0
    outer loop
      vertex 62.96 41.39 0.579999
      vertex 64.88 41.39 0
      vertex 62.96 41.39 0
    endloop
  endfacet
  facet normal -1 0 0
    outer loop
      vertex 64.88 41.39 0
      vertex 64.88 43.31 0.579999
      vertex 64.88 43.31 0
    endloop
  endfacet
  facet normal -1 -0 0
    outer loop
      vertex 64.88 43.31 0.579999
      vertex 64.88 41.39 0
      vertex 64.88 41.39 0.579999
    endloop
  endfacet
  facet normal 0 1 -0
    outer loop
      vertex 37.04 43.31 0
      vertex 36.08 43.31 0.579999
      vertex 37.04 43.31 0.579999
    endloop
  endfacet
  facet normal 0 1 0
    outer loop
      vertex 36.08 43.31 0.579999
      vertex 37.04 43.31 0
      vertex 36.08 43.31 0
    endloop
  endfacet
  facet normal 0 1 -0
    outer loop
      vertex 39.92 43.31 0
      vertex 38 43.31 0.579999
      vertex 39.92 43.31 0.579999
    endloop
  endfacet
  facet normal 0 1 0
    outer loop
      vertex 38 43.31 0.579999
      vertex 39.92 43.31 0
      vertex 38 43.31 0
    endloop
  endfacet
  facet normal 0 -1 0
    outer loop
      vertex 43.76 43.31 0
      vertex 46.64 43.31 0.579999
      vertex 43.76 43.31 0.579999
    endloop
  endfacet
  facet normal 0 -1 -0
    outer loop
      vertex 46.64 43.31 0.579999
      vertex 43.76 43.31 0
      vertex 46.64 43.31 0
    endloop
  endfacet
  facet normal 0 -1 0
    outer loop
      vertex 47.6 43.31 0
      vertex 49.52 43.31 0.579999
      vertex 47.6 43.31 0.579999
    endloop
  endfacet
  facet normal 0 -1 -0
    outer loop
      vertex 49.52 43.31 0.579999
      vertex 47.6 43.31 0
      vertex 49.52 43.31 0
    endloop
  endfacet
  facet normal 0 -1 0
    outer loop
      vertex 52.4 43.31 0
      vertex 53.36 43.31 0.579999
      vertex 52.4 43.31 0.579999
    endloop
  endfacet
  facet normal 0 -1 -0
    outer loop
      vertex 53.36 43.31 0.579999
      vertex 52.4 43.31 0
      vertex 53.36 43.31 0
    endloop
  endfacet
  facet normal -1 0 0
    outer loop
      vertex 62 43.31 0
      vertex 62 44.27 0.579999
      vertex 62 44.27 0
    endloop
  endfacet
  facet normal -1 -0 0
    outer loop
      vertex 62 44.27 0.579999
      vertex 62 43.31 0
      vertex 62 43.31 0.579999
    endloop
  endfacet
  facet normal 0 -1 0
    outer loop
      vertex 62 43.31 0
      vertex 62.96 43.31 0.579999
      vertex 62 43.31 0.579999
    endloop
  endfacet
  facet normal 0 -1 -0
    outer loop
      vertex 62.96 43.31 0.579999
      vertex 62 43.31 0
      vertex 62.96 43.31 0
    endloop
  endfacet
  facet normal 0 1 -0
    outer loop
      vertex 65.84 43.31 0
      vertex 64.88 43.31 0.579999
      vertex 65.84 43.31 0.579999
    endloop
  endfacet
  facet normal 0 1 0
    outer loop
      vertex 64.88 43.31 0.579999
      vertex 65.84 43.31 0
      vertex 64.88 43.31 0
    endloop
  endfacet
  facet normal 0 0 -1
    outer loop
      vertex 23.6 43.31 0.579999
      vertex 27.44 47.15 0.579999
      vertex 27.44 43.31 0.579999
    endloop
  endfacet
  facet normal -0 0 -1
    outer loop
      vertex 27.44 47.15 0.579999
      vertex 23.6 43.31 0.579999
      vertex 23.6 47.15 0.579999
    endloop
  endfacet
  facet normal 1 -0 0
    outer loop
      vertex 23.6 43.31 0.579999
      vertex 23.6 47.15 0
      vertex 23.6 47.15 0.579999
    endloop
  endfacet
  facet normal 1 0 0
    outer loop
      vertex 23.6 47.15 0
      vertex 23.6 43.31 0.579999
      vertex 23.6 43.31 0
    endloop
  endfacet
  facet normal 0 1 -0
    outer loop
      vertex 27.44 43.31 0
      vertex 23.6 43.31 0.579999
      vertex 27.44 43.31 0.579999
    endloop
  endfacet
  facet normal 0 1 0
    outer loop
      vertex 23.6 43.31 0.579999
      vertex 27.44 43.31 0
      vertex 23.6 43.31 0
    endloop
  endfacet
  facet normal -1 0 0
    outer loop
      vertex 27.44 43.31 0
      vertex 27.44 47.15 0.579999
      vertex 27.44 47.15 0
    endloop
  endfacet
  facet normal -1 -0 0
    outer loop
      vertex 27.44 47.15 0.579999
      vertex 27.44 43.31 0
      vertex 27.44 43.31 0.579999
    endloop
  endfacet
  facet normal 0 -1 0
    outer loop
      vertex 33.2 44.27 0
      vertex 34.16 44.27 0.579999
      vertex 33.2 44.27 0.579999
    endloop
  endfacet
  facet normal 0 -1 -0
    outer loop
      vertex 34.16 44.27 0.579999
      vertex 33.2 44.27 0
      vertex 34.16 44.27 0
    endloop
  endfacet
  facet normal 1 -0 0
    outer loop
      vertex 36.08 43.31 0.579999
      vertex 36.08 44.27 0
      vertex 36.08 44.27 0.579999
    endloop
  endfacet
  facet normal 1 0 0
    outer loop
      vertex 36.08 44.27 0
      vertex 36.08 43.31 0.579999
      vertex 36.08 43.31 0
    endloop
  endfacet
  facet normal 0 1 -0
    outer loop
      vertex 36.08 44.27 0
      vertex 34.16 44.27 0.579999
      vertex 36.08 44.27 0.579999
    endloop
  endfacet
  facet normal 0 1 0
    outer loop
      vertex 34.16 44.27 0.579999
      vertex 36.08 44.27 0
      vertex 34.16 44.27 0
    endloop
  endfacet
  facet normal -1 0 0
    outer loop
      vertex 38 44.27 0
      vertex 38 47.15 0.579999
      vertex 38 47.15 0
    endloop
  endfacet
  facet normal -1 -0 0
    outer loop
      vertex 38 47.15 0.579999
      vertex 38 44.27 0
      vertex 38 44.27 0.579999
    endloop
  endfacet
  facet normal 0 -1 0
    outer loop
      vertex 38 44.27 0
      vertex 39.92 44.27 0.579999
      vertex 38 44.27 0.579999
    endloop
  endfacet
  facet normal 0 -1 -0
    outer loop
      vertex 39.92 44.27 0.579999
      vertex 38 44.27 0
      vertex 39.92 44.27 0
    endloop
  endfacet
  facet normal -1 0 0
    outer loop
      vertex 39.92 43.31 0
      vertex 39.92 44.27 0.579999
      vertex 39.92 44.27 0
    endloop
  endfacet
  facet normal -1 -0 0
    outer loop
      vertex 39.92 44.27 0.579999
      vertex 39.92 43.31 0
      vertex 39.92 43.31 0.579999
    endloop
  endfacet
  facet normal 0 0 -1
    outer loop
      vertex 40.88 43.31 0.579999
      vertex 43.76 44.27 0.579999
      vertex 43.76 43.31 0.579999
    endloop
  endfacet
  facet normal -0 0 -1
    outer loop
      vertex 43.76 44.27 0.579999
      vertex 40.88 43.31 0.579999
      vertex 40.88 44.27 0.579999
    endloop
  endfacet
  facet normal 1 -0 0
    outer loop
      vertex 40.88 43.31 0.579999
      vertex 40.88 44.27 0
      vertex 40.88 44.27 0.579999
    endloop
  endfacet
  facet normal 1 0 0
    outer loop
      vertex 40.88 44.27 0
      vertex 40.88 43.31 0.579999
      vertex 40.88 43.31 0
    endloop
  endfacet
  facet normal 0 -1 0
    outer loop
      vertex 40.88 44.27 0
      vertex 43.76 44.27 0.579999
      vertex 40.88 44.27 0.579999
    endloop
  endfacet
  facet normal 0 -1 -0
    outer loop
      vertex 43.76 44.27 0.579999
      vertex 40.88 44.27 0
      vertex 43.76 44.27 0
    endloop
  endfacet
  facet normal 0 1 -0
    outer loop
      vertex 43.76 43.31 0
      vertex 40.88 43.31 0.579999
      vertex 43.76 43.31 0.579999
    endloop
  endfacet
  facet normal 0 1 0
    outer loop
      vertex 40.88 43.31 0.579999
      vertex 43.76 43.31 0
      vertex 40.88 43.31 0
    endloop
  endfacet
  facet normal -1 0 0
    outer loop
      vertex 43.76 43.31 0
      vertex 43.76 44.27 0.579999
      vertex 43.76 44.27 0
    endloop
  endfacet
  facet normal -1 -0 0
    outer loop
      vertex 43.76 44.27 0.579999
      vertex 43.76 43.31 0
      vertex 43.76 43.31 0.579999
    endloop
  endfacet
  facet normal -1 0 0
    outer loop
      vertex 47.6 43.31 0
      vertex 47.6 44.27 0.579999
      vertex 47.6 44.27 0
    endloop
  endfacet
  facet normal -1 -0 0
    outer loop
      vertex 47.6 44.27 0.579999
      vertex 47.6 43.31 0
      vertex 47.6 43.31 0.579999
    endloop
  endfacet
  facet normal 0 0 -1
    outer loop
      vertex 46.64 44.27 0.579999
      vertex 47.6 44.27 0.579999
      vertex 47.6 43.31 0.579999
    endloop
  endfacet
  facet normal 0 0 -1
    outer loop
      vertex 47.6 44.27 0.579999
      vertex 46.64 44.27 0.579999
      vertex 47.6 46.19 0.579999
    endloop
  endfacet
  facet normal 0 0 -1
    outer loop
      vertex 46.64 44.27 0.579999
      vertex 47.6 43.31 0.579999
      vertex 46.64 43.31 0.579999
    endloop
  endfacet
  facet normal 0 0 -1
    outer loop
      vertex 47.6 44.27 0.579999
      vertex 49.52 46.19 0.579999
      vertex 49.52 44.27 0.579999
    endloop
  endfacet
  facet normal -0 0 -1
    outer loop
      vertex 49.52 46.19 0.579999
      vertex 47.6 44.27 0.579999
      vertex 47.6 46.19 0.579999
    endloop
  endfacet
  facet normal 0 0 -1
    outer loop
      vertex 47.6 47.15 0.579999
      vertex 49.52 49.07 0.579999
      vertex 49.52 47.15 0.579999
    endloop
  endfacet
  facet normal 0 0 -1
    outer loop
      vertex 46.64 46.19 0.579999
      vertex 47.6 46.19 0.579999
      vertex 46.64 44.27 0.579999
    endloop
  endfacet
  facet normal 0 0 -1
    outer loop
      vertex 47.6 46.19 0.579999
      vertex 46.64 46.19 0.579999
      vertex 47.6 47.15 0.579999
    endloop
  endfacet
  facet normal 0 0 -1
    outer loop
      vertex 47.6 47.15 0.579999
      vertex 46.64 49.07 0.579999
      vertex 49.52 49.07 0.579999
    endloop
  endfacet
  facet normal 0 0 -1
    outer loop
      vertex 46.64 49.07 0.579999
      vertex 47.6 47.15 0.579999
      vertex 46.64 46.19 0.579999
    endloop
  endfacet
  facet normal 0 0 -1
    outer loop
      vertex 43.76 44.27 0.579999
      vertex 46.64 46.19 0.579999
      vertex 46.64 44.27 0.579999
    endloop
  endfacet
  facet normal -0 0 -1
    outer loop
      vertex 46.64 46.19 0.579999
      vertex 43.76 44.27 0.579999
      vertex 43.76 46.19 0.579999
    endloop
  endfacet
  facet normal 1 -0 0
    outer loop
      vertex 46.64 43.31 0.579999
      vertex 46.64 44.27 0
      vertex 46.64 44.27 0.579999
    endloop
  endfacet
  facet normal 1 0 0
    outer loop
      vertex 46.64 44.27 0
      vertex 46.64 43.31 0.579999
      vertex 46.64 43.31 0
    endloop
  endfacet
  facet normal 1 -0 0
    outer loop
      vertex 46.64 46.19 0.579999
      vertex 46.64 49.07 0
      vertex 46.64 49.07 0.579999
    endloop
  endfacet
  facet normal 1 0 0
    outer loop
      vertex 46.64 49.07 0
      vertex 46.64 46.19 0.579999
      vertex 46.64 46.19 0
    endloop
  endfacet
  facet normal 0 1 -0
    outer loop
      vertex 49.52 44.27 0
      vertex 47.6 44.27 0.579999
      vertex 49.52 44.27 0.579999
    endloop
  endfacet
  facet normal 0 1 0
    outer loop
      vertex 47.6 44.27 0.579999
      vertex 49.52 44.27 0
      vertex 47.6 44.27 0
    endloop
  endfacet
  facet normal 0 1 -0
    outer loop
      vertex 47.6 43.31 0
      vertex 46.64 43.31 0.579999
      vertex 47.6 43.31 0.579999
    endloop
  endfacet
  facet normal 0 1 0
    outer loop
      vertex 46.64 43.31 0.579999
      vertex 47.6 43.31 0
      vertex 46.64 43.31 0
    endloop
  endfacet
  facet normal -1 0 0
    outer loop
      vertex 52.4 43.31 0
      vertex 52.4 46.19 0.579999
      vertex 52.4 46.19 0
    endloop
  endfacet
  facet normal -1 -0 0
    outer loop
      vertex 52.4 46.19 0.579999
      vertex 52.4 43.31 0
      vertex 52.4 43.31 0.579999
    endloop
  endfacet
  facet normal 1 -0 0
    outer loop
      vertex 53.36 43.31 0.579999
      vertex 53.36 46.19 0
      vertex 53.36 46.19 0.579999
    endloop
  endfacet
  facet normal 1 0 0
    outer loop
      vertex 53.36 46.19 0
      vertex 53.36 43.31 0.579999
      vertex 53.36 43.31 0
    endloop
  endfacet
  facet normal 0 1 -0
    outer loop
      vertex 59.12 43.31 0
      vertex 55.28 43.31 0.579999
      vertex 59.12 43.31 0.579999
    endloop
  endfacet
  facet normal 0 1 0
    outer loop
      vertex 55.28 43.31 0.579999
      vertex 59.12 43.31 0
      vertex 55.28 43.31 0
    endloop
  endfacet
  facet normal 0 -1 0
    outer loop
      vertex 56.24 44.27 0
      vertex 57.2 44.27 0.579999
      vertex 56.24 44.27 0.579999
    endloop
  endfacet
  facet normal 0 -1 -0
    outer loop
      vertex 57.2 44.27 0.579999
      vertex 56.24 44.27 0
      vertex 57.2 44.27 0
    endloop
  endfacet
  facet normal -1 0 0
    outer loop
      vertex 60.08 44.27 0
      vertex 60.08 47.15 0.579999
      vertex 60.08 47.15 0
    endloop
  endfacet
  facet normal -1 -0 0
    outer loop
      vertex 60.08 47.15 0.579999
      vertex 60.08 44.27 0
      vertex 60.08 44.27 0.579999
    endloop
  endfacet
  facet normal 0 -1 0
    outer loop
      vertex 60.08 44.27 0
      vertex 62 44.27 0.579999
      vertex 60.08 44.27 0.579999
    endloop
  endfacet
  facet normal 0 -1 -0
    outer loop
      vertex 62 44.27 0.579999
      vertex 60.08 44.27 0
      vertex 62 44.27 0
    endloop
  endfacet
  facet normal 1 -0 0
    outer loop
      vertex 62.96 43.31 0.579999
      vertex 62.96 44.27 0
      vertex 62.96 44.27 0.579999
    endloop
  endfacet
  facet normal 1 0 0
    outer loop
      vertex 62.96 44.27 0
      vertex 62.96 43.31 0.579999
      vertex 62.96 43.31 0
    endloop
  endfacet
  facet normal 0 1 -0
    outer loop
      vertex 62.96 44.27 0
      vertex 62 44.27 0.579999
      vertex 62.96 44.27 0.579999
    endloop
  endfacet
  facet normal 0 1 0
    outer loop
      vertex 62 44.27 0.579999
      vertex 62.96 44.27 0
      vertex 62 44.27 0
    endloop
  endfacet
  facet normal -1 0 0
    outer loop
      vertex 65.84 43.31 0
      vertex 65.84 47.15 0.579999
      vertex 65.84 47.15 0
    endloop
  endfacet
  facet normal -1 -0 0
    outer loop
      vertex 65.84 47.15 0.579999
      vertex 65.84 43.31 0
      vertex 65.84 43.31 0.579999
    endloop
  endfacet
  facet normal 1 -0 0
    outer loop
      vertex 34.16 44.27 0.579999
      vertex 34.16 47.15 0
      vertex 34.16 47.15 0.579999
    endloop
  endfacet
  facet normal 1 0 0
    outer loop
      vertex 34.16 47.15 0
      vertex 34.16 44.27 0.579999
      vertex 34.16 44.27 0
    endloop
  endfacet
  facet normal 1 -0 0
    outer loop
      vertex 43.76 44.27 0.579999
      vertex 43.76 46.19 0
      vertex 43.76 46.19 0.579999
    endloop
  endfacet
  facet normal 1 0 0
    outer loop
      vertex 43.76 46.19 0
      vertex 43.76 44.27 0.579999
      vertex 43.76 44.27 0
    endloop
  endfacet
  facet normal 0 1 -0
    outer loop
      vertex 46.64 44.27 0
      vertex 43.76 44.27 0.579999
      vertex 46.64 44.27 0.579999
    endloop
  endfacet
  facet normal 0 1 0
    outer loop
      vertex 43.76 44.27 0.579999
      vertex 46.64 44.27 0
      vertex 43.76 44.27 0
    endloop
  endfacet
  facet normal -1 0 0
    outer loop
      vertex 49.52 44.27 0
      vertex 49.52 46.19 0.579999
      vertex 49.52 46.19 0
    endloop
  endfacet
  facet normal -1 -0 0
    outer loop
      vertex 49.52 46.19 0.579999
      vertex 49.52 44.27 0
      vertex 49.52 44.27 0.579999
    endloop
  endfacet
  facet normal -1 0 0
    outer loop
      vertex 56.24 44.27 0
      vertex 56.24 46.19 0.579999
      vertex 56.24 46.19 0
    endloop
  endfacet
  facet normal -1 -0 0
    outer loop
      vertex 56.24 46.19 0.579999
      vertex 56.24 44.27 0
      vertex 56.24 44.27 0.579999
    endloop
  endfacet
  facet normal 1 -0 0
    outer loop
      vertex 57.2 44.27 0.579999
      vertex 57.2 47.15 0
      vertex 57.2 47.15 0.579999
    endloop
  endfacet
  facet normal 1 0 0
    outer loop
      vertex 57.2 47.15 0
      vertex 57.2 44.27 0.579999
      vertex 57.2 44.27 0
    endloop
  endfacet
  facet normal 1 -0 0
    outer loop
      vertex 62 44.27 0.579999
      vertex 62 46.19 0
      vertex 62 46.19 0.579999
    endloop
  endfacet
  facet normal 1 0 0
    outer loop
      vertex 62 46.19 0
      vertex 62 44.27 0.579999
      vertex 62 44.27 0
    endloop
  endfacet
  facet normal 0 -1 0
    outer loop
      vertex 36.08 46.19 0
      vertex 37.04 46.19 0.579999
      vertex 36.08 46.19 0.579999
    endloop
  endfacet
  facet normal 0 -1 -0
    outer loop
      vertex 37.04 46.19 0.579999
      vertex 36.08 46.19 0
      vertex 37.04 46.19 0
    endloop
  endfacet
  facet normal 0 -1 0
    outer loop
      vertex 43.76 46.19 0
      vertex 46.64 46.19 0.579999
      vertex 43.76 46.19 0.579999
    endloop
  endfacet
  facet normal 0 -1 -0
    outer loop
      vertex 46.64 46.19 0.579999
      vertex 43.76 46.19 0
      vertex 46.64 46.19 0
    endloop
  endfacet
  facet normal 0 -1 0
    outer loop
      vertex 47.6 46.19 0
      vertex 49.52 46.19 0.579999
      vertex 47.6 46.19 0.579999
    endloop
  endfacet
  facet normal 0 -1 -0
    outer loop
      vertex 49.52 46.19 0.579999
      vertex 47.6 46.19 0
      vertex 49.52 46.19 0
    endloop
  endfacet
  facet normal 0 -1 0
    outer loop
      vertex 50.48 46.19 0
      vertex 52.4 46.19 0.579999
      vertex 50.48 46.19 0.579999
    endloop
  endfacet
  facet normal 0 -1 -0
    outer loop
      vertex 52.4 46.19 0.579999
      vertex 50.48 46.19 0
      vertex 52.4 46.19 0
    endloop
  endfacet
  facet normal 0 -1 0
    outer loop
      vertex 55.28 46.19 0
      vertex 56.24 46.19 0.579999
      vertex 55.28 46.19 0.579999
    endloop
  endfacet
  facet normal 0 -1 -0
    outer loop
      vertex 56.24 46.19 0.579999
      vertex 55.28 46.19 0
      vertex 56.24 46.19 0
    endloop
  endfacet
  facet normal 1 -0 0
    outer loop
      vertex 62.96 46.19 0.579999
      vertex 62.96 47.15 0
      vertex 62.96 47.15 0.579999
    endloop
  endfacet
  facet normal 1 0 0
    outer loop
      vertex 62.96 47.15 0
      vertex 62.96 46.19 0.579999
      vertex 62.96 46.19 0
    endloop
  endfacet
  facet normal 0 -1 0
    outer loop
      vertex 62 46.19 0
      vertex 62.96 46.19 0.579999
      vertex 62 46.19 0.579999
    endloop
  endfacet
  facet normal 0 -1 -0
    outer loop
      vertex 62.96 46.19 0.579999
      vertex 62 46.19 0
      vertex 62.96 46.19 0
    endloop
  endfacet
  facet normal 0 -1 0
    outer loop
      vertex 23.6 47.15 0
      vertex 27.44 47.15 0.579999
      vertex 23.6 47.15 0.579999
    endloop
  endfacet
  facet normal 0 -1 -0
    outer loop
      vertex 27.44 47.15 0.579999
      vertex 23.6 47.15 0
      vertex 27.44 47.15 0
    endloop
  endfacet
  facet normal 0 -1 0
    outer loop
      vertex 34.16 47.15 0
      vertex 36.08 47.15 0.579999
      vertex 34.16 47.15 0.579999
    endloop
  endfacet
  facet normal 0 -1 -0
    outer loop
      vertex 36.08 47.15 0.579999
      vertex 34.16 47.15 0
      vertex 36.08 47.15 0
    endloop
  endfacet
  facet normal -1 0 0
    outer loop
      vertex 36.08 46.19 0
      vertex 36.08 47.15 0.579999
      vertex 36.08 47.15 0
    endloop
  endfacet
  facet normal -1 -0 0
    outer loop
      vertex 36.08 47.15 0.579999
      vertex 36.08 46.19 0
      vertex 36.08 46.19 0.579999
    endloop
  endfacet
  facet normal 1 -0 0
    outer loop
      vertex 37.04 46.19 0.579999
      vertex 37.04 47.15 0
      vertex 37.04 47.15 0.579999
    endloop
  endfacet
  facet normal 1 0 0
    outer loop
      vertex 37.04 47.15 0
      vertex 37.04 46.19 0.579999
      vertex 37.04 46.19 0
    endloop
  endfacet
  facet normal 0 -1 0
    outer loop
      vertex 37.04 47.15 0
      vertex 38 47.15 0.579999
      vertex 37.04 47.15 0.579999
    endloop
  endfacet
  facet normal 0 -1 -0
    outer loop
      vertex 38 47.15 0.579999
      vertex 37.04 47.15 0
      vertex 38 47.15 0
    endloop
  endfacet
  facet normal 0 0 -1
    outer loop
      vertex 42.8 46.19 0.579999
      vertex 40.88 47.15 0.579999
      vertex 42.8 47.15 0.579999
    endloop
  endfacet
  facet normal 0 0 -1
    outer loop
      vertex 39.92 47.15 0.579999
      vertex 40.88 47.15 0.579999
      vertex 39.92 46.19 0.579999
    endloop
  endfacet
  facet normal 0 0 -1
    outer loop
      vertex 39.92 46.19 0.579999
      vertex 40.88 47.15 0.579999
      vertex 42.8 46.19 0.579999
    endloop
  endfacet
  facet normal 0 0 -1
    outer loop
      vertex 40.88 49.07 0.579999
      vertex 45.68 50.03 0.579999
      vertex 45.68 49.07 0.579999
    endloop
  endfacet
  facet normal 0 0 -1
    outer loop
      vertex 40.88 47.15 0.579999
      vertex 39.92 47.15 0.579999
      vertex 40.88 49.07 0.579999
    endloop
  endfacet
  facet normal 0 0 -1
    outer loop
      vertex 39.92 49.07 0.579999
      vertex 40.88 49.07 0.579999
      vertex 39.92 47.15 0.579999
    endloop
  endfacet
  facet normal 0 0 -1
    outer loop
      vertex 39.92 50.03 0.579999
      vertex 40.88 49.07 0.579999
      vertex 39.92 49.07 0.579999
    endloop
  endfacet
  facet normal 0 0 -1
    outer loop
      vertex 40.88 49.07 0.579999
      vertex 39.92 50.03 0.579999
      vertex 45.68 50.03 0.579999
    endloop
  endfacet
  facet normal 0 0 -1
    outer loop
      vertex 38 47.15 0.579999
      vertex 39.92 49.07 0.579999
      vertex 39.92 47.15 0.579999
    endloop
  endfacet
  facet normal -0 0 -1
    outer loop
      vertex 39.92 49.07 0.579999
      vertex 38 47.15 0.579999
      vertex 38 49.07 0.579999
    endloop
  endfacet
  facet normal 1 -0 0
    outer loop
      vertex 39.92 46.19 0.579999
      vertex 39.92 47.15 0
      vertex 39.92 47.15 0.579999
    endloop
  endfacet
  facet normal 1 0 0
    outer loop
      vertex 39.92 47.15 0
      vertex 39.92 46.19 0.579999
      vertex 39.92 46.19 0
    endloop
  endfacet
  facet normal 0 -1 0
    outer loop
      vertex 40.88 47.15 0
      vertex 42.8 47.15 0.579999
      vertex 40.88 47.15 0.579999
    endloop
  endfacet
  facet normal 0 -1 -0
    outer loop
      vertex 42.8 47.15 0.579999
      vertex 40.88 47.15 0
      vertex 42.8 47.15 0
    endloop
  endfacet
  facet normal 0 1 -0
    outer loop
      vertex 42.8 46.19 0
      vertex 39.92 46.19 0.579999
      vertex 42.8 46.19 0.579999
    endloop
  endfacet
  facet normal 0 1 0
    outer loop
      vertex 39.92 46.19 0.579999
      vertex 42.8 46.19 0
      vertex 39.92 46.19 0
    endloop
  endfacet
  facet normal -1 0 0
    outer loop
      vertex 42.8 46.19 0
      vertex 42.8 47.15 0.579999
      vertex 42.8 47.15 0
    endloop
  endfacet
  facet normal -1 -0 0
    outer loop
      vertex 42.8 47.15 0.579999
      vertex 42.8 46.19 0
      vertex 42.8 46.19 0.579999
    endloop
  endfacet
  facet normal -1 0 0
    outer loop
      vertex 47.6 46.19 0
      vertex 47.6 47.15 0.579999
      vertex 47.6 47.15 0
    endloop
  endfacet
  facet normal -1 -0 0
    outer loop
      vertex 47.6 47.15 0.579999
      vertex 47.6 46.19 0
      vertex 47.6 46.19 0.579999
    endloop
  endfacet
  facet normal 0 1 -0
    outer loop
      vertex 49.52 47.15 0
      vertex 47.6 47.15 0.579999
      vertex 49.52 47.15 0.579999
    endloop
  endfacet
  facet normal 0 1 0
    outer loop
      vertex 47.6 47.15 0.579999
      vertex 49.52 47.15 0
      vertex 47.6 47.15 0
    endloop
  endfacet
  facet normal -1 0 0
    outer loop
      vertex 50.48 46.19 0
      vertex 50.48 47.15 0.579999
      vertex 50.48 47.15 0
    endloop
  endfacet
  facet normal -1 -0 0
    outer loop
      vertex 50.48 47.15 0.579999
      vertex 50.48 46.19 0
      vertex 50.48 46.19 0.579999
    endloop
  endfacet
  facet normal 0 0 -1
    outer loop
      vertex 49.52 46.19 0.579999
      vertex 50.48 47.15 0.579999
      vertex 50.48 46.19 0.579999
    endloop
  endfacet
  facet normal -0 0 -1
    outer loop
      vertex 50.48 47.15 0.579999
      vertex 49.52 46.19 0.579999
      vertex 49.52 47.15 0.579999
    endloop
  endfacet
  facet normal 1 -0 0
    outer loop
      vertex 49.52 46.19 0.579999
      vertex 49.52 47.15 0
      vertex 49.52 47.15 0.579999
    endloop
  endfacet
  facet normal 1 0 0
    outer loop
      vertex 49.52 47.15 0
      vertex 49.52 46.19 0.579999
      vertex 49.52 46.19 0
    endloop
  endfacet
  facet normal 0 -1 0
    outer loop
      vertex 49.52 47.15 0
      vertex 50.48 47.15 0.579999
      vertex 49.52 47.15 0.579999
    endloop
  endfacet
  facet normal 0 -1 -0
    outer loop
      vertex 50.48 47.15 0.579999
      vertex 49.52 47.15 0
      vertex 50.48 47.15 0
    endloop
  endfacet
  facet normal 0 1 -0
    outer loop
      vertex 50.48 46.19 0
      vertex 49.52 46.19 0.579999
      vertex 50.48 46.19 0.579999
    endloop
  endfacet
  facet normal 0 1 0
    outer loop
      vertex 49.52 46.19 0.579999
      vertex 50.48 46.19 0
      vertex 49.52 46.19 0
    endloop
  endfacet
  facet normal 1 -0 0
    outer loop
      vertex 52.4 46.19 0.579999
      vertex 52.4 47.15 0
      vertex 52.4 47.15 0.579999
    endloop
  endfacet
  facet normal 1 0 0
    outer loop
      vertex 52.4 47.15 0
      vertex 52.4 46.19 0.579999
      vertex 52.4 46.19 0
    endloop
  endfacet
  facet normal 0 -1 0
    outer loop
      vertex 52.4 47.15 0
      vertex 55.28 47.15 0.579999
      vertex 52.4 47.15 0.579999
    endloop
  endfacet
  facet normal 0 -1 -0
    outer loop
      vertex 55.28 47.15 0.579999
      vertex 52.4 47.15 0
      vertex 55.28 47.15 0
    endloop
  endfacet
  facet normal 0 1 -0
    outer loop
      vertex 53.36 46.19 0
      vertex 52.4 46.19 0.579999
      vertex 53.36 46.19 0.579999
    endloop
  endfacet
  facet normal 0 1 0
    outer loop
      vertex 52.4 46.19 0.579999
      vertex 53.36 46.19 0
      vertex 52.4 46.19 0
    endloop
  endfacet
  facet normal -1 0 0
    outer loop
      vertex 55.28 46.19 0
      vertex 55.28 47.15 0.579999
      vertex 55.28 47.15 0
    endloop
  endfacet
  facet normal -1 -0 0
    outer loop
      vertex 55.28 47.15 0.579999
      vertex 55.28 46.19 0
      vertex 55.28 46.19 0.579999
    endloop
  endfacet
  facet normal 0 1 -0
    outer loop
      vertex 57.2 47.15 0
      vertex 55.28 47.15 0.579999
      vertex 57.2 47.15 0.579999
    endloop
  endfacet
  facet normal 0 1 0
    outer loop
      vertex 55.28 47.15 0.579999
      vertex 57.2 47.15 0
      vertex 55.28 47.15 0
    endloop
  endfacet
  facet normal 0 -1 0
    outer loop
      vertex 62.96 47.15 0
      vertex 65.84 47.15 0.579999
      vertex 62.96 47.15 0.579999
    endloop
  endfacet
  facet normal 0 -1 -0
    outer loop
      vertex 65.84 47.15 0.579999
      vertex 62.96 47.15 0
      vertex 65.84 47.15 0
    endloop
  endfacet
  facet normal -1 0 0
    outer loop
      vertex 34.16 47.15 0
      vertex 34.16 49.07 0.579999
      vertex 34.16 49.07 0
    endloop
  endfacet
  facet normal -1 -0 0
    outer loop
      vertex 34.16 49.07 0.579999
      vertex 34.16 47.15 0
      vertex 34.16 47.15 0.579999
    endloop
  endfacet
  facet normal 0 0 -1
    outer loop
      vertex 34.16 47.15 0.579999
      vertex 33.2 47.15 0.579999
      vertex 34.16 49.07 0.579999
    endloop
  endfacet
  facet normal 0 0 -1
    outer loop
      vertex 34.16 49.07 0.579999
      vertex 38 50.03 0.579999
      vertex 38 49.07 0.579999
    endloop
  endfacet
  facet normal 0 0 -1
    outer loop
      vertex 33.2 49.07 0.579999
      vertex 34.16 49.07 0.579999
      vertex 33.2 47.15 0.579999
    endloop
  endfacet
  facet normal 0 0 -1
    outer loop
      vertex 31.28 50.03 0.579999
      vertex 34.16 49.07 0.579999
      vertex 33.2 49.07 0.579999
    endloop
  endfacet
  facet normal 0 0 -1
    outer loop
      vertex 31.28 50.03 0.579999
      vertex 33.2 49.07 0.579999
      vertex 31.28 49.07 0.579999
    endloop
  endfacet
  facet normal 0 0 -1
    outer loop
      vertex 34.16 49.07 0.579999
      vertex 31.28 50.03 0.579999
      vertex 38 50.03 0.579999
    endloop
  endfacet
  facet normal 1 -0 0
    outer loop
      vertex 33.2 47.15 0.579999
      vertex 33.2 49.07 0
      vertex 33.2 49.07 0.579999
    endloop
  endfacet
  facet normal 1 0 0
    outer loop
      vertex 33.2 49.07 0
      vertex 33.2 47.15 0.579999
      vertex 33.2 47.15 0
    endloop
  endfacet
  facet normal 0 1 -0
    outer loop
      vertex 34.16 47.15 0
      vertex 33.2 47.15 0.579999
      vertex 34.16 47.15 0.579999
    endloop
  endfacet
  facet normal 0 1 0
    outer loop
      vertex 33.2 47.15 0.579999
      vertex 34.16 47.15 0
      vertex 33.2 47.15 0
    endloop
  endfacet
  facet normal 1 -0 0
    outer loop
      vertex 38 47.15 0.579999
      vertex 38 49.07 0
      vertex 38 49.07 0.579999
    endloop
  endfacet
  facet normal 1 0 0
    outer loop
      vertex 38 49.07 0
      vertex 38 47.15 0.579999
      vertex 38 47.15 0
    endloop
  endfacet
  facet normal 0 1 -0
    outer loop
      vertex 39.92 47.15 0
      vertex 38 47.15 0.579999
      vertex 39.92 47.15 0.579999
    endloop
  endfacet
  facet normal 0 1 0
    outer loop
      vertex 38 47.15 0.579999
      vertex 39.92 47.15 0
      vertex 38 47.15 0
    endloop
  endfacet
  facet normal 1 -0 0
    outer loop
      vertex 39.92 49.07 0.579999
      vertex 39.92 50.03 0
      vertex 39.92 50.03 0.579999
    endloop
  endfacet
  facet normal 1 0 0
    outer loop
      vertex 39.92 50.03 0
      vertex 39.92 49.07 0.579999
      vertex 39.92 49.07 0
    endloop
  endfacet
  facet normal -1 0 0
    outer loop
      vertex 40.88 47.15 0
      vertex 40.88 49.07 0.579999
      vertex 40.88 49.07 0
    endloop
  endfacet
  facet normal -1 -0 0
    outer loop
      vertex 40.88 49.07 0.579999
      vertex 40.88 47.15 0
      vertex 40.88 47.15 0.579999
    endloop
  endfacet
  facet normal -1 0 0
    outer loop
      vertex 49.52 47.15 0
      vertex 49.52 49.07 0.579999
      vertex 49.52 49.07 0
    endloop
  endfacet
  facet normal -1 -0 0
    outer loop
      vertex 49.52 49.07 0.579999
      vertex 49.52 47.15 0
      vertex 49.52 47.15 0.579999
    endloop
  endfacet
  facet normal 1 -0 0
    outer loop
      vertex 55.28 47.15 0.579999
      vertex 55.28 49.07 0
      vertex 55.28 49.07 0.579999
    endloop
  endfacet
  facet normal 1 0 0
    outer loop
      vertex 55.28 49.07 0
      vertex 55.28 47.15 0.579999
      vertex 55.28 47.15 0
    endloop
  endfacet
  facet normal 0 1 -0
    outer loop
      vertex 62.96 47.15 0
      vertex 60.08 47.15 0.579999
      vertex 62.96 47.15 0.579999
    endloop
  endfacet
  facet normal 0 1 0
    outer loop
      vertex 60.08 47.15 0.579999
      vertex 62.96 47.15 0
      vertex 60.08 47.15 0
    endloop
  endfacet
  facet normal -1 0 0
    outer loop
      vertex 62.96 47.15 0
      vertex 62.96 49.07 0.579999
      vertex 62.96 49.07 0
    endloop
  endfacet
  facet normal -1 -0 0
    outer loop
      vertex 62.96 49.07 0.579999
      vertex 62.96 47.15 0
      vertex 62.96 47.15 0.579999
    endloop
  endfacet
  facet normal 0 1 -0
    outer loop
      vertex 29.36 49.07 0
      vertex 21.68 49.07 0.579999
      vertex 29.36 49.07 0.579999
    endloop
  endfacet
  facet normal 0 1 0
    outer loop
      vertex 21.68 49.07 0.579999
      vertex 29.36 49.07 0
      vertex 21.68 49.07 0
    endloop
  endfacet
  facet normal 0 1 -0
    outer loop
      vertex 38 49.07 0
      vertex 34.16 49.07 0.579999
      vertex 38 49.07 0.579999
    endloop
  endfacet
  facet normal 0 1 0
    outer loop
      vertex 34.16 49.07 0.579999
      vertex 38 49.07 0
      vertex 34.16 49.07 0
    endloop
  endfacet
  facet normal 0 -1 0
    outer loop
      vertex 38 49.07 0
      vertex 39.92 49.07 0.579999
      vertex 38 49.07 0.579999
    endloop
  endfacet
  facet normal 0 -1 -0
    outer loop
      vertex 39.92 49.07 0.579999
      vertex 38 49.07 0
      vertex 39.92 49.07 0
    endloop
  endfacet
  facet normal 0 1 -0
    outer loop
      vertex 45.68 49.07 0
      vertex 40.88 49.07 0.579999
      vertex 45.68 49.07 0.579999
    endloop
  endfacet
  facet normal 0 1 0
    outer loop
      vertex 40.88 49.07 0.579999
      vertex 45.68 49.07 0
      vertex 40.88 49.07 0
    endloop
  endfacet
  facet normal 0 -1 0
    outer loop
      vertex 46.64 49.07 0
      vertex 49.52 49.07 0.579999
      vertex 46.64 49.07 0.579999
    endloop
  endfacet
  facet normal 0 -1 -0
    outer loop
      vertex 49.52 49.07 0.579999
      vertex 46.64 49.07 0
      vertex 49.52 49.07 0
    endloop
  endfacet
  facet normal 0 1 -0
    outer loop
      vertex 55.28 49.07 0
      vertex 50.48 49.07 0.579999
      vertex 55.28 49.07 0.579999
    endloop
  endfacet
  facet normal 0 1 0
    outer loop
      vertex 50.48 49.07 0.579999
      vertex 55.28 49.07 0
      vertex 50.48 49.07 0
    endloop
  endfacet
  facet normal 0 -1 0
    outer loop
      vertex 59.12 49.07 0
      vertex 62 49.07 0.579999
      vertex 59.12 49.07 0.579999
    endloop
  endfacet
  facet normal 0 -1 -0
    outer loop
      vertex 62 49.07 0.579999
      vertex 59.12 49.07 0
      vertex 62 49.07 0
    endloop
  endfacet
  facet normal 0 1 -0
    outer loop
      vertex 64.88 49.07 0
      vertex 62.96 49.07 0.579999
      vertex 64.88 49.07 0.579999
    endloop
  endfacet
  facet normal 0 1 0
    outer loop
      vertex 62.96 49.07 0.579999
      vertex 64.88 49.07 0
      vertex 62.96 49.07 0
    endloop
  endfacet
  facet normal 0 -1 0
    outer loop
      vertex 20.72 50.03 0
      vertex 30.32 50.03 0.579999
      vertex 20.72 50.03 0.579999
    endloop
  endfacet
  facet normal 0 -1 -0
    outer loop
      vertex 30.32 50.03 0.579999
      vertex 20.72 50.03 0
      vertex 30.32 50.03 0
    endloop
  endfacet
  facet normal 1 -0 0
    outer loop
      vertex 31.28 49.07 0.579999
      vertex 31.28 50.03 0
      vertex 31.28 50.03 0.579999
    endloop
  endfacet
  facet normal 1 0 0
    outer loop
      vertex 31.28 50.03 0
      vertex 31.28 49.07 0.579999
      vertex 31.28 49.07 0
    endloop
  endfacet
  facet normal 0 -1 0
    outer loop
      vertex 31.28 50.03 0
      vertex 38 50.03 0.579999
      vertex 31.28 50.03 0.579999
    endloop
  endfacet
  facet normal 0 -1 -0
    outer loop
      vertex 38 50.03 0.579999
      vertex 31.28 50.03 0
      vertex 38 50.03 0
    endloop
  endfacet
  facet normal 0 1 -0
    outer loop
      vertex 33.2 49.07 0
      vertex 31.28 49.07 0.579999
      vertex 33.2 49.07 0.579999
    endloop
  endfacet
  facet normal 0 1 0
    outer loop
      vertex 31.28 49.07 0.579999
      vertex 33.2 49.07 0
      vertex 31.28 49.07 0
    endloop
  endfacet
  facet normal -1 0 0
    outer loop
      vertex 38 49.07 0
      vertex 38 50.03 0.579999
      vertex 38 50.03 0
    endloop
  endfacet
  facet normal -1 -0 0
    outer loop
      vertex 38 50.03 0.579999
      vertex 38 49.07 0
      vertex 38 49.07 0.579999
    endloop
  endfacet
  facet normal 0 -1 0
    outer loop
      vertex 39.92 50.03 0
      vertex 45.68 50.03 0.579999
      vertex 39.92 50.03 0.579999
    endloop
  endfacet
  facet normal 0 -1 -0
    outer loop
      vertex 45.68 50.03 0.579999
      vertex 39.92 50.03 0
      vertex 45.68 50.03 0
    endloop
  endfacet
  facet normal -1 0 0
    outer loop
      vertex 45.68 49.07 0
      vertex 45.68 50.03 0.579999
      vertex 45.68 50.03 0
    endloop
  endfacet
  facet normal -1 -0 0
    outer loop
      vertex 45.68 50.03 0.579999
      vertex 45.68 49.07 0
      vertex 45.68 49.07 0.579999
    endloop
  endfacet
  facet normal 1 -0 0
    outer loop
      vertex 50.48 49.07 0.579999
      vertex 50.48 50.03 0
      vertex 50.48 50.03 0.579999
    endloop
  endfacet
  facet normal 1 0 0
    outer loop
      vertex 50.48 50.03 0
      vertex 50.48 49.07 0.579999
      vertex 50.48 49.07 0
    endloop
  endfacet
  facet normal 0 -1 0
    outer loop
      vertex 50.48 50.03 0
      vertex 59.12 50.03 0.579999
      vertex 50.48 50.03 0.579999
    endloop
  endfacet
  facet normal 0 -1 -0
    outer loop
      vertex 59.12 50.03 0.579999
      vertex 50.48 50.03 0
      vertex 59.12 50.03 0
    endloop
  endfacet
  facet normal -1 0 0
    outer loop
      vertex 59.12 49.07 0
      vertex 59.12 50.03 0.579999
      vertex 59.12 50.03 0
    endloop
  endfacet
  facet normal -1 -0 0
    outer loop
      vertex 59.12 50.03 0.579999
      vertex 59.12 49.07 0
      vertex 59.12 49.07 0.579999
    endloop
  endfacet
  facet normal 1 -0 0
    outer loop
      vertex 62 49.07 0.579999
      vertex 62 50.03 0
      vertex 62 50.03 0.579999
    endloop
  endfacet
  facet normal 1 0 0
    outer loop
      vertex 62 50.03 0
      vertex 62 49.07 0.579999
      vertex 62 49.07 0
    endloop
  endfacet
  facet normal 0 -1 0
    outer loop
      vertex 62 50.03 0
      vertex 64.88 50.03 0.579999
      vertex 62 50.03 0.579999
    endloop
  endfacet
  facet normal 0 -1 -0
    outer loop
      vertex 64.88 50.03 0.579999
      vertex 62 50.03 0
      vertex 64.88 50.03 0
    endloop
  endfacet
  facet normal -1 0 0
    outer loop
      vertex 64.88 49.07 0
      vertex 64.88 50.03 0.579999
      vertex 64.88 50.03 0
    endloop
  endfacet
  facet normal -1 -0 0
    outer loop
      vertex 64.88 50.03 0.579999
      vertex 64.88 49.07 0
      vertex 64.88 49.07 0.579999
    endloop
  endfacet
  facet normal 1 -0 0
    outer loop
      vertex 85.6 2.5 1.6
      vertex 85.6 51.48 0
      vertex 85.6 51.48 1.6
    endloop
  endfacet
  facet normal 1 0 0
    outer loop
      vertex 85.6 51.48 0
      vertex 85.6 2.5 1.6
      vertex 85.6 2.5 0
    endloop
  endfacet
  facet normal 0.587773 -0.809026 0
    outer loop
      vertex 84.4396 0.38918 0
      vertex 84.6936 0.573716 1.6
      vertex 84.4396 0.38918 1.6
    endloop
  endfacet
  facet normal 0.587773 -0.809026 0
    outer loop
      vertex 84.6936 0.573716 1.6
      vertex 84.4396 0.38918 0
      vertex 84.6936 0.573716 0
    endloop
  endfacet
  facet normal -0.770507 0.637431 0
    outer loop
      vertex 0.477457 52.9495 0
      vertex 0.677578 53.1914 1.6
      vertex 0.677578 53.1914 0
    endloop
  endfacet
  facet normal -0.770507 0.637431 0
    outer loop
      vertex 0.677578 53.1914 1.6
      vertex 0.477457 52.9495 0
      vertex 0.477457 52.9495 1.6
    endloop
  endfacet
  facet normal -0.951061 0.309003 0
    outer loop
      vertex 0.0785418 52.1017 0
      vertex 0.175558 52.4003 1.6
      vertex 0.175558 52.4003 0
    endloop
  endfacet
  facet normal -0.951061 0.309003 0
    outer loop
      vertex 0.175558 52.4003 1.6
      vertex 0.0785418 52.1017 0
      vertex 0.0785418 52.1017 1.6
    endloop
  endfacet
  facet normal 0.248828 0.968548 -0
    outer loop
      vertex 83.8725 53.8576 0
      vertex 83.5685 53.9357 1.6
      vertex 83.8725 53.8576 1.6
    endloop
  endfacet
  facet normal 0.248828 0.968548 0
    outer loop
      vertex 83.5685 53.9357 1.6
      vertex 83.8725 53.8576 0
      vertex 83.5685 53.9357 0
    endloop
  endfacet
  facet normal -1 0 0
    outer loop
      vertex 0 2.5 0
      vertex 0 51.48 1.6
      vertex 0 51.48 0
    endloop
  endfacet
  facet normal -1 -0 0
    outer loop
      vertex 0 51.48 1.6
      vertex 0 2.5 0
      vertex 0 2.5 1.6
    endloop
  endfacet
  facet normal 0 0 -1
    outer loop
      vertex 20.72 18.35 0
      vertex 21.68 20.27 0
      vertex 21.68 18.35 0
    endloop
  endfacet
  facet normal -0 0 -1
    outer loop
      vertex 21.68 20.27 0
      vertex 20.72 18.35 0
      vertex 20.72 20.27 0
    endloop
  endfacet
  facet normal 0 0 -1
    outer loop
      vertex 21.68 24.11 0
      vertex 23.6 26.99 0
      vertex 23.6 24.11 0
    endloop
  endfacet
  facet normal -0 0 -1
    outer loop
      vertex 23.6 26.99 0
      vertex 21.68 24.11 0
      vertex 21.68 26.99 0
    endloop
  endfacet
  facet normal 0 0 -1
    outer loop
      vertex 24.56 21.23 0
      vertex 26.48 22.19 0
      vertex 26.48 21.23 0
    endloop
  endfacet
  facet normal -0 0 -1
    outer loop
      vertex 26.48 22.19 0
      vertex 24.56 21.23 0
      vertex 24.56 22.19 0
    endloop
  endfacet
  facet normal 0 0 -1
    outer loop
      vertex 24.56 25.07 0
      vertex 26.48 26.99 0
      vertex 26.48 25.07 0
    endloop
  endfacet
  facet normal -0 0 -1
    outer loop
      vertex 26.48 26.99 0
      vertex 24.56 25.07 0
      vertex 24.56 26.99 0
    endloop
  endfacet
  facet normal 0 0 -1
    outer loop
      vertex 24.56 25.07 0
      vertex 23.6 26.99 0
      vertex 24.56 26.99 0
    endloop
  endfacet
  facet normal 0 0 -1
    outer loop
      vertex 24.56 26.99 0
      vertex 23.6 26.99 0
      vertex 24.56 27.95 0
    endloop
  endfacet
  facet normal -0 0 -1
    outer loop
      vertex 24.56 27.95 0
      vertex 23.6 26.99 0
      vertex 23.6 27.95 0
    endloop
  endfacet
  facet normal 0 0 -1
    outer loop
      vertex 26.48 37.55 0
      vertex 24.56 37.55 0
      vertex 26.48 39.47 0
    endloop
  endfacet
  facet normal 0 0 -1
    outer loop
      vertex 26.48 39.47 0
      vertex 30.32 40.43 0
      vertex 30.32 39.47 0
    endloop
  endfacet
  facet normal 0 0 -1
    outer loop
      vertex 24.56 39.47 0
      vertex 26.48 39.47 0
      vertex 24.56 37.55 0
    endloop
  endfacet
  facet normal 0 0 -1
    outer loop
      vertex 24.56 39.47 0
      vertex 30.32 40.43 0
      vertex 26.48 39.47 0
    endloop
  endfacet
  facet normal 0 0 -1
    outer loop
      vertex 20.72 40.43 0
      vertex 24.56 39.47 0
      vertex 20.72 39.47 0
    endloop
  endfacet
  facet normal 0 0 -1
    outer loop
      vertex 24.56 39.47 0
      vertex 20.72 40.43 0
      vertex 30.32 40.43 0
    endloop
  endfacet
  facet normal 0 0 -1
    outer loop
      vertex 30.32 14.51 0
      vertex 29.36 15.47 0
      vertex 30.32 15.47 0
    endloop
  endfacet
  facet normal 0 0 -1
    outer loop
      vertex 27.44 17.39 0
      vertex 29.36 17.39 0
      vertex 29.36 15.47 0
    endloop
  endfacet
  facet normal 0 0 -1
    outer loop
      vertex 29.36 17.39 0
      vertex 27.44 17.39 0
      vertex 29.36 18.35 0
    endloop
  endfacet
  facet normal 0 0 -1
    outer loop
      vertex 27.44 20.27 0
      vertex 29.36 18.35 0
      vertex 27.44 17.39 0
    endloop
  endfacet
  facet normal 0 0 -1
    outer loop
      vertex 21.68 15.47 0
      vertex 29.36 15.47 0
      vertex 30.32 14.51 0
    endloop
  endfacet
  facet normal 0 0 -1
    outer loop
      vertex 29.36 15.47 0
      vertex 24.56 17.39 0
      vertex 27.44 17.39 0
    endloop
  endfacet
  facet normal 0 0 -1
    outer loop
      vertex 21.68 20.27 0
      vertex 24.56 21.23 0
      vertex 24.56 17.39 0
    endloop
  endfacet
  facet normal 0 0 -1
    outer loop
      vertex 24.56 21.23 0
      vertex 23.6 22.19 0
      vertex 24.56 22.19 0
    endloop
  endfacet
  facet normal 0 0 -1
    outer loop
      vertex 23.6 24.11 0
      vertex 24.56 22.19 0
      vertex 23.6 22.19 0
    endloop
  endfacet
  facet normal 0 0 -1
    outer loop
      vertex 24.56 22.19 0
      vertex 23.6 24.11 0
      vertex 24.56 25.07 0
    endloop
  endfacet
  facet normal 0 0 -1
    outer loop
      vertex 23.6 26.99 0
      vertex 24.56 25.07 0
      vertex 23.6 24.11 0
    endloop
  endfacet
  facet normal 0 0 -1
    outer loop
      vertex 21.68 18.35 0
      vertex 24.56 17.39 0
      vertex 21.68 15.47 0
    endloop
  endfacet
  facet normal 0 0 -1
    outer loop
      vertex 29.36 15.47 0
      vertex 21.68 15.47 0
      vertex 24.56 17.39 0
    endloop
  endfacet
  facet normal 0 0 -1
    outer loop
      vertex 20.72 14.51 0
      vertex 21.68 15.47 0
      vertex 30.32 14.51 0
    endloop
  endfacet
  facet normal -0 0 -1
    outer loop
      vertex 21.68 15.47 0
      vertex 20.72 14.51 0
      vertex 20.72 15.47 0
    endloop
  endfacet
  facet normal 0 0 -1
    outer loop
      vertex 30.32 15.47 0
      vertex 31.28 13.55 0
      vertex 30.32 14.51 0
    endloop
  endfacet
  facet normal 0 0 -1
    outer loop
      vertex 31.28 13.55 0
      vertex 30.32 15.47 0
      vertex 31.28 18.35 0
    endloop
  endfacet
  facet normal 0 0 -1
    outer loop
      vertex 30.32 17.39 0
      vertex 31.28 18.35 0
      vertex 30.32 15.47 0
    endloop
  endfacet
  facet normal 0 0 -1
    outer loop
      vertex 29.36 18.35 0
      vertex 30.32 17.39 0
      vertex 29.36 17.39 0
    endloop
  endfacet
  facet normal 0 0 -1
    outer loop
      vertex 30.32 17.39 0
      vertex 29.36 18.35 0
      vertex 31.28 18.35 0
    endloop
  endfacet
  facet normal 0 0 -1
    outer loop
      vertex 29.36 18.35 0
      vertex 27.44 20.27 0
      vertex 29.36 20.27 0
    endloop
  endfacet
  facet normal 0 0 -1
    outer loop
      vertex 21.68 20.27 0
      vertex 24.56 17.39 0
      vertex 21.68 18.35 0
    endloop
  endfacet
  facet normal -0 0 -1
    outer loop
      vertex 24.56 21.23 0
      vertex 21.68 20.27 0
      vertex 23.6 22.19 0
    endloop
  endfacet
  facet normal -0 0 -1
    outer loop
      vertex 23.6 22.19 0
      vertex 21.68 20.27 0
      vertex 21.68 22.19 0
    endloop
  endfacet
  facet normal 0 0 -1
    outer loop
      vertex 20.72 27.95 0
      vertex 21.68 30.83 0
      vertex 21.68 27.95 0
    endloop
  endfacet
  facet normal 0 0 -1
    outer loop
      vertex 20.72 33.71 0
      vertex 21.68 30.83 0
      vertex 20.72 27.95 0
    endloop
  endfacet
  facet normal 0 0 -1
    outer loop
      vertex 21.68 30.83 0
      vertex 20.72 33.71 0
      vertex 21.68 31.79 0
    endloop
  endfacet
  facet normal 0 0 -1
    outer loop
      vertex 21.68 31.79 0
      vertex 20.72 33.71 0
      vertex 21.68 33.71 0
    endloop
  endfacet
  facet normal 0 0 -1
    outer loop
      vertex 21.68 30.83 0
      vertex 23.6 31.79 0
      vertex 23.6 30.83 0
    endloop
  endfacet
  facet normal -0 0 -1
    outer loop
      vertex 23.6 31.79 0
      vertex 21.68 30.83 0
      vertex 21.68 31.79 0
    endloop
  endfacet
  facet normal 0 0 -1
    outer loop
      vertex 33.2 37.55 0
      vertex 31.28 39.47 0
      vertex 33.2 39.47 0
    endloop
  endfacet
  facet normal 0 0 -1
    outer loop
      vertex 30.32 40.43 0
      vertex 31.28 40.43 0
      vertex 31.28 39.47 0
    endloop
  endfacet
  facet normal 0 0 -1
    outer loop
      vertex 31.28 40.43 0
      vertex 30.32 40.43 0
      vertex 31.28 49.07 0
    endloop
  endfacet
  facet normal 0 0 -1
    outer loop
      vertex 30.32 39.47 0
      vertex 31.28 39.47 0
      vertex 30.32 37.55 0
    endloop
  endfacet
  facet normal 0 0 -1
    outer loop
      vertex 30.32 37.55 0
      vertex 31.28 39.47 0
      vertex 33.2 37.55 0
    endloop
  endfacet
  facet normal 0 0 -1
    outer loop
      vertex 33.2 40.43 0
      vertex 34.16 39.47 0
      vertex 33.2 39.47 0
    endloop
  endfacet
  facet normal 0 0 -1
    outer loop
      vertex 34.16 39.47 0
      vertex 33.2 40.43 0
      vertex 34.16 41.39 0
    endloop
  endfacet
  facet normal 0 0 -1
    outer loop
      vertex 33.2 40.43 0
      vertex 33.2 41.39 0
      vertex 34.16 41.39 0
    endloop
  endfacet
  facet normal 0 0 -1
    outer loop
      vertex 31.28 40.43 0
      vertex 33.2 41.39 0
      vertex 33.2 40.43 0
    endloop
  endfacet
  facet normal -0 0 -1
    outer loop
      vertex 33.2 41.39 0
      vertex 31.28 40.43 0
      vertex 33.2 44.27 0
    endloop
  endfacet
  facet normal 0 0 -1
    outer loop
      vertex 31.28 49.07 0
      vertex 33.2 44.27 0
      vertex 31.28 40.43 0
    endloop
  endfacet
  facet normal 0 0 -1
    outer loop
      vertex 33.2 44.27 0
      vertex 31.28 49.07 0
      vertex 33.2 47.15 0
    endloop
  endfacet
  facet normal 0 0 -1
    outer loop
      vertex 33.2 47.15 0
      vertex 31.28 49.07 0
      vertex 33.2 49.07 0
    endloop
  endfacet
  facet normal 0 0 -1
    outer loop
      vertex 34.16 39.47 0
      vertex 36.08 39.47 0
      vertex 36.08 37.55 0
    endloop
  endfacet
  facet normal 0 0 -1
    outer loop
      vertex 36.08 39.47 0
      vertex 34.16 39.47 0
      vertex 36.08 40.43 0
    endloop
  endfacet
  facet normal 0 0 -1
    outer loop
      vertex 34.16 41.39 0
      vertex 36.08 40.43 0
      vertex 34.16 39.47 0
    endloop
  endfacet
  facet normal 0 0 -1
    outer loop
      vertex 36.08 41.39 0
      vertex 34.16 41.39 0
      vertex 36.08 43.31 0
    endloop
  endfacet
  facet normal 0 0 -1
    outer loop
      vertex 34.16 39.47 0
      vertex 36.08 37.55 0
      vertex 34.16 37.55 0
    endloop
  endfacet
  facet normal 0 0 -1
    outer loop
      vertex 36.08 40.43 0
      vertex 34.16 41.39 0
      vertex 36.08 41.39 0
    endloop
  endfacet
  facet normal 0 0 -1
    outer loop
      vertex 34.16 44.27 0
      vertex 36.08 43.31 0
      vertex 34.16 41.39 0
    endloop
  endfacet
  facet normal 0 0 -1
    outer loop
      vertex 36.08 43.31 0
      vertex 34.16 44.27 0
      vertex 36.08 44.27 0
    endloop
  endfacet
  facet normal 0 0 -1
    outer loop
      vertex 37.04 40.43 0
      vertex 38 40.43 0
      vertex 38 39.47 0
    endloop
  endfacet
  facet normal 0 0 -1
    outer loop
      vertex 38 40.43 0
      vertex 37.04 40.43 0
      vertex 38 41.39 0
    endloop
  endfacet
  facet normal 0 0 -1
    outer loop
      vertex 36.08 39.47 0
      vertex 37.04 40.43 0
      vertex 38 39.47 0
    endloop
  endfacet
  facet normal -0 0 -1
    outer loop
      vertex 37.04 40.43 0
      vertex 36.08 39.47 0
      vertex 36.08 40.43 0
    endloop
  endfacet
  facet normal 0 0 -1
    outer loop
      vertex 38 5.87 0
      vertex 37.04 7.79 0
      vertex 38 7.79 0
    endloop
  endfacet
  facet normal -0 0 -1
    outer loop
      vertex 38 41.39 0
      vertex 37.04 40.43 0
      vertex 37.04 41.39 0
    endloop
  endfacet
  facet normal 0 0 -1
    outer loop
      vertex 39.92 49.07 0
      vertex 38 49.07 0
      vertex 39.92 50.03 0
    endloop
  endfacet
  facet normal 0 0 -1
    outer loop
      vertex 38 41.39 0
      vertex 39.92 41.39 0
      vertex 39.92 40.43 0
    endloop
  endfacet
  facet normal 0 0 -1
    outer loop
      vertex 38 41.39 0
      vertex 39.92 40.43 0
      vertex 38 40.43 0
    endloop
  endfacet
  facet normal 0 0 -1
    outer loop
      vertex 39.92 41.39 0
      vertex 38 41.39 0
      vertex 39.92 43.31 0
    endloop
  endfacet
  facet normal -0 0 -1
    outer loop
      vertex 39.92 43.31 0
      vertex 38 41.39 0
      vertex 38 43.31 0
    endloop
  endfacet
  facet normal 0 0 -1
    outer loop
      vertex 36.08 41.39 0
      vertex 37.04 43.31 0
      vertex 37.04 41.39 0
    endloop
  endfacet
  facet normal -0 0 -1
    outer loop
      vertex 37.04 43.31 0
      vertex 36.08 41.39 0
      vertex 36.08 43.31 0
    endloop
  endfacet
  facet normal 0 0 -1
    outer loop
      vertex 33.2 44.27 0
      vertex 34.16 47.15 0
      vertex 34.16 44.27 0
    endloop
  endfacet
  facet normal -0 0 -1
    outer loop
      vertex 34.16 47.15 0
      vertex 33.2 44.27 0
      vertex 33.2 47.15 0
    endloop
  endfacet
  facet normal 0 0 -1
    outer loop
      vertex 31.28 10.67 0
      vertex 33.2 13.55 0
      vertex 33.2 10.67 0
    endloop
  endfacet
  facet normal -0 0 -1
    outer loop
      vertex 33.2 13.55 0
      vertex 31.28 10.67 0
      vertex 31.28 13.55 0
    endloop
  endfacet
  facet normal 0 0 -1
    outer loop
      vertex 33.2 10.67 0
      vertex 34.16 8.75 0
      vertex 33.2 8.75 0
    endloop
  endfacet
  facet normal 0 0 -1
    outer loop
      vertex 34.16 8.75 0
      vertex 33.2 10.67 0
      vertex 34.16 14.51 0
    endloop
  endfacet
  facet normal 0 0 -1
    outer loop
      vertex 33.2 13.55 0
      vertex 34.16 14.51 0
      vertex 33.2 10.67 0
    endloop
  endfacet
  facet normal -0 0 -1
    outer loop
      vertex 34.16 14.51 0
      vertex 33.2 13.55 0
      vertex 33.2 14.51 0
    endloop
  endfacet
  facet normal 0 0 -1
    outer loop
      vertex 42.8 41.39 0
      vertex 43.76 40.43 0
      vertex 42.8 40.43 0
    endloop
  endfacet
  facet normal 0 0 -1
    outer loop
      vertex 43.76 40.43 0
      vertex 42.8 41.39 0
      vertex 43.76 43.31 0
    endloop
  endfacet
  facet normal 0 0 -1
    outer loop
      vertex 42.8 41.39 0
      vertex 40.88 43.31 0
      vertex 43.76 43.31 0
    endloop
  endfacet
  facet normal 0 0 -1
    outer loop
      vertex 39.92 43.31 0
      vertex 40.88 43.31 0
      vertex 39.92 41.39 0
    endloop
  endfacet
  facet normal 0 0 -1
    outer loop
      vertex 39.92 41.39 0
      vertex 40.88 43.31 0
      vertex 42.8 41.39 0
    endloop
  endfacet
  facet normal 0 0 -1
    outer loop
      vertex 40.88 5.87 0
      vertex 39.92 7.79 0
      vertex 40.88 7.79 0
    endloop
  endfacet
  facet normal 0 0 -1
    outer loop
      vertex 38 5.87 0
      vertex 39.92 7.79 0
      vertex 40.88 5.87 0
    endloop
  endfacet
  facet normal 0 0 -1
    outer loop
      vertex 38 7.79 0
      vertex 39.92 7.79 0
      vertex 38 5.87 0
    endloop
  endfacet
  facet normal 0 0 -1
    outer loop
      vertex 38 8.75 0
      vertex 39.92 7.79 0
      vertex 38 7.79 0
    endloop
  endfacet
  facet normal 0 0 -1
    outer loop
      vertex 39.92 7.79 0
      vertex 38 8.75 0
      vertex 39.92 10.67 0
    endloop
  endfacet
  facet normal 0 0 -1
    outer loop
      vertex 37.04 10.67 0
      vertex 38 8.75 0
      vertex 37.04 8.75 0
    endloop
  endfacet
  facet normal 0 0 -1
    outer loop
      vertex 38 8.75 0
      vertex 37.04 10.67 0
      vertex 39.92 10.67 0
    endloop
  endfacet
  facet normal 0 0 -1
    outer loop
      vertex 43.76 44.27 0
      vertex 42.8 46.19 0
      vertex 43.76 46.19 0
    endloop
  endfacet
  facet normal 0 0 -1
    outer loop
      vertex 40.88 44.27 0
      vertex 42.8 46.19 0
      vertex 43.76 44.27 0
    endloop
  endfacet
  facet normal 0 0 -1
    outer loop
      vertex 40.88 43.31 0
      vertex 39.92 43.31 0
      vertex 40.88 44.27 0
    endloop
  endfacet
  facet normal 0 0 -1
    outer loop
      vertex 39.92 44.27 0
      vertex 40.88 44.27 0
      vertex 39.92 43.31 0
    endloop
  endfacet
  facet normal 0 0 -1
    outer loop
      vertex 39.92 46.19 0
      vertex 40.88 44.27 0
      vertex 39.92 44.27 0
    endloop
  endfacet
  facet normal 0 0 -1
    outer loop
      vertex 40.88 44.27 0
      vertex 39.92 46.19 0
      vertex 42.8 46.19 0
    endloop
  endfacet
  facet normal 0 0 -1
    outer loop
      vertex 38 44.27 0
      vertex 39.92 46.19 0
      vertex 39.92 44.27 0
    endloop
  endfacet
  facet normal 0 0 -1
    outer loop
      vertex 38 47.15 0
      vertex 39.92 46.19 0
      vertex 38 44.27 0
    endloop
  endfacet
  facet normal 0 0 -1
    outer loop
      vertex 39.92 46.19 0
      vertex 38 47.15 0
      vertex 39.92 47.15 0
    endloop
  endfacet
  facet normal 0 0 -1
    outer loop
      vertex 46.64 14.51 0
      vertex 45.68 14.51 0
      vertex 46.64 15.47 0
    endloop
  endfacet
  facet normal 0 0 -1
    outer loop
      vertex 46.64 20.27 0
      vertex 47.6 20.27 0
      vertex 47.6 18.35 0
    endloop
  endfacet
  facet normal 0 0 -1
    outer loop
      vertex 47.6 20.27 0
      vertex 46.64 20.27 0
      vertex 47.6 21.23 0
    endloop
  endfacet
  facet normal 0 0 -1
    outer loop
      vertex 46.64 21.23 0
      vertex 47.6 21.23 0
      vertex 46.64 20.27 0
    endloop
  endfacet
  facet normal 0 0 -1
    outer loop
      vertex 45.68 18.35 0
      vertex 46.64 20.27 0
      vertex 47.6 18.35 0
    endloop
  endfacet
  facet normal -0 0 -1
    outer loop
      vertex 46.64 20.27 0
      vertex 45.68 18.35 0
      vertex 45.68 20.27 0
    endloop
  endfacet
  facet normal 0 0 -1
    outer loop
      vertex 47.6 20.27 0
      vertex 49.52 21.23 0
      vertex 49.52 20.27 0
    endloop
  endfacet
  facet normal -0 0 -1
    outer loop
      vertex 49.52 21.23 0
      vertex 47.6 20.27 0
      vertex 47.6 21.23 0
    endloop
  endfacet
  facet normal 0 0 -1
    outer loop
      vertex 46.64 15.47 0
      vertex 49.52 17.39 0
      vertex 49.52 15.47 0
    endloop
  endfacet
  facet normal 0 0 -1
    outer loop
      vertex 45.68 15.47 0
      vertex 46.64 15.47 0
      vertex 45.68 14.51 0
    endloop
  endfacet
  facet normal 0 0 -1
    outer loop
      vertex 45.68 17.39 0
      vertex 46.64 15.47 0
      vertex 45.68 15.47 0
    endloop
  endfacet
  facet normal 0 0 -1
    outer loop
      vertex 46.64 15.47 0
      vertex 45.68 17.39 0
      vertex 49.52 17.39 0
    endloop
  endfacet
  facet normal 0 0 -1
    outer loop
      vertex 49.52 5.87 0
      vertex 46.64 7.79 0
      vertex 49.52 7.79 0
    endloop
  endfacet
  facet normal 0 0 -1
    outer loop
      vertex 53.36 11.63 0
      vertex 55.28 7.79 0
      vertex 53.36 7.79 0
    endloop
  endfacet
  facet normal 0 0 -1
    outer loop
      vertex 55.28 7.79 0
      vertex 53.36 11.63 0
      vertex 55.28 13.55 0
    endloop
  endfacet
  facet normal 0 0 -1
    outer loop
      vertex 53.36 11.63 0
      vertex 53.36 13.55 0
      vertex 55.28 13.55 0
    endloop
  endfacet
  facet normal 0 0 -1
    outer loop
      vertex 52.4 13.55 0
      vertex 53.36 13.55 0
      vertex 53.36 11.63 0
    endloop
  endfacet
  facet normal 0 0 -1
    outer loop
      vertex 53.36 13.55 0
      vertex 52.4 13.55 0
      vertex 53.36 17.39 0
    endloop
  endfacet
  facet normal 0 0 -1
    outer loop
      vertex 50.48 11.63 0
      vertex 52.4 13.55 0
      vertex 53.36 11.63 0
    endloop
  endfacet
  facet normal -0 0 -1
    outer loop
      vertex 52.4 13.55 0
      vertex 50.48 11.63 0
      vertex 50.48 13.55 0
    endloop
  endfacet
  facet normal 0 0 -1
    outer loop
      vertex 57.2 17.39 0
      vertex 56.24 18.35 0
      vertex 57.2 18.35 0
    endloop
  endfacet
  facet normal 0 0 -1
    outer loop
      vertex 55.28 17.39 0
      vertex 56.24 18.35 0
      vertex 57.2 17.39 0
    endloop
  endfacet
  facet normal 0 0 -1
    outer loop
      vertex 55.28 20.27 0
      vertex 56.24 18.35 0
      vertex 55.28 17.39 0
    endloop
  endfacet
  facet normal 0 0 -1
    outer loop
      vertex 56.24 18.35 0
      vertex 55.28 20.27 0
      vertex 56.24 22.19 0
    endloop
  endfacet
  facet normal 0 0 -1
    outer loop
      vertex 53.36 21.23 0
      vertex 55.28 20.27 0
      vertex 53.36 20.27 0
    endloop
  endfacet
  facet normal 0 0 -1
    outer loop
      vertex 55.28 20.27 0
      vertex 53.36 21.23 0
      vertex 56.24 22.19 0
    endloop
  endfacet
  facet normal 0 0 -1
    outer loop
      vertex 53.36 21.23 0
      vertex 52.4 22.19 0
      vertex 56.24 22.19 0
    endloop
  endfacet
  facet normal 0 0 -1
    outer loop
      vertex 50.48 24.11 0
      vertex 52.4 24.11 0
      vertex 52.4 22.19 0
    endloop
  endfacet
  facet normal 0 0 -1
    outer loop
      vertex 50.48 21.23 0
      vertex 52.4 22.19 0
      vertex 53.36 21.23 0
    endloop
  endfacet
  facet normal 0 0 -1
    outer loop
      vertex 50.48 24.11 0
      vertex 52.4 22.19 0
      vertex 50.48 21.23 0
    endloop
  endfacet
  facet normal 0 0 -1
    outer loop
      vertex 52.4 24.11 0
      vertex 50.48 24.11 0
      vertex 52.4 25.07 0
    endloop
  endfacet
  facet normal -0 0 -1
    outer loop
      vertex 52.4 25.07 0
      vertex 50.48 24.11 0
      vertex 50.48 25.07 0
    endloop
  endfacet
  facet normal 0 0 -1
    outer loop
      vertex 57.2 18.35 0
      vertex 59.12 17.39 0
      vertex 57.2 17.39 0
    endloop
  endfacet
  facet normal 0 0 -1
    outer loop
      vertex 59.12 17.39 0
      vertex 57.2 18.35 0
      vertex 59.12 20.27 0
    endloop
  endfacet
  facet normal -0 0 -1
    outer loop
      vertex 59.12 20.27 0
      vertex 57.2 18.35 0
      vertex 57.2 20.27 0
    endloop
  endfacet
  facet normal -0 0 -1
    outer loop
      vertex 53.36 17.39 0
      vertex 52.4 13.55 0
      vertex 52.4 17.39 0
    endloop
  endfacet
  facet normal 0 0 -1
    outer loop
      vertex 50.48 17.39 0
      vertex 52.4 18.35 0
      vertex 52.4 17.39 0
    endloop
  endfacet
  facet normal -0 0 -1
    outer loop
      vertex 52.4 18.35 0
      vertex 50.48 17.39 0
      vertex 50.48 18.35 0
    endloop
  endfacet
  facet normal 0 0 -1
    outer loop
      vertex 55.28 24.11 0
      vertex 53.36 25.07 0
      vertex 55.28 25.07 0
    endloop
  endfacet
  facet normal 0 0 -1
    outer loop
      vertex 52.4 24.11 0
      vertex 53.36 25.07 0
      vertex 55.28 24.11 0
    endloop
  endfacet
  facet normal 0 0 -1
    outer loop
      vertex 52.4 25.07 0
      vertex 53.36 25.07 0
      vertex 52.4 24.11 0
    endloop
  endfacet
  facet normal 0 0 -1
    outer loop
      vertex 53.36 25.07 0
      vertex 52.4 25.07 0
      vertex 53.36 26.99 0
    endloop
  endfacet
  facet normal -0 0 -1
    outer loop
      vertex 53.36 26.99 0
      vertex 52.4 25.07 0
      vertex 52.4 26.99 0
    endloop
  endfacet
  facet normal 0 0 -1
    outer loop
      vertex 62 49.07 0
      vertex 59.12 49.07 0
      vertex 62 50.03 0
    endloop
  endfacet
  facet normal 0 0 -1
    outer loop
      vertex 65.84 40.43 0
      vertex 64.88 41.39 0
      vertex 65.84 43.31 0
    endloop
  endfacet
  facet normal 0 0 -1
    outer loop
      vertex 62.96 40.43 0
      vertex 64.88 41.39 0
      vertex 65.84 40.43 0
    endloop
  endfacet
  facet normal -0 0 -1
    outer loop
      vertex 64.88 41.39 0
      vertex 62.96 40.43 0
      vertex 62.96 41.39 0
    endloop
  endfacet
  facet normal 0 0 -1
    outer loop
      vertex 64.88 34.67 0
      vertex 65.84 30.83 0
      vertex 64.88 30.83 0
    endloop
  endfacet
  facet normal 0 0 -1
    outer loop
      vertex 65.84 30.83 0
      vertex 64.88 34.67 0
      vertex 65.84 37.55 0
    endloop
  endfacet
  facet normal -0 0 -1
    outer loop
      vertex 65.84 37.55 0
      vertex 64.88 34.67 0
      vertex 64.88 37.55 0
    endloop
  endfacet
  facet normal 0 0 -1
    outer loop
      vertex 64.88 24.11 0
      vertex 65.84 25.07 0
      vertex 65.84 24.11 0
    endloop
  endfacet
  facet normal -0 0 -1
    outer loop
      vertex 65.84 25.07 0
      vertex 64.88 24.11 0
      vertex 64.88 25.07 0
    endloop
  endfacet
  facet normal 0 0 -1
    outer loop
      vertex 64.88 18.35 0
      vertex 65.84 21.23 0
      vertex 65.84 18.35 0
    endloop
  endfacet
  facet normal -0 0 -1
    outer loop
      vertex 65.84 21.23 0
      vertex 64.88 18.35 0
      vertex 64.88 21.23 0
    endloop
  endfacet
  facet normal 0 0 -1
    outer loop
      vertex 65.84 14.51 0
      vertex 64.88 15.47 0
      vertex 65.84 17.39 0
    endloop
  endfacet
  facet normal 0 0 -1
    outer loop
      vertex 65.84 14.51 0
      vertex 60.08 15.47 0
      vertex 64.88 15.47 0
    endloop
  endfacet
  facet normal 0 0 -1
    outer loop
      vertex 60.08 15.47 0
      vertex 59.12 17.39 0
      vertex 60.08 17.39 0
    endloop
  endfacet
  facet normal 0 0 -1
    outer loop
      vertex 57.2 17.39 0
      vertex 59.12 17.39 0
      vertex 57.2 15.47 0
    endloop
  endfacet
  facet normal 0 0 -1
    outer loop
      vertex 60.08 15.47 0
      vertex 57.2 15.47 0
      vertex 59.12 17.39 0
    endloop
  endfacet
  facet normal 0 0 -1
    outer loop
      vertex 56.24 14.51 0
      vertex 60.08 15.47 0
      vertex 65.84 14.51 0
    endloop
  endfacet
  facet normal -0 0 -1
    outer loop
      vertex 60.08 15.47 0
      vertex 56.24 14.51 0
      vertex 57.2 15.47 0
    endloop
  endfacet
  facet normal 0 0 -1
    outer loop
      vertex 56.24 4.91 0
      vertex 55.28 7.79 0
      vertex 56.24 14.51 0
    endloop
  endfacet
  facet normal 0 0 -1
    outer loop
      vertex 55.28 13.55 0
      vertex 56.24 14.51 0
      vertex 55.28 7.79 0
    endloop
  endfacet
  facet normal 0 0 -1
    outer loop
      vertex 55.28 15.47 0
      vertex 56.24 14.51 0
      vertex 55.28 13.55 0
    endloop
  endfacet
  facet normal 0 0 -1
    outer loop
      vertex 56.24 14.51 0
      vertex 55.28 15.47 0
      vertex 57.2 15.47 0
    endloop
  endfacet
  facet normal 0 0 -1
    outer loop
      vertex 83.257 0.0049324 0
      vertex 85.6 2.5 0
      vertex 85.5803 2.18667 0
    endloop
  endfacet
  facet normal 0 0 -1
    outer loop
      vertex 85.6 2.5 0
      vertex 65.84 25.07 0
      vertex 85.6 51.48 0
    endloop
  endfacet
  facet normal 0 0 -1
    outer loop
      vertex 83.257 0.0049324 0
      vertex 85.5803 2.18667 0
      vertex 85.5215 1.87827 0
    endloop
  endfacet
  facet normal 0 0 -1
    outer loop
      vertex 65.84 30.83 0
      vertex 85.6 51.48 0
      vertex 65.84 25.07 0
    endloop
  endfacet
  facet normal 0 0 -1
    outer loop
      vertex 83.257 0.0049324 0
      vertex 85.5215 1.87827 0
      vertex 85.4244 1.57969 0
    endloop
  endfacet
  facet normal 0 0 -1
    outer loop
      vertex 65.84 37.55 0
      vertex 85.6 51.48 0
      vertex 65.84 30.83 0
    endloop
  endfacet
  facet normal 0 0 -1
    outer loop
      vertex 83.257 0.0049324 0
      vertex 85.4244 1.57969 0
      vertex 85.2908 1.29562 0
    endloop
  endfacet
  facet normal 0 0 -1
    outer loop
      vertex 65.84 40.43 0
      vertex 85.6 51.48 0
      vertex 65.84 37.55 0
    endloop
  endfacet
  facet normal 0 0 -1
    outer loop
      vertex 83.257 0.0049324 0
      vertex 85.2908 1.29562 0
      vertex 85.1225 1.03054 0
    endloop
  endfacet
  facet normal 0 0 -1
    outer loop
      vertex 65.84 43.31 0
      vertex 85.6 51.48 0
      vertex 65.84 40.43 0
    endloop
  endfacet
  facet normal 0 0 -1
    outer loop
      vertex 83.257 0.0049324 0
      vertex 85.1225 1.03054 0
      vertex 84.9224 0.788631 0
    endloop
  endfacet
  facet normal 0 0 -1
    outer loop
      vertex 65.84 47.15 0
      vertex 85.6 51.48 0
      vertex 65.84 43.31 0
    endloop
  endfacet
  facet normal 0 0 -1
    outer loop
      vertex 83.257 0.0049324 0
      vertex 84.9224 0.788631 0
      vertex 84.6936 0.573716 0
    endloop
  endfacet
  facet normal 0 0 -1
    outer loop
      vertex 85.6 51.48 0
      vertex 83.257 53.9751 0
      vertex 85.5803 51.7933 0
    endloop
  endfacet
  facet normal 0 0 -1
    outer loop
      vertex 83.257 0.0049324 0
      vertex 84.6936 0.573716 0
      vertex 84.4396 0.38918 0
    endloop
  endfacet
  facet normal 0 0 -1
    outer loop
      vertex 85.5803 51.7933 0
      vertex 83.257 53.9751 0
      vertex 85.5215 52.1017 0
    endloop
  endfacet
  facet normal 0 0 -1
    outer loop
      vertex 83.257 0.0049324 0
      vertex 84.4396 0.38918 0
      vertex 84.1644 0.237932 0
    endloop
  endfacet
  facet normal 0 0 -1
    outer loop
      vertex 85.5215 52.1017 0
      vertex 83.257 53.9751 0
      vertex 85.4244 52.4003 0
    endloop
  endfacet
  facet normal 0 0 -1
    outer loop
      vertex 83.257 0.0049324 0
      vertex 84.1644 0.237932 0
      vertex 83.8725 0.122358 0
    endloop
  endfacet
  facet normal 0 0 -1
    outer loop
      vertex 85.4244 52.4003 0
      vertex 83.257 53.9751 0
      vertex 85.2908 52.6844 0
    endloop
  endfacet
  facet normal 0 0 -1
    outer loop
      vertex 83.257 0.0049324 0
      vertex 83.8725 0.122358 0
      vertex 83.5685 0.044281 0
    endloop
  endfacet
  facet normal 0 0 -1
    outer loop
      vertex 85.1225 52.9495 0
      vertex 83.257 53.9751 0
      vertex 84.9224 53.1914 0
    endloop
  endfacet
  facet normal -0 0 -1
    outer loop
      vertex 85.6 2.5 0
      vertex 83.257 0.0049324 0
      vertex 65.84 4.91 0
    endloop
  endfacet
  facet normal 0 0 -1
    outer loop
      vertex 84.9224 53.1914 0
      vertex 83.257 53.9751 0
      vertex 84.6936 53.4063 0
    endloop
  endfacet
  facet normal 0 0 -1
    outer loop
      vertex 85.6 2.5 0
      vertex 65.84 4.91 0
      vertex 65.84 14.51 0
    endloop
  endfacet
  facet normal 0 0 -1
    outer loop
      vertex 83.257 0.0049324 0
      vertex 56.24 4.91 0
      vertex 65.84 4.91 0
    endloop
  endfacet
  facet normal 0 0 -1
    outer loop
      vertex 55.28 7.79 0
      vertex 56.24 4.91 0
      vertex 55.28 5.87 0
    endloop
  endfacet
  facet normal 0 0 -1
    outer loop
      vertex 56.24 4.91 0
      vertex 53.36 5.87 0
      vertex 55.28 5.87 0
    endloop
  endfacet
  facet normal 0 0 -1
    outer loop
      vertex 53.36 5.87 0
      vertex 52.4 7.79 0
      vertex 53.36 7.79 0
    endloop
  endfacet
  facet normal 0 0 -1
    outer loop
      vertex 50.48 8.75 0
      vertex 52.4 7.79 0
      vertex 50.48 5.87 0
    endloop
  endfacet
  facet normal 0 0 -1
    outer loop
      vertex 53.36 5.87 0
      vertex 50.48 5.87 0
      vertex 52.4 7.79 0
    endloop
  endfacet
  facet normal 0 0 -1
    outer loop
      vertex 56.24 4.91 0
      vertex 50.48 5.87 0
      vertex 53.36 5.87 0
    endloop
  endfacet
  facet normal 0 0 -1
    outer loop
      vertex 46.64 4.91 0
      vertex 56.24 4.91 0
      vertex 83.257 0.0049324 0
    endloop
  endfacet
  facet normal 0 0 -1
    outer loop
      vertex 56.24 4.91 0
      vertex 46.64 4.91 0
      vertex 50.48 5.87 0
    endloop
  endfacet
  facet normal 0 0 -1
    outer loop
      vertex 46.64 7.79 0
      vertex 49.52 5.87 0
      vertex 46.64 4.91 0
    endloop
  endfacet
  facet normal -0 0 -1
    outer loop
      vertex 50.48 5.87 0
      vertex 46.64 4.91 0
      vertex 49.52 5.87 0
    endloop
  endfacet
  facet normal 0 0 -1
    outer loop
      vertex 83.257 0.0049324 0
      vertex 43.76 4.91 0
      vertex 46.64 4.91 0
    endloop
  endfacet
  facet normal 0 0 -1
    outer loop
      vertex 43.76 4.91 0
      vertex 42.8 5.87 0
      vertex 43.76 5.87 0
    endloop
  endfacet
  facet normal 0 0 -1
    outer loop
      vertex 40.88 7.79 0
      vertex 42.8 7.79 0
      vertex 42.8 5.87 0
    endloop
  endfacet
  facet normal 0 0 -1
    outer loop
      vertex 42.8 7.79 0
      vertex 40.88 7.79 0
      vertex 42.8 8.75 0
    endloop
  endfacet
  facet normal 0 0 -1
    outer loop
      vertex 40.88 5.87 0
      vertex 42.8 5.87 0
      vertex 40.88 4.91 0
    endloop
  endfacet
  facet normal 0 0 -1
    outer loop
      vertex 43.76 4.91 0
      vertex 40.88 4.91 0
      vertex 42.8 5.87 0
    endloop
  endfacet
  facet normal 0 0 -1
    outer loop
      vertex 83.257 0.0049324 0
      vertex 40.88 4.91 0
      vertex 43.76 4.91 0
    endloop
  endfacet
  facet normal 0 0 -1
    outer loop
      vertex 2.34302 0.0049324 0
      vertex 40.88 4.91 0
      vertex 83.257 0.0049324 0
    endloop
  endfacet
  facet normal 0 0 -1
    outer loop
      vertex 37.04 4.91 0
      vertex 38 5.87 0
      vertex 38 4.91 0
    endloop
  endfacet
  facet normal 0 0 -1
    outer loop
      vertex 37.04 7.79 0
      vertex 38 5.87 0
      vertex 37.04 4.91 0
    endloop
  endfacet
  facet normal -0 0 -1
    outer loop
      vertex 40.88 4.91 0
      vertex 2.34302 0.0049324 0
      vertex 38 4.91 0
    endloop
  endfacet
  facet normal -0 0 -1
    outer loop
      vertex 38 4.91 0
      vertex 2.34302 0.0049324 0
      vertex 37.04 4.91 0
    endloop
  endfacet
  facet normal 0 0 -1
    outer loop
      vertex 33.2 4.91 0
      vertex 31.28 5.87 0
      vertex 33.2 5.87 0
    endloop
  endfacet
  facet normal 0 0 -1
    outer loop
      vertex 30.32 4.91 0
      vertex 31.28 10.67 0
      vertex 31.28 5.87 0
    endloop
  endfacet
  facet normal 0 0 -1
    outer loop
      vertex 30.32 14.51 0
      vertex 31.28 10.67 0
      vertex 30.32 4.91 0
    endloop
  endfacet
  facet normal 0 0 -1
    outer loop
      vertex 31.28 10.67 0
      vertex 30.32 14.51 0
      vertex 31.28 13.55 0
    endloop
  endfacet
  facet normal 0 0 -1
    outer loop
      vertex 33.2 4.91 0
      vertex 30.32 4.91 0
      vertex 31.28 5.87 0
    endloop
  endfacet
  facet normal -0 0 -1
    outer loop
      vertex 37.04 4.91 0
      vertex 2.34302 0.0049324 0
      vertex 33.2 4.91 0
    endloop
  endfacet
  facet normal -0 0 -1
    outer loop
      vertex 33.2 4.91 0
      vertex 2.34302 0.0049324 0
      vertex 30.32 4.91 0
    endloop
  endfacet
  facet normal 0 0 -1
    outer loop
      vertex 0 2.5 0
      vertex 20.72 14.51 0
      vertex 20.72 4.91 0
    endloop
  endfacet
  facet normal -0 0 -1
    outer loop
      vertex 20.72 14.51 0
      vertex 0 2.5 0
      vertex 20.72 15.47 0
    endloop
  endfacet
  facet normal -0 0 -1
    outer loop
      vertex 20.72 15.47 0
      vertex 0 2.5 0
      vertex 20.72 18.35 0
    endloop
  endfacet
  facet normal -0 0 -1
    outer loop
      vertex 20.72 18.35 0
      vertex 0 2.5 0
      vertex 20.72 20.27 0
    endloop
  endfacet
  facet normal -0 0 -1
    outer loop
      vertex 20.72 20.27 0
      vertex 0 2.5 0
      vertex 20.72 27.95 0
    endloop
  endfacet
  facet normal 0 0 -1
    outer loop
      vertex 0 51.48 0
      vertex 20.72 27.95 0
      vertex 0 2.5 0
    endloop
  endfacet
  facet normal 0 0 -1
    outer loop
      vertex 20.72 27.95 0
      vertex 0 51.48 0
      vertex 20.72 33.71 0
    endloop
  endfacet
  facet normal 0 0 -1
    outer loop
      vertex 20.72 33.71 0
      vertex 0 51.48 0
      vertex 20.72 39.47 0
    endloop
  endfacet
  facet normal 0 0 -1
    outer loop
      vertex 0 2.5 0
      vertex 20.72 4.91 0
      vertex 2.34302 0.0049324 0
    endloop
  endfacet
  facet normal -0 0 -1
    outer loop
      vertex 30.32 4.91 0
      vertex 2.34302 0.0049324 0
      vertex 20.72 4.91 0
    endloop
  endfacet
  facet normal 0 0 -1
    outer loop
      vertex 85.6 2.5 0
      vertex 65.84 14.51 0
      vertex 65.84 17.39 0
    endloop
  endfacet
  facet normal 0 0 -1
    outer loop
      vertex 85.6 2.5 0
      vertex 65.84 17.39 0
      vertex 65.84 18.35 0
    endloop
  endfacet
  facet normal 0 0 -1
    outer loop
      vertex 85.6 2.5 0
      vertex 65.84 18.35 0
      vertex 65.84 21.23 0
    endloop
  endfacet
  facet normal 0 0 -1
    outer loop
      vertex 85.6 2.5 0
      vertex 65.84 21.23 0
      vertex 65.84 24.11 0
    endloop
  endfacet
  facet normal 0 0 -1
    outer loop
      vertex 85.6 2.5 0
      vertex 65.84 24.11 0
      vertex 65.84 25.07 0
    endloop
  endfacet
  facet normal 0 0 -1
    outer loop
      vertex 84.6936 53.4063 0
      vertex 83.257 53.9751 0
      vertex 84.4396 53.5908 0
    endloop
  endfacet
  facet normal 0 0 -1
    outer loop
      vertex 84.4396 53.5908 0
      vertex 83.257 53.9751 0
      vertex 84.1644 53.7421 0
    endloop
  endfacet
  facet normal 0 0 -1
    outer loop
      vertex 83.8725 53.8576 0
      vertex 83.257 53.9751 0
      vertex 83.5685 53.9357 0
    endloop
  endfacet
  facet normal 0 0 -1
    outer loop
      vertex 84.1644 53.7421 0
      vertex 83.257 53.9751 0
      vertex 83.8725 53.8576 0
    endloop
  endfacet
  facet normal 0 0 -1
    outer loop
      vertex 85.2908 52.6844 0
      vertex 83.257 53.9751 0
      vertex 85.1225 52.9495 0
    endloop
  endfacet
  facet normal -0 0 -1
    outer loop
      vertex 85.6 51.48 0
      vertex 65.84 47.15 0
      vertex 83.257 53.9751 0
    endloop
  endfacet
  facet normal 0 0 -1
    outer loop
      vertex 64.88 50.03 0
      vertex 65.84 47.15 0
      vertex 64.88 49.07 0
    endloop
  endfacet
  facet normal 0 0 -1
    outer loop
      vertex 65.84 47.15 0
      vertex 64.88 50.03 0
      vertex 83.257 53.9751 0
    endloop
  endfacet
  facet normal 0 0 -1
    outer loop
      vertex 62 50.03 0
      vertex 83.257 53.9751 0
      vertex 64.88 50.03 0
    endloop
  endfacet
  facet normal 0 0 -1
    outer loop
      vertex 59.12 50.03 0
      vertex 62 50.03 0
      vertex 59.12 49.07 0
    endloop
  endfacet
  facet normal 0 0 -1
    outer loop
      vertex 59.12 50.03 0
      vertex 83.257 53.9751 0
      vertex 62 50.03 0
    endloop
  endfacet
  facet normal 0 0 -1
    outer loop
      vertex 50.48 50.03 0
      vertex 83.257 53.9751 0
      vertex 59.12 50.03 0
    endloop
  endfacet
  facet normal 0 0 -1
    outer loop
      vertex 50.48 49.07 0
      vertex 49.52 49.07 0
      vertex 50.48 50.03 0
    endloop
  endfacet
  facet normal 0 0 -1
    outer loop
      vertex 46.64 49.07 0
      vertex 50.48 50.03 0
      vertex 49.52 49.07 0
    endloop
  endfacet
  facet normal 0 0 -1
    outer loop
      vertex 45.68 50.03 0
      vertex 46.64 49.07 0
      vertex 45.68 49.07 0
    endloop
  endfacet
  facet normal 0 0 -1
    outer loop
      vertex 46.64 49.07 0
      vertex 45.68 50.03 0
      vertex 50.48 50.03 0
    endloop
  endfacet
  facet normal 0 0 -1
    outer loop
      vertex 45.68 50.03 0
      vertex 83.257 53.9751 0
      vertex 50.48 50.03 0
    endloop
  endfacet
  facet normal 0 0 -1
    outer loop
      vertex 39.92 50.03 0
      vertex 83.257 53.9751 0
      vertex 45.68 50.03 0
    endloop
  endfacet
  facet normal 0 0 -1
    outer loop
      vertex 38 50.03 0
      vertex 39.92 50.03 0
      vertex 38 49.07 0
    endloop
  endfacet
  facet normal 0 0 -1
    outer loop
      vertex 2.34302 53.9751 0
      vertex 39.92 50.03 0
      vertex 38 50.03 0
    endloop
  endfacet
  facet normal 0 0 -1
    outer loop
      vertex 2.34302 53.9751 0
      vertex 38 50.03 0
      vertex 31.28 50.03 0
    endloop
  endfacet
  facet normal 0 0 -1
    outer loop
      vertex 30.32 40.43 0
      vertex 31.28 39.47 0
      vertex 30.32 39.47 0
    endloop
  endfacet
  facet normal 0 0 -1
    outer loop
      vertex 30.32 50.03 0
      vertex 31.28 49.07 0
      vertex 30.32 40.43 0
    endloop
  endfacet
  facet normal 0 0 -1
    outer loop
      vertex 31.28 49.07 0
      vertex 30.32 50.03 0
      vertex 31.28 50.03 0
    endloop
  endfacet
  facet normal 0 0 -1
    outer loop
      vertex 2.34302 53.9751 0
      vertex 31.28 50.03 0
      vertex 30.32 50.03 0
    endloop
  endfacet
  facet normal 0 0 -1
    outer loop
      vertex 2.34302 53.9751 0
      vertex 30.32 50.03 0
      vertex 20.72 50.03 0
    endloop
  endfacet
  facet normal 0 0 -1
    outer loop
      vertex 39.92 50.03 0
      vertex 2.34302 53.9751 0
      vertex 83.257 53.9751 0
    endloop
  endfacet
  facet normal 0 0 -1
    outer loop
      vertex 20.72 39.47 0
      vertex 0 51.48 0
      vertex 20.72 40.43 0
    endloop
  endfacet
  facet normal 0 0 -1
    outer loop
      vertex 0 2.5 0
      vertex 2.34302 0.0049324 0
      vertex 2.03155 0.044281 0
    endloop
  endfacet
  facet normal 0 -0 -1
    outer loop
      vertex 2.34302 53.9751 0
      vertex 20.72 40.43 0
      vertex 0 51.48 0
    endloop
  endfacet
  facet normal 0 0 -1
    outer loop
      vertex 0 2.5 0
      vertex 2.03155 0.044281 0
      vertex 1.72746 0.122358 0
    endloop
  endfacet
  facet normal 0 0 -1
    outer loop
      vertex 20.72 40.43 0
      vertex 2.34302 53.9751 0
      vertex 20.72 50.03 0
    endloop
  endfacet
  facet normal 0 0 -1
    outer loop
      vertex 0 2.5 0
      vertex 1.72746 0.122358 0
      vertex 1.43555 0.237932 0
    endloop
  endfacet
  facet normal 0 0 -1
    outer loop
      vertex 2.34302 53.9751 0
      vertex 0 51.48 0
      vertex 2.03155 53.9357 0
    endloop
  endfacet
  facet normal 0 0 -1
    outer loop
      vertex 0 2.5 0
      vertex 1.43555 0.237932 0
      vertex 1.16043 0.38918 0
    endloop
  endfacet
  facet normal 0 0 -1
    outer loop
      vertex 2.03155 53.9357 0
      vertex 0 51.48 0
      vertex 1.72746 53.8576 0
    endloop
  endfacet
  facet normal 0 0 -1
    outer loop
      vertex 0 2.5 0
      vertex 1.16043 0.38918 0
      vertex 0.90644 0.573716 0
    endloop
  endfacet
  facet normal 0 0 -1
    outer loop
      vertex 1.72746 53.8576 0
      vertex 0 51.48 0
      vertex 1.43555 53.7421 0
    endloop
  endfacet
  facet normal 0 0 -1
    outer loop
      vertex 0 2.5 0
      vertex 0.90644 0.573716 0
      vertex 0.677578 0.788631 0
    endloop
  endfacet
  facet normal 0 0 -1
    outer loop
      vertex 1.43555 53.7421 0
      vertex 0 51.48 0
      vertex 1.16043 53.5908 0
    endloop
  endfacet
  facet normal 0 0 -1
    outer loop
      vertex 0 2.5 0
      vertex 0.677578 0.788631 0
      vertex 0.477457 1.03054 0
    endloop
  endfacet
  facet normal 0 0 -1
    outer loop
      vertex 1.16043 53.5908 0
      vertex 0 51.48 0
      vertex 0.90644 53.4063 0
    endloop
  endfacet
  facet normal 0 0 -1
    outer loop
      vertex 0 2.5 0
      vertex 0.477457 1.03054 0
      vertex 0.309233 1.29562 0
    endloop
  endfacet
  facet normal 0 0 -1
    outer loop
      vertex 0.90644 53.4063 0
      vertex 0 51.48 0
      vertex 0.677578 53.1914 0
    endloop
  endfacet
  facet normal 0 0 -1
    outer loop
      vertex 0 2.5 0
      vertex 0.309233 1.29562 0
      vertex 0.175558 1.57969 0
    endloop
  endfacet
  facet normal 0 0 -1
    outer loop
      vertex 0.677578 53.1914 0
      vertex 0 51.48 0
      vertex 0.477457 52.9495 0
    endloop
  endfacet
  facet normal 0 0 -1
    outer loop
      vertex 0 2.5 0
      vertex 0.175558 1.57969 0
      vertex 0.0785418 1.87827 0
    endloop
  endfacet
  facet normal 0 0 -1
    outer loop
      vertex 0.477457 52.9495 0
      vertex 0 51.48 0
      vertex 0.309233 52.6844 0
    endloop
  endfacet
  facet normal 0 0 -1
    outer loop
      vertex 0 2.5 0
      vertex 0.0785418 1.87827 0
      vertex 0.0197124 2.18667 0
    endloop
  endfacet
  facet normal 0 0 -1
    outer loop
      vertex 0.309233 52.6844 0
      vertex 0 51.48 0
      vertex 0.175558 52.4003 0
    endloop
  endfacet
  facet normal 0 0 -1
    outer loop
      vertex 0.175558 52.4003 0
      vertex 0 51.48 0
      vertex 0.0785418 52.1017 0
    endloop
  endfacet
  facet normal 0 0 -1
    outer loop
      vertex 0.0785418 52.1017 0
      vertex 0 51.48 0
      vertex 0.0197124 51.7933 0
    endloop
  endfacet
  facet normal -0 0 -1
    outer loop
      vertex 65.84 17.39 0
      vertex 64.88 15.47 0
      vertex 64.88 17.39 0
    endloop
  endfacet
  facet normal 0 0 -1
    outer loop
      vertex 62 31.79 0
      vertex 62.96 33.71 0
      vertex 62.96 31.79 0
    endloop
  endfacet
  facet normal -0 0 -1
    outer loop
      vertex 62.96 33.71 0
      vertex 62 31.79 0
      vertex 62 33.71 0
    endloop
  endfacet
  facet normal 0 0 -1
    outer loop
      vertex 62.96 47.15 0
      vertex 64.88 49.07 0
      vertex 65.84 47.15 0
    endloop
  endfacet
  facet normal -0 0 -1
    outer loop
      vertex 64.88 49.07 0
      vertex 62.96 47.15 0
      vertex 62.96 49.07 0
    endloop
  endfacet
  facet normal 0 0 -1
    outer loop
      vertex 62.96 25.07 0
      vertex 64.88 30.83 0
      vertex 64.88 25.07 0
    endloop
  endfacet
  facet normal -0 0 -1
    outer loop
      vertex 64.88 30.83 0
      vertex 62.96 25.07 0
      vertex 62.96 31.79 0
    endloop
  endfacet
  facet normal 0 0 -1
    outer loop
      vertex 64.88 30.83 0
      vertex 62.96 31.79 0
      vertex 64.88 34.67 0
    endloop
  endfacet
  facet normal 0 0 -1
    outer loop
      vertex 62.96 33.71 0
      vertex 64.88 34.67 0
      vertex 62.96 31.79 0
    endloop
  endfacet
  facet normal -0 0 -1
    outer loop
      vertex 64.88 34.67 0
      vertex 62.96 33.71 0
      vertex 62.96 34.67 0
    endloop
  endfacet
  facet normal -0 0 -1
    outer loop
      vertex 65.84 43.31 0
      vertex 64.88 41.39 0
      vertex 64.88 43.31 0
    endloop
  endfacet
  facet normal 0 0 -1
    outer loop
      vertex 52.4 7.79 0
      vertex 50.48 8.75 0
      vertex 52.4 10.67 0
    endloop
  endfacet
  facet normal 0 0 -1
    outer loop
      vertex 50.48 8.75 0
      vertex 49.52 10.67 0
      vertex 52.4 10.67 0
    endloop
  endfacet
  facet normal 0 0 -1
    outer loop
      vertex 47.6 8.75 0
      vertex 49.52 10.67 0
      vertex 50.48 8.75 0
    endloop
  endfacet
  facet normal 0 0 -1
    outer loop
      vertex 47.6 11.63 0
      vertex 49.52 10.67 0
      vertex 47.6 8.75 0
    endloop
  endfacet
  facet normal 0 0 -1
    outer loop
      vertex 49.52 10.67 0
      vertex 47.6 11.63 0
      vertex 49.52 11.63 0
    endloop
  endfacet
  facet normal 0 0 -1
    outer loop
      vertex 46.64 46.19 0
      vertex 45.68 49.07 0
      vertex 46.64 49.07 0
    endloop
  endfacet
  facet normal 0 0 -1
    outer loop
      vertex 43.76 46.19 0
      vertex 45.68 49.07 0
      vertex 46.64 46.19 0
    endloop
  endfacet
  facet normal 0 0 -1
    outer loop
      vertex 42.8 47.15 0
      vertex 43.76 46.19 0
      vertex 42.8 46.19 0
    endloop
  endfacet
  facet normal 0 0 -1
    outer loop
      vertex 43.76 46.19 0
      vertex 42.8 47.15 0
      vertex 45.68 49.07 0
    endloop
  endfacet
  facet normal 0 0 -1
    outer loop
      vertex 40.88 49.07 0
      vertex 42.8 47.15 0
      vertex 40.88 47.15 0
    endloop
  endfacet
  facet normal 0 0 -1
    outer loop
      vertex 42.8 47.15 0
      vertex 40.88 49.07 0
      vertex 45.68 49.07 0
    endloop
  endfacet
  facet normal 0 0 -1
    outer loop
      vertex 52.4 46.19 0
      vertex 50.48 46.19 0
      vertex 52.4 47.15 0
    endloop
  endfacet
  facet normal 0 0 -1
    outer loop
      vertex 52.4 47.15 0
      vertex 55.28 49.07 0
      vertex 55.28 47.15 0
    endloop
  endfacet
  facet normal 0 0 -1
    outer loop
      vertex 50.48 47.15 0
      vertex 52.4 47.15 0
      vertex 50.48 46.19 0
    endloop
  endfacet
  facet normal 0 0 -1
    outer loop
      vertex 50.48 49.07 0
      vertex 52.4 47.15 0
      vertex 50.48 47.15 0
    endloop
  endfacet
  facet normal 0 0 -1
    outer loop
      vertex 52.4 47.15 0
      vertex 50.48 49.07 0
      vertex 55.28 49.07 0
    endloop
  endfacet
  facet normal 0 0 -1
    outer loop
      vertex 49.52 47.15 0
      vertex 50.48 49.07 0
      vertex 50.48 47.15 0
    endloop
  endfacet
  facet normal 0 0 -1
    outer loop
      vertex 49.52 49.07 0
      vertex 50.48 49.07 0
      vertex 49.52 47.15 0
    endloop
  endfacet
  facet normal 0 0 -1
    outer loop
      vertex 49.52 15.47 0
      vertex 50.48 17.39 0
      vertex 50.48 13.55 0
    endloop
  endfacet
  facet normal 0 0 -1
    outer loop
      vertex 49.52 17.39 0
      vertex 50.48 17.39 0
      vertex 49.52 15.47 0
    endloop
  endfacet
  facet normal 0 0 -1
    outer loop
      vertex 49.52 20.27 0
      vertex 50.48 18.35 0
      vertex 49.52 17.39 0
    endloop
  endfacet
  facet normal 0 0 -1
    outer loop
      vertex 49.52 15.47 0
      vertex 50.48 13.55 0
      vertex 49.52 13.55 0
    endloop
  endfacet
  facet normal 0 0 -1
    outer loop
      vertex 50.48 17.39 0
      vertex 49.52 17.39 0
      vertex 50.48 18.35 0
    endloop
  endfacet
  facet normal 0 0 -1
    outer loop
      vertex 50.48 18.35 0
      vertex 49.52 20.27 0
      vertex 50.48 21.23 0
    endloop
  endfacet
  facet normal 0 0 -1
    outer loop
      vertex 49.52 21.23 0
      vertex 50.48 21.23 0
      vertex 49.52 20.27 0
    endloop
  endfacet
  facet normal 0 0 -1
    outer loop
      vertex 50.48 21.23 0
      vertex 49.52 21.23 0
      vertex 50.48 24.11 0
    endloop
  endfacet
  facet normal -0 0 -1
    outer loop
      vertex 50.48 24.11 0
      vertex 49.52 21.23 0
      vertex 49.52 24.11 0
    endloop
  endfacet
  facet normal 0 0 -1
    outer loop
      vertex 47.6 21.23 0
      vertex 46.64 21.23 0
      vertex 47.6 22.19 0
    endloop
  endfacet
  facet normal 0 0 -1
    outer loop
      vertex 45.68 22.19 0
      vertex 46.64 21.23 0
      vertex 45.68 21.23 0
    endloop
  endfacet
  facet normal 0 0 -1
    outer loop
      vertex 46.64 21.23 0
      vertex 45.68 22.19 0
      vertex 47.6 22.19 0
    endloop
  endfacet
  facet normal 0 0 -1
    outer loop
      vertex 43.76 13.55 0
      vertex 45.68 14.51 0
      vertex 45.68 13.55 0
    endloop
  endfacet
  facet normal 0 0 -1
    outer loop
      vertex 43.76 15.47 0
      vertex 45.68 14.51 0
      vertex 43.76 13.55 0
    endloop
  endfacet
  facet normal 0 0 -1
    outer loop
      vertex 45.68 14.51 0
      vertex 43.76 15.47 0
      vertex 45.68 15.47 0
    endloop
  endfacet
  facet normal 0 0 -1
    outer loop
      vertex 45.68 7.79 0
      vertex 43.76 8.75 0
      vertex 45.68 11.63 0
    endloop
  endfacet
  facet normal 0 0 -1
    outer loop
      vertex 42.8 7.79 0
      vertex 43.76 8.75 0
      vertex 45.68 7.79 0
    endloop
  endfacet
  facet normal -0 0 -1
    outer loop
      vertex 43.76 8.75 0
      vertex 42.8 7.79 0
      vertex 42.8 8.75 0
    endloop
  endfacet
  facet normal -0 0 -1
    outer loop
      vertex 45.68 11.63 0
      vertex 43.76 8.75 0
      vertex 43.76 11.63 0
    endloop
  endfacet
  facet normal 0 0 -1
    outer loop
      vertex 40.88 7.79 0
      vertex 42.8 5.87 0
      vertex 40.88 5.87 0
    endloop
  endfacet
  facet normal 0 0 -1
    outer loop
      vertex 40.88 10.67 0
      vertex 42.8 8.75 0
      vertex 40.88 7.79 0
    endloop
  endfacet
  facet normal 0 0 -1
    outer loop
      vertex 42.8 8.75 0
      vertex 40.88 10.67 0
      vertex 42.8 10.67 0
    endloop
  endfacet
  facet normal 0 0 -1
    outer loop
      vertex 29.36 5.87 0
      vertex 27.44 7.79 0
      vertex 29.36 13.55 0
    endloop
  endfacet
  facet normal 0 0 -1
    outer loop
      vertex 29.36 5.87 0
      vertex 23.6 7.79 0
      vertex 27.44 7.79 0
    endloop
  endfacet
  facet normal -0 0 -1
    outer loop
      vertex 23.6 7.79 0
      vertex 21.68 5.87 0
      vertex 23.6 11.63 0
    endloop
  endfacet
  facet normal 0 0 -1
    outer loop
      vertex 21.68 5.87 0
      vertex 23.6 7.79 0
      vertex 29.36 5.87 0
    endloop
  endfacet
  facet normal 0 0 -1
    outer loop
      vertex 27.44 11.63 0
      vertex 29.36 13.55 0
      vertex 27.44 7.79 0
    endloop
  endfacet
  facet normal 0 0 -1
    outer loop
      vertex 23.6 11.63 0
      vertex 29.36 13.55 0
      vertex 27.44 11.63 0
    endloop
  endfacet
  facet normal 0 0 -1
    outer loop
      vertex 23.6 11.63 0
      vertex 21.68 13.55 0
      vertex 29.36 13.55 0
    endloop
  endfacet
  facet normal 0 0 -1
    outer loop
      vertex 21.68 13.55 0
      vertex 23.6 11.63 0
      vertex 21.68 5.87 0
    endloop
  endfacet
  facet normal 0 0 -1
    outer loop
      vertex 23.6 29.87 0
      vertex 24.56 30.83 0
      vertex 24.56 29.87 0
    endloop
  endfacet
  facet normal -0 0 -1
    outer loop
      vertex 24.56 30.83 0
      vertex 23.6 29.87 0
      vertex 23.6 30.83 0
    endloop
  endfacet
  facet normal 0 0 -1
    outer loop
      vertex 27.44 27.95 0
      vertex 26.48 29.87 0
      vertex 27.44 29.87 0
    endloop
  endfacet
  facet normal 0 0 -1
    outer loop
      vertex 24.56 30.83 0
      vertex 26.48 30.83 0
      vertex 26.48 29.87 0
    endloop
  endfacet
  facet normal 0 0 -1
    outer loop
      vertex 26.48 30.83 0
      vertex 24.56 30.83 0
      vertex 26.48 31.79 0
    endloop
  endfacet
  facet normal 0 0 -1
    outer loop
      vertex 24.56 27.95 0
      vertex 26.48 29.87 0
      vertex 27.44 27.95 0
    endloop
  endfacet
  facet normal 0 0 -1
    outer loop
      vertex 24.56 29.87 0
      vertex 26.48 29.87 0
      vertex 24.56 27.95 0
    endloop
  endfacet
  facet normal 0 0 -1
    outer loop
      vertex 24.56 30.83 0
      vertex 26.48 29.87 0
      vertex 24.56 29.87 0
    endloop
  endfacet
  facet normal -0 0 -1
    outer loop
      vertex 26.48 31.79 0
      vertex 24.56 30.83 0
      vertex 24.56 31.79 0
    endloop
  endfacet
  facet normal 0 0 -1
    outer loop
      vertex 26.48 31.79 0
      vertex 24.56 31.79 0
      vertex 26.48 33.71 0
    endloop
  endfacet
  facet normal 0 0 -1
    outer loop
      vertex 24.56 31.79 0
      vertex 24.56 33.71 0
      vertex 26.48 33.71 0
    endloop
  endfacet
  facet normal 0 0 -1
    outer loop
      vertex 23.6 33.71 0
      vertex 24.56 33.71 0
      vertex 24.56 31.79 0
    endloop
  endfacet
  facet normal 0 0 -1
    outer loop
      vertex 23.6 33.71 0
      vertex 24.56 31.79 0
      vertex 23.6 31.79 0
    endloop
  endfacet
  facet normal 0 0 -1
    outer loop
      vertex 24.56 33.71 0
      vertex 23.6 33.71 0
      vertex 24.56 34.67 0
    endloop
  endfacet
  facet normal 0 0 -1
    outer loop
      vertex 23.6 33.71 0
      vertex 23.6 34.67 0
      vertex 24.56 34.67 0
    endloop
  endfacet
  facet normal 0 0 -1
    outer loop
      vertex 21.68 33.71 0
      vertex 23.6 34.67 0
      vertex 23.6 33.71 0
    endloop
  endfacet
  facet normal 0 0 -1
    outer loop
      vertex 21.68 37.55 0
      vertex 23.6 34.67 0
      vertex 21.68 33.71 0
    endloop
  endfacet
  facet normal 0 0 -1
    outer loop
      vertex 23.6 34.67 0
      vertex 21.68 37.55 0
      vertex 23.6 37.55 0
    endloop
  endfacet
  facet normal 0 0 -1
    outer loop
      vertex 26.48 30.83 0
      vertex 27.44 31.79 0
      vertex 27.44 30.83 0
    endloop
  endfacet
  facet normal -0 0 -1
    outer loop
      vertex 27.44 31.79 0
      vertex 26.48 30.83 0
      vertex 26.48 31.79 0
    endloop
  endfacet
  facet normal 0 0 -1
    outer loop
      vertex 29.36 41.39 0
      vertex 27.44 43.31 0
      vertex 29.36 49.07 0
    endloop
  endfacet
  facet normal 0 0 -1
    outer loop
      vertex 29.36 41.39 0
      vertex 23.6 43.31 0
      vertex 27.44 43.31 0
    endloop
  endfacet
  facet normal -0 0 -1
    outer loop
      vertex 23.6 43.31 0
      vertex 21.68 41.39 0
      vertex 23.6 47.15 0
    endloop
  endfacet
  facet normal 0 0 -1
    outer loop
      vertex 21.68 41.39 0
      vertex 23.6 43.31 0
      vertex 29.36 41.39 0
    endloop
  endfacet
  facet normal 0 0 -1
    outer loop
      vertex 27.44 47.15 0
      vertex 29.36 49.07 0
      vertex 27.44 43.31 0
    endloop
  endfacet
  facet normal 0 0 -1
    outer loop
      vertex 23.6 47.15 0
      vertex 29.36 49.07 0
      vertex 27.44 47.15 0
    endloop
  endfacet
  facet normal 0 0 -1
    outer loop
      vertex 23.6 47.15 0
      vertex 21.68 49.07 0
      vertex 29.36 49.07 0
    endloop
  endfacet
  facet normal 0 0 -1
    outer loop
      vertex 21.68 49.07 0
      vertex 23.6 47.15 0
      vertex 21.68 41.39 0
    endloop
  endfacet
  facet normal 0 0 -1
    outer loop
      vertex 27.44 33.71 0
      vertex 29.36 33.71 0
      vertex 29.36 31.79 0
    endloop
  endfacet
  facet normal 0 0 -1
    outer loop
      vertex 29.36 33.71 0
      vertex 27.44 33.71 0
      vertex 29.36 34.67 0
    endloop
  endfacet
  facet normal 0 0 -1
    outer loop
      vertex 27.44 33.71 0
      vertex 29.36 31.79 0
      vertex 27.44 31.79 0
    endloop
  endfacet
  facet normal 0 0 -1
    outer loop
      vertex 29.36 33.71 0
      vertex 30.32 34.67 0
      vertex 30.32 33.71 0
    endloop
  endfacet
  facet normal -0 0 -1
    outer loop
      vertex 30.32 34.67 0
      vertex 29.36 33.71 0
      vertex 29.36 34.67 0
    endloop
  endfacet
  facet normal 0 0 -1
    outer loop
      vertex 29.36 36.59 0
      vertex 30.32 37.55 0
      vertex 30.32 36.59 0
    endloop
  endfacet
  facet normal -0 0 -1
    outer loop
      vertex 29.36 34.67 0
      vertex 27.44 33.71 0
      vertex 29.36 36.59 0
    endloop
  endfacet
  facet normal 0 0 -1
    outer loop
      vertex 26.48 37.55 0
      vertex 27.44 33.71 0
      vertex 26.48 33.71 0
    endloop
  endfacet
  facet normal 0 0 -1
    outer loop
      vertex 27.44 33.71 0
      vertex 26.48 37.55 0
      vertex 29.36 36.59 0
    endloop
  endfacet
  facet normal 0 0 -1
    outer loop
      vertex 29.36 36.59 0
      vertex 26.48 37.55 0
      vertex 30.32 37.55 0
    endloop
  endfacet
  facet normal 0 0 -1
    outer loop
      vertex 27.44 22.19 0
      vertex 29.36 22.19 0
      vertex 29.36 21.23 0
    endloop
  endfacet
  facet normal 0 0 -1
    outer loop
      vertex 29.36 22.19 0
      vertex 27.44 22.19 0
      vertex 29.36 24.11 0
    endloop
  endfacet
  facet normal 0 0 -1
    outer loop
      vertex 27.44 22.19 0
      vertex 29.36 21.23 0
      vertex 27.44 21.23 0
    endloop
  endfacet
  facet normal 0 0 -1
    outer loop
      vertex 26.48 25.07 0
      vertex 29.36 24.11 0
      vertex 27.44 22.19 0
    endloop
  endfacet
  facet normal 0 0 -1
    outer loop
      vertex 26.48 25.07 0
      vertex 27.44 22.19 0
      vertex 26.48 22.19 0
    endloop
  endfacet
  facet normal 0 0 -1
    outer loop
      vertex 29.36 24.11 0
      vertex 26.48 25.07 0
      vertex 29.36 25.07 0
    endloop
  endfacet
  facet normal 0 0 -1
    outer loop
      vertex 29.36 22.19 0
      vertex 30.32 24.11 0
      vertex 30.32 22.19 0
    endloop
  endfacet
  facet normal -0 0 -1
    outer loop
      vertex 30.32 24.11 0
      vertex 29.36 22.19 0
      vertex 29.36 24.11 0
    endloop
  endfacet
  facet normal 0 0 -1
    outer loop
      vertex 27.44 26.99 0
      vertex 29.36 27.95 0
      vertex 29.36 26.99 0
    endloop
  endfacet
  facet normal -0 0 -1
    outer loop
      vertex 29.36 27.95 0
      vertex 27.44 26.99 0
      vertex 27.44 27.95 0
    endloop
  endfacet
  facet normal 0 0 -1
    outer loop
      vertex 31.28 20.27 0
      vertex 33.2 18.35 0
      vertex 31.28 18.35 0
    endloop
  endfacet
  facet normal 0 0 -1
    outer loop
      vertex 33.2 18.35 0
      vertex 31.28 20.27 0
      vertex 33.2 21.23 0
    endloop
  endfacet
  facet normal 0 0 -1
    outer loop
      vertex 29.36 21.23 0
      vertex 31.28 20.27 0
      vertex 29.36 20.27 0
    endloop
  endfacet
  facet normal 0 0 -1
    outer loop
      vertex 31.28 20.27 0
      vertex 29.36 21.23 0
      vertex 33.2 21.23 0
    endloop
  endfacet
  facet normal 0 0 -1
    outer loop
      vertex 29.36 30.83 0
      vertex 30.32 31.79 0
      vertex 30.32 30.83 0
    endloop
  endfacet
  facet normal -0 0 -1
    outer loop
      vertex 30.32 31.79 0
      vertex 29.36 30.83 0
      vertex 29.36 31.79 0
    endloop
  endfacet
  facet normal 0 0 -1
    outer loop
      vertex 29.36 27.95 0
      vertex 30.32 29.87 0
      vertex 30.32 27.95 0
    endloop
  endfacet
  facet normal -0 0 -1
    outer loop
      vertex 30.32 29.87 0
      vertex 29.36 27.95 0
      vertex 29.36 29.87 0
    endloop
  endfacet
  facet normal 0 0 -1
    outer loop
      vertex 34.16 33.71 0
      vertex 36.08 33.71 0
      vertex 36.08 30.83 0
    endloop
  endfacet
  facet normal 0 0 -1
    outer loop
      vertex 36.08 33.71 0
      vertex 34.16 33.71 0
      vertex 36.08 34.67 0
    endloop
  endfacet
  facet normal 0 0 -1
    outer loop
      vertex 34.16 33.71 0
      vertex 36.08 30.83 0
      vertex 34.16 30.83 0
    endloop
  endfacet
  facet normal 0 0 -1
    outer loop
      vertex 34.16 36.59 0
      vertex 36.08 34.67 0
      vertex 34.16 33.71 0
    endloop
  endfacet
  facet normal 0 0 -1
    outer loop
      vertex 36.08 34.67 0
      vertex 34.16 36.59 0
      vertex 36.08 36.59 0
    endloop
  endfacet
  facet normal 0 0 -1
    outer loop
      vertex 36.08 33.71 0
      vertex 37.04 34.67 0
      vertex 37.04 33.71 0
    endloop
  endfacet
  facet normal -0 0 -1
    outer loop
      vertex 37.04 34.67 0
      vertex 36.08 33.71 0
      vertex 36.08 34.67 0
    endloop
  endfacet
  facet normal 0 0 -1
    outer loop
      vertex 33.2 29.87 0
      vertex 34.16 30.83 0
      vertex 34.16 29.87 0
    endloop
  endfacet
  facet normal -0 0 -1
    outer loop
      vertex 34.16 30.83 0
      vertex 33.2 29.87 0
      vertex 33.2 31.79 0
    endloop
  endfacet
  facet normal 0 0 -1
    outer loop
      vertex 34.16 30.83 0
      vertex 33.2 31.79 0
      vertex 34.16 33.71 0
    endloop
  endfacet
  facet normal 0 0 -1
    outer loop
      vertex 33.2 31.79 0
      vertex 33.2 33.71 0
      vertex 34.16 33.71 0
    endloop
  endfacet
  facet normal 0 0 -1
    outer loop
      vertex 31.28 33.71 0
      vertex 33.2 33.71 0
      vertex 33.2 31.79 0
    endloop
  endfacet
  facet normal 0 0 -1
    outer loop
      vertex 31.28 33.71 0
      vertex 33.2 31.79 0
      vertex 31.28 31.79 0
    endloop
  endfacet
  facet normal 0 0 -1
    outer loop
      vertex 33.2 33.71 0
      vertex 31.28 33.71 0
      vertex 33.2 34.67 0
    endloop
  endfacet
  facet normal -0 0 -1
    outer loop
      vertex 33.2 34.67 0
      vertex 31.28 33.71 0
      vertex 31.28 34.67 0
    endloop
  endfacet
  facet normal 0 0 -1
    outer loop
      vertex 30.32 29.87 0
      vertex 31.28 31.79 0
      vertex 31.28 26.99 0
    endloop
  endfacet
  facet normal 0 0 -1
    outer loop
      vertex 30.32 27.95 0
      vertex 31.28 26.99 0
      vertex 30.32 26.99 0
    endloop
  endfacet
  facet normal 0 0 -1
    outer loop
      vertex 30.32 29.87 0
      vertex 31.28 26.99 0
      vertex 30.32 27.95 0
    endloop
  endfacet
  facet normal 0 0 -1
    outer loop
      vertex 30.32 30.83 0
      vertex 31.28 31.79 0
      vertex 30.32 29.87 0
    endloop
  endfacet
  facet normal 0 0 -1
    outer loop
      vertex 30.32 31.79 0
      vertex 31.28 31.79 0
      vertex 30.32 30.83 0
    endloop
  endfacet
  facet normal 0 0 -1
    outer loop
      vertex 31.28 31.79 0
      vertex 30.32 31.79 0
      vertex 31.28 33.71 0
    endloop
  endfacet
  facet normal -0 0 -1
    outer loop
      vertex 31.28 33.71 0
      vertex 30.32 31.79 0
      vertex 30.32 33.71 0
    endloop
  endfacet
  facet normal 0 0 -1
    outer loop
      vertex 29.36 25.07 0
      vertex 30.32 26.99 0
      vertex 30.32 25.07 0
    endloop
  endfacet
  facet normal -0 0 -1
    outer loop
      vertex 30.32 26.99 0
      vertex 29.36 25.07 0
      vertex 29.36 26.99 0
    endloop
  endfacet
  facet normal 0 0 -1
    outer loop
      vertex 30.32 24.11 0
      vertex 31.28 25.07 0
      vertex 31.28 24.11 0
    endloop
  endfacet
  facet normal -0 0 -1
    outer loop
      vertex 31.28 25.07 0
      vertex 30.32 24.11 0
      vertex 30.32 25.07 0
    endloop
  endfacet
  facet normal 0 0 -1
    outer loop
      vertex 34.16 25.07 0
      vertex 33.2 26.99 0
      vertex 34.16 27.95 0
    endloop
  endfacet
  facet normal 0 0 -1
    outer loop
      vertex 31.28 25.07 0
      vertex 33.2 26.99 0
      vertex 34.16 25.07 0
    endloop
  endfacet
  facet normal -0 0 -1
    outer loop
      vertex 33.2 26.99 0
      vertex 31.28 25.07 0
      vertex 31.28 26.99 0
    endloop
  endfacet
  facet normal -0 0 -1
    outer loop
      vertex 34.16 27.95 0
      vertex 33.2 26.99 0
      vertex 33.2 27.95 0
    endloop
  endfacet
  facet normal 0 0 -1
    outer loop
      vertex 34.16 15.47 0
      vertex 33.2 15.47 0
      vertex 34.16 17.39 0
    endloop
  endfacet
  facet normal 0 0 -1
    outer loop
      vertex 34.16 17.39 0
      vertex 36.08 18.35 0
      vertex 36.08 17.39 0
    endloop
  endfacet
  facet normal 0 0 -1
    outer loop
      vertex 34.16 17.39 0
      vertex 33.2 18.35 0
      vertex 36.08 18.35 0
    endloop
  endfacet
  facet normal 0 0 -1
    outer loop
      vertex 33.2 18.35 0
      vertex 34.16 17.39 0
      vertex 33.2 15.47 0
    endloop
  endfacet
  facet normal 0 0 -1
    outer loop
      vertex 36.08 17.39 0
      vertex 37.04 17.39 0
      vertex 37.04 15.47 0
    endloop
  endfacet
  facet normal 0 0 -1
    outer loop
      vertex 37.04 17.39 0
      vertex 36.08 17.39 0
      vertex 37.04 18.35 0
    endloop
  endfacet
  facet normal 0 0 -1
    outer loop
      vertex 36.08 17.39 0
      vertex 37.04 15.47 0
      vertex 36.08 15.47 0
    endloop
  endfacet
  facet normal 0 0 -1
    outer loop
      vertex 36.08 18.35 0
      vertex 37.04 18.35 0
      vertex 36.08 17.39 0
    endloop
  endfacet
  facet normal 0 0 -1
    outer loop
      vertex 37.04 18.35 0
      vertex 36.08 18.35 0
      vertex 37.04 20.27 0
    endloop
  endfacet
  facet normal -0 0 -1
    outer loop
      vertex 37.04 20.27 0
      vertex 36.08 18.35 0
      vertex 36.08 20.27 0
    endloop
  endfacet
  facet normal 0 0 -1
    outer loop
      vertex 37.04 17.39 0
      vertex 38 18.35 0
      vertex 38 17.39 0
    endloop
  endfacet
  facet normal -0 0 -1
    outer loop
      vertex 38 18.35 0
      vertex 37.04 17.39 0
      vertex 37.04 18.35 0
    endloop
  endfacet
  facet normal 0 0 -1
    outer loop
      vertex 33.2 21.23 0
      vertex 34.16 24.11 0
      vertex 34.16 21.23 0
    endloop
  endfacet
  facet normal -0 0 -1
    outer loop
      vertex 34.16 24.11 0
      vertex 33.2 21.23 0
      vertex 33.2 24.11 0
    endloop
  endfacet
  facet normal 0 0 -1
    outer loop
      vertex 34.16 24.11 0
      vertex 36.08 25.07 0
      vertex 36.08 24.11 0
    endloop
  endfacet
  facet normal -0 0 -1
    outer loop
      vertex 36.08 25.07 0
      vertex 34.16 24.11 0
      vertex 34.16 25.07 0
    endloop
  endfacet
  facet normal 0 0 -1
    outer loop
      vertex 38 30.83 0
      vertex 40.88 27.95 0
      vertex 38 27.95 0
    endloop
  endfacet
  facet normal 0 0 -1
    outer loop
      vertex 40.88 27.95 0
      vertex 38 30.83 0
      vertex 40.88 33.71 0
    endloop
  endfacet
  facet normal -0 0 -1
    outer loop
      vertex 40.88 33.71 0
      vertex 38 30.83 0
      vertex 38 33.71 0
    endloop
  endfacet
  facet normal 0 0 -1
    outer loop
      vertex 36.08 21.23 0
      vertex 38 22.19 0
      vertex 38 21.23 0
    endloop
  endfacet
  facet normal 0 0 -1
    outer loop
      vertex 38 22.19 0
      vertex 36.08 24.11 0
      vertex 38 24.11 0
    endloop
  endfacet
  facet normal 0 0 -1
    outer loop
      vertex 38 24.11 0
      vertex 36.08 25.07 0
      vertex 38 27.95 0
    endloop
  endfacet
  facet normal 0 0 -1
    outer loop
      vertex 36.08 29.87 0
      vertex 38 27.95 0
      vertex 36.08 25.07 0
    endloop
  endfacet
  facet normal -0 0 -1
    outer loop
      vertex 38 22.19 0
      vertex 36.08 21.23 0
      vertex 36.08 24.11 0
    endloop
  endfacet
  facet normal 0 0 -1
    outer loop
      vertex 38 24.11 0
      vertex 36.08 24.11 0
      vertex 36.08 25.07 0
    endloop
  endfacet
  facet normal 0 0 -1
    outer loop
      vertex 38 27.95 0
      vertex 37.04 29.87 0
      vertex 38 30.83 0
    endloop
  endfacet
  facet normal 0 0 -1
    outer loop
      vertex 38 27.95 0
      vertex 36.08 29.87 0
      vertex 37.04 29.87 0
    endloop
  endfacet
  facet normal 0 0 -1
    outer loop
      vertex 38 22.19 0
      vertex 39.92 24.11 0
      vertex 39.92 22.19 0
    endloop
  endfacet
  facet normal -0 0 -1
    outer loop
      vertex 39.92 24.11 0
      vertex 38 22.19 0
      vertex 38 24.11 0
    endloop
  endfacet
  facet normal 0 0 -1
    outer loop
      vertex 42.8 22.19 0
      vertex 43.76 20.27 0
      vertex 42.8 21.23 0
    endloop
  endfacet
  facet normal 0 0 -1
    outer loop
      vertex 43.76 20.27 0
      vertex 40.88 21.23 0
      vertex 42.8 21.23 0
    endloop
  endfacet
  facet normal 0 0 -1
    outer loop
      vertex 39.92 22.19 0
      vertex 40.88 22.19 0
      vertex 40.88 21.23 0
    endloop
  endfacet
  facet normal 0 0 -1
    outer loop
      vertex 40.88 22.19 0
      vertex 39.92 22.19 0
      vertex 40.88 24.11 0
    endloop
  endfacet
  facet normal 0 0 -1
    outer loop
      vertex 39.92 20.27 0
      vertex 40.88 21.23 0
      vertex 43.76 20.27 0
    endloop
  endfacet
  facet normal 0 0 -1
    outer loop
      vertex 39.92 22.19 0
      vertex 40.88 21.23 0
      vertex 39.92 20.27 0
    endloop
  endfacet
  facet normal 0 0 -1
    outer loop
      vertex 39.92 24.11 0
      vertex 40.88 24.11 0
      vertex 39.92 22.19 0
    endloop
  endfacet
  facet normal 0 0 -1
    outer loop
      vertex 40.88 24.11 0
      vertex 39.92 24.11 0
      vertex 40.88 25.07 0
    endloop
  endfacet
  facet normal -0 0 -1
    outer loop
      vertex 40.88 25.07 0
      vertex 39.92 24.11 0
      vertex 39.92 25.07 0
    endloop
  endfacet
  facet normal 0 0 -1
    outer loop
      vertex 43.76 20.27 0
      vertex 42.8 22.19 0
      vertex 43.76 24.11 0
    endloop
  endfacet
  facet normal 0 0 -1
    outer loop
      vertex 40.88 24.11 0
      vertex 42.8 22.19 0
      vertex 40.88 22.19 0
    endloop
  endfacet
  facet normal 0 0 -1
    outer loop
      vertex 42.8 22.19 0
      vertex 40.88 24.11 0
      vertex 43.76 24.11 0
    endloop
  endfacet
  facet normal -0 0 -1
    outer loop
      vertex 38 30.83 0
      vertex 37.04 29.87 0
      vertex 37.04 30.83 0
    endloop
  endfacet
  facet normal 0 0 -1
    outer loop
      vertex 37.04 46.19 0
      vertex 36.08 46.19 0
      vertex 37.04 47.15 0
    endloop
  endfacet
  facet normal 0 0 -1
    outer loop
      vertex 37.04 47.15 0
      vertex 38 49.07 0
      vertex 38 47.15 0
    endloop
  endfacet
  facet normal 0 0 -1
    outer loop
      vertex 36.08 47.15 0
      vertex 37.04 47.15 0
      vertex 36.08 46.19 0
    endloop
  endfacet
  facet normal 0 0 -1
    outer loop
      vertex 37.04 47.15 0
      vertex 36.08 47.15 0
      vertex 38 49.07 0
    endloop
  endfacet
  facet normal 0 0 -1
    outer loop
      vertex 34.16 49.07 0
      vertex 36.08 47.15 0
      vertex 34.16 47.15 0
    endloop
  endfacet
  facet normal 0 0 -1
    outer loop
      vertex 36.08 47.15 0
      vertex 34.16 49.07 0
      vertex 38 49.07 0
    endloop
  endfacet
  facet normal 0 0 -1
    outer loop
      vertex 34.16 14.51 0
      vertex 36.08 15.47 0
      vertex 36.08 14.51 0
    endloop
  endfacet
  facet normal -0 0 -1
    outer loop
      vertex 36.08 15.47 0
      vertex 34.16 14.51 0
      vertex 34.16 15.47 0
    endloop
  endfacet
  facet normal 0 0 -1
    outer loop
      vertex 36.08 36.59 0
      vertex 37.04 37.55 0
      vertex 37.04 36.59 0
    endloop
  endfacet
  facet normal -0 0 -1
    outer loop
      vertex 37.04 37.55 0
      vertex 36.08 36.59 0
      vertex 36.08 37.55 0
    endloop
  endfacet
  facet normal 0 0 -1
    outer loop
      vertex 36.08 13.55 0
      vertex 37.04 14.51 0
      vertex 37.04 13.55 0
    endloop
  endfacet
  facet normal -0 0 -1
    outer loop
      vertex 37.04 14.51 0
      vertex 36.08 13.55 0
      vertex 36.08 14.51 0
    endloop
  endfacet
  facet normal 0 0 -1
    outer loop
      vertex 36.08 10.67 0
      vertex 37.04 11.63 0
      vertex 37.04 10.67 0
    endloop
  endfacet
  facet normal -0 0 -1
    outer loop
      vertex 37.04 11.63 0
      vertex 36.08 10.67 0
      vertex 36.08 11.63 0
    endloop
  endfacet
  facet normal 0 0 -1
    outer loop
      vertex 37.04 11.63 0
      vertex 38 13.55 0
      vertex 38 11.63 0
    endloop
  endfacet
  facet normal -0 0 -1
    outer loop
      vertex 38 13.55 0
      vertex 37.04 11.63 0
      vertex 37.04 13.55 0
    endloop
  endfacet
  facet normal 0 0 -1
    outer loop
      vertex 38 14.51 0
      vertex 39.92 13.55 0
      vertex 38 13.55 0
    endloop
  endfacet
  facet normal 0 0 -1
    outer loop
      vertex 39.92 13.55 0
      vertex 38 14.51 0
      vertex 39.92 15.47 0
    endloop
  endfacet
  facet normal 0 0 -1
    outer loop
      vertex 37.04 15.47 0
      vertex 38 14.51 0
      vertex 37.04 14.51 0
    endloop
  endfacet
  facet normal 0 0 -1
    outer loop
      vertex 38 14.51 0
      vertex 37.04 15.47 0
      vertex 39.92 15.47 0
    endloop
  endfacet
  facet normal 0 0 -1
    outer loop
      vertex 46.64 33.71 0
      vertex 45.68 33.71 0
      vertex 46.64 34.67 0
    endloop
  endfacet
  facet normal 0 0 -1
    outer loop
      vertex 46.64 34.67 0
      vertex 47.6 37.55 0
      vertex 47.6 34.67 0
    endloop
  endfacet
  facet normal 0 0 -1
    outer loop
      vertex 45.68 34.67 0
      vertex 46.64 34.67 0
      vertex 45.68 33.71 0
    endloop
  endfacet
  facet normal 0 0 -1
    outer loop
      vertex 45.68 37.55 0
      vertex 46.64 34.67 0
      vertex 45.68 34.67 0
    endloop
  endfacet
  facet normal 0 0 -1
    outer loop
      vertex 46.64 34.67 0
      vertex 45.68 37.55 0
      vertex 47.6 37.55 0
    endloop
  endfacet
  facet normal 0 0 -1
    outer loop
      vertex 43.76 36.59 0
      vertex 45.68 37.55 0
      vertex 45.68 34.67 0
    endloop
  endfacet
  facet normal 0 0 -1
    outer loop
      vertex 43.76 36.59 0
      vertex 45.68 34.67 0
      vertex 43.76 34.67 0
    endloop
  endfacet
  facet normal 0 0 -1
    outer loop
      vertex 43.76 37.55 0
      vertex 45.68 37.55 0
      vertex 43.76 36.59 0
    endloop
  endfacet
  facet normal 0 0 -1
    outer loop
      vertex 45.68 37.55 0
      vertex 43.76 37.55 0
      vertex 45.68 39.47 0
    endloop
  endfacet
  facet normal 0 0 -1
    outer loop
      vertex 39.92 39.47 0
      vertex 43.76 37.55 0
      vertex 40.88 37.55 0
    endloop
  endfacet
  facet normal 0 0 -1
    outer loop
      vertex 39.92 37.55 0
      vertex 40.88 37.55 0
      vertex 39.92 36.59 0
    endloop
  endfacet
  facet normal 0 0 -1
    outer loop
      vertex 39.92 39.47 0
      vertex 40.88 37.55 0
      vertex 39.92 37.55 0
    endloop
  endfacet
  facet normal 0 0 -1
    outer loop
      vertex 43.76 37.55 0
      vertex 39.92 39.47 0
      vertex 45.68 39.47 0
    endloop
  endfacet
  facet normal 0 0 -1
    outer loop
      vertex 46.64 30.83 0
      vertex 45.68 31.79 0
      vertex 46.64 31.79 0
    endloop
  endfacet
  facet normal 0 0 -1
    outer loop
      vertex 45.68 31.79 0
      vertex 43.76 33.71 0
      vertex 45.68 33.71 0
    endloop
  endfacet
  facet normal 0 0 -1
    outer loop
      vertex 42.8 30.83 0
      vertex 45.68 31.79 0
      vertex 46.64 30.83 0
    endloop
  endfacet
  facet normal 0 0 -1
    outer loop
      vertex 42.8 33.71 0
      vertex 43.76 34.67 0
      vertex 43.76 33.71 0
    endloop
  endfacet
  facet normal -0 0 -1
    outer loop
      vertex 45.68 31.79 0
      vertex 42.8 30.83 0
      vertex 43.76 33.71 0
    endloop
  endfacet
  facet normal 0 0 -1
    outer loop
      vertex 42.8 33.71 0
      vertex 43.76 33.71 0
      vertex 42.8 30.83 0
    endloop
  endfacet
  facet normal 0 0 -1
    outer loop
      vertex 40.88 36.59 0
      vertex 43.76 34.67 0
      vertex 42.8 33.71 0
    endloop
  endfacet
  facet normal 0 0 -1
    outer loop
      vertex 40.88 36.59 0
      vertex 42.8 33.71 0
      vertex 40.88 33.71 0
    endloop
  endfacet
  facet normal 0 0 -1
    outer loop
      vertex 43.76 34.67 0
      vertex 40.88 36.59 0
      vertex 43.76 36.59 0
    endloop
  endfacet
  facet normal 0 0 -1
    outer loop
      vertex 40.88 36.59 0
      vertex 39.92 36.59 0
      vertex 40.88 37.55 0
    endloop
  endfacet
  facet normal 0 0 -1
    outer loop
      vertex 38 34.67 0
      vertex 39.92 36.59 0
      vertex 39.92 34.67 0
    endloop
  endfacet
  facet normal 0 0 -1
    outer loop
      vertex 38 37.55 0
      vertex 39.92 36.59 0
      vertex 38 34.67 0
    endloop
  endfacet
  facet normal 0 0 -1
    outer loop
      vertex 39.92 36.59 0
      vertex 38 37.55 0
      vertex 39.92 37.55 0
    endloop
  endfacet
  facet normal 0 0 -1
    outer loop
      vertex 39.92 11.63 0
      vertex 40.88 13.55 0
      vertex 40.88 11.63 0
    endloop
  endfacet
  facet normal -0 0 -1
    outer loop
      vertex 40.88 13.55 0
      vertex 39.92 11.63 0
      vertex 39.92 13.55 0
    endloop
  endfacet
  facet normal 0 0 -1
    outer loop
      vertex 43.76 15.47 0
      vertex 42.8 17.39 0
      vertex 43.76 18.35 0
    endloop
  endfacet
  facet normal 0 0 -1
    outer loop
      vertex 39.92 15.47 0
      vertex 42.8 17.39 0
      vertex 43.76 15.47 0
    endloop
  endfacet
  facet normal -0 0 -1
    outer loop
      vertex 42.8 17.39 0
      vertex 39.92 15.47 0
      vertex 39.92 17.39 0
    endloop
  endfacet
  facet normal -0 0 -1
    outer loop
      vertex 43.76 18.35 0
      vertex 42.8 17.39 0
      vertex 42.8 18.35 0
    endloop
  endfacet
  facet normal 0 0 -1
    outer loop
      vertex 40.88 13.55 0
      vertex 42.8 14.51 0
      vertex 42.8 13.55 0
    endloop
  endfacet
  facet normal -0 0 -1
    outer loop
      vertex 42.8 14.51 0
      vertex 40.88 13.55 0
      vertex 40.88 14.51 0
    endloop
  endfacet
  facet normal 0 0 -1
    outer loop
      vertex 40.88 25.07 0
      vertex 42.8 26.99 0
      vertex 42.8 25.07 0
    endloop
  endfacet
  facet normal -0 0 -1
    outer loop
      vertex 42.8 26.99 0
      vertex 40.88 25.07 0
      vertex 40.88 26.99 0
    endloop
  endfacet
  facet normal 0 0 -1
    outer loop
      vertex 42.8 26.99 0
      vertex 43.76 27.95 0
      vertex 43.76 26.99 0
    endloop
  endfacet
  facet normal -0 0 -1
    outer loop
      vertex 43.76 27.95 0
      vertex 42.8 26.99 0
      vertex 42.8 27.95 0
    endloop
  endfacet
  facet normal 0 0 -1
    outer loop
      vertex 42.8 11.63 0
      vertex 43.76 13.55 0
      vertex 43.76 11.63 0
    endloop
  endfacet
  facet normal -0 0 -1
    outer loop
      vertex 43.76 13.55 0
      vertex 42.8 11.63 0
      vertex 42.8 13.55 0
    endloop
  endfacet
  facet normal 0 0 -1
    outer loop
      vertex 43.76 25.07 0
      vertex 45.68 26.99 0
      vertex 45.68 25.07 0
    endloop
  endfacet
  facet normal -0 0 -1
    outer loop
      vertex 45.68 26.99 0
      vertex 43.76 25.07 0
      vertex 43.76 26.99 0
    endloop
  endfacet
  facet normal 0 0 -1
    outer loop
      vertex 49.52 26.99 0
      vertex 50.48 25.07 0
      vertex 49.52 25.07 0
    endloop
  endfacet
  facet normal 0 0 -1
    outer loop
      vertex 50.48 25.07 0
      vertex 49.52 26.99 0
      vertex 50.48 27.95 0
    endloop
  endfacet
  facet normal -0 0 -1
    outer loop
      vertex 50.48 27.95 0
      vertex 49.52 26.99 0
      vertex 49.52 27.95 0
    endloop
  endfacet
  facet normal 0 0 -1
    outer loop
      vertex 45.68 25.07 0
      vertex 49.52 25.07 0
      vertex 49.52 24.11 0
    endloop
  endfacet
  facet normal 0 0 -1
    outer loop
      vertex 49.52 25.07 0
      vertex 46.64 26.99 0
      vertex 49.52 26.99 0
    endloop
  endfacet
  facet normal 0 0 -1
    outer loop
      vertex 45.68 25.07 0
      vertex 49.52 24.11 0
      vertex 45.68 24.11 0
    endloop
  endfacet
  facet normal 0 0 -1
    outer loop
      vertex 49.52 25.07 0
      vertex 45.68 25.07 0
      vertex 46.64 26.99 0
    endloop
  endfacet
  facet normal 0 0 -1
    outer loop
      vertex 45.68 26.99 0
      vertex 46.64 26.99 0
      vertex 45.68 25.07 0
    endloop
  endfacet
  facet normal 0 0 -1
    outer loop
      vertex 46.64 26.99 0
      vertex 45.68 26.99 0
      vertex 46.64 27.95 0
    endloop
  endfacet
  facet normal -0 0 -1
    outer loop
      vertex 46.64 27.95 0
      vertex 45.68 26.99 0
      vertex 45.68 27.95 0
    endloop
  endfacet
  facet normal 0 0 -1
    outer loop
      vertex 43.76 27.95 0
      vertex 45.68 29.87 0
      vertex 45.68 27.95 0
    endloop
  endfacet
  facet normal -0 0 -1
    outer loop
      vertex 45.68 29.87 0
      vertex 43.76 27.95 0
      vertex 43.76 29.87 0
    endloop
  endfacet
  facet normal 0 0 -1
    outer loop
      vertex 43.76 43.31 0
      vertex 46.64 44.27 0
      vertex 46.64 43.31 0
    endloop
  endfacet
  facet normal -0 0 -1
    outer loop
      vertex 46.64 44.27 0
      vertex 43.76 43.31 0
      vertex 43.76 44.27 0
    endloop
  endfacet
  facet normal 0 0 -1
    outer loop
      vertex 47.6 40.43 0
      vertex 46.64 41.39 0
      vertex 47.6 43.31 0
    endloop
  endfacet
  facet normal 0 0 -1
    outer loop
      vertex 45.68 40.43 0
      vertex 46.64 41.39 0
      vertex 47.6 40.43 0
    endloop
  endfacet
  facet normal -0 0 -1
    outer loop
      vertex 46.64 41.39 0
      vertex 45.68 40.43 0
      vertex 45.68 41.39 0
    endloop
  endfacet
  facet normal -0 0 -1
    outer loop
      vertex 47.6 43.31 0
      vertex 46.64 41.39 0
      vertex 46.64 43.31 0
    endloop
  endfacet
  facet normal 0 0 -1
    outer loop
      vertex 46.64 11.63 0
      vertex 47.6 14.51 0
      vertex 47.6 11.63 0
    endloop
  endfacet
  facet normal -0 0 -1
    outer loop
      vertex 47.6 14.51 0
      vertex 46.64 11.63 0
      vertex 46.64 14.51 0
    endloop
  endfacet
  facet normal 0 0 -1
    outer loop
      vertex 49.52 31.79 0
      vertex 50.48 29.87 0
      vertex 49.52 29.87 0
    endloop
  endfacet
  facet normal 0 0 -1
    outer loop
      vertex 50.48 29.87 0
      vertex 49.52 31.79 0
      vertex 50.48 33.71 0
    endloop
  endfacet
  facet normal 0 0 -1
    outer loop
      vertex 49.52 31.79 0
      vertex 49.52 33.71 0
      vertex 50.48 33.71 0
    endloop
  endfacet
  facet normal 0 0 -1
    outer loop
      vertex 47.6 33.71 0
      vertex 49.52 33.71 0
      vertex 49.52 31.79 0
    endloop
  endfacet
  facet normal 0 0 -1
    outer loop
      vertex 49.52 33.71 0
      vertex 47.6 33.71 0
      vertex 49.52 34.67 0
    endloop
  endfacet
  facet normal 0 0 -1
    outer loop
      vertex 46.64 31.79 0
      vertex 47.6 33.71 0
      vertex 49.52 31.79 0
    endloop
  endfacet
  facet normal -0 0 -1
    outer loop
      vertex 47.6 33.71 0
      vertex 46.64 31.79 0
      vertex 46.64 33.71 0
    endloop
  endfacet
  facet normal -0 0 -1
    outer loop
      vertex 49.52 34.67 0
      vertex 47.6 33.71 0
      vertex 47.6 34.67 0
    endloop
  endfacet
  facet normal 0 0 -1
    outer loop
      vertex 47.6 43.31 0
      vertex 49.52 44.27 0
      vertex 49.52 43.31 0
    endloop
  endfacet
  facet normal -0 0 -1
    outer loop
      vertex 49.52 44.27 0
      vertex 47.6 43.31 0
      vertex 47.6 44.27 0
    endloop
  endfacet
  facet normal 0 0 -1
    outer loop
      vertex 49.52 34.67 0
      vertex 50.48 37.55 0
      vertex 50.48 34.67 0
    endloop
  endfacet
  facet normal -0 0 -1
    outer loop
      vertex 50.48 37.55 0
      vertex 49.52 34.67 0
      vertex 50.48 39.47 0
    endloop
  endfacet
  facet normal 0 0 -1
    outer loop
      vertex 49.52 43.31 0
      vertex 50.48 39.47 0
      vertex 49.52 34.67 0
    endloop
  endfacet
  facet normal 0 0 -1
    outer loop
      vertex 50.48 39.47 0
      vertex 49.52 43.31 0
      vertex 50.48 40.43 0
    endloop
  endfacet
  facet normal 0 0 -1
    outer loop
      vertex 50.48 40.43 0
      vertex 49.52 43.31 0
      vertex 50.48 41.39 0
    endloop
  endfacet
  facet normal 0 0 -1
    outer loop
      vertex 50.48 41.39 0
      vertex 49.52 43.31 0
      vertex 50.48 46.19 0
    endloop
  endfacet
  facet normal 0 0 -1
    outer loop
      vertex 49.52 44.27 0
      vertex 50.48 46.19 0
      vertex 49.52 43.31 0
    endloop
  endfacet
  facet normal -0 0 -1
    outer loop
      vertex 50.48 46.19 0
      vertex 49.52 44.27 0
      vertex 49.52 46.19 0
    endloop
  endfacet
  facet normal 0 0 -1
    outer loop
      vertex 53.36 37.55 0
      vertex 52.4 39.47 0
      vertex 53.36 40.43 0
    endloop
  endfacet
  facet normal 0 0 -1
    outer loop
      vertex 50.48 37.55 0
      vertex 52.4 39.47 0
      vertex 53.36 37.55 0
    endloop
  endfacet
  facet normal -0 0 -1
    outer loop
      vertex 52.4 39.47 0
      vertex 50.48 37.55 0
      vertex 50.48 39.47 0
    endloop
  endfacet
  facet normal -0 0 -1
    outer loop
      vertex 53.36 40.43 0
      vertex 52.4 39.47 0
      vertex 52.4 40.43 0
    endloop
  endfacet
  facet normal 0 0 -1
    outer loop
      vertex 50.48 40.43 0
      vertex 52.4 41.39 0
      vertex 52.4 40.43 0
    endloop
  endfacet
  facet normal -0 0 -1
    outer loop
      vertex 52.4 41.39 0
      vertex 50.48 40.43 0
      vertex 50.48 41.39 0
    endloop
  endfacet
  facet normal 0 0 -1
    outer loop
      vertex 47.6 46.19 0
      vertex 49.52 47.15 0
      vertex 49.52 46.19 0
    endloop
  endfacet
  facet normal -0 0 -1
    outer loop
      vertex 49.52 47.15 0
      vertex 47.6 46.19 0
      vertex 47.6 47.15 0
    endloop
  endfacet
  facet normal 0 0 -1
    outer loop
      vertex 50.48 27.95 0
      vertex 52.4 29.87 0
      vertex 52.4 27.95 0
    endloop
  endfacet
  facet normal -0 0 -1
    outer loop
      vertex 52.4 29.87 0
      vertex 50.48 27.95 0
      vertex 50.48 29.87 0
    endloop
  endfacet
  facet normal 0 0 -1
    outer loop
      vertex 52.4 18.35 0
      vertex 53.36 20.27 0
      vertex 53.36 18.35 0
    endloop
  endfacet
  facet normal -0 0 -1
    outer loop
      vertex 53.36 20.27 0
      vertex 52.4 18.35 0
      vertex 52.4 20.27 0
    endloop
  endfacet
  facet normal 0 0 -1
    outer loop
      vertex 56.24 27.95 0
      vertex 55.28 29.87 0
      vertex 56.24 29.87 0
    endloop
  endfacet
  facet normal 0 0 -1
    outer loop
      vertex 53.36 30.83 0
      vertex 55.28 29.87 0
      vertex 53.36 27.95 0
    endloop
  endfacet
  facet normal 0 0 -1
    outer loop
      vertex 53.36 27.95 0
      vertex 55.28 29.87 0
      vertex 56.24 27.95 0
    endloop
  endfacet
  facet normal 0 0 -1
    outer loop
      vertex 59.12 30.83 0
      vertex 57.2 31.79 0
      vertex 59.12 31.79 0
    endloop
  endfacet
  facet normal 0 0 -1
    outer loop
      vertex 56.24 33.71 0
      vertex 57.2 31.79 0
      vertex 56.24 31.79 0
    endloop
  endfacet
  facet normal 0 0 -1
    outer loop
      vertex 55.28 30.83 0
      vertex 57.2 31.79 0
      vertex 59.12 30.83 0
    endloop
  endfacet
  facet normal -0 0 -1
    outer loop
      vertex 57.2 31.79 0
      vertex 55.28 30.83 0
      vertex 56.24 31.79 0
    endloop
  endfacet
  facet normal 0 0 -1
    outer loop
      vertex 55.28 29.87 0
      vertex 53.36 30.83 0
      vertex 55.28 30.83 0
    endloop
  endfacet
  facet normal 0 0 -1
    outer loop
      vertex 53.36 31.79 0
      vertex 55.28 30.83 0
      vertex 53.36 30.83 0
    endloop
  endfacet
  facet normal 0 0 -1
    outer loop
      vertex 55.28 30.83 0
      vertex 53.36 31.79 0
      vertex 56.24 31.79 0
    endloop
  endfacet
  facet normal 0 0 -1
    outer loop
      vertex 52.4 30.83 0
      vertex 53.36 31.79 0
      vertex 53.36 30.83 0
    endloop
  endfacet
  facet normal -0 0 -1
    outer loop
      vertex 53.36 31.79 0
      vertex 52.4 30.83 0
      vertex 53.36 33.71 0
    endloop
  endfacet
  facet normal 0 0 -1
    outer loop
      vertex 52.4 36.59 0
      vertex 53.36 33.71 0
      vertex 52.4 30.83 0
    endloop
  endfacet
  facet normal 0 0 -1
    outer loop
      vertex 53.36 33.71 0
      vertex 52.4 36.59 0
      vertex 53.36 34.67 0
    endloop
  endfacet
  facet normal 0 0 -1
    outer loop
      vertex 53.36 34.67 0
      vertex 52.4 36.59 0
      vertex 53.36 36.59 0
    endloop
  endfacet
  facet normal 0 0 -1
    outer loop
      vertex 57.2 31.79 0
      vertex 56.24 33.71 0
      vertex 57.2 34.67 0
    endloop
  endfacet
  facet normal 0 0 -1
    outer loop
      vertex 53.36 34.67 0
      vertex 56.24 33.71 0
      vertex 53.36 33.71 0
    endloop
  endfacet
  facet normal 0 0 -1
    outer loop
      vertex 56.24 33.71 0
      vertex 53.36 34.67 0
      vertex 57.2 34.67 0
    endloop
  endfacet
  facet normal 0 0 -1
    outer loop
      vertex 52.4 43.31 0
      vertex 53.36 46.19 0
      vertex 53.36 43.31 0
    endloop
  endfacet
  facet normal -0 0 -1
    outer loop
      vertex 53.36 46.19 0
      vertex 52.4 43.31 0
      vertex 52.4 46.19 0
    endloop
  endfacet
  facet normal 0 0 -1
    outer loop
      vertex 56.24 46.19 0
      vertex 57.2 44.27 0
      vertex 56.24 44.27 0
    endloop
  endfacet
  facet normal 0 0 -1
    outer loop
      vertex 57.2 44.27 0
      vertex 56.24 46.19 0
      vertex 57.2 47.15 0
    endloop
  endfacet
  facet normal 0 0 -1
    outer loop
      vertex 55.28 47.15 0
      vertex 56.24 46.19 0
      vertex 55.28 46.19 0
    endloop
  endfacet
  facet normal 0 0 -1
    outer loop
      vertex 56.24 46.19 0
      vertex 55.28 47.15 0
      vertex 57.2 47.15 0
    endloop
  endfacet
  facet normal 0 0 -1
    outer loop
      vertex 57.2 41.39 0
      vertex 59.12 39.47 0
      vertex 57.2 40.43 0
    endloop
  endfacet
  facet normal 0 0 -1
    outer loop
      vertex 55.28 39.47 0
      vertex 57.2 40.43 0
      vertex 59.12 39.47 0
    endloop
  endfacet
  facet normal -0 0 -1
    outer loop
      vertex 56.24 40.43 0
      vertex 55.28 39.47 0
      vertex 56.24 41.39 0
    endloop
  endfacet
  facet normal -0 0 -1
    outer loop
      vertex 57.2 40.43 0
      vertex 55.28 39.47 0
      vertex 56.24 40.43 0
    endloop
  endfacet
  facet normal 0 0 -1
    outer loop
      vertex 59.12 39.47 0
      vertex 57.2 41.39 0
      vertex 59.12 43.31 0
    endloop
  endfacet
  facet normal 0 0 -1
    outer loop
      vertex 55.28 43.31 0
      vertex 57.2 41.39 0
      vertex 56.24 41.39 0
    endloop
  endfacet
  facet normal 0 0 -1
    outer loop
      vertex 57.2 41.39 0
      vertex 55.28 43.31 0
      vertex 59.12 43.31 0
    endloop
  endfacet
  facet normal 0 0 -1
    outer loop
      vertex 55.28 43.31 0
      vertex 56.24 41.39 0
      vertex 55.28 39.47 0
    endloop
  endfacet
  facet normal 0 0 -1
    outer loop
      vertex 59.12 22.19 0
      vertex 60.08 24.11 0
      vertex 60.08 22.19 0
    endloop
  endfacet
  facet normal 0 0 -1
    outer loop
      vertex 60.08 24.11 0
      vertex 59.12 25.07 0
      vertex 60.08 25.07 0
    endloop
  endfacet
  facet normal -0 0 -1
    outer loop
      vertex 60.08 24.11 0
      vertex 59.12 22.19 0
      vertex 59.12 25.07 0
    endloop
  endfacet
  facet normal 0 0 -1
    outer loop
      vertex 60.08 25.07 0
      vertex 59.12 25.07 0
      vertex 60.08 26.99 0
    endloop
  endfacet
  facet normal 0 0 -1
    outer loop
      vertex 59.12 25.07 0
      vertex 57.2 26.99 0
      vertex 60.08 26.99 0
    endloop
  endfacet
  facet normal 0 0 -1
    outer loop
      vertex 56.24 25.07 0
      vertex 57.2 26.99 0
      vertex 59.12 25.07 0
    endloop
  endfacet
  facet normal 0 0 -1
    outer loop
      vertex 56.24 27.95 0
      vertex 57.2 26.99 0
      vertex 56.24 25.07 0
    endloop
  endfacet
  facet normal 0 0 -1
    outer loop
      vertex 57.2 26.99 0
      vertex 56.24 27.95 0
      vertex 57.2 27.95 0
    endloop
  endfacet
  facet normal 0 0 -1
    outer loop
      vertex 60.08 24.11 0
      vertex 62 25.07 0
      vertex 62 24.11 0
    endloop
  endfacet
  facet normal -0 0 -1
    outer loop
      vertex 62 25.07 0
      vertex 60.08 24.11 0
      vertex 60.08 25.07 0
    endloop
  endfacet
  facet normal 0 0 -1
    outer loop
      vertex 64.88 5.87 0
      vertex 62.96 7.79 0
      vertex 64.88 13.55 0
    endloop
  endfacet
  facet normal 0 0 -1
    outer loop
      vertex 64.88 5.87 0
      vertex 59.12 7.79 0
      vertex 62.96 7.79 0
    endloop
  endfacet
  facet normal -0 0 -1
    outer loop
      vertex 59.12 7.79 0
      vertex 57.2 5.87 0
      vertex 59.12 11.63 0
    endloop
  endfacet
  facet normal 0 0 -1
    outer loop
      vertex 57.2 5.87 0
      vertex 59.12 7.79 0
      vertex 64.88 5.87 0
    endloop
  endfacet
  facet normal 0 0 -1
    outer loop
      vertex 62.96 11.63 0
      vertex 64.88 13.55 0
      vertex 62.96 7.79 0
    endloop
  endfacet
  facet normal 0 0 -1
    outer loop
      vertex 59.12 11.63 0
      vertex 64.88 13.55 0
      vertex 62.96 11.63 0
    endloop
  endfacet
  facet normal 0 0 -1
    outer loop
      vertex 59.12 11.63 0
      vertex 57.2 13.55 0
      vertex 64.88 13.55 0
    endloop
  endfacet
  facet normal 0 0 -1
    outer loop
      vertex 57.2 13.55 0
      vertex 59.12 11.63 0
      vertex 57.2 5.87 0
    endloop
  endfacet
  facet normal 0 0 -1
    outer loop
      vertex 57.2 36.59 0
      vertex 59.12 37.55 0
      vertex 59.12 36.59 0
    endloop
  endfacet
  facet normal -0 0 -1
    outer loop
      vertex 59.12 37.55 0
      vertex 57.2 36.59 0
      vertex 57.2 37.55 0
    endloop
  endfacet
  facet normal 0 0 -1
    outer loop
      vertex 60.08 27.95 0
      vertex 59.12 29.87 0
      vertex 60.08 30.83 0
    endloop
  endfacet
  facet normal 0 0 -1
    outer loop
      vertex 57.2 27.95 0
      vertex 59.12 29.87 0
      vertex 60.08 27.95 0
    endloop
  endfacet
  facet normal -0 0 -1
    outer loop
      vertex 59.12 29.87 0
      vertex 57.2 27.95 0
      vertex 57.2 29.87 0
    endloop
  endfacet
  facet normal -0 0 -1
    outer loop
      vertex 60.08 30.83 0
      vertex 59.12 29.87 0
      vertex 59.12 30.83 0
    endloop
  endfacet
  facet normal 0 0 -1
    outer loop
      vertex 59.12 31.79 0
      vertex 60.08 33.71 0
      vertex 60.08 31.79 0
    endloop
  endfacet
  facet normal -0 0 -1
    outer loop
      vertex 60.08 33.71 0
      vertex 59.12 31.79 0
      vertex 59.12 33.71 0
    endloop
  endfacet
  facet normal 0 0 -1
    outer loop
      vertex 59.12 34.67 0
      vertex 60.08 36.59 0
      vertex 60.08 34.67 0
    endloop
  endfacet
  facet normal -0 0 -1
    outer loop
      vertex 60.08 36.59 0
      vertex 59.12 34.67 0
      vertex 59.12 36.59 0
    endloop
  endfacet
  facet normal 0 0 -1
    outer loop
      vertex 60.08 33.71 0
      vertex 62 34.67 0
      vertex 62 33.71 0
    endloop
  endfacet
  facet normal -0 0 -1
    outer loop
      vertex 62 34.67 0
      vertex 60.08 33.71 0
      vertex 60.08 34.67 0
    endloop
  endfacet
  facet normal 0 0 -1
    outer loop
      vertex 60.08 18.35 0
      vertex 62 20.27 0
      vertex 62 18.35 0
    endloop
  endfacet
  facet normal -0 0 -1
    outer loop
      vertex 62 20.27 0
      vertex 60.08 18.35 0
      vertex 60.08 20.27 0
    endloop
  endfacet
  facet normal 0 0 -1
    outer loop
      vertex 60.08 39.47 0
      vertex 62 41.39 0
      vertex 62 39.47 0
    endloop
  endfacet
  facet normal -0 0 -1
    outer loop
      vertex 62 41.39 0
      vertex 60.08 39.47 0
      vertex 60.08 41.39 0
    endloop
  endfacet
  facet normal 0 0 -1
    outer loop
      vertex 60.08 21.23 0
      vertex 64.88 22.19 0
      vertex 64.88 21.23 0
    endloop
  endfacet
  facet normal -0 0 -1
    outer loop
      vertex 64.88 22.19 0
      vertex 60.08 21.23 0
      vertex 60.08 22.19 0
    endloop
  endfacet
  facet normal 0 0 -1
    outer loop
      vertex 62 44.27 0
      vertex 60.08 44.27 0
      vertex 62 46.19 0
    endloop
  endfacet
  facet normal 0 0 -1
    outer loop
      vertex 62 46.19 0
      vertex 62.96 47.15 0
      vertex 62.96 46.19 0
    endloop
  endfacet
  facet normal 0 0 -1
    outer loop
      vertex 60.08 47.15 0
      vertex 62 46.19 0
      vertex 60.08 44.27 0
    endloop
  endfacet
  facet normal 0 0 -1
    outer loop
      vertex 62 46.19 0
      vertex 60.08 47.15 0
      vertex 62.96 47.15 0
    endloop
  endfacet
  facet normal 0 0 -1
    outer loop
      vertex 62 34.67 0
      vertex 62.96 36.59 0
      vertex 62.96 34.67 0
    endloop
  endfacet
  facet normal -0 0 -1
    outer loop
      vertex 62.96 36.59 0
      vertex 62 34.67 0
      vertex 62 36.59 0
    endloop
  endfacet
  facet normal 0 0 -1
    outer loop
      vertex 62 37.55 0
      vertex 64.88 39.47 0
      vertex 64.88 37.55 0
    endloop
  endfacet
  facet normal -0 0 -1
    outer loop
      vertex 64.88 39.47 0
      vertex 62 37.55 0
      vertex 62 39.47 0
    endloop
  endfacet
  facet normal 0 0 -1
    outer loop
      vertex 62 43.31 0
      vertex 62.96 44.27 0
      vertex 62.96 43.31 0
    endloop
  endfacet
  facet normal -0 0 -1
    outer loop
      vertex 62.96 44.27 0
      vertex 62 43.31 0
      vertex 62 44.27 0
    endloop
  endfacet
  facet normal 0.481772 0.876297 -0
    outer loop
      vertex 84.4396 53.5908 0
      vertex 84.1644 53.7421 1.6
      vertex 84.4396 53.5908 1.6
    endloop
  endfacet
  facet normal 0.481772 0.876297 0
    outer loop
      vertex 84.1644 53.7421 1.6
      vertex 84.4396 53.5908 0
      vertex 84.1644 53.7421 0
    endloop
  endfacet
  facet normal -0.125336 -0.992114 0
    outer loop
      vertex 2.03155 0.044281 0
      vertex 2.34302 0.0049324 1.6
      vertex 2.03155 0.044281 1.6
    endloop
  endfacet
  facet normal -0.125336 -0.992114 -0
    outer loop
      vertex 2.34302 0.0049324 1.6
      vertex 2.03155 0.044281 0
      vertex 2.34302 0.0049324 0
    endloop
  endfacet
  facet normal 0.982305 -0.187288 0
    outer loop
      vertex 85.5215 1.87827 1.6
      vertex 85.5803 2.18667 0
      vertex 85.5803 2.18667 1.6
    endloop
  endfacet
  facet normal 0.982305 -0.187288 0
    outer loop
      vertex 85.5803 2.18667 0
      vertex 85.5215 1.87827 1.6
      vertex 85.5215 1.87827 0
    endloop
  endfacet
  facet normal 0.125485 0.992096 -0
    outer loop
      vertex 83.5685 53.9357 0
      vertex 83.257 53.9751 1.6
      vertex 83.5685 53.9357 1.6
    endloop
  endfacet
  facet normal 0.125485 0.992096 0
    outer loop
      vertex 83.257 53.9751 1.6
      vertex 83.5685 53.9357 0
      vertex 83.257 53.9751 0
    endloop
  endfacet
  facet normal 0.998029 0.0627551 0
    outer loop
      vertex 85.6 51.48 1.6
      vertex 85.5803 51.7933 0
      vertex 85.5803 51.7933 1.6
    endloop
  endfacet
  facet normal 0.998029 0.0627551 0
    outer loop
      vertex 85.5803 51.7933 0
      vertex 85.6 51.48 1.6
      vertex 85.6 51.48 0
    endloop
  endfacet
  facet normal -0.770519 -0.637417 0
    outer loop
      vertex 0.677578 0.788631 0
      vertex 0.477457 1.03054 1.6
      vertex 0.477457 1.03054 0
    endloop
  endfacet
  facet normal -0.770519 -0.637417 0
    outer loop
      vertex 0.477457 1.03054 1.6
      vertex 0.677578 0.788631 0
      vertex 0.677578 0.788631 1.6
    endloop
  endfacet
  facet normal -0.481752 -0.876307 0
    outer loop
      vertex 1.16043 0.38918 0
      vertex 1.43555 0.237932 1.6
      vertex 1.16043 0.38918 1.6
    endloop
  endfacet
  facet normal -0.481752 -0.876307 -0
    outer loop
      vertex 1.43555 0.237932 1.6
      vertex 1.16043 0.38918 0
      vertex 1.43555 0.237932 0
    endloop
  endfacet
  facet normal 0 1 -0
    outer loop
      vertex 83.257 53.9751 0
      vertex 2.34302 53.9751 1.6
      vertex 83.257 53.9751 1.6
    endloop
  endfacet
  facet normal 0 1 0
    outer loop
      vertex 2.34302 53.9751 1.6
      vertex 83.257 53.9751 0
      vertex 2.34302 53.9751 0
    endloop
  endfacet
  facet normal 0.982305 0.187288 0
    outer loop
      vertex 85.5803 51.7933 1.6
      vertex 85.5215 52.1017 0
      vertex 85.5215 52.1017 1.6
    endloop
  endfacet
  facet normal 0.982305 0.187288 0
    outer loop
      vertex 85.5215 52.1017 0
      vertex 85.5803 51.7933 1.6
      vertex 85.5803 51.7933 0
    endloop
  endfacet
  facet normal 0.998029 -0.0627491 0
    outer loop
      vertex 85.5803 2.18667 1.6
      vertex 85.6 2.5 0
      vertex 85.6 2.5 1.6
    endloop
  endfacet
  facet normal 0.998029 -0.0627491 0
    outer loop
      vertex 85.6 2.5 0
      vertex 85.5803 2.18667 1.6
      vertex 85.5803 2.18667 0
    endloop
  endfacet
  facet normal -0.367917 0.929859 0
    outer loop
      vertex 1.72746 53.8576 0
      vertex 1.43555 53.7421 1.6
      vertex 1.72746 53.8576 1.6
    endloop
  endfacet
  facet normal -0.367917 0.929859 0
    outer loop
      vertex 1.43555 53.7421 1.6
      vertex 1.72746 53.8576 0
      vertex 1.43555 53.7421 0
    endloop
  endfacet
  facet normal 0.950976 -0.309263 0
    outer loop
      vertex 85.4244 1.57969 1.6
      vertex 85.5215 1.87827 0
      vertex 85.5215 1.87827 1.6
    endloop
  endfacet
  facet normal 0.950976 -0.309263 0
    outer loop
      vertex 85.5215 1.87827 0
      vertex 85.4244 1.57969 1.6
      vertex 85.4244 1.57969 0
    endloop
  endfacet
  facet normal -0.844347 0.535796 0
    outer loop
      vertex 0.309233 52.6844 0
      vertex 0.477457 52.9495 1.6
      vertex 0.477457 52.9495 0
    endloop
  endfacet
  facet normal -0.844347 0.535796 0
    outer loop
      vertex 0.477457 52.9495 1.6
      vertex 0.309233 52.6844 0
      vertex 0.309233 52.6844 1.6
    endloop
  endfacet
  facet normal -0.368121 -0.929778 0
    outer loop
      vertex 1.43555 0.237932 0
      vertex 1.72746 0.122358 1.6
      vertex 1.43555 0.237932 1.6
    endloop
  endfacet
  facet normal -0.368121 -0.929778 -0
    outer loop
      vertex 1.72746 0.122358 1.6
      vertex 1.43555 0.237932 0
      vertex 1.72746 0.122358 0
    endloop
  endfacet
  facet normal 0.125324 -0.992116 0
    outer loop
      vertex 83.257 0.0049324 0
      vertex 83.5685 0.044281 1.6
      vertex 83.257 0.0049324 1.6
    endloop
  endfacet
  facet normal 0.125324 -0.992116 0
    outer loop
      vertex 83.5685 0.044281 1.6
      vertex 83.257 0.0049324 0
      vertex 83.5685 0.044281 0
    endloop
  endfacet
  facet normal 0.587698 0.80908 -0
    outer loop
      vertex 84.6936 53.4063 0
      vertex 84.4396 53.5908 1.6
      vertex 84.6936 53.4063 1.6
    endloop
  endfacet
  facet normal 0.587698 0.80908 0
    outer loop
      vertex 84.4396 53.5908 1.6
      vertex 84.6936 53.4063 0
      vertex 84.4396 53.5908 0
    endloop
  endfacet
  facet normal -0.904842 0.425747 0
    outer loop
      vertex 0.175558 52.4003 0
      vertex 0.309233 52.6844 1.6
      vertex 0.309233 52.6844 0
    endloop
  endfacet
  facet normal -0.904842 0.425747 0
    outer loop
      vertex 0.309233 52.6844 1.6
      vertex 0.175558 52.4003 0
      vertex 0.175558 52.4003 1.6
    endloop
  endfacet
  facet normal -0.844329 -0.535825 0
    outer loop
      vertex 0.477457 1.03054 0
      vertex 0.309233 1.29562 1.6
      vertex 0.309233 1.29562 0
    endloop
  endfacet
  facet normal -0.844329 -0.535825 0
    outer loop
      vertex 0.309233 1.29562 1.6
      vertex 0.477457 1.03054 0
      vertex 0.477457 1.03054 1.6
    endloop
  endfacet
  facet normal -0.587713 0.809069 0
    outer loop
      vertex 1.16043 53.5908 0
      vertex 0.90644 53.4063 1.6
      vertex 1.16043 53.5908 1.6
    endloop
  endfacet
  facet normal -0.587713 0.809069 0
    outer loop
      vertex 0.90644 53.4063 1.6
      vertex 1.16043 53.5908 0
      vertex 0.90644 53.4063 0
    endloop
  endfacet
  facet normal 0.770552 -0.637378 0
    outer loop
      vertex 84.9224 0.788631 1.6
      vertex 85.1225 1.03054 0
      vertex 85.1225 1.03054 1.6
    endloop
  endfacet
  facet normal 0.770552 -0.637378 0
    outer loop
      vertex 85.1225 1.03054 0
      vertex 84.9224 0.788631 1.6
      vertex 84.9224 0.788631 0
    endloop
  endfacet
  facet normal -0.684546 -0.72897 0
    outer loop
      vertex 0.677578 0.788631 0
      vertex 0.90644 0.573716 1.6
      vertex 0.677578 0.788631 1.6
    endloop
  endfacet
  facet normal -0.684546 -0.72897 -0
    outer loop
      vertex 0.90644 0.573716 1.6
      vertex 0.677578 0.788631 0
      vertex 0.90644 0.573716 0
    endloop
  endfacet
  facet normal 0.481645 -0.876366 0
    outer loop
      vertex 84.1644 0.237932 0
      vertex 84.4396 0.38918 1.6
      vertex 84.1644 0.237932 1.6
    endloop
  endfacet
  facet normal 0.481645 -0.876366 0
    outer loop
      vertex 84.4396 0.38918 1.6
      vertex 84.1644 0.237932 0
      vertex 84.4396 0.38918 0
    endloop
  endfacet
  facet normal -0.68452 0.728994 0
    outer loop
      vertex 0.90644 53.4063 0
      vertex 0.677578 53.1914 1.6
      vertex 0.90644 53.4063 1.6
    endloop
  endfacet
  facet normal -0.68452 0.728994 0
    outer loop
      vertex 0.677578 53.1914 1.6
      vertex 0.90644 53.4063 0
      vertex 0.677578 53.1914 0
    endloop
  endfacet
  facet normal 0.950983 0.309244 0
    outer loop
      vertex 85.5215 52.1017 1.6
      vertex 85.4244 52.4003 0
      vertex 85.4244 52.4003 1.6
    endloop
  endfacet
  facet normal 0.950983 0.309244 0
    outer loop
      vertex 85.4244 52.4003 0
      vertex 85.5215 52.1017 1.6
      vertex 85.5215 52.1017 0
    endloop
  endfacet
  facet normal 0.367928 0.929854 -0
    outer loop
      vertex 84.1644 53.7421 0
      vertex 83.8725 53.8576 1.6
      vertex 84.1644 53.7421 1.6
    endloop
  endfacet
  facet normal 0.367928 0.929854 0
    outer loop
      vertex 83.8725 53.8576 1.6
      vertex 84.1644 53.7421 0
      vertex 83.8725 53.8576 0
    endloop
  endfacet
  facet normal -0.998026 0.0627944 0
    outer loop
      vertex 0 51.48 0
      vertex 0.0197124 51.7933 1.6
      vertex 0.0197124 51.7933 0
    endloop
  endfacet
  facet normal -0.998026 0.0627944 0
    outer loop
      vertex 0.0197124 51.7933 1.6
      vertex 0 51.48 0
      vertex 0 51.48 1.6
    endloop
  endfacet
  facet normal 0.368132 -0.929774 0
    outer loop
      vertex 83.8725 0.122358 0
      vertex 84.1644 0.237932 1.6
      vertex 83.8725 0.122358 1.6
    endloop
  endfacet
  facet normal 0.368132 -0.929774 0
    outer loop
      vertex 84.1644 0.237932 1.6
      vertex 83.8725 0.122358 0
      vertex 84.1644 0.237932 0
    endloop
  endfacet
  facet normal -0.125497 0.992094 0
    outer loop
      vertex 2.34302 53.9751 0
      vertex 2.03155 53.9357 1.6
      vertex 2.34302 53.9751 1.6
    endloop
  endfacet
  facet normal -0.125497 0.992094 0
    outer loop
      vertex 2.03155 53.9357 1.6
      vertex 2.34302 53.9751 0
      vertex 2.03155 53.9357 0
    endloop
  endfacet
  facet normal -0.248758 0.968566 0
    outer loop
      vertex 2.03155 53.9357 0
      vertex 1.72746 53.8576 1.6
      vertex 2.03155 53.9357 1.6
    endloop
  endfacet
  facet normal -0.248758 0.968566 0
    outer loop
      vertex 1.72746 53.8576 1.6
      vertex 2.03155 53.9357 0
      vertex 1.72746 53.8576 0
    endloop
  endfacet
  facet normal 0.84422 -0.535997 0
    outer loop
      vertex 85.1225 1.03054 1.6
      vertex 85.2908 1.29562 0
      vertex 85.2908 1.29562 1.6
    endloop
  endfacet
  facet normal 0.84422 -0.535997 0
    outer loop
      vertex 85.2908 1.29562 0
      vertex 85.1225 1.03054 1.6
      vertex 85.1225 1.03054 0
    endloop
  endfacet
  facet normal -0.48188 0.876237 0
    outer loop
      vertex 1.43555 53.7421 0
      vertex 1.16043 53.5908 1.6
      vertex 1.43555 53.7421 1.6
    endloop
  endfacet
  facet normal -0.48188 0.876237 0
    outer loop
      vertex 1.16043 53.5908 1.6
      vertex 1.43555 53.7421 0
      vertex 1.16043 53.5908 0
    endloop
  endfacet
  facet normal -0.587788 -0.809015 0
    outer loop
      vertex 0.90644 0.573716 0
      vertex 1.16043 0.38918 1.6
      vertex 0.90644 0.573716 1.6
    endloop
  endfacet
  facet normal -0.587788 -0.809015 -0
    outer loop
      vertex 1.16043 0.38918 1.6
      vertex 0.90644 0.573716 0
      vertex 1.16043 0.38918 0
    endloop
  endfacet
  facet normal 0.844238 0.535969 0
    outer loop
      vertex 85.2908 52.6844 1.6
      vertex 85.1225 52.9495 0
      vertex 85.1225 52.9495 1.6
    endloop
  endfacet
  facet normal 0.844238 0.535969 0
    outer loop
      vertex 85.1225 52.9495 0
      vertex 85.2908 52.6844 1.6
      vertex 85.2908 52.6844 0
    endloop
  endfacet
  facet normal -0.982288 0.187378 0
    outer loop
      vertex 0.0197124 51.7933 0
      vertex 0.0785418 52.1017 1.6
      vertex 0.0785418 52.1017 0
    endloop
  endfacet
  facet normal -0.982288 0.187378 0
    outer loop
      vertex 0.0785418 52.1017 1.6
      vertex 0.0197124 51.7933 0
      vertex 0.0197124 51.7933 1.6
    endloop
  endfacet
  facet normal 0 -1 0
    outer loop
      vertex 2.34302 0.0049324 0
      vertex 83.257 0.0049324 1.6
      vertex 2.34302 0.0049324 1.6
    endloop
  endfacet
  facet normal 0 -1 -0
    outer loop
      vertex 83.257 0.0049324 1.6
      vertex 2.34302 0.0049324 0
      vertex 83.257 0.0049324 0
    endloop
  endfacet
  facet normal -0.24869 -0.968583 0
    outer loop
      vertex 1.72746 0.122358 0
      vertex 2.03155 0.044281 1.6
      vertex 1.72746 0.122358 1.6
    endloop
  endfacet
  facet normal -0.24869 -0.968583 -0
    outer loop
      vertex 2.03155 0.044281 1.6
      vertex 1.72746 0.122358 0
      vertex 2.03155 0.044281 0
    endloop
  endfacet
  facet normal 0.684619 0.728901 -0
    outer loop
      vertex 84.9224 53.1914 0
      vertex 84.6936 53.4063 1.6
      vertex 84.9224 53.1914 1.6
    endloop
  endfacet
  facet normal 0.684619 0.728901 0
    outer loop
      vertex 84.6936 53.4063 1.6
      vertex 84.9224 53.1914 0
      vertex 84.6936 53.4063 0
    endloop
  endfacet
  facet normal 0.904934 0.425552 0
    outer loop
      vertex 85.4244 52.4003 1.6
      vertex 85.2908 52.6844 0
      vertex 85.2908 52.6844 1.6
    endloop
  endfacet
  facet normal 0.904934 0.425552 0
    outer loop
      vertex 85.2908 52.6844 0
      vertex 85.4244 52.4003 1.6
      vertex 85.4244 52.4003 0
    endloop
  endfacet
  facet normal 0.684644 -0.728877 0
    outer loop
      vertex 84.6936 0.573716 0
      vertex 84.9224 0.788631 1.6
      vertex 84.6936 0.573716 1.6
    endloop
  endfacet
  facet normal 0.684644 -0.728877 0
    outer loop
      vertex 84.9224 0.788631 1.6
      vertex 84.6936 0.573716 0
      vertex 84.9224 0.788631 0
    endloop
  endfacet
  facet normal 0.77054 0.637392 0
    outer loop
      vertex 85.1225 52.9495 1.6
      vertex 84.9224 53.1914 0
      vertex 84.9224 53.1914 1.6
    endloop
  endfacet
  facet normal 0.77054 0.637392 0
    outer loop
      vertex 84.9224 53.1914 0
      vertex 85.1225 52.9495 1.6
      vertex 85.1225 52.9495 0
    endloop
  endfacet
  facet normal -0.904825 -0.425784 0
    outer loop
      vertex 0.309233 1.29562 0
      vertex 0.175558 1.57969 1.6
      vertex 0.175558 1.57969 0
    endloop
  endfacet
  facet normal -0.904825 -0.425784 0
    outer loop
      vertex 0.175558 1.57969 1.6
      vertex 0.309233 1.29562 0
      vertex 0.309233 1.29562 1.6
    endloop
  endfacet
  facet normal -0.951055 -0.309022 0
    outer loop
      vertex 0.175558 1.57969 0
      vertex 0.0785418 1.87827 1.6
      vertex 0.0785418 1.87827 0
    endloop
  endfacet
  facet normal -0.951055 -0.309022 0
    outer loop
      vertex 0.0785418 1.87827 1.6
      vertex 0.175558 1.57969 0
      vertex 0.175558 1.57969 1.6
    endloop
  endfacet
  facet normal 0.904917 -0.425588 0
    outer loop
      vertex 85.2908 1.29562 1.6
      vertex 85.4244 1.57969 0
      vertex 85.4244 1.57969 1.6
    endloop
  endfacet
  facet normal 0.904917 -0.425588 0
    outer loop
      vertex 85.4244 1.57969 0
      vertex 85.2908 1.29562 1.6
      vertex 85.2908 1.29562 0
    endloop
  endfacet
  facet normal 0.248759 -0.968565 0
    outer loop
      vertex 83.5685 0.044281 0
      vertex 83.8725 0.122358 1.6
      vertex 83.5685 0.044281 1.6
    endloop
  endfacet
  facet normal 0.248759 -0.968565 0
    outer loop
      vertex 83.8725 0.122358 1.6
      vertex 83.5685 0.044281 0
      vertex 83.8725 0.122358 0
    endloop
  endfacet
  facet normal 0 0 1
    outer loop
      vertex 27.0428 40.0002 1.6
      vertex 28.7991 38.2533 1.6
      vertex 28.6894 39.0176 1.6
    endloop
  endfacet
  facet normal 0 0 1
    outer loop
      vertex 28.7991 38.2533 1.6
      vertex 27.0428 40.0002 1.6
      vertex 28.7638 37.8955 1.6
    endloop
  endfacet
  facet normal 0 0 1
    outer loop
      vertex 28.7638 37.8955 1.6
      vertex 27.0428 40.0002 1.6
      vertex 28.6579 37.5342 1.6
    endloop
  endfacet
  facet normal 0 0 1
    outer loop
      vertex 27.8112 39.891 1.6
      vertex 28.6894 39.0176 1.6
      vertex 28.3601 39.5635 1.6
    endloop
  endfacet
  facet normal 0 0 1
    outer loop
      vertex 27.0428 40.0002 1.6
      vertex 28.6894 39.0176 1.6
      vertex 27.8112 39.891 1.6
    endloop
  endfacet
  facet normal 0 0 1
    outer loop
      vertex 28.6579 37.5342 1.6
      vertex 25.2399 38.5901 1.6
      vertex 28.4814 37.1693 1.6
    endloop
  endfacet
  facet normal -0 0 1
    outer loop
      vertex 25.2399 38.5901 1.6
      vertex 28.6579 37.5342 1.6
      vertex 27.0428 40.0002 1.6
    endloop
  endfacet
  facet normal -0 0 1
    outer loop
      vertex 25.1535 38.1584 1.6
      vertex 28.4814 37.1693 1.6
      vertex 25.2399 38.5901 1.6
    endloop
  endfacet
  facet normal 0 0 1
    outer loop
      vertex 28.4814 37.1693 1.6
      vertex 25.1535 38.1584 1.6
      vertex 28.2342 36.8008 1.6
    endloop
  endfacet
  facet normal 0 0 1
    outer loop
      vertex 27.8993 36.4056 1.6
      vertex 25.1535 38.1584 1.6
      vertex 27.4594 35.9606 1.6
    endloop
  endfacet
  facet normal 0 0 1
    outer loop
      vertex 25.366 38.9642 1.6
      vertex 27.0428 40.0002 1.6
      vertex 26.6408 39.9714 1.6
    endloop
  endfacet
  facet normal 0 0 1
    outer loop
      vertex 25.5319 39.2808 1.6
      vertex 26.6408 39.9714 1.6
      vertex 26.2893 39.8851 1.6
    endloop
  endfacet
  facet normal 0 0 1
    outer loop
      vertex 27.4594 35.9606 1.6
      vertex 25.1535 38.1584 1.6
      vertex 26.9144 35.4658 1.6
    endloop
  endfacet
  facet normal 0 0 1
    outer loop
      vertex 25.5319 39.2808 1.6
      vertex 26.2893 39.8851 1.6
      vertex 25.9882 39.7412 1.6
    endloop
  endfacet
  facet normal 0 0 1
    outer loop
      vertex 25.5319 39.2808 1.6
      vertex 25.9882 39.7412 1.6
      vertex 25.7375 39.5398 1.6
    endloop
  endfacet
  facet normal 0 0 1
    outer loop
      vertex 26.9144 35.4658 1.6
      vertex 25.1535 38.1584 1.6
      vertex 26.2643 34.921 1.6
    endloop
  endfacet
  facet normal 0 0 1
    outer loop
      vertex 26.6408 39.9714 1.6
      vertex 25.5319 39.2808 1.6
      vertex 25.366 38.9642 1.6
    endloop
  endfacet
  facet normal 0 0 1
    outer loop
      vertex 27.0428 40.0002 1.6
      vertex 25.366 38.9642 1.6
      vertex 25.2399 38.5901 1.6
    endloop
  endfacet
  facet normal 0 0 1
    outer loop
      vertex 28.2342 36.8008 1.6
      vertex 25.1535 38.1584 1.6
      vertex 27.8993 36.4056 1.6
    endloop
  endfacet
  facet normal 0 0 1
    outer loop
      vertex 26.2643 34.921 1.6
      vertex 25.1535 38.1584 1.6
      vertex 25.5644 34.3336 1.6
    endloop
  endfacet
  facet normal 0 0 1
    outer loop
      vertex 22.4668 38.3103 1.6
      vertex 25.5644 34.3336 1.6
      vertex 25.1535 38.1584 1.6
    endloop
  endfacet
  facet normal 0 0 1
    outer loop
      vertex 25.5644 34.3336 1.6
      vertex 22.4668 38.3103 1.6
      vertex 24.9269 33.7581 1.6
    endloop
  endfacet
  facet normal 0 0 1
    outer loop
      vertex 24.9269 33.7581 1.6
      vertex 22.4668 38.3103 1.6
      vertex 24.3516 33.1944 1.6
    endloop
  endfacet
  facet normal 0 0 1
    outer loop
      vertex 24.3516 33.1944 1.6
      vertex 22.4668 38.3103 1.6
      vertex 23.8386 32.6425 1.6
    endloop
  endfacet
  facet normal 0 0 1
    outer loop
      vertex 23.8386 32.6425 1.6
      vertex 22.4668 38.3103 1.6
      vertex 23.3844 32.0931 1.6
    endloop
  endfacet
  facet normal 0 0 1
    outer loop
      vertex 23.3844 32.0931 1.6
      vertex 22.4668 38.3103 1.6
      vertex 22.9854 31.5365 1.6
    endloop
  endfacet
  facet normal 0 0 1
    outer loop
      vertex 22.9854 31.5365 1.6
      vertex 22.4668 38.3103 1.6
      vertex 22.6416 30.9728 1.6
    endloop
  endfacet
  facet normal 0 0 1
    outer loop
      vertex 22.6416 30.9728 1.6
      vertex 22.4668 38.3103 1.6
      vertex 22.353 30.402 1.6
    endloop
  endfacet
  facet normal 0 0 1
    outer loop
      vertex 34.3298 24.6521 1.6
      vertex 31.7138 28.5508 1.6
      vertex 32.7958 24.6521 1.6
    endloop
  endfacet
  facet normal -0 0 1
    outer loop
      vertex 22.353 28.5508 1.6
      vertex 32.7958 24.6521 1.6
      vertex 31.7138 28.5508 1.6
    endloop
  endfacet
  facet normal 0 0 1
    outer loop
      vertex 32.7958 24.6521 1.6
      vertex 22.353 28.5508 1.6
      vertex 30.5302 18.4415 1.6
    endloop
  endfacet
  facet normal 0 0 1
    outer loop
      vertex 33.1342 37.425 1.6
      vertex 31.2966 37.059 1.6
      vertex 33.0399 36.3896 1.6
    endloop
  endfacet
  facet normal -0 0 1
    outer loop
      vertex 31.1346 36.6679 1.6
      vertex 33.0399 36.3896 1.6
      vertex 31.2966 37.059 1.6
    endloop
  endfacet
  facet normal 0 0 1
    outer loop
      vertex 30.9365 36.2956 1.6
      vertex 33.0399 36.3896 1.6
      vertex 31.1346 36.6679 1.6
    endloop
  endfacet
  facet normal 0 0 1
    outer loop
      vertex 33.0399 36.3896 1.6
      vertex 30.9365 36.2956 1.6
      vertex 33.0085 35.2439 1.6
    endloop
  endfacet
  facet normal -0 0 1
    outer loop
      vertex 30.7122 35.9381 1.6
      vertex 33.0085 35.2439 1.6
      vertex 30.9365 36.2956 1.6
    endloop
  endfacet
  facet normal -0 0 1
    outer loop
      vertex 30.4618 35.5954 1.6
      vertex 33.0085 35.2439 1.6
      vertex 30.7122 35.9381 1.6
    endloop
  endfacet
  facet normal -0 0 1
    outer loop
      vertex 30.1853 35.2675 1.6
      vertex 33.0085 35.2439 1.6
      vertex 30.4618 35.5954 1.6
    endloop
  endfacet
  facet normal 0 0 1
    outer loop
      vertex 29.8877 34.9522 1.6
      vertex 33.0085 35.2439 1.6
      vertex 30.1853 35.2675 1.6
    endloop
  endfacet
  facet normal 0 0 1
    outer loop
      vertex 33.0085 35.2439 1.6
      vertex 29.8877 34.9522 1.6
      vertex 31.7138 30.7439 1.6
    endloop
  endfacet
  facet normal -0 0 1
    outer loop
      vertex 29.5741 34.6469 1.6
      vertex 31.7138 30.7439 1.6
      vertex 29.8877 34.9522 1.6
    endloop
  endfacet
  facet normal -0 0 1
    outer loop
      vertex 29.2444 34.3517 1.6
      vertex 31.7138 30.7439 1.6
      vertex 29.5741 34.6469 1.6
    endloop
  endfacet
  facet normal -0 0 1
    outer loop
      vertex 28.8988 34.0666 1.6
      vertex 31.7138 30.7439 1.6
      vertex 29.2444 34.3517 1.6
    endloop
  endfacet
  facet normal -0 0 1
    outer loop
      vertex 28.5478 33.7883 1.6
      vertex 31.7138 30.7439 1.6
      vertex 28.8988 34.0666 1.6
    endloop
  endfacet
  facet normal -0 0 1
    outer loop
      vertex 28.2022 33.5136 1.6
      vertex 31.7138 30.7439 1.6
      vertex 28.5478 33.7883 1.6
    endloop
  endfacet
  facet normal -0 0 1
    outer loop
      vertex 27.8619 33.2424 1.6
      vertex 31.7138 30.7439 1.6
      vertex 28.2022 33.5136 1.6
    endloop
  endfacet
  facet normal -0 0 1
    outer loop
      vertex 27.527 32.9748 1.6
      vertex 31.7138 30.7439 1.6
      vertex 27.8619 33.2424 1.6
    endloop
  endfacet
  facet normal -0 0 1
    outer loop
      vertex 27.2021 32.7084 1.6
      vertex 31.7138 30.7439 1.6
      vertex 27.527 32.9748 1.6
    endloop
  endfacet
  facet normal -0 0 1
    outer loop
      vertex 26.8921 32.4408 1.6
      vertex 31.7138 30.7439 1.6
      vertex 27.2021 32.7084 1.6
    endloop
  endfacet
  facet normal -0 0 1
    outer loop
      vertex 26.5969 32.172 1.6
      vertex 31.7138 30.7439 1.6
      vertex 26.8921 32.4408 1.6
    endloop
  endfacet
  facet normal -0 0 1
    outer loop
      vertex 26.3165 31.9021 1.6
      vertex 31.7138 30.7439 1.6
      vertex 26.5969 32.172 1.6
    endloop
  endfacet
  facet normal -0 0 1
    outer loop
      vertex 26.0611 31.6268 1.6
      vertex 31.7138 30.7439 1.6
      vertex 26.3165 31.9021 1.6
    endloop
  endfacet
  facet normal -0 0 1
    outer loop
      vertex 25.8406 31.342 1.6
      vertex 31.7138 30.7439 1.6
      vertex 26.0611 31.6268 1.6
    endloop
  endfacet
  facet normal -0 0 1
    outer loop
      vertex 25.6552 31.0477 1.6
      vertex 31.7138 30.7439 1.6
      vertex 25.8406 31.342 1.6
    endloop
  endfacet
  facet normal 0 0 1
    outer loop
      vertex 31.7138 30.7439 1.6
      vertex 25.6552 31.0477 1.6
      vertex 25.5048 30.7439 1.6
    endloop
  endfacet
  facet normal 0 0 1
    outer loop
      vertex 35.2995 18.4415 1.6
      vertex 31.8305 18.4415 1.6
      vertex 33.6998 16.4697 1.6
    endloop
  endfacet
  facet normal 0 0 1
    outer loop
      vertex 33.6998 16.4697 1.6
      vertex 31.8305 18.4415 1.6
      vertex 32.4995 16.4697 1.6
    endloop
  endfacet
  facet normal 0 0 1
    outer loop
      vertex 31.8305 18.4415 1.6
      vertex 34.7485 20.0284 1.6
      vertex 32.3815 20.0284 1.6
    endloop
  endfacet
  facet normal 0 0 1
    outer loop
      vertex 37.4791 14.1881 1.6
      vertex 33.6998 16.4697 1.6
      vertex 37.2987 13.6293 1.6
    endloop
  endfacet
  facet normal 0 0 1
    outer loop
      vertex 31.8305 18.4415 1.6
      vertex 35.2995 18.4415 1.6
      vertex 34.7485 20.0284 1.6
    endloop
  endfacet
  facet normal 0 0 1
    outer loop
      vertex 33.6998 11.6645 1.6
      vertex 37.2987 13.6293 1.6
      vertex 33.6998 16.4697 1.6
    endloop
  endfacet
  facet normal 0 0 1
    outer loop
      vertex 37.2987 13.6293 1.6
      vertex 33.6998 11.6645 1.6
      vertex 36.7757 11.6645 1.6
    endloop
  endfacet
  facet normal -0 0 1
    outer loop
      vertex 36.8264 22.3733 1.6
      vertex 37.5229 18.4415 1.6
      vertex 37.5229 22.3733 1.6
    endloop
  endfacet
  facet normal 0 0 1
    outer loop
      vertex 37.5229 18.4415 1.6
      vertex 36.5866 18.4415 1.6
      vertex 37.4791 14.1881 1.6
    endloop
  endfacet
  facet normal 0 0 1
    outer loop
      vertex 37.5229 18.4415 1.6
      vertex 36.8264 22.3733 1.6
      vertex 36.5866 18.4415 1.6
    endloop
  endfacet
  facet normal 0 0 1
    outer loop
      vertex 33.6998 16.4697 1.6
      vertex 36.5866 18.4415 1.6
      vertex 35.2995 18.4415 1.6
    endloop
  endfacet
  facet normal 0 0 1
    outer loop
      vertex 39.5754 24.1364 1.6
      vertex 39.6959 23.2108 1.6
      vertex 39.6959 24.1144 1.6
    endloop
  endfacet
  facet normal 0 0 1
    outer loop
      vertex 39.455 24.1496 1.6
      vertex 39.6959 23.2108 1.6
      vertex 39.5754 24.1364 1.6
    endloop
  endfacet
  facet normal 0 0 1
    outer loop
      vertex 39.3345 24.154 1.6
      vertex 39.6959 23.2108 1.6
      vertex 39.455 24.1496 1.6
    endloop
  endfacet
  facet normal 0 0 1
    outer loop
      vertex 38.757 23.5854 1.6
      vertex 39.3345 24.154 1.6
      vertex 39.1437 24.1401 1.6
    endloop
  endfacet
  facet normal 0 0 1
    outer loop
      vertex 38.7715 23.7757 1.6
      vertex 39.1437 24.1401 1.6
      vertex 38.9946 24.0982 1.6
    endloop
  endfacet
  facet normal 0 0 1
    outer loop
      vertex 38.8148 23.9234 1.6
      vertex 38.9946 24.0982 1.6
      vertex 38.8871 24.0284 1.6
    endloop
  endfacet
  facet normal 0 0 1
    outer loop
      vertex 38.9946 24.0982 1.6
      vertex 38.8148 23.9234 1.6
      vertex 38.7715 23.7757 1.6
    endloop
  endfacet
  facet normal 0 0 1
    outer loop
      vertex 38.757 23.5854 1.6
      vertex 39.1437 24.1401 1.6
      vertex 38.7715 23.7757 1.6
    endloop
  endfacet
  facet normal 0 0 1
    outer loop
      vertex 39.3345 24.154 1.6
      vertex 38.757 23.5854 1.6
      vertex 39.6959 23.2108 1.6
    endloop
  endfacet
  facet normal 0 0 1
    outer loop
      vertex 39.6959 23.2108 1.6
      vertex 38.757 23.5854 1.6
      vertex 38.757 23.2108 1.6
    endloop
  endfacet
  facet normal 0 0 1
    outer loop
      vertex 40.2371 22.3383 1.6
      vertex 39.6959 22.3733 1.6
      vertex 40.2383 22.0912 1.6
    endloop
  endfacet
  facet normal -0 0 1
    outer loop
      vertex 38.757 22.3733 1.6
      vertex 40.2383 22.0912 1.6
      vertex 39.6959 22.3733 1.6
    endloop
  endfacet
  facet normal 0 0 1
    outer loop
      vertex 40.2383 22.0912 1.6
      vertex 38.757 18.4415 1.6
      vertex 40.2383 18.4415 1.6
    endloop
  endfacet
  facet normal 0 -0 1
    outer loop
      vertex 39.3136 15.2206 1.6
      vertex 40.2383 18.4415 1.6
      vertex 38.757 18.4415 1.6
    endloop
  endfacet
  facet normal 0 0 1
    outer loop
      vertex 40.2383 22.0912 1.6
      vertex 38.757 22.3733 1.6
      vertex 38.757 18.4415 1.6
    endloop
  endfacet
  facet normal 0 0 1
    outer loop
      vertex 40.2383 18.4415 1.6
      vertex 39.3136 15.2206 1.6
      vertex 39.8959 15.1508 1.6
    endloop
  endfacet
  facet normal 0 0 1
    outer loop
      vertex 38.757 18.4415 1.6
      vertex 38.702 15.1555 1.6
      vertex 39.3136 15.2206 1.6
    endloop
  endfacet
  facet normal -0 0 1
    outer loop
      vertex 37.5229 18.4415 1.6
      vertex 38.702 15.1555 1.6
      vertex 38.757 18.4415 1.6
    endloop
  endfacet
  facet normal 0 0 1
    outer loop
      vertex 38.702 15.1555 1.6
      vertex 37.5229 18.4415 1.6
      vertex 38.1907 14.9602 1.6
    endloop
  endfacet
  facet normal 0 0 1
    outer loop
      vertex 38.1907 14.9602 1.6
      vertex 37.5229 18.4415 1.6
      vertex 37.7797 14.6347 1.6
    endloop
  endfacet
  facet normal 0 0 1
    outer loop
      vertex 37.7797 14.6347 1.6
      vertex 37.5229 18.4415 1.6
      vertex 37.4791 14.1881 1.6
    endloop
  endfacet
  facet normal 0 0 1
    outer loop
      vertex 39.6959 22.3733 1.6
      vertex 40.2273 22.7458 1.6
      vertex 39.6959 23.2108 1.6
    endloop
  endfacet
  facet normal 0 0 1
    outer loop
      vertex 41.2626 12.7184 1.6
      vertex 40.1193 11.9453 1.6
      vertex 41.1975 11.8517 1.6
    endloop
  endfacet
  facet normal 0 0 1
    outer loop
      vertex 40.1193 11.9453 1.6
      vertex 39.7088 11.4788 1.6
      vertex 39.9638 11.6537 1.6
    endloop
  endfacet
  facet normal 0 0 1
    outer loop
      vertex 40.1193 11.9453 1.6
      vertex 39.3544 11.4205 1.6
      vertex 39.7088 11.4788 1.6
    endloop
  endfacet
  facet normal 0 0 1
    outer loop
      vertex 38.5447 12.0013 1.6
      vertex 39.3544 11.4205 1.6
      vertex 40.1193 11.9453 1.6
    endloop
  endfacet
  facet normal -0 0 1
    outer loop
      vertex 38.4389 12.7184 1.6
      vertex 40.1193 11.9453 1.6
      vertex 41.2626 12.7184 1.6
    endloop
  endfacet
  facet normal -0 -0 1
    outer loop
      vertex 38.4653 12.3248 1.6
      vertex 40.1193 11.9453 1.6
      vertex 38.4389 12.7184 1.6
    endloop
  endfacet
  facet normal -0 -0 1
    outer loop
      vertex 38.6769 11.7479 1.6
      vertex 39.3544 11.4205 1.6
      vertex 38.5447 12.0013 1.6
    endloop
  endfacet
  facet normal 0 0 1
    outer loop
      vertex 39.3544 11.4205 1.6
      vertex 38.6769 11.7479 1.6
      vertex 39.0838 11.4569 1.6
    endloop
  endfacet
  facet normal 0 0 1
    outer loop
      vertex 39.0838 11.4569 1.6
      vertex 38.6769 11.7479 1.6
      vertex 38.858 11.566 1.6
    endloop
  endfacet
  facet normal -0 -0 1
    outer loop
      vertex 38.5447 12.0013 1.6
      vertex 40.1193 11.9453 1.6
      vertex 38.4653 12.3248 1.6
    endloop
  endfacet
  facet normal 0 0 1
    outer loop
      vertex 43.1072 13.0113 1.6
      vertex 41.207 13.4943 1.6
      vertex 41.2626 12.7509 1.6
    endloop
  endfacet
  facet normal 0 0 1
    outer loop
      vertex 41.5733 15.1392 1.6
      vertex 41.0402 14.108 1.6
      vertex 41.207 13.4943 1.6
    endloop
  endfacet
  facet normal 0 0 1
    outer loop
      vertex 41.5733 15.1392 1.6
      vertex 40.7622 14.592 1.6
      vertex 41.0402 14.108 1.6
    endloop
  endfacet
  facet normal 0 0 1
    outer loop
      vertex 41.5733 15.1392 1.6
      vertex 40.3788 14.9412 1.6
      vertex 40.7622 14.592 1.6
    endloop
  endfacet
  facet normal -0 0 1
    outer loop
      vertex 39.8959 15.1508 1.6
      vertex 41.5733 15.1392 1.6
      vertex 40.2383 18.4415 1.6
    endloop
  endfacet
  facet normal 0 0 1
    outer loop
      vertex 40.2197 22.914 1.6
      vertex 39.6959 23.2108 1.6
      vertex 40.2273 22.7458 1.6
    endloop
  endfacet
  facet normal 0 0 1
    outer loop
      vertex 40.2117 23.069 1.6
      vertex 39.6959 23.2108 1.6
      vertex 40.2197 22.914 1.6
    endloop
  endfacet
  facet normal 0 0 1
    outer loop
      vertex 40.2031 23.2108 1.6
      vertex 39.6959 23.2108 1.6
      vertex 40.2117 23.069 1.6
    endloop
  endfacet
  facet normal 0 0 1
    outer loop
      vertex 39.6959 23.2108 1.6
      vertex 40.2031 23.2108 1.6
      vertex 39.6959 24.1144 1.6
    endloop
  endfacet
  facet normal 0 0 1
    outer loop
      vertex 41.3843 23.2108 1.6
      vertex 39.6959 24.1144 1.6
      vertex 40.2031 23.2108 1.6
    endloop
  endfacet
  facet normal 0 0 1
    outer loop
      vertex 41.5733 15.1392 1.6
      vertex 39.8959 15.1508 1.6
      vertex 40.3788 14.9412 1.6
    endloop
  endfacet
  facet normal 0 0 1
    outer loop
      vertex 40.2273 22.7458 1.6
      vertex 39.6959 22.3733 1.6
      vertex 40.2334 22.5565 1.6
    endloop
  endfacet
  facet normal -0 0 1
    outer loop
      vertex 43.6692 24.0703 1.6
      vertex 44.9079 23.2108 1.6
      vertex 44.9079 24.0703 1.6
    endloop
  endfacet
  facet normal 0 0 1
    outer loop
      vertex 44.9079 23.2108 1.6
      vertex 43.6692 24.0703 1.6
      vertex 43.6692 23.2108 1.6
    endloop
  endfacet
  facet normal 0 0 1
    outer loop
      vertex 46.3506 13.6293 1.6
      vertex 44.3889 13.0235 1.6
      vertex 46.2905 12.9584 1.6
    endloop
  endfacet
  facet normal 0 0 1
    outer loop
      vertex 44.9079 18.4415 1.6
      vertex 46.1035 19.4862 1.6
      vertex 45.9066 20.0864 1.6
    endloop
  endfacet
  facet normal 0 0 1
    outer loop
      vertex 44.9079 18.4415 1.6
      vertex 45.9066 20.0864 1.6
      vertex 45.841 20.7997 1.6
    endloop
  endfacet
  facet normal 0 0 1
    outer loop
      vertex 46.1054 22.1426 1.6
      vertex 44.9079 23.2108 1.6
      vertex 45.9071 21.5292 1.6
    endloop
  endfacet
  facet normal 0 0 1
    outer loop
      vertex 45.9071 21.5292 1.6
      vertex 44.9079 23.2108 1.6
      vertex 45.841 20.7997 1.6
    endloop
  endfacet
  facet normal 0 0 1
    outer loop
      vertex 44.9079 18.4415 1.6
      vertex 45.841 20.7997 1.6
      vertex 44.9079 23.2108 1.6
    endloop
  endfacet
  facet normal 0 0 1
    outer loop
      vertex 46.4316 18.9991 1.6
      vertex 44.9079 18.4415 1.6
      vertex 45.9228 15.1392 1.6
    endloop
  endfacet
  facet normal 0 0 1
    outer loop
      vertex 44.9079 18.4415 1.6
      vertex 44.6819 15.1392 1.6
      vertex 45.9228 15.1392 1.6
    endloop
  endfacet
  facet normal -0 0 1
    outer loop
      vertex 43.6692 18.4415 1.6
      vertex 44.6819 15.1392 1.6
      vertex 44.9079 18.4415 1.6
    endloop
  endfacet
  facet normal 0 0 1
    outer loop
      vertex 44.6819 15.1392 1.6
      vertex 43.6692 18.4415 1.6
      vertex 42.8061 15.1392 1.6
    endloop
  endfacet
  facet normal 0 0 1
    outer loop
      vertex 43.6692 23.2108 1.6
      vertex 42.9844 22.2014 1.6
      vertex 43.6692 18.4415 1.6
    endloop
  endfacet
  facet normal -0 0 1
    outer loop
      vertex 41.477 20.7821 1.6
      vertex 43.6692 18.4415 1.6
      vertex 42.9844 22.2014 1.6
    endloop
  endfacet
  facet normal 0 0 1
    outer loop
      vertex 44.6819 15.1392 1.6
      vertex 42.8061 15.1392 1.6
      vertex 43.746 13.6989 1.6
    endloop
  endfacet
  facet normal 0 0 1
    outer loop
      vertex 41.5056 21.2326 1.6
      vertex 42.9844 22.2014 1.6
      vertex 42.7924 22.2381 1.6
    endloop
  endfacet
  facet normal 0 0 1
    outer loop
      vertex 41.5916 21.6029 1.6
      vertex 42.7924 22.2381 1.6
      vertex 42.6161 22.2601 1.6
    endloop
  endfacet
  facet normal 0 0 1
    outer loop
      vertex 41.5916 21.6029 1.6
      vertex 42.6161 22.2601 1.6
      vertex 42.4555 22.2675 1.6
    endloop
  endfacet
  facet normal 0 0 1
    outer loop
      vertex 41.7348 21.8928 1.6
      vertex 42.4555 22.2675 1.6
      vertex 42.1697 22.2259 1.6
    endloop
  endfacet
  facet normal 0 0 1
    outer loop
      vertex 41.7348 21.8928 1.6
      vertex 42.1697 22.2259 1.6
      vertex 41.9295 22.101 1.6
    endloop
  endfacet
  facet normal 0 0 1
    outer loop
      vertex 42.4555 22.2675 1.6
      vertex 41.7348 21.8928 1.6
      vertex 41.5916 21.6029 1.6
    endloop
  endfacet
  facet normal 0 0 1
    outer loop
      vertex 42.7924 22.2381 1.6
      vertex 41.5916 21.6029 1.6
      vertex 41.5056 21.2326 1.6
    endloop
  endfacet
  facet normal 0 0 1
    outer loop
      vertex 43.6692 18.4415 1.6
      vertex 41.477 20.7821 1.6
      vertex 41.477 18.4415 1.6
    endloop
  endfacet
  facet normal 0 0 1
    outer loop
      vertex 42.9844 22.2014 1.6
      vertex 41.5056 21.2326 1.6
      vertex 41.477 20.7821 1.6
    endloop
  endfacet
  facet normal 0 0 1
    outer loop
      vertex 46.2905 12.9584 1.6
      vertex 44.3889 13.0235 1.6
      vertex 46.0123 10.7369 1.6
    endloop
  endfacet
  facet normal -0 0 1
    outer loop
      vertex 44.1291 37.6552 1.6
      vertex 47.3379 30.535 1.6
      vertex 47.3379 39.6585 1.6
    endloop
  endfacet
  facet normal -0 0 1
    outer loop
      vertex 42.1826 33.6519 1.6
      vertex 47.3379 30.535 1.6
      vertex 44.1291 37.6552 1.6
    endloop
  endfacet
  facet normal -0 0 1
    outer loop
      vertex 41.6011 31.0838 1.6
      vertex 44.0247 30.535 1.6
      vertex 41.9646 32.2652 1.6
    endloop
  endfacet
  facet normal 0 0 1
    outer loop
      vertex 41.0923 30.1077 1.6
      vertex 44.0247 30.535 1.6
      vertex 41.6011 31.0838 1.6
    endloop
  endfacet
  facet normal 0 0 1
    outer loop
      vertex 44.0247 30.535 1.6
      vertex 41.0923 30.1077 1.6
      vertex 44.0247 28.5508 1.6
    endloop
  endfacet
  facet normal -0 0 1
    outer loop
      vertex 40.4382 29.3435 1.6
      vertex 44.0247 28.5508 1.6
      vertex 41.0923 30.1077 1.6
    endloop
  endfacet
  facet normal 0 0 1
    outer loop
      vertex 39.6959 24.9122 1.6
      vertex 44.0247 28.5508 1.6
      vertex 40.4382 29.3435 1.6
    endloop
  endfacet
  facet normal 0 0 1
    outer loop
      vertex 44.0247 28.5508 1.6
      vertex 39.6959 24.9122 1.6
      vertex 42.2561 23.2593 1.6
    endloop
  endfacet
  facet normal 0 -0 1
    outer loop
      vertex 41.3843 23.2108 1.6
      vertex 42.2561 23.2593 1.6
      vertex 39.6959 24.9122 1.6
    endloop
  endfacet
  facet normal 0 0 1
    outer loop
      vertex 42.2561 23.2593 1.6
      vertex 41.3843 23.2108 1.6
      vertex 42.1161 23.2041 1.6
    endloop
  endfacet
  facet normal -0 -0 1
    outer loop
      vertex 41.3942 23.1219 1.6
      vertex 41.881 23.0249 1.6
      vertex 41.3843 23.2108 1.6
    endloop
  endfacet
  facet normal -0 -0 1
    outer loop
      vertex 41.4059 22.961 1.6
      vertex 41.7811 22.9 1.6
      vertex 41.3942 23.1219 1.6
    endloop
  endfacet
  facet normal 0 -0 1
    outer loop
      vertex 41.4319 22.4894 1.6
      vertex 41.5754 22.4945 1.6
      vertex 41.4196 22.7281 1.6
    endloop
  endfacet
  facet normal 0 0 1
    outer loop
      vertex 41.4593 22.1925 1.6
      vertex 41.4392 22.3108 1.6
      vertex 41.4417 22.1925 1.6
    endloop
  endfacet
  facet normal 0 0 1
    outer loop
      vertex 41.5754 22.4945 1.6
      vertex 41.4392 22.3108 1.6
      vertex 41.4593 22.1925 1.6
    endloop
  endfacet
  facet normal 0 -0 1
    outer loop
      vertex 41.4392 22.3108 1.6
      vertex 41.5754 22.4945 1.6
      vertex 41.4319 22.4894 1.6
    endloop
  endfacet
  facet normal 0 0 1
    outer loop
      vertex 41.6827 22.7303 1.6
      vertex 41.4196 22.7281 1.6
      vertex 41.5754 22.4945 1.6
    endloop
  endfacet
  facet normal 0 -0 1
    outer loop
      vertex 41.4196 22.7281 1.6
      vertex 41.6827 22.7303 1.6
      vertex 41.4059 22.961 1.6
    endloop
  endfacet
  facet normal 0 0 1
    outer loop
      vertex 41.7811 22.9 1.6
      vertex 41.4059 22.961 1.6
      vertex 41.6827 22.7303 1.6
    endloop
  endfacet
  facet normal 0 0 1
    outer loop
      vertex 41.881 23.0249 1.6
      vertex 41.3942 23.1219 1.6
      vertex 41.7811 22.9 1.6
    endloop
  endfacet
  facet normal 0 0 1
    outer loop
      vertex 42.1161 23.2041 1.6
      vertex 41.3843 23.2108 1.6
      vertex 41.9927 23.1263 1.6
    endloop
  endfacet
  facet normal 0 0 1
    outer loop
      vertex 41.9927 23.1263 1.6
      vertex 41.3843 23.2108 1.6
      vertex 41.881 23.0249 1.6
    endloop
  endfacet
  facet normal 0 0 1
    outer loop
      vertex 40.2334 22.5565 1.6
      vertex 39.6959 22.3733 1.6
      vertex 40.2371 22.3383 1.6
    endloop
  endfacet
  facet normal -0 0 1
    outer loop
      vertex 39.6959 24.1144 1.6
      vertex 41.3843 23.2108 1.6
      vertex 39.6959 24.9122 1.6
    endloop
  endfacet
  facet normal -0 0 1
    outer loop
      vertex 39.6386 28.7976 1.6
      vertex 39.6959 24.9122 1.6
      vertex 40.4382 29.3435 1.6
    endloop
  endfacet
  facet normal 0 0 1
    outer loop
      vertex 39.6386 28.7976 1.6
      vertex 39.4148 24.9514 1.6
      vertex 39.6959 24.9122 1.6
    endloop
  endfacet
  facet normal -0 0 1
    outer loop
      vertex 38.6937 28.4701 1.6
      vertex 39.4148 24.9514 1.6
      vertex 39.6386 28.7976 1.6
    endloop
  endfacet
  facet normal 0 0 1
    outer loop
      vertex 39.4148 24.9514 1.6
      vertex 38.6937 28.4701 1.6
      vertex 39.1533 24.9749 1.6
    endloop
  endfacet
  facet normal 0 0 1
    outer loop
      vertex 39.1533 24.9749 1.6
      vertex 38.6937 28.4701 1.6
      vertex 38.9114 24.9827 1.6
    endloop
  endfacet
  facet normal 0 0 1
    outer loop
      vertex 38.6937 28.4701 1.6
      vertex 38.4838 24.948 1.6
      vertex 38.9114 24.9827 1.6
    endloop
  endfacet
  facet normal -0 0 1
    outer loop
      vertex 37.6034 28.3609 1.6
      vertex 38.4838 24.948 1.6
      vertex 38.6937 28.4701 1.6
    endloop
  endfacet
  facet normal 0 0 1
    outer loop
      vertex 38.4838 24.948 1.6
      vertex 37.6034 28.3609 1.6
      vertex 38.1356 24.8436 1.6
    endloop
  endfacet
  facet normal 0 0 1
    outer loop
      vertex 38.1356 24.8436 1.6
      vertex 37.6034 28.3609 1.6
      vertex 37.8667 24.6698 1.6
    endloop
  endfacet
  facet normal 0 0 1
    outer loop
      vertex 35.5931 28.7911 1.6
      vertex 37.8667 24.6698 1.6
      vertex 37.6034 28.3609 1.6
    endloop
  endfacet
  facet normal 0 0 1
    outer loop
      vertex 37.8667 24.6698 1.6
      vertex 34.3298 24.6521 1.6
      vertex 37.6757 24.4239 1.6
    endloop
  endfacet
  facet normal 0 0 1
    outer loop
      vertex 37.6757 24.4239 1.6
      vertex 34.3298 24.6521 1.6
      vertex 37.5611 24.1036 1.6
    endloop
  endfacet
  facet normal 0 0 1
    outer loop
      vertex 37.5229 23.7089 1.6
      vertex 36.8264 23.2108 1.6
      vertex 37.5229 23.2108 1.6
    endloop
  endfacet
  facet normal 0 -0 1
    outer loop
      vertex 36.8264 23.2108 1.6
      vertex 37.5611 24.1036 1.6
      vertex 34.3298 24.6521 1.6
    endloop
  endfacet
  facet normal 0 0 1
    outer loop
      vertex 34.3298 24.6521 1.6
      vertex 36.8264 22.3733 1.6
      vertex 36.8264 23.2108 1.6
    endloop
  endfacet
  facet normal 0 0 1
    outer loop
      vertex 36.5866 18.4415 1.6
      vertex 33.6998 16.4697 1.6
      vertex 37.4791 14.1881 1.6
    endloop
  endfacet
  facet normal 0 0 1
    outer loop
      vertex 37.8667 24.6698 1.6
      vertex 35.5931 28.7911 1.6
      vertex 34.3298 24.6521 1.6
    endloop
  endfacet
  facet normal 0 0 1
    outer loop
      vertex 37.5611 24.1036 1.6
      vertex 36.8264 23.2108 1.6
      vertex 37.5229 23.7089 1.6
    endloop
  endfacet
  facet normal 0 0 1
    outer loop
      vertex 36.8264 22.3733 1.6
      vertex 34.3298 24.6521 1.6
      vertex 36.5866 18.4415 1.6
    endloop
  endfacet
  facet normal 0 0 1
    outer loop
      vertex 31.7138 28.5508 1.6
      vertex 35.5931 28.7911 1.6
      vertex 34.1572 30.0817 1.6
    endloop
  endfacet
  facet normal -0 0 1
    outer loop
      vertex 31.7138 30.7439 1.6
      vertex 34.1572 30.0817 1.6
      vertex 33.2957 32.2326 1.6
    endloop
  endfacet
  facet normal 0 0 1
    outer loop
      vertex 31.7138 28.5508 1.6
      vertex 34.1572 30.0817 1.6
      vertex 31.7138 30.7439 1.6
    endloop
  endfacet
  facet normal 0 0 1
    outer loop
      vertex 31.7138 30.7439 1.6
      vertex 33.2957 32.2326 1.6
      vertex 33.0085 35.2439 1.6
    endloop
  endfacet
  facet normal -0 0 1
    outer loop
      vertex 41.207 13.4943 1.6
      vertex 43.1072 13.0113 1.6
      vertex 41.5733 15.1392 1.6
    endloop
  endfacet
  facet normal 0 0 1
    outer loop
      vertex 42.8061 15.1392 1.6
      vertex 41.477 18.4415 1.6
      vertex 41.5733 15.1392 1.6
    endloop
  endfacet
  facet normal 0 0 1
    outer loop
      vertex 43.6692 18.4415 1.6
      vertex 41.477 18.4415 1.6
      vertex 42.8061 15.1392 1.6
    endloop
  endfacet
  facet normal 0 0 1
    outer loop
      vertex 50.3145 12.7184 1.6
      vertex 49.1712 11.9453 1.6
      vertex 50.2494 11.8517 1.6
    endloop
  endfacet
  facet normal 0 0 1
    outer loop
      vertex 49.1712 11.9453 1.6
      vertex 48.7607 11.4788 1.6
      vertex 49.0157 11.6537 1.6
    endloop
  endfacet
  facet normal 0 0 1
    outer loop
      vertex 49.1712 11.9453 1.6
      vertex 48.4063 11.4205 1.6
      vertex 48.7607 11.4788 1.6
    endloop
  endfacet
  facet normal 0 0 1
    outer loop
      vertex 47.5966 12.0013 1.6
      vertex 48.4063 11.4205 1.6
      vertex 49.1712 11.9453 1.6
    endloop
  endfacet
  facet normal -0 0 1
    outer loop
      vertex 47.4908 12.7184 1.6
      vertex 49.1712 11.9453 1.6
      vertex 50.3145 12.7184 1.6
    endloop
  endfacet
  facet normal -0 -0 1
    outer loop
      vertex 47.5172 12.3248 1.6
      vertex 49.1712 11.9453 1.6
      vertex 47.4908 12.7184 1.6
    endloop
  endfacet
  facet normal -0 -0 1
    outer loop
      vertex 47.7288 11.7479 1.6
      vertex 48.4063 11.4205 1.6
      vertex 47.5966 12.0013 1.6
    endloop
  endfacet
  facet normal 0 0 1
    outer loop
      vertex 48.4063 11.4205 1.6
      vertex 47.7288 11.7479 1.6
      vertex 48.1357 11.4569 1.6
    endloop
  endfacet
  facet normal 0 0 1
    outer loop
      vertex 48.1357 11.4569 1.6
      vertex 47.7288 11.7479 1.6
      vertex 47.9099 11.566 1.6
    endloop
  endfacet
  facet normal -0 -0 1
    outer loop
      vertex 47.5966 12.0013 1.6
      vertex 49.1712 11.9453 1.6
      vertex 47.5172 12.3248 1.6
    endloop
  endfacet
  facet normal 0 0 1
    outer loop
      vertex 52.5381 21.3154 1.6
      vertex 53.5651 21.5755 1.6
      vertex 53.547 21.8603 1.6
    endloop
  endfacet
  facet normal 0 0 1
    outer loop
      vertex 52.5381 21.3154 1.6
      vertex 53.547 21.8603 1.6
      vertex 53.4926 22.0917 1.6
    endloop
  endfacet
  facet normal 0 0 1
    outer loop
      vertex 53.0925 22.4715 1.6
      vertex 53.4926 22.0917 1.6
      vertex 53.402 22.2697 1.6
    endloop
  endfacet
  facet normal 0 0 1
    outer loop
      vertex 53.0925 22.4715 1.6
      vertex 53.402 22.2697 1.6
      vertex 53.2703 22.3958 1.6
    endloop
  endfacet
  facet normal 0 0 1
    outer loop
      vertex 52.8687 22.4967 1.6
      vertex 53.4926 22.0917 1.6
      vertex 53.0925 22.4715 1.6
    endloop
  endfacet
  facet normal 0 0 1
    outer loop
      vertex 53.4926 22.0917 1.6
      vertex 52.8687 22.4967 1.6
      vertex 52.5381 21.3154 1.6
    endloop
  endfacet
  facet normal 0 0 1
    outer loop
      vertex 52.5381 21.3154 1.6
      vertex 52.8687 22.4967 1.6
      vertex 52.6598 22.4794 1.6
    endloop
  endfacet
  facet normal 0 0 1
    outer loop
      vertex 53.5651 21.5755 1.6
      vertex 52.5381 21.3154 1.6
      vertex 53.5651 21.3331 1.6
    endloop
  endfacet
  facet normal 0 0 1
    outer loop
      vertex 52.2702 22.2131 1.6
      vertex 52.6598 22.4794 1.6
      vertex 52.4915 22.4272 1.6
    endloop
  endfacet
  facet normal 0 0 1
    outer loop
      vertex 52.2702 22.2131 1.6
      vertex 52.4915 22.4272 1.6
      vertex 52.364 22.3402 1.6
    endloop
  endfacet
  facet normal 0 0 1
    outer loop
      vertex 52.6598 22.4794 1.6
      vertex 52.2702 22.2131 1.6
      vertex 52.2033 22.0405 1.6
    endloop
  endfacet
  facet normal 0 0 1
    outer loop
      vertex 52.6598 22.4794 1.6
      vertex 52.2033 22.0405 1.6
      vertex 52.5381 21.3154 1.6
    endloop
  endfacet
  facet normal -0 0 1
    outer loop
      vertex 52.1634 21.8223 1.6
      vertex 52.5381 21.3154 1.6
      vertex 52.2033 22.0405 1.6
    endloop
  endfacet
  facet normal 0 0 1
    outer loop
      vertex 52.1634 21.8223 1.6
      vertex 51.9751 21.2674 1.6
      vertex 52.5381 21.3154 1.6
    endloop
  endfacet
  facet normal 0 0 1
    outer loop
      vertex 52.1634 21.8223 1.6
      vertex 51.5086 21.1352 1.6
      vertex 51.9751 21.2674 1.6
    endloop
  endfacet
  facet normal 0 0 1
    outer loop
      vertex 50.8719 21.8841 1.6
      vertex 51.5086 21.1352 1.6
      vertex 52.1634 21.8223 1.6
    endloop
  endfacet
  facet normal 0 0 1
    outer loop
      vertex 51.5086 21.1352 1.6
      vertex 50.8719 21.8841 1.6
      vertex 51.1386 20.9187 1.6
    endloop
  endfacet
  facet normal -0 0 1
    outer loop
      vertex 50.2091 21.7077 1.6
      vertex 51.1386 20.9187 1.6
      vertex 50.8719 21.8841 1.6
    endloop
  endfacet
  facet normal 0 0 1
    outer loop
      vertex 49.6846 18.9193 1.6
      vertex 50.8283 19.0156 1.6
      vertex 49.894 19.1556 1.6
    endloop
  endfacet
  facet normal 0 0 1
    outer loop
      vertex 51.0402 15.1392 1.6
      vertex 50.0921 14.108 1.6
      vertex 50.2589 13.4943 1.6
    endloop
  endfacet
  facet normal 0 0 1
    outer loop
      vertex 50.8283 19.0156 1.6
      vertex 49.6846 18.9193 1.6
      vertex 51.0438 18.7303 1.6
    endloop
  endfacet
  facet normal 0 0 1
    outer loop
      vertex 49.4355 18.7217 1.6
      vertex 51.0438 18.7303 1.6
      vertex 49.6846 18.9193 1.6
    endloop
  endfacet
  facet normal 0 0 1
    outer loop
      vertex 51.0402 15.1392 1.6
      vertex 49.8141 14.592 1.6
      vertex 50.0921 14.108 1.6
    endloop
  endfacet
  facet normal 0 0 1
    outer loop
      vertex 51.0438 18.7303 1.6
      vertex 49.4355 18.7217 1.6
      vertex 51.0402 15.1392 1.6
    endloop
  endfacet
  facet normal -0 0 1
    outer loop
      vertex 49.1468 18.5628 1.6
      vertex 51.0402 15.1392 1.6
      vertex 49.4355 18.7217 1.6
    endloop
  endfacet
  facet normal 0 0 1
    outer loop
      vertex 51.0402 15.1392 1.6
      vertex 49.4307 14.9412 1.6
      vertex 49.8141 14.592 1.6
    endloop
  endfacet
  facet normal 0 0 1
    outer loop
      vertex 51.0402 15.1392 1.6
      vertex 49.1468 18.5628 1.6
      vertex 49.4307 14.9412 1.6
    endloop
  endfacet
  facet normal 0 0 1
    outer loop
      vertex 49.1468 18.5628 1.6
      vertex 48.9478 15.1508 1.6
      vertex 49.4307 14.9412 1.6
    endloop
  endfacet
  facet normal -0 0 1
    outer loop
      vertex 48.8255 18.4464 1.6
      vertex 48.9478 15.1508 1.6
      vertex 49.1468 18.5628 1.6
    endloop
  endfacet
  facet normal -0 0 1
    outer loop
      vertex 48.4788 18.3767 1.6
      vertex 48.9478 15.1508 1.6
      vertex 48.8255 18.4464 1.6
    endloop
  endfacet
  facet normal 0 0 1
    outer loop
      vertex 48.4788 18.3767 1.6
      vertex 48.3655 15.2206 1.6
      vertex 48.9478 15.1508 1.6
    endloop
  endfacet
  facet normal -0 0 1
    outer loop
      vertex 48.1066 18.3534 1.6
      vertex 48.3655 15.2206 1.6
      vertex 48.4788 18.3767 1.6
    endloop
  endfacet
  facet normal 0 0 1
    outer loop
      vertex 48.1066 18.3534 1.6
      vertex 47.7539 15.1555 1.6
      vertex 48.3655 15.2206 1.6
    endloop
  endfacet
  facet normal 0 0 1
    outer loop
      vertex 47.4386 18.4251 1.6
      vertex 47.7539 15.1555 1.6
      vertex 48.1066 18.3534 1.6
    endloop
  endfacet
  facet normal 0 0 1
    outer loop
      vertex 47.4386 18.4251 1.6
      vertex 47.2426 14.9602 1.6
      vertex 47.7539 15.1555 1.6
    endloop
  endfacet
  facet normal 0 0 1
    outer loop
      vertex 45.9228 15.1392 1.6
      vertex 47.4386 18.4251 1.6
      vertex 46.8803 18.6404 1.6
    endloop
  endfacet
  facet normal 0 0 1
    outer loop
      vertex 47.4386 18.4251 1.6
      vertex 45.9228 15.1392 1.6
      vertex 47.2426 14.9602 1.6
    endloop
  endfacet
  facet normal 0 0 1
    outer loop
      vertex 45.9228 15.1392 1.6
      vertex 46.8803 18.6404 1.6
      vertex 46.4316 18.9991 1.6
    endloop
  endfacet
  facet normal 0 0 1
    outer loop
      vertex 47.2426 14.9602 1.6
      vertex 45.9228 15.1392 1.6
      vertex 46.8316 14.6347 1.6
    endloop
  endfacet
  facet normal 0 0 1
    outer loop
      vertex 44.9079 18.4415 1.6
      vertex 46.4316 18.9991 1.6
      vertex 46.1035 19.4862 1.6
    endloop
  endfacet
  facet normal 0 0 1
    outer loop
      vertex 46.8316 14.6347 1.6
      vertex 45.9228 15.1392 1.6
      vertex 46.531 14.1881 1.6
    endloop
  endfacet
  facet normal 0 0 1
    outer loop
      vertex 46.531 14.1881 1.6
      vertex 45.9228 15.1392 1.6
      vertex 46.3506 13.6293 1.6
    endloop
  endfacet
  facet normal 0 0 1
    outer loop
      vertex 50.2091 21.7077 1.6
      vertex 49.0014 20.0857 1.6
      vertex 50.2444 20.0284 1.6
    endloop
  endfacet
  facet normal -0 0 1
    outer loop
      vertex 48.9617 21.646 1.6
      vertex 49.0014 20.0857 1.6
      vertex 50.2091 21.7077 1.6
    endloop
  endfacet
  facet normal -0 0 1
    outer loop
      vertex 47.1413 20.8482 1.6
      vertex 49.0014 20.0857 1.6
      vertex 48.9617 21.646 1.6
    endloop
  endfacet
  facet normal -0 0 1
    outer loop
      vertex 47.2476 21.7371 1.6
      vertex 48.9617 21.646 1.6
      vertex 48.9088 21.8735 1.6
    endloop
  endfacet
  facet normal 0 -0 1
    outer loop
      vertex 47.2495 19.9324 1.6
      vertex 49.0014 20.0857 1.6
      vertex 47.1413 20.8482 1.6
    endloop
  endfacet
  facet normal 0 0 1
    outer loop
      vertex 48.0978 22.4482 1.6
      vertex 48.9088 21.8735 1.6
      vertex 48.8207 22.0682 1.6
    endloop
  endfacet
  facet normal 0 0 1
    outer loop
      vertex 49.0014 20.0857 1.6
      vertex 47.2495 19.9324 1.6
      vertex 48.9431 19.816 1.6
    endloop
  endfacet
  facet normal 0 0 1
    outer loop
      vertex 48.3368 22.424 1.6
      vertex 48.8207 22.0682 1.6
      vertex 48.6973 22.23 1.6
    endloop
  endfacet
  facet normal 0 0 1
    outer loop
      vertex 48.3368 22.424 1.6
      vertex 48.6973 22.23 1.6
      vertex 48.5366 22.3513 1.6
    endloop
  endfacet
  facet normal 0 -0 1
    outer loop
      vertex 48.1154 19.1997 1.6
      vertex 48.9431 19.816 1.6
      vertex 47.2495 19.9324 1.6
    endloop
  endfacet
  facet normal 0 0 1
    outer loop
      vertex 48.9431 19.816 1.6
      vertex 48.1154 19.1997 1.6
      vertex 48.8447 19.5949 1.6
    endloop
  endfacet
  facet normal 0 0 1
    outer loop
      vertex 48.8207 22.0682 1.6
      vertex 48.3368 22.424 1.6
      vertex 48.0978 22.4482 1.6
    endloop
  endfacet
  facet normal 0 -0 1
    outer loop
      vertex 48.3377 19.2244 1.6
      vertex 48.8447 19.5949 1.6
      vertex 48.1154 19.1997 1.6
    endloop
  endfacet
  facet normal 0 0 1
    outer loop
      vertex 48.9088 21.8735 1.6
      vertex 48.0978 22.4482 1.6
      vertex 47.2476 21.7371 1.6
    endloop
  endfacet
  facet normal 0 0 1
    outer loop
      vertex 48.7061 19.4223 1.6
      vertex 48.3377 19.2244 1.6
      vertex 48.5346 19.2986 1.6
    endloop
  endfacet
  facet normal 0 0 1
    outer loop
      vertex 47.2476 21.7371 1.6
      vertex 48.0978 22.4482 1.6
      vertex 47.5664 22.2705 1.6
    endloop
  endfacet
  facet normal 0 0 1
    outer loop
      vertex 48.8447 19.5949 1.6
      vertex 48.3377 19.2244 1.6
      vertex 48.7061 19.4223 1.6
    endloop
  endfacet
  facet normal 0 0 1
    outer loop
      vertex 48.9617 21.646 1.6
      vertex 47.2476 21.7371 1.6
      vertex 47.1413 20.8482 1.6
    endloop
  endfacet
  facet normal 0 0 1
    outer loop
      vertex 48.1154 19.1997 1.6
      vertex 47.2495 19.9324 1.6
      vertex 47.5742 19.3829 1.6
    endloop
  endfacet
  facet normal 0 0 1
    outer loop
      vertex 53.9586 31.8926 1.6
      vertex 50.0058 30.535 1.6
      vertex 53.0722 30.535 1.6
    endloop
  endfacet
  facet normal 0 0 1
    outer loop
      vertex 50.2589 13.4943 1.6
      vertex 51.0728 14.1058 1.6
      vertex 51.0716 14.3339 1.6
    endloop
  endfacet
  facet normal 0 0 1
    outer loop
      vertex 54.3916 18.4141 1.6
      vertex 53.5086 15.1976 1.6
      vertex 53.6076 15.1637 1.6
    endloop
  endfacet
  facet normal 0 0 1
    outer loop
      vertex 53.7686 19.0195 1.6
      vertex 53.2874 18.7707 1.6
      vertex 53.5086 15.1976 1.6
    endloop
  endfacet
  facet normal -0 0 1
    outer loop
      vertex 52.7643 18.4577 1.6
      vertex 53.5086 15.1976 1.6
      vertex 53.2874 18.7707 1.6
    endloop
  endfacet
  facet normal 0 0 1
    outer loop
      vertex 53.5086 15.1976 1.6
      vertex 52.7643 18.4577 1.6
      vertex 53.3906 15.2179 1.6
    endloop
  endfacet
  facet normal 0 0 1
    outer loop
      vertex 53.3906 15.2179 1.6
      vertex 52.7643 18.4577 1.6
      vertex 53.2536 15.2247 1.6
    endloop
  endfacet
  facet normal 0 0 1
    outer loop
      vertex 53.2536 15.2247 1.6
      vertex 52.7643 18.4577 1.6
      vertex 53.0846 15.2145 1.6
    endloop
  endfacet
  facet normal -0 0 1
    outer loop
      vertex 52.1237 18.3534 1.6
      vertex 53.0846 15.2145 1.6
      vertex 52.7643 18.4577 1.6
    endloop
  endfacet
  facet normal 0 0 1
    outer loop
      vertex 53.0846 15.2145 1.6
      vertex 52.1237 18.3534 1.6
      vertex 52.9354 15.184 1.6
    endloop
  endfacet
  facet normal 0 -0 1
    outer loop
      vertex 52.1306 15.1392 1.6
      vertex 52.9354 15.184 1.6
      vertex 52.1237 18.3534 1.6
    endloop
  endfacet
  facet normal 0 0 1
    outer loop
      vertex 52.9354 15.184 1.6
      vertex 52.1306 15.1392 1.6
      vertex 52.806 15.1331 1.6
    endloop
  endfacet
  facet normal 0 0 1
    outer loop
      vertex 52.6922 15.0613 1.6
      vertex 52.1306 15.1392 1.6
      vertex 52.5891 14.9677 1.6
    endloop
  endfacet
  facet normal -0 -0 1
    outer loop
      vertex 52.1397 15.0572 1.6
      vertex 52.5891 14.9677 1.6
      vertex 52.1306 15.1392 1.6
    endloop
  endfacet
  facet normal 0 0 1
    outer loop
      vertex 52.5891 14.9677 1.6
      vertex 52.1397 15.0572 1.6
      vertex 52.4969 14.8524 1.6
    endloop
  endfacet
  facet normal -0 -0 1
    outer loop
      vertex 52.1506 14.9087 1.6
      vertex 52.4969 14.8524 1.6
      vertex 52.1397 15.0572 1.6
    endloop
  endfacet
  facet normal 0 -0 1
    outer loop
      vertex 52.1745 14.4733 1.6
      vertex 52.307 14.4781 1.6
      vertex 52.1632 14.6937 1.6
    endloop
  endfacet
  facet normal 0 0 1
    outer loop
      vertex 52.1998 14.1993 1.6
      vertex 52.1813 14.3086 1.6
      vertex 52.1835 14.1993 1.6
    endloop
  endfacet
  facet normal 0 0 1
    outer loop
      vertex 52.307 14.4781 1.6
      vertex 52.1813 14.3086 1.6
      vertex 52.1998 14.1993 1.6
    endloop
  endfacet
  facet normal 0 -0 1
    outer loop
      vertex 52.1813 14.3086 1.6
      vertex 52.307 14.4781 1.6
      vertex 52.1745 14.4733 1.6
    endloop
  endfacet
  facet normal 0 0 1
    outer loop
      vertex 52.406 14.6957 1.6
      vertex 52.1632 14.6937 1.6
      vertex 52.307 14.4781 1.6
    endloop
  endfacet
  facet normal 0 -0 1
    outer loop
      vertex 52.1632 14.6937 1.6
      vertex 52.406 14.6957 1.6
      vertex 52.1506 14.9087 1.6
    endloop
  endfacet
  facet normal 0 0 1
    outer loop
      vertex 52.4969 14.8524 1.6
      vertex 52.1506 14.9087 1.6
      vertex 52.406 14.6957 1.6
    endloop
  endfacet
  facet normal 0 0 1
    outer loop
      vertex 52.806 15.1331 1.6
      vertex 52.1306 15.1392 1.6
      vertex 52.6922 15.0613 1.6
    endloop
  endfacet
  facet normal 0 0 1
    outer loop
      vertex 51.6962 18.3953 1.6
      vertex 52.1306 15.1392 1.6
      vertex 52.1237 18.3534 1.6
    endloop
  endfacet
  facet normal 0 0 1
    outer loop
      vertex 51.0402 15.1392 1.6
      vertex 51.6962 18.3953 1.6
      vertex 51.3362 18.5209 1.6
    endloop
  endfacet
  facet normal 0 0 1
    outer loop
      vertex 51.0402 15.1392 1.6
      vertex 51.3362 18.5209 1.6
      vertex 51.0438 18.7303 1.6
    endloop
  endfacet
  facet normal 0 0 1
    outer loop
      vertex 51.6962 18.3953 1.6
      vertex 51.0402 15.1392 1.6
      vertex 52.1306 15.1392 1.6
    endloop
  endfacet
  facet normal 0 0 1
    outer loop
      vertex 50.699 19.3689 1.6
      vertex 49.894 19.1556 1.6
      vertex 50.8283 19.0156 1.6
    endloop
  endfacet
  facet normal 0 0 1
    outer loop
      vertex 53.0722 28.5508 1.6
      vertex 56.1093 28.8709 1.6
      vertex 55.454 29.2676 1.6
    endloop
  endfacet
  facet normal 0 0 1
    outer loop
      vertex 56.1093 28.8709 1.6
      vertex 54.7493 22.0936 1.6
      vertex 55.4693 19.1732 1.6
    endloop
  endfacet
  facet normal -0 -0 1
    outer loop
      vertex 54.8037 21.5887 1.6
      vertex 55.4693 19.1732 1.6
      vertex 54.7493 22.0936 1.6
    endloop
  endfacet
  facet normal -0 -0 1
    outer loop
      vertex 54.8137 19.6123 1.6
      vertex 55.4693 19.1732 1.6
      vertex 54.8037 19.852 1.6
    endloop
  endfacet
  facet normal 0 0 1
    outer loop
      vertex 55.4693 19.1732 1.6
      vertex 54.8137 19.6123 1.6
      vertex 55.3802 19.1585 1.6
    endloop
  endfacet
  facet normal 0 0 1
    outer loop
      vertex 55.3802 19.1585 1.6
      vertex 54.8137 19.6123 1.6
      vertex 55.2891 19.1497 1.6
    endloop
  endfacet
  facet normal 0 0 1
    outer loop
      vertex 53.0722 28.5508 1.6
      vertex 55.454 29.2676 1.6
      vertex 54.9066 29.7716 1.6
    endloop
  endfacet
  facet normal -0 -0 1
    outer loop
      vertex 54.8438 19.4279 1.6
      vertex 55.2891 19.1497 1.6
      vertex 54.8137 19.6123 1.6
    endloop
  endfacet
  facet normal 0 0 1
    outer loop
      vertex 55.2891 19.1497 1.6
      vertex 54.8438 19.4279 1.6
      vertex 55.196 19.1468 1.6
    endloop
  endfacet
  facet normal 0 0 1
    outer loop
      vertex 55.196 19.1468 1.6
      vertex 54.8438 19.4279 1.6
      vertex 55.0684 19.1637 1.6
    endloop
  endfacet
  facet normal -0 -0 1
    outer loop
      vertex 54.894 19.2988 1.6
      vertex 55.0684 19.1637 1.6
      vertex 54.8438 19.4279 1.6
    endloop
  endfacet
  facet normal -0 0 1
    outer loop
      vertex 54.8037 19.852 1.6
      vertex 55.4693 19.1732 1.6
      vertex 54.8037 21.5887 1.6
    endloop
  endfacet
  facet normal 0 0 1
    outer loop
      vertex 56.1093 28.8709 1.6
      vertex 54.5862 22.5153 1.6
      vertex 54.7493 22.0936 1.6
    endloop
  endfacet
  facet normal 0 0 1
    outer loop
      vertex 53.0722 28.5508 1.6
      vertex 54.9066 29.7716 1.6
      vertex 54.4749 30.3771 1.6
    endloop
  endfacet
  facet normal 0 0 1
    outer loop
      vertex 56.1093 28.8709 1.6
      vertex 54.3144 22.8537 1.6
      vertex 54.5862 22.5153 1.6
    endloop
  endfacet
  facet normal -0 0 1
    outer loop
      vertex 53.0722 30.535 1.6
      vertex 54.4749 30.3771 1.6
      vertex 54.1589 31.0841 1.6
    endloop
  endfacet
  facet normal 0 0 1
    outer loop
      vertex 53.0722 30.535 1.6
      vertex 54.1589 31.0841 1.6
      vertex 53.9586 31.8926 1.6
    endloop
  endfacet
  facet normal 0 0 1
    outer loop
      vertex 56.1093 28.8709 1.6
      vertex 53.0722 28.5508 1.6
      vertex 53.9422 23.101 1.6
    endloop
  endfacet
  facet normal 0 0 1
    outer loop
      vertex 52.2161 10.7369 1.6
      vertex 63.9879 5.33351 1.6
      vertex 63.9862 5.54811 1.6
    endloop
  endfacet
  facet normal -0 0 1
    outer loop
      vertex 64.7864 4.96797 1.6
      vertex 65.7158 4.70148 1.6
      vertex 65.6045 5.28128 1.6
    endloop
  endfacet
  facet normal -0 0 1
    outer loop
      vertex 66.5183 5.00224 1.6
      vertex 67.4382 4.70148 1.6
      vertex 67.327 5.28128 1.6
    endloop
  endfacet
  facet normal 0 0 1
    outer loop
      vertex 74.2352 5.25484 1.6
      vertex 74.8981 5.47455 1.6
      vertex 74.5264 5.47455 1.6
    endloop
  endfacet
  facet normal 0 0 1
    outer loop
      vertex 79.165 4.37599 1.6
      vertex 78.4027 3.8606 1.6
      vertex 79.1216 3.79823 1.6
    endloop
  endfacet
  facet normal 0 0 1
    outer loop
      vertex 78.4027 3.8606 1.6
      vertex 77.8928 3.51071 1.6
      vertex 78.2224 3.59818 1.6
    endloop
  endfacet
  facet normal -0 0 1
    outer loop
      vertex 77.4412 3.72903 1.6
      vertex 77.8928 3.51071 1.6
      vertex 78.4027 3.8606 1.6
    endloop
  endfacet
  facet normal -0 0 1
    outer loop
      vertex 77.2825 4.37599 1.6
      vertex 78.4027 3.8606 1.6
      vertex 79.165 4.37599 1.6
    endloop
  endfacet
  facet normal -0 -0 1
    outer loop
      vertex 77.3222 3.99995 1.6
      vertex 78.4027 3.8606 1.6
      vertex 77.2825 4.37599 1.6
    endloop
  endfacet
  facet normal 0 0 1
    outer loop
      vertex 77.8928 3.51071 1.6
      vertex 77.4412 3.72903 1.6
      vertex 77.6334 3.56529 1.6
    endloop
  endfacet
  facet normal 0 -0 1
    outer loop
      vertex 77.4412 3.72903 1.6
      vertex 78.4027 3.8606 1.6
      vertex 77.3222 3.99995 1.6
    endloop
  endfacet
  facet normal -0 0 1
    outer loop
      vertex 75.6521 5.47455 1.6
      vertex 76.4823 4.53603 1.6
      vertex 76.2082 5.47455 1.6
    endloop
  endfacet
  facet normal 0 0 1
    outer loop
      vertex 76.4823 4.53603 1.6
      vertex 75.6521 3.95012 1.6
      vertex 76.2407 3.57036 1.6
    endloop
  endfacet
  facet normal 0 0 1
    outer loop
      vertex 76.2407 3.57036 1.6
      vertex 75.6521 3.95012 1.6
      vertex 76.0943 3.54189 1.6
    endloop
  endfacet
  facet normal 0 0 1
    outer loop
      vertex 76.0943 3.54189 1.6
      vertex 75.6521 3.95012 1.6
      vertex 75.9857 3.53239 1.6
    endloop
  endfacet
  facet normal -0 -0 1
    outer loop
      vertex 75.6725 3.76398 1.6
      vertex 75.9857 3.53239 1.6
      vertex 75.6521 3.95012 1.6
    endloop
  endfacet
  facet normal 0 0 1
    outer loop
      vertex 75.9857 3.53239 1.6
      vertex 75.6725 3.76398 1.6
      vertex 75.8372 3.55782 1.6
    endloop
  endfacet
  facet normal 0 0 1
    outer loop
      vertex 76.4823 4.53603 1.6
      vertex 75.6521 5.47455 1.6
      vertex 75.6521 3.95012 1.6
    endloop
  endfacet
  facet normal 0 0 1
    outer loop
      vertex 75.8372 3.55782 1.6
      vertex 75.6725 3.76398 1.6
      vertex 75.7335 3.63411 1.6
    endloop
  endfacet
  facet normal 0 0 1
    outer loop
      vertex 76.2082 5.98991 1.6
      vertex 75.6521 6.67891 1.6
      vertex 75.6521 5.98991 1.6
    endloop
  endfacet
  facet normal 0 0 1
    outer loop
      vertex 74.8981 5.47455 1.6
      vertex 74.2067 4.32579 1.6
      vertex 74.2789 4.14168 1.6
    endloop
  endfacet
  facet normal 0 0 1
    outer loop
      vertex 74.2352 5.25484 1.6
      vertex 74.0942 4.47261 1.6
      vertex 74.2067 4.32579 1.6
    endloop
  endfacet
  facet normal 0 0 1
    outer loop
      vertex 74.2352 5.25484 1.6
      vertex 73.949 4.59027 1.6
      vertex 74.0942 4.47261 1.6
    endloop
  endfacet
  facet normal 0 0 1
    outer loop
      vertex 74.2352 5.25484 1.6
      vertex 73.7612 4.68622 1.6
      vertex 73.949 4.59027 1.6
    endloop
  endfacet
  facet normal -0 0 1
    outer loop
      vertex 73.5598 5.18431 1.6
      vertex 73.7612 4.68622 1.6
      vertex 74.2352 5.25484 1.6
    endloop
  endfacet
  facet normal 0 0 1
    outer loop
      vertex 73.5598 5.18431 1.6
      vertex 73.5204 4.76791 1.6
      vertex 73.7612 4.68622 1.6
    endloop
  endfacet
  facet normal 0 0 1
    outer loop
      vertex 73.234 4.84151 1.6
      vertex 73.5598 5.18431 1.6
      vertex 73.5035 5.34061 1.6
    endloop
  endfacet
  facet normal 0 0 1
    outer loop
      vertex 73.234 4.84151 1.6
      vertex 73.5035 5.34061 1.6
      vertex 73.3997 5.45148 1.6
    endloop
  endfacet
  facet normal 0 0 1
    outer loop
      vertex 73.234 4.84151 1.6
      vertex 73.3997 5.45148 1.6
      vertex 73.2349 5.51759 1.6
    endloop
  endfacet
  facet normal 0 0 1
    outer loop
      vertex 73.5598 5.18431 1.6
      vertex 73.234 4.84151 1.6
      vertex 73.5204 4.76791 1.6
    endloop
  endfacet
  facet normal 0 0 1
    outer loop
      vertex 72.9088 4.91307 1.6
      vertex 73.2349 5.51759 1.6
      vertex 72.9956 5.53963 1.6
    endloop
  endfacet
  facet normal 0 0 1
    outer loop
      vertex 73.2349 5.51759 1.6
      vertex 72.9088 4.91307 1.6
      vertex 73.234 4.84151 1.6
    endloop
  endfacet
  facet normal -0 0 1
    outer loop
      vertex 72.7582 5.52234 1.6
      vertex 72.9088 4.91307 1.6
      vertex 72.9956 5.53963 1.6
    endloop
  endfacet
  facet normal 0 0 1
    outer loop
      vertex 72.7582 5.52234 1.6
      vertex 72.6976 4.96832 1.6
      vertex 72.9088 4.91307 1.6
    endloop
  endfacet
  facet normal -0 0 1
    outer loop
      vertex 72.5887 5.47047 1.6
      vertex 72.6976 4.96832 1.6
      vertex 72.7582 5.52234 1.6
    endloop
  endfacet
  facet normal 0 0 1
    outer loop
      vertex 72.5887 5.47047 1.6
      vertex 72.5575 5.03647 1.6
      vertex 72.6976 4.96832 1.6
    endloop
  endfacet
  facet normal 0 0 1
    outer loop
      vertex 72.4531 5.23856 1.6
      vertex 72.5887 5.47047 1.6
      vertex 72.487 5.37791 1.6
    endloop
  endfacet
  facet normal 0 0 1
    outer loop
      vertex 72.5887 5.47047 1.6
      vertex 72.4531 5.23856 1.6
      vertex 72.5575 5.03647 1.6
    endloop
  endfacet
  facet normal 0 0 1
    outer loop
      vertex 72.5575 5.03647 1.6
      vertex 72.4531 5.23856 1.6
      vertex 72.4792 5.1243 1.6
    endloop
  endfacet
  facet normal 0 0 1
    outer loop
      vertex 73.4852 4.0654 1.6
      vertex 73.6032 3.84163 1.6
      vertex 73.5737 3.96809 1.6
    endloop
  endfacet
  facet normal 0 0 1
    outer loop
      vertex 73.4567 3.58664 1.6
      vertex 73.6032 3.84163 1.6
      vertex 73.4852 4.0654 1.6
    endloop
  endfacet
  facet normal 0 0 1
    outer loop
      vertex 73.6032 3.84163 1.6
      vertex 73.4567 3.58664 1.6
      vertex 73.5666 3.69109 1.6
    endloop
  endfacet
  facet normal 0 0 1
    outer loop
      vertex 73.3262 4.14168 1.6
      vertex 73.4567 3.58664 1.6
      vertex 73.4852 4.0654 1.6
    endloop
  endfacet
  facet normal 0 0 1
    outer loop
      vertex 73.3262 4.14168 1.6
      vertex 73.2668 3.52562 1.6
      vertex 73.4567 3.58664 1.6
    endloop
  endfacet
  facet normal 0 0 1
    outer loop
      vertex 73.0851 4.20511 1.6
      vertex 73.2668 3.52562 1.6
      vertex 73.3262 4.14168 1.6
    endloop
  endfacet
  facet normal 0 0 1
    outer loop
      vertex 73.0851 4.20511 1.6
      vertex 72.9902 3.50528 1.6
      vertex 73.2668 3.52562 1.6
    endloop
  endfacet
  facet normal 0 0 1
    outer loop
      vertex 73.0851 4.20511 1.6
      vertex 72.6948 3.52698 1.6
      vertex 72.9902 3.50528 1.6
    endloop
  endfacet
  facet normal 0 0 1
    outer loop
      vertex 72.5446 4.32819 1.6
      vertex 72.6948 3.52698 1.6
      vertex 73.0851 4.20511 1.6
    endloop
  endfacet
  facet normal -0 0 1
    outer loop
      vertex 72.3842 3.70938 1.6
      vertex 72.6948 3.52698 1.6
      vertex 72.5446 4.32819 1.6
    endloop
  endfacet
  facet normal 0 0 1
    outer loop
      vertex 72.6948 3.52698 1.6
      vertex 72.3842 3.70938 1.6
      vertex 72.5032 3.59207 1.6
    endloop
  endfacet
  facet normal 0 0 1
    outer loop
      vertex 72.5446 4.32819 1.6
      vertex 72.3066 3.88771 1.6
      vertex 72.3842 3.70938 1.6
    endloop
  endfacet
  facet normal 0 0 1
    outer loop
      vertex 72.2144 4.44243 1.6
      vertex 72.3066 3.88771 1.6
      vertex 72.5446 4.32819 1.6
    endloop
  endfacet
  facet normal 0 0 1
    outer loop
      vertex 71.6366 3.78735 1.6
      vertex 72.2144 4.44243 1.6
      vertex 72.016 4.56857 1.6
    endloop
  endfacet
  facet normal 0 0 1
    outer loop
      vertex 71.6366 3.78735 1.6
      vertex 72.016 4.56857 1.6
      vertex 71.8712 4.72723 1.6
    endloop
  endfacet
  facet normal 0 0 1
    outer loop
      vertex 72.2144 4.44243 1.6
      vertex 71.6366 3.78735 1.6
      vertex 72.3066 3.88771 1.6
    endloop
  endfacet
  facet normal 0 0 1
    outer loop
      vertex 70.3906 4.57944 1.6
      vertex 71.8712 4.72723 1.6
      vertex 71.7827 4.9222 1.6
    endloop
  endfacet
  facet normal 0 0 1
    outer loop
      vertex 70.3906 4.57944 1.6
      vertex 71.7827 4.9222 1.6
      vertex 71.7532 5.1572 1.6
    endloop
  endfacet
  facet normal 0 0 1
    outer loop
      vertex 71.6366 3.78735 1.6
      vertex 70.3906 4.57944 1.6
      vertex 71.4728 3.05499 1.6
    endloop
  endfacet
  facet normal -0 0 1
    outer loop
      vertex 68.1387 5.4003 1.6
      vertex 69.5361 4.57127 1.6
      vertex 68.5135 5.98991 1.6
    endloop
  endfacet
  facet normal 0 0 1
    outer loop
      vertex 63.3468 34.8309 1.6
      vertex 62.8544 39.9432 1.6
      vertex 62.9892 35.5844 1.6
    endloop
  endfacet
  facet normal 0 0 1
    outer loop
      vertex 62.8544 39.9432 1.6
      vertex 62.4887 36.2311 1.6
      vertex 62.9892 35.5844 1.6
    endloop
  endfacet
  facet normal 0 0 1
    outer loop
      vertex 62.8544 39.9432 1.6
      vertex 61.869 36.7504 1.6
      vertex 62.4887 36.2311 1.6
    endloop
  endfacet
  facet normal 0 0 1
    outer loop
      vertex 62.8544 39.9432 1.6
      vertex 61.1537 37.1212 1.6
      vertex 61.869 36.7504 1.6
    endloop
  endfacet
  facet normal 0 0 1
    outer loop
      vertex 62.8544 39.9432 1.6
      vertex 60.3429 37.3437 1.6
      vertex 61.1537 37.1212 1.6
    endloop
  endfacet
  facet normal 0 0 1
    outer loop
      vertex 62.8544 39.9432 1.6
      vertex 59.4366 37.4179 1.6
      vertex 60.3429 37.3437 1.6
    endloop
  endfacet
  facet normal -0 0 1
    outer loop
      vertex 57.2341 39.9432 1.6
      vertex 59.4366 37.4179 1.6
      vertex 62.8544 39.9432 1.6
    endloop
  endfacet
  facet normal 0 0 1
    outer loop
      vertex 59.4366 37.4179 1.6
      vertex 57.2341 39.9432 1.6
      vertex 58.7406 37.3645 1.6
    endloop
  endfacet
  facet normal 0 0 1
    outer loop
      vertex 58.7406 37.3645 1.6
      vertex 57.2341 39.9432 1.6
      vertex 58.1051 37.2043 1.6
    endloop
  endfacet
  facet normal 0 0 1
    outer loop
      vertex 58.1051 37.2043 1.6
      vertex 57.2341 39.9432 1.6
      vertex 57.5301 36.9373 1.6
    endloop
  endfacet
  facet normal 0 0 1
    outer loop
      vertex 57.5301 36.9373 1.6
      vertex 57.2341 39.9432 1.6
      vertex 57.0157 36.5635 1.6
    endloop
  endfacet
  facet normal 0 0 1
    outer loop
      vertex 55.0684 19.1637 1.6
      vertex 54.894 19.2988 1.6
      vertex 54.9678 19.2144 1.6
    endloop
  endfacet
  facet normal 0 0 1
    outer loop
      vertex 56.9492 34.399 1.6
      vertex 60.8891 32.9463 1.6
      vertex 60.854 33.4468 1.6
    endloop
  endfacet
  facet normal 0 0 1
    outer loop
      vertex 58.7625 35.2628 1.6
      vertex 60.854 33.4468 1.6
      vertex 60.749 33.8945 1.6
    endloop
  endfacet
  facet normal 0 0 1
    outer loop
      vertex 60.8891 32.9463 1.6
      vertex 56.6265 32.111 1.6
      vertex 60.852 32.3833 1.6
    endloop
  endfacet
  facet normal 0 0 1
    outer loop
      vertex 59.2377 35.2233 1.6
      vertex 60.749 33.8945 1.6
      vertex 60.574 34.2893 1.6
    endloop
  endfacet
  facet normal 0 -0 1
    outer loop
      vertex 58.7055 30.478 1.6
      vertex 60.852 32.3833 1.6
      vertex 56.6265 32.111 1.6
    endloop
  endfacet
  facet normal 0 0 1
    outer loop
      vertex 59.2377 35.2233 1.6
      vertex 60.574 34.2893 1.6
      vertex 60.3289 34.6314 1.6
    endloop
  endfacet
  facet normal 0 0 1
    outer loop
      vertex 60.852 32.3833 1.6
      vertex 58.7055 30.478 1.6
      vertex 60.7407 31.8902 1.6
    endloop
  endfacet
  facet normal 0 0 1
    outer loop
      vertex 59.6572 35.1049 1.6
      vertex 60.3289 34.6314 1.6
      vertex 60.021 34.9076 1.6
    endloop
  endfacet
  facet normal 0 -0 1
    outer loop
      vertex 59.1787 30.5178 1.6
      vertex 60.7407 31.8902 1.6
      vertex 58.7055 30.478 1.6
    endloop
  endfacet
  facet normal 0 0 1
    outer loop
      vertex 60.3289 34.6314 1.6
      vertex 59.6572 35.1049 1.6
      vertex 59.2377 35.2233 1.6
    endloop
  endfacet
  facet normal 0 0 1
    outer loop
      vertex 60.5553 31.4671 1.6
      vertex 59.1787 30.5178 1.6
      vertex 60.2957 31.114 1.6
    endloop
  endfacet
  facet normal 0 0 1
    outer loop
      vertex 60.749 33.8945 1.6
      vertex 59.2377 35.2233 1.6
      vertex 58.7625 35.2628 1.6
    endloop
  endfacet
  facet normal 0 0 1
    outer loop
      vertex 60.2957 31.114 1.6
      vertex 59.1787 30.5178 1.6
      vertex 59.9739 30.8358 1.6
    endloop
  endfacet
  facet normal 0 0 1
    outer loop
      vertex 60.854 33.4468 1.6
      vertex 58.7625 35.2628 1.6
      vertex 58.2326 35.2088 1.6
    endloop
  endfacet
  facet normal 0 0 1
    outer loop
      vertex 59.9739 30.8358 1.6
      vertex 59.1787 30.5178 1.6
      vertex 59.6015 30.637 1.6
    endloop
  endfacet
  facet normal 0 0 1
    outer loop
      vertex 60.7407 31.8902 1.6
      vertex 59.1787 30.5178 1.6
      vertex 60.5553 31.4671 1.6
    endloop
  endfacet
  facet normal 0 0 1
    outer loop
      vertex 60.854 33.4468 1.6
      vertex 58.2326 35.2088 1.6
      vertex 57.326 34.7769 1.6
    endloop
  endfacet
  facet normal 0 0 1
    outer loop
      vertex 58.7055 30.478 1.6
      vertex 56.6265 32.111 1.6
      vertex 58.3192 30.5023 1.6
    endloop
  endfacet
  facet normal 0 0 1
    outer loop
      vertex 57.326 34.7769 1.6
      vertex 58.2326 35.2088 1.6
      vertex 57.7538 35.0468 1.6
    endloop
  endfacet
  facet normal -0 -0 1
    outer loop
      vertex 56.751 31.7128 1.6
      vertex 58.3192 30.5023 1.6
      vertex 56.6265 32.111 1.6
    endloop
  endfacet
  facet normal 0 0 1
    outer loop
      vertex 58.3192 30.5023 1.6
      vertex 56.751 31.7128 1.6
      vertex 57.9673 30.5753 1.6
    endloop
  endfacet
  facet normal 0 0 1
    outer loop
      vertex 60.854 33.4468 1.6
      vertex 57.326 34.7769 1.6
      vertex 56.9492 34.399 1.6
    endloop
  endfacet
  facet normal -0 -0 1
    outer loop
      vertex 56.9159 31.3728 1.6
      vertex 57.9673 30.5753 1.6
      vertex 56.751 31.7128 1.6
    endloop
  endfacet
  facet normal 0 0 1
    outer loop
      vertex 60.8891 32.9463 1.6
      vertex 56.9492 34.399 1.6
      vertex 56.6265 32.111 1.6
    endloop
  endfacet
  facet normal 0 0 1
    outer loop
      vertex 57.9673 30.5753 1.6
      vertex 56.9159 31.3728 1.6
      vertex 57.6499 30.6969 1.6
    endloop
  endfacet
  facet normal 0 0 1
    outer loop
      vertex 57.6499 30.6969 1.6
      vertex 56.9159 31.3728 1.6
      vertex 57.3668 30.8672 1.6
    endloop
  endfacet
  facet normal 0 0 1
    outer loop
      vertex 57.3668 30.8672 1.6
      vertex 56.9159 31.3728 1.6
      vertex 57.1212 31.0909 1.6
    endloop
  endfacet
  facet normal -0 0 1
    outer loop
      vertex 54.348 34.399 1.6
      vertex 56.6265 32.111 1.6
      vertex 56.9492 34.399 1.6
    endloop
  endfacet
  facet normal 0 0 1
    outer loop
      vertex 56.6265 32.111 1.6
      vertex 54.348 34.399 1.6
      vertex 53.9586 31.8926 1.6
    endloop
  endfacet
  facet normal 0 0 1
    outer loop
      vertex 53.9422 23.101 1.6
      vertex 53.0722 28.5508 1.6
      vertex 53.4779 23.2494 1.6
    endloop
  endfacet
  facet normal 0 0 1
    outer loop
      vertex 53.0722 28.5508 1.6
      vertex 52.9215 23.2989 1.6
      vertex 53.4779 23.2494 1.6
    endloop
  endfacet
  facet normal 0 0 1
    outer loop
      vertex 53.0722 28.5508 1.6
      vertex 52.3669 23.259 1.6
      vertex 52.9215 23.2989 1.6
    endloop
  endfacet
  facet normal 0 0 1
    outer loop
      vertex 53.0722 28.5508 1.6
      vertex 51.896 23.1392 1.6
      vertex 52.3669 23.259 1.6
    endloop
  endfacet
  facet normal 0 0 1
    outer loop
      vertex 49.1174 23.1108 1.6
      vertex 51.896 23.1392 1.6
      vertex 53.0722 28.5508 1.6
    endloop
  endfacet
  facet normal 0 0 1
    outer loop
      vertex 51.896 23.1392 1.6
      vertex 49.1174 23.1108 1.6
      vertex 51.5088 22.9397 1.6
    endloop
  endfacet
  facet normal 0 -0 1
    outer loop
      vertex 49.5171 22.8758 1.6
      vertex 51.5088 22.9397 1.6
      vertex 49.1174 23.1108 1.6
    endloop
  endfacet
  facet normal 0 0 1
    outer loop
      vertex 51.1386 20.9187 1.6
      vertex 50.2091 21.7077 1.6
      vertex 50.8704 20.6209 1.6
    endloop
  endfacet
  facet normal 0 -0 1
    outer loop
      vertex 50.2444 20.0284 1.6
      vertex 50.8704 20.6209 1.6
      vertex 50.2091 21.7077 1.6
    endloop
  endfacet
  facet normal 0 0 1
    outer loop
      vertex 51.0728 14.1058 1.6
      vertex 50.2589 13.4943 1.6
      vertex 50.3145 12.7509 1.6
    endloop
  endfacet
  facet normal 0 0 1
    outer loop
      vertex 50.656 19.7903 1.6
      vertex 50.1761 19.7139 1.6
      vertex 50.699 19.3689 1.6
    endloop
  endfacet
  facet normal 0 0 1
    outer loop
      vertex 50.7096 20.2448 1.6
      vertex 50.2444 20.0284 1.6
      vertex 50.656 19.7903 1.6
    endloop
  endfacet
  facet normal -0 0 1
    outer loop
      vertex 50.0695 22.1686 1.6
      vertex 50.8719 21.8841 1.6
      vertex 50.9956 22.3109 1.6
    endloop
  endfacet
  facet normal 0 0 1
    outer loop
      vertex 50.8704 20.6209 1.6
      vertex 50.2444 20.0284 1.6
      vertex 50.7096 20.2448 1.6
    endloop
  endfacet
  facet normal 0 -0 1
    outer loop
      vertex 49.8388 22.5579 1.6
      vertex 51.2079 22.6627 1.6
      vertex 49.5171 22.8758 1.6
    endloop
  endfacet
  facet normal 0 0 1
    outer loop
      vertex 50.8719 21.8841 1.6
      vertex 50.0695 22.1686 1.6
      vertex 50.2091 21.7077 1.6
    endloop
  endfacet
  facet normal 0 0 1
    outer loop
      vertex 50.9956 22.3109 1.6
      vertex 49.8388 22.5579 1.6
      vertex 50.0695 22.1686 1.6
    endloop
  endfacet
  facet normal 0 0 1
    outer loop
      vertex 51.2079 22.6627 1.6
      vertex 49.8388 22.5579 1.6
      vertex 50.9956 22.3109 1.6
    endloop
  endfacet
  facet normal 0 0 1
    outer loop
      vertex 51.5088 22.9397 1.6
      vertex 49.5171 22.8758 1.6
      vertex 51.2079 22.6627 1.6
    endloop
  endfacet
  facet normal 0 0 1
    outer loop
      vertex 53.0722 28.5508 1.6
      vertex 48.6532 23.2519 1.6
      vertex 49.1174 23.1108 1.6
    endloop
  endfacet
  facet normal 0 0 1
    outer loop
      vertex 53.0722 28.5508 1.6
      vertex 48.1242 23.2989 1.6
      vertex 48.6532 23.2519 1.6
    endloop
  endfacet
  facet normal -0 0 1
    outer loop
      vertex 44.0247 28.5508 1.6
      vertex 48.1242 23.2989 1.6
      vertex 53.0722 28.5508 1.6
    endloop
  endfacet
  facet normal 0 0 1
    outer loop
      vertex 48.1242 23.2989 1.6
      vertex 44.9079 24.9827 1.6
      vertex 47.4508 23.2257 1.6
    endloop
  endfacet
  facet normal 0 0 1
    outer loop
      vertex 47.4508 23.2257 1.6
      vertex 44.9079 24.9827 1.6
      vertex 46.888 23.006 1.6
    endloop
  endfacet
  facet normal 0 0 1
    outer loop
      vertex 46.436 22.6399 1.6
      vertex 44.9079 23.2108 1.6
      vertex 46.1054 22.1426 1.6
    endloop
  endfacet
  facet normal -0 0 1
    outer loop
      vertex 44.9079 23.2108 1.6
      vertex 46.436 22.6399 1.6
      vertex 44.9079 24.0703 1.6
    endloop
  endfacet
  facet normal 0 0 1
    outer loop
      vertex 46.888 23.006 1.6
      vertex 44.9079 24.0703 1.6
      vertex 46.436 22.6399 1.6
    endloop
  endfacet
  facet normal -0 0 1
    outer loop
      vertex 44.9079 24.0703 1.6
      vertex 46.888 23.006 1.6
      vertex 44.9079 24.9827 1.6
    endloop
  endfacet
  facet normal 0 0 1
    outer loop
      vertex 48.1242 23.2989 1.6
      vertex 44.0247 28.5508 1.6
      vertex 44.9079 24.9827 1.6
    endloop
  endfacet
  facet normal 0 0 1
    outer loop
      vertex 44.9079 24.9827 1.6
      vertex 44.0247 28.5508 1.6
      vertex 43.6692 24.9827 1.6
    endloop
  endfacet
  facet normal 0 0 1
    outer loop
      vertex 79.165 4.39767 1.6
      vertex 79.6705 5.30095 1.6
      vertex 79.6688 5.52235 1.6
    endloop
  endfacet
  facet normal 0 0 1
    outer loop
      vertex 83.257 53.9751 1.6
      vertex 85.6 51.48 1.6
      vertex 85.5803 51.7933 1.6
    endloop
  endfacet
  facet normal 0 0 1
    outer loop
      vertex 85.6 51.48 1.6
      vertex 81.3604 6.0062 1.6
      vertex 85.6 2.5 1.6
    endloop
  endfacet
  facet normal 0 0 1
    outer loop
      vertex 83.257 53.9751 1.6
      vertex 85.5803 51.7933 1.6
      vertex 85.5215 52.1017 1.6
    endloop
  endfacet
  facet normal -0 0 1
    outer loop
      vertex 81.3604 5.36876 1.6
      vertex 85.6 2.5 1.6
      vertex 81.3604 6.0062 1.6
    endloop
  endfacet
  facet normal 0 0 1
    outer loop
      vertex 83.257 53.9751 1.6
      vertex 85.5215 52.1017 1.6
      vertex 85.4244 52.4003 1.6
    endloop
  endfacet
  facet normal -0 0 1
    outer loop
      vertex 80.4327 3.05499 1.6
      vertex 85.6 2.5 1.6
      vertex 81.3604 5.36876 1.6
    endloop
  endfacet
  facet normal 0 0 1
    outer loop
      vertex 83.257 53.9751 1.6
      vertex 85.4244 52.4003 1.6
      vertex 85.2908 52.6844 1.6
    endloop
  endfacet
  facet normal 0 0 1
    outer loop
      vertex 85.6 2.5 1.6
      vertex 80.4327 3.05499 1.6
      vertex 85.5803 2.18667 1.6
    endloop
  endfacet
  facet normal 0 0 1
    outer loop
      vertex 83.257 53.9751 1.6
      vertex 85.2908 52.6844 1.6
      vertex 85.1225 52.9495 1.6
    endloop
  endfacet
  facet normal 0 0 1
    outer loop
      vertex 85.5803 2.18667 1.6
      vertex 80.4327 3.05499 1.6
      vertex 85.5215 1.87827 1.6
    endloop
  endfacet
  facet normal 0 0 1
    outer loop
      vertex 83.257 53.9751 1.6
      vertex 85.1225 52.9495 1.6
      vertex 84.9224 53.1914 1.6
    endloop
  endfacet
  facet normal 0 0 1
    outer loop
      vertex 85.5215 1.87827 1.6
      vertex 80.4327 3.05499 1.6
      vertex 85.4244 1.57969 1.6
    endloop
  endfacet
  facet normal 0 0 1
    outer loop
      vertex 83.257 53.9751 1.6
      vertex 84.9224 53.1914 1.6
      vertex 84.6936 53.4063 1.6
    endloop
  endfacet
  facet normal 0 0 1
    outer loop
      vertex 85.4244 1.57969 1.6
      vertex 80.4327 3.05499 1.6
      vertex 85.2908 1.29562 1.6
    endloop
  endfacet
  facet normal 0 0 1
    outer loop
      vertex 83.257 53.9751 1.6
      vertex 84.6936 53.4063 1.6
      vertex 84.4396 53.5908 1.6
    endloop
  endfacet
  facet normal 0 0 1
    outer loop
      vertex 85.2908 1.29562 1.6
      vertex 80.4327 3.05499 1.6
      vertex 85.1225 1.03054 1.6
    endloop
  endfacet
  facet normal 0 0 1
    outer loop
      vertex 83.257 53.9751 1.6
      vertex 84.4396 53.5908 1.6
      vertex 84.1644 53.7421 1.6
    endloop
  endfacet
  facet normal 0 0 1
    outer loop
      vertex 85.1225 1.03054 1.6
      vertex 80.4327 3.05499 1.6
      vertex 84.9224 0.788631 1.6
    endloop
  endfacet
  facet normal 0 0 1
    outer loop
      vertex 83.257 53.9751 1.6
      vertex 84.1644 53.7421 1.6
      vertex 83.8725 53.8576 1.6
    endloop
  endfacet
  facet normal 0 0 1
    outer loop
      vertex 84.9224 0.788631 1.6
      vertex 80.4327 3.05499 1.6
      vertex 84.6936 0.573716 1.6
    endloop
  endfacet
  facet normal 0 0 1
    outer loop
      vertex 83.257 53.9751 1.6
      vertex 83.8725 53.8576 1.6
      vertex 83.5685 53.9357 1.6
    endloop
  endfacet
  facet normal 0 0 1
    outer loop
      vertex 84.6936 0.573716 1.6
      vertex 80.4327 3.05499 1.6
      vertex 84.4396 0.38918 1.6
    endloop
  endfacet
  facet normal 0 0 1
    outer loop
      vertex 85.6 51.48 1.6
      vertex 83.257 53.9751 1.6
      vertex 62.8544 41.9275 1.6
    endloop
  endfacet
  facet normal 0 0 1
    outer loop
      vertex 84.4396 0.38918 1.6
      vertex 80.4327 3.05499 1.6
      vertex 84.1644 0.237932 1.6
    endloop
  endfacet
  facet normal 0 0 1
    outer loop
      vertex 84.1644 0.237932 1.6
      vertex 80.4327 3.05499 1.6
      vertex 83.8725 0.122358 1.6
    endloop
  endfacet
  facet normal 0 0 1
    outer loop
      vertex 85.6 51.48 1.6
      vertex 81.2566 6.0367 1.6
      vertex 81.3604 6.0062 1.6
    endloop
  endfacet
  facet normal 0 0 1
    outer loop
      vertex 85.6 51.48 1.6
      vertex 63.55 31.9943 1.6
      vertex 81.2566 6.0367 1.6
    endloop
  endfacet
  facet normal 0 0 1
    outer loop
      vertex 81.2566 6.0367 1.6
      vertex 63.55 31.9943 1.6
      vertex 81.1244 6.04688 1.6
    endloop
  endfacet
  facet normal -0 0 1
    outer loop
      vertex 63.3017 31.0939 1.6
      vertex 81.1244 6.04688 1.6
      vertex 63.55 31.9943 1.6
    endloop
  endfacet
  facet normal -0 -0 1
    outer loop
      vertex 75.6521 6.67891 1.6
      vertex 81.1244 6.04688 1.6
      vertex 63.3017 31.0939 1.6
    endloop
  endfacet
  facet normal 0 0 1
    outer loop
      vertex 81.1244 6.04688 1.6
      vertex 75.6521 6.67891 1.6
      vertex 80.9603 6.03162 1.6
    endloop
  endfacet
  facet normal 0 0 1
    outer loop
      vertex 80.7148 5.90854 1.6
      vertex 80.3757 5.98991 1.6
      vertex 80.6199 5.79868 1.6
    endloop
  endfacet
  facet normal -0 -0 1
    outer loop
      vertex 80.3852 5.89127 1.6
      vertex 80.6199 5.79868 1.6
      vertex 80.3757 5.98991 1.6
    endloop
  endfacet
  facet normal 0 0 1
    outer loop
      vertex 80.6199 5.79868 1.6
      vertex 80.3975 5.69292 1.6
      vertex 80.527 5.62677 1.6
    endloop
  endfacet
  facet normal 0 0 1
    outer loop
      vertex 80.4219 5.36331 1.6
      vertex 80.4076 5.48642 1.6
      vertex 80.411 5.36331 1.6
    endloop
  endfacet
  facet normal 0 0 1
    outer loop
      vertex 80.527 5.62677 1.6
      vertex 80.4076 5.48642 1.6
      vertex 80.4219 5.36331 1.6
    endloop
  endfacet
  facet normal 0 -0 1
    outer loop
      vertex 80.4076 5.48642 1.6
      vertex 80.527 5.62677 1.6
      vertex 80.3975 5.69292 1.6
    endloop
  endfacet
  facet normal 0 -0 1
    outer loop
      vertex 80.3975 5.69292 1.6
      vertex 80.6199 5.79868 1.6
      vertex 80.3852 5.89127 1.6
    endloop
  endfacet
  facet normal 0 0 1
    outer loop
      vertex 80.826 5.98584 1.6
      vertex 80.3757 5.98991 1.6
      vertex 80.7148 5.90854 1.6
    endloop
  endfacet
  facet normal 0 0 1
    outer loop
      vertex 80.9603 6.03162 1.6
      vertex 80.3757 5.98991 1.6
      vertex 80.826 5.98584 1.6
    endloop
  endfacet
  facet normal 0 0 1
    outer loop
      vertex 79.6488 5.98991 1.6
      vertex 79.0816 5.10869 1.6
      vertex 79.165 4.39767 1.6
    endloop
  endfacet
  facet normal 0 0 1
    outer loop
      vertex 79.6488 5.98991 1.6
      vertex 78.8313 5.62508 1.6
      vertex 79.0816 5.10869 1.6
    endloop
  endfacet
  facet normal 0 0 1
    outer loop
      vertex 79.6488 5.98991 1.6
      vertex 78.4231 5.93938 1.6
      vertex 78.8313 5.62508 1.6
    endloop
  endfacet
  facet normal 0 -0 1
    outer loop
      vertex 79.6488 5.98991 1.6
      vertex 80.9603 6.03162 1.6
      vertex 75.6521 6.67891 1.6
    endloop
  endfacet
  facet normal 0 0 1
    outer loop
      vertex 80.9603 6.03162 1.6
      vertex 79.6488 5.98991 1.6
      vertex 80.3757 5.98991 1.6
    endloop
  endfacet
  facet normal -0 -0 1
    outer loop
      vertex 77.8657 6.04416 1.6
      vertex 79.6488 5.98991 1.6
      vertex 75.6521 6.67891 1.6
    endloop
  endfacet
  facet normal -0 -0 1
    outer loop
      vertex 76.2082 5.98991 1.6
      vertex 77.2791 5.9465 1.6
      vertex 75.6521 6.67891 1.6
    endloop
  endfacet
  facet normal 0 0 1
    outer loop
      vertex 76.2082 5.47455 1.6
      vertex 76.8431 5.65355 1.6
      vertex 76.2082 5.98991 1.6
    endloop
  endfacet
  facet normal 0 0 1
    outer loop
      vertex 76.8431 5.65355 1.6
      vertex 76.2082 5.47455 1.6
      vertex 76.5725 5.17888 1.6
    endloop
  endfacet
  facet normal 0 0 1
    outer loop
      vertex 76.5725 5.17888 1.6
      vertex 76.2082 5.47455 1.6
      vertex 76.4823 4.53603 1.6
    endloop
  endfacet
  facet normal 0 0 1
    outer loop
      vertex 77.2791 5.9465 1.6
      vertex 76.2082 5.98991 1.6
      vertex 76.8431 5.65355 1.6
    endloop
  endfacet
  facet normal 0 0 1
    outer loop
      vertex 77.8657 6.04416 1.6
      vertex 75.6521 6.67891 1.6
      vertex 77.2791 5.9465 1.6
    endloop
  endfacet
  facet normal 0 0 1
    outer loop
      vertex 79.6488 5.98991 1.6
      vertex 77.8657 6.04416 1.6
      vertex 78.4231 5.93938 1.6
    endloop
  endfacet
  facet normal -0 0 1
    outer loop
      vertex 62.8878 30.3021 1.6
      vertex 75.6521 6.67891 1.6
      vertex 63.3017 31.0939 1.6
    endloop
  endfacet
  facet normal -0 0 1
    outer loop
      vertex 74.0965 5.59456 1.6
      vertex 74.5264 5.47455 1.6
      vertex 74.5264 5.98991 1.6
    endloop
  endfacet
  facet normal 0 0 1
    outer loop
      vertex 74.8981 5.47455 1.6
      vertex 74.2789 4.14168 1.6
      vertex 74.303 3.91216 1.6
    endloop
  endfacet
  facet normal 0 0 1
    outer loop
      vertex 74.8981 5.47455 1.6
      vertex 74.2352 5.25484 1.6
      vertex 74.2067 4.32579 1.6
    endloop
  endfacet
  facet normal 0 0 1
    outer loop
      vertex 75.6521 6.67891 1.6
      vertex 62.8878 30.3021 1.6
      vertex 75.1748 6.67891 1.6
    endloop
  endfacet
  facet normal 0 0 1
    outer loop
      vertex 74.5264 5.47455 1.6
      vertex 74.0965 5.59456 1.6
      vertex 74.2352 5.25484 1.6
    endloop
  endfacet
  facet normal 0 0 1
    outer loop
      vertex 74.5264 5.98991 1.6
      vertex 73.8378 5.84343 1.6
      vertex 74.0965 5.59456 1.6
    endloop
  endfacet
  facet normal -0 0 1
    outer loop
      vertex 62.3084 29.6188 1.6
      vertex 75.1748 6.67891 1.6
      vertex 62.8878 30.3021 1.6
    endloop
  endfacet
  facet normal 0 0 1
    outer loop
      vertex 75.1748 6.67891 1.6
      vertex 74.5264 5.98991 1.6
      vertex 74.936 5.98991 1.6
    endloop
  endfacet
  facet normal 0 0 1
    outer loop
      vertex 74.5264 5.98991 1.6
      vertex 73.4679 5.99602 1.6
      vertex 73.8378 5.84343 1.6
    endloop
  endfacet
  facet normal 0 -0 1
    outer loop
      vertex 73.4679 5.99602 1.6
      vertex 75.1748 6.67891 1.6
      vertex 72.9956 6.04688 1.6
    endloop
  endfacet
  facet normal 0 0 1
    outer loop
      vertex 75.1748 6.67891 1.6
      vertex 73.4679 5.99602 1.6
      vertex 74.5264 5.98991 1.6
    endloop
  endfacet
  facet normal 0 0 1
    outer loop
      vertex 70.3906 4.57944 1.6
      vertex 71.7532 5.1572 1.6
      vertex 71.4132 5.98991 1.6
    endloop
  endfacet
  facet normal 0 0 1
    outer loop
      vertex 71.8712 4.72723 1.6
      vertex 70.3906 4.57944 1.6
      vertex 71.6366 3.78735 1.6
    endloop
  endfacet
  facet normal 0 0 1
    outer loop
      vertex 71.8343 5.53117 1.6
      vertex 71.4132 5.98991 1.6
      vertex 71.7532 5.1572 1.6
    endloop
  endfacet
  facet normal 0 0 1
    outer loop
      vertex 72.0774 5.81223 1.6
      vertex 71.4132 5.98991 1.6
      vertex 71.8343 5.53117 1.6
    endloop
  endfacet
  facet normal 0 -0 1
    outer loop
      vertex 71.4132 5.98991 1.6
      vertex 75.1748 6.67891 1.6
      vertex 62.3084 29.6188 1.6
    endloop
  endfacet
  facet normal 0 0 1
    outer loop
      vertex 75.1748 6.67891 1.6
      vertex 71.4132 5.98991 1.6
      vertex 72.9956 6.04688 1.6
    endloop
  endfacet
  facet normal 0 0 1
    outer loop
      vertex 70.5859 5.98991 1.6
      vertex 69.3354 5.98991 1.6
      vertex 69.962 5.02971 1.6
    endloop
  endfacet
  facet normal 0 0 1
    outer loop
      vertex 72.469 5.9882 1.6
      vertex 71.4132 5.98991 1.6
      vertex 72.0774 5.81223 1.6
    endloop
  endfacet
  facet normal 0 0 1
    outer loop
      vertex 69.5361 4.57127 1.6
      vertex 68.195 4.91847 1.6
      vertex 68.462 3.05499 1.6
    endloop
  endfacet
  facet normal 0 0 1
    outer loop
      vertex 69.5361 4.57127 1.6
      vertex 68.1387 5.4003 1.6
      vertex 68.195 4.91847 1.6
    endloop
  endfacet
  facet normal 0 0 1
    outer loop
      vertex 72.9956 6.04688 1.6
      vertex 71.4132 5.98991 1.6
      vertex 72.469 5.9882 1.6
    endloop
  endfacet
  facet normal 0 0 1
    outer loop
      vertex 68.5135 5.98991 1.6
      vertex 67.9698 5.75528 1.6
      vertex 68.1387 5.4003 1.6
    endloop
  endfacet
  facet normal 0 0 1
    outer loop
      vertex 71.4132 5.98991 1.6
      vertex 62.3084 29.6188 1.6
      vertex 70.5859 5.98991 1.6
    endloop
  endfacet
  facet normal 0 0 1
    outer loop
      vertex 70.5859 5.98991 1.6
      vertex 62.3084 29.6188 1.6
      vertex 69.3354 5.98991 1.6
    endloop
  endfacet
  facet normal -0 0 1
    outer loop
      vertex 61.5848 29.0685 1.6
      vertex 69.3354 5.98991 1.6
      vertex 62.3084 29.6188 1.6
    endloop
  endfacet
  facet normal 0 0 1
    outer loop
      vertex 68.5135 5.98991 1.6
      vertex 67.6938 5.97397 1.6
      vertex 67.9698 5.75528 1.6
    endloop
  endfacet
  facet normal 0 0 1
    outer loop
      vertex 68.5135 5.98991 1.6
      vertex 67.3161 6.04688 1.6
      vertex 67.6938 5.97397 1.6
    endloop
  endfacet
  facet normal 0 0 1
    outer loop
      vertex 68.5135 5.98991 1.6
      vertex 61.5848 29.0685 1.6
      vertex 67.3161 6.04688 1.6
    endloop
  endfacet
  facet normal -0 0 1
    outer loop
      vertex 55.4693 18.5032 1.6
      vertex 67.3161 6.04688 1.6
      vertex 61.5848 29.0685 1.6
    endloop
  endfacet
  facet normal 0 -0 1
    outer loop
      vertex 66.4101 5.40671 1.6
      vertex 66.5905 5.70035 1.6
      vertex 66.1341 5.88683 1.6
    endloop
  endfacet
  facet normal 0 0 1
    outer loop
      vertex 66.5905 5.70035 1.6
      vertex 66.4101 5.40671 1.6
      vertex 66.4264 5.40671 1.6
    endloop
  endfacet
  facet normal 0 -0 1
    outer loop
      vertex 65.5937 6.04688 1.6
      vertex 67.3161 6.04688 1.6
      vertex 55.4693 18.5032 1.6
    endloop
  endfacet
  facet normal 0 0 1
    outer loop
      vertex 66.7844 5.89767 1.6
      vertex 66.1341 5.88683 1.6
      vertex 66.5905 5.70035 1.6
    endloop
  endfacet
  facet normal 0 0 1
    outer loop
      vertex 67.3161 6.04688 1.6
      vertex 65.5937 6.04688 1.6
      vertex 67.0218 6.00957 1.6
    endloop
  endfacet
  facet normal 0 0 1
    outer loop
      vertex 67.0218 6.00957 1.6
      vertex 66.1341 5.88683 1.6
      vertex 66.7844 5.89767 1.6
    endloop
  endfacet
  facet normal 0 -0 1
    outer loop
      vertex 64.725 5.52574 1.6
      vertex 64.8976 5.69695 1.6
      vertex 64.7148 5.7146 1.6
    endloop
  endfacet
  facet normal 0 0 1
    outer loop
      vertex 64.7392 5.40671 1.6
      vertex 64.725 5.52574 1.6
      vertex 64.7284 5.40671 1.6
    endloop
  endfacet
  facet normal 0 0 1
    outer loop
      vertex 64.8976 5.69695 1.6
      vertex 64.725 5.52574 1.6
      vertex 64.7392 5.40671 1.6
    endloop
  endfacet
  facet normal 0 0 1
    outer loop
      vertex 64.8976 5.69695 1.6
      vertex 64.7026 5.89532 1.6
      vertex 64.7148 5.7146 1.6
    endloop
  endfacet
  facet normal 0 0 1
    outer loop
      vertex 65.0905 5.89496 1.6
      vertex 64.7026 5.89532 1.6
      vertex 64.8976 5.69695 1.6
    endloop
  endfacet
  facet normal -0 -0 1
    outer loop
      vertex 64.7026 5.89532 1.6
      vertex 65.0905 5.89496 1.6
      vertex 64.6931 5.98991 1.6
    endloop
  endfacet
  facet normal 0 0 1
    outer loop
      vertex 85.6 51.48 1.6
      vertex 63.6328 33.0033 1.6
      vertex 63.55 31.9943 1.6
    endloop
  endfacet
  facet normal 0 0 1
    outer loop
      vertex 85.6 51.48 1.6
      vertex 63.5613 33.9705 1.6
      vertex 63.6328 33.0033 1.6
    endloop
  endfacet
  facet normal 0 0 1
    outer loop
      vertex 85.6 51.48 1.6
      vertex 63.3468 34.8309 1.6
      vertex 63.5613 33.9705 1.6
    endloop
  endfacet
  facet normal 0 0 1
    outer loop
      vertex 62.8544 39.9432 1.6
      vertex 85.6 51.48 1.6
      vertex 62.8544 41.9275 1.6
    endloop
  endfacet
  facet normal 0 0 1
    outer loop
      vertex 85.6 51.48 1.6
      vertex 62.8544 39.9432 1.6
      vertex 63.3468 34.8309 1.6
    endloop
  endfacet
  facet normal 0 0 1
    outer loop
      vertex 83.257 53.9751 1.6
      vertex 54.8131 41.9275 1.6
      vertex 62.8544 41.9275 1.6
    endloop
  endfacet
  facet normal -0 0 1
    outer loop
      vertex 50.0058 41.9275 1.6
      vertex 54.348 34.399 1.6
      vertex 54.8131 41.9275 1.6
    endloop
  endfacet
  facet normal 0 0 1
    outer loop
      vertex 54.4749 30.3771 1.6
      vertex 53.0722 30.535 1.6
      vertex 53.0722 28.5508 1.6
    endloop
  endfacet
  facet normal 0 0 1
    outer loop
      vertex 56.1093 28.8709 1.6
      vertex 53.9422 23.101 1.6
      vertex 54.3144 22.8537 1.6
    endloop
  endfacet
  facet normal 0 0 1
    outer loop
      vertex 50.0058 30.535 1.6
      vertex 54.348 34.399 1.6
      vertex 50.0058 41.9275 1.6
    endloop
  endfacet
  facet normal 0 0 1
    outer loop
      vertex 50.0058 30.535 1.6
      vertex 53.9586 31.8926 1.6
      vertex 54.348 34.399 1.6
    endloop
  endfacet
  facet normal 0 0 1
    outer loop
      vertex 83.257 53.9751 1.6
      vertex 50.0058 41.9275 1.6
      vertex 54.8131 41.9275 1.6
    endloop
  endfacet
  facet normal 0 0 1
    outer loop
      vertex 83.257 53.9751 1.6
      vertex 47.4805 41.9275 1.6
      vertex 50.0058 41.9275 1.6
    endloop
  endfacet
  facet normal -0 0 1
    outer loop
      vertex 41.98 38.2581 1.6
      vertex 44.1291 37.6552 1.6
      vertex 44.1291 39.7534 1.6
    endloop
  endfacet
  facet normal 0 0 1
    outer loop
      vertex 47.3379 30.535 1.6
      vertex 42.1826 33.6519 1.6
      vertex 44.0247 30.535 1.6
    endloop
  endfacet
  facet normal 0 0 1
    outer loop
      vertex 42.1826 33.6519 1.6
      vertex 44.1291 37.6552 1.6
      vertex 42.2553 35.2439 1.6
    endloop
  endfacet
  facet normal 0 0 1
    outer loop
      vertex 42.6009 23.3033 1.6
      vertex 43.6692 24.0703 1.6
      vertex 43.6692 24.9827 1.6
    endloop
  endfacet
  facet normal 0 0 1
    outer loop
      vertex 43.6692 24.0703 1.6
      vertex 42.9844 23.2372 1.6
      vertex 43.6692 23.2108 1.6
    endloop
  endfacet
  facet normal 0 0 1
    outer loop
      vertex 42.9844 22.2014 1.6
      vertex 43.6692 23.2108 1.6
      vertex 42.9844 23.2372 1.6
    endloop
  endfacet
  facet normal -0 0 1
    outer loop
      vertex 41.9646 32.2652 1.6
      vertex 44.0247 30.535 1.6
      vertex 42.1826 33.6519 1.6
    endloop
  endfacet
  facet normal 0 0 1
    outer loop
      vertex 44.0247 28.5508 1.6
      vertex 42.2561 23.2593 1.6
      vertex 43.6692 24.9827 1.6
    endloop
  endfacet
  facet normal 0 0 1
    outer loop
      vertex 43.6692 24.0703 1.6
      vertex 42.8771 23.2739 1.6
      vertex 42.9844 23.2372 1.6
    endloop
  endfacet
  facet normal 0 0 1
    outer loop
      vertex 43.6692 24.0703 1.6
      vertex 42.7493 23.296 1.6
      vertex 42.8771 23.2739 1.6
    endloop
  endfacet
  facet normal 0 0 1
    outer loop
      vertex 43.6692 24.0703 1.6
      vertex 42.6009 23.3033 1.6
      vertex 42.7493 23.296 1.6
    endloop
  endfacet
  facet normal 0 0 1
    outer loop
      vertex 43.6692 24.9827 1.6
      vertex 42.4178 23.2923 1.6
      vertex 42.6009 23.3033 1.6
    endloop
  endfacet
  facet normal 0 0 1
    outer loop
      vertex 43.6692 24.9827 1.6
      vertex 42.2561 23.2593 1.6
      vertex 42.4178 23.2923 1.6
    endloop
  endfacet
  facet normal 0 0 1
    outer loop
      vertex 44.1291 37.6552 1.6
      vertex 42.1865 36.859 1.6
      vertex 42.2553 35.2439 1.6
    endloop
  endfacet
  facet normal 0 0 1
    outer loop
      vertex 44.1291 37.6552 1.6
      vertex 41.98 38.2581 1.6
      vertex 42.1865 36.859 1.6
    endloop
  endfacet
  facet normal 0 0 1
    outer loop
      vertex 44.1291 39.7534 1.6
      vertex 41.6359 39.4413 1.6
      vertex 41.98 38.2581 1.6
    endloop
  endfacet
  facet normal -0 0 1
    outer loop
      vertex 40.524 41.1602 1.6
      vertex 44.1291 39.7534 1.6
      vertex 47.4805 41.9275 1.6
    endloop
  endfacet
  facet normal 0 0 1
    outer loop
      vertex 44.1291 39.7534 1.6
      vertex 41.1541 40.4085 1.6
      vertex 41.6359 39.4413 1.6
    endloop
  endfacet
  facet normal -0 0 1
    outer loop
      vertex 37.6794 42.1268 1.6
      vertex 47.4805 41.9275 1.6
      vertex 83.257 53.9751 1.6
    endloop
  endfacet
  facet normal 0 0 1
    outer loop
      vertex 44.1291 39.7534 1.6
      vertex 40.524 41.1602 1.6
      vertex 41.1541 40.4085 1.6
    endloop
  endfacet
  facet normal 0 0 1
    outer loop
      vertex 47.4805 41.9275 1.6
      vertex 39.7348 41.6972 1.6
      vertex 40.524 41.1602 1.6
    endloop
  endfacet
  facet normal 0 0 1
    outer loop
      vertex 47.4805 41.9275 1.6
      vertex 38.7866 42.0194 1.6
      vertex 39.7348 41.6972 1.6
    endloop
  endfacet
  facet normal 0 0 1
    outer loop
      vertex 47.4805 41.9275 1.6
      vertex 37.6794 42.1268 1.6
      vertex 38.7866 42.0194 1.6
    endloop
  endfacet
  facet normal -0 0 1
    outer loop
      vertex 2.34302 53.9751 1.6
      vertex 37.6794 42.1268 1.6
      vertex 83.257 53.9751 1.6
    endloop
  endfacet
  facet normal 0 0 1
    outer loop
      vertex 37.6794 42.1268 1.6
      vertex 2.34302 53.9751 1.6
      vertex 36.8938 42.0817 1.6
    endloop
  endfacet
  facet normal -0 0 1
    outer loop
      vertex 31.7138 28.5508 1.6
      vertex 34.3298 24.6521 1.6
      vertex 35.5931 28.7911 1.6
    endloop
  endfacet
  facet normal -0 0 1
    outer loop
      vertex 31.4123 37.4725 1.6
      vertex 33.1342 37.425 1.6
      vertex 31.4818 37.9086 1.6
    endloop
  endfacet
  facet normal 0 0 1
    outer loop
      vertex 33.2915 38.35 1.6
      vertex 31.4818 37.9086 1.6
      vertex 33.1342 37.425 1.6
    endloop
  endfacet
  facet normal 0 0 1
    outer loop
      vertex 31.4818 37.9086 1.6
      vertex 33.2915 38.35 1.6
      vertex 31.5049 38.3673 1.6
    endloop
  endfacet
  facet normal 0 0 1
    outer loop
      vertex 31.2966 37.059 1.6
      vertex 33.1342 37.425 1.6
      vertex 31.4123 37.4725 1.6
    endloop
  endfacet
  facet normal 0 0 1
    outer loop
      vertex 31.4325 39.2098 1.6
      vertex 33.2915 38.35 1.6
      vertex 33.5116 39.1647 1.6
    endloop
  endfacet
  facet normal 0 0 1
    outer loop
      vertex 31.2154 39.9527 1.6
      vertex 33.5116 39.1647 1.6
      vertex 33.7946 39.8744 1.6
    endloop
  endfacet
  facet normal -0 0 1
    outer loop
      vertex 31.2154 39.9527 1.6
      vertex 33.7946 39.8744 1.6
      vertex 34.1406 40.4843 1.6
    endloop
  endfacet
  facet normal -0 0 1
    outer loop
      vertex 30.8534 40.5959 1.6
      vertex 34.1406 40.4843 1.6
      vertex 34.5494 40.9946 1.6
    endloop
  endfacet
  facet normal -0 0 1
    outer loop
      vertex 30.3467 41.1394 1.6
      vertex 34.5494 40.9946 1.6
      vertex 35.0211 41.4053 1.6
    endloop
  endfacet
  facet normal 0 0 1
    outer loop
      vertex 33.2915 38.35 1.6
      vertex 31.4325 39.2098 1.6
      vertex 31.5049 38.3673 1.6
    endloop
  endfacet
  facet normal 0 0 1
    outer loop
      vertex 33.5116 39.1647 1.6
      vertex 31.2154 39.9527 1.6
      vertex 31.4325 39.2098 1.6
    endloop
  endfacet
  facet normal -0 0 1
    outer loop
      vertex 29.7047 41.5714 1.6
      vertex 35.0211 41.4053 1.6
      vertex 35.5646 41.7209 1.6
    endloop
  endfacet
  facet normal 0 0 1
    outer loop
      vertex 34.1406 40.4843 1.6
      vertex 30.8534 40.5959 1.6
      vertex 31.2154 39.9527 1.6
    endloop
  endfacet
  facet normal -0 0 1
    outer loop
      vertex 28.9369 41.88 1.6
      vertex 35.5646 41.7209 1.6
      vertex 36.1888 41.9464 1.6
    endloop
  endfacet
  facet normal 0 -0 1
    outer loop
      vertex 28.0432 42.0651 1.6
      vertex 36.8938 42.0817 1.6
      vertex 2.34302 53.9751 1.6
    endloop
  endfacet
  facet normal 0 0 1
    outer loop
      vertex 34.5494 40.9946 1.6
      vertex 30.3467 41.1394 1.6
      vertex 30.8534 40.5959 1.6
    endloop
  endfacet
  facet normal 0 0 1
    outer loop
      vertex 35.0211 41.4053 1.6
      vertex 29.7047 41.5714 1.6
      vertex 30.3467 41.1394 1.6
    endloop
  endfacet
  facet normal 0 0 1
    outer loop
      vertex 35.5646 41.7209 1.6
      vertex 28.9369 41.88 1.6
      vertex 29.7047 41.5714 1.6
    endloop
  endfacet
  facet normal 0 0 1
    outer loop
      vertex 36.8938 42.0817 1.6
      vertex 28.0432 42.0651 1.6
      vertex 36.1888 41.9464 1.6
    endloop
  endfacet
  facet normal 0 0 1
    outer loop
      vertex 36.1888 41.9464 1.6
      vertex 28.0432 42.0651 1.6
      vertex 28.9369 41.88 1.6
    endloop
  endfacet
  facet normal 0 0 1
    outer loop
      vertex 28.0432 42.0651 1.6
      vertex 2.34302 53.9751 1.6
      vertex 27.0238 42.1268 1.6
    endloop
  endfacet
  facet normal 0 0 1
    outer loop
      vertex 22.4668 38.3103 1.6
      vertex 0 51.48 1.6
      vertex 22.353 30.402 1.6
    endloop
  endfacet
  facet normal 0 0 1
    outer loop
      vertex 22.6392 39.1855 1.6
      vertex 0 51.48 1.6
      vertex 22.4668 38.3103 1.6
    endloop
  endfacet
  facet normal -0 0 1
    outer loop
      vertex 0 51.48 1.6
      vertex 22.6392 39.1855 1.6
      vertex 2.34302 53.9751 1.6
    endloop
  endfacet
  facet normal 0 0 1
    outer loop
      vertex 22.9285 39.9504 1.6
      vertex 2.34302 53.9751 1.6
      vertex 22.6392 39.1855 1.6
    endloop
  endfacet
  facet normal 0 0 1
    outer loop
      vertex 23.3347 40.6049 1.6
      vertex 2.34302 53.9751 1.6
      vertex 22.9285 39.9504 1.6
    endloop
  endfacet
  facet normal 0 0 1
    outer loop
      vertex 23.8577 41.1489 1.6
      vertex 2.34302 53.9751 1.6
      vertex 23.3347 40.6049 1.6
    endloop
  endfacet
  facet normal 0 0 1
    outer loop
      vertex 24.4917 41.5767 1.6
      vertex 2.34302 53.9751 1.6
      vertex 23.8577 41.1489 1.6
    endloop
  endfacet
  facet normal 0 0 1
    outer loop
      vertex 25.2307 41.8823 1.6
      vertex 2.34302 53.9751 1.6
      vertex 24.4917 41.5767 1.6
    endloop
  endfacet
  facet normal 0 0 1
    outer loop
      vertex 26.0747 42.0657 1.6
      vertex 2.34302 53.9751 1.6
      vertex 25.2307 41.8823 1.6
    endloop
  endfacet
  facet normal 0 0 1
    outer loop
      vertex 27.0238 42.1268 1.6
      vertex 2.34302 53.9751 1.6
      vertex 26.0747 42.0657 1.6
    endloop
  endfacet
  facet normal 0 0 1
    outer loop
      vertex 83.8725 0.122358 1.6
      vertex 80.4327 3.05499 1.6
      vertex 83.5685 0.044281 1.6
    endloop
  endfacet
  facet normal 0 0 1
    outer loop
      vertex 80.4724 4.8927 1.6
      vertex 81.3604 5.36876 1.6
      vertex 81.1868 5.39926 1.6
    endloop
  endfacet
  facet normal 0 0 1
    outer loop
      vertex 80.4724 4.8927 1.6
      vertex 81.1868 5.39926 1.6
      vertex 81.0349 5.40944 1.6
    endloop
  endfacet
  facet normal 0 0 1
    outer loop
      vertex 80.5914 5.17888 1.6
      vertex 81.0349 5.40944 1.6
      vertex 80.7816 5.35179 1.6
    endloop
  endfacet
  facet normal 0 0 1
    outer loop
      vertex 81.0349 5.40944 1.6
      vertex 80.5914 5.17888 1.6
      vertex 80.4724 4.8927 1.6
    endloop
  endfacet
  facet normal 0 0 1
    outer loop
      vertex 81.3604 5.36876 1.6
      vertex 80.4724 4.8927 1.6
      vertex 80.4327 4.49532 1.6
    endloop
  endfacet
  facet normal 0 0 1
    outer loop
      vertex 81.3604 5.36876 1.6
      vertex 80.4327 4.49532 1.6
      vertex 80.4327 3.05499 1.6
    endloop
  endfacet
  facet normal 0 0 1
    outer loop
      vertex 83.5685 0.044281 1.6
      vertex 80.4327 3.05499 1.6
      vertex 83.257 0.0049324 1.6
    endloop
  endfacet
  facet normal -0 0 1
    outer loop
      vertex 79.6705 3.05499 1.6
      vertex 83.257 0.0049324 1.6
      vertex 80.4327 3.05499 1.6
    endloop
  endfacet
  facet normal 0 0 1
    outer loop
      vertex 79.165 4.39767 1.6
      vertex 79.6688 5.52235 1.6
      vertex 79.6637 5.70375 1.6
    endloop
  endfacet
  facet normal 0 0 1
    outer loop
      vertex 79.165 4.39767 1.6
      vertex 79.6637 5.70375 1.6
      vertex 79.6566 5.85599 1.6
    endloop
  endfacet
  facet normal 0 0 1
    outer loop
      vertex 79.165 4.39767 1.6
      vertex 79.6566 5.85599 1.6
      vertex 79.6488 5.98991 1.6
    endloop
  endfacet
  facet normal 0 0 1
    outer loop
      vertex 79.6705 5.30095 1.6
      vertex 79.165 4.39767 1.6
      vertex 79.165 4.37599 1.6
    endloop
  endfacet
  facet normal 0 0 1
    outer loop
      vertex 79.6705 5.30095 1.6
      vertex 79.165 4.37599 1.6
      vertex 79.6705 3.05499 1.6
    endloop
  endfacet
  facet normal -0 0 1
    outer loop
      vertex 79.1216 3.79823 1.6
      vertex 79.6705 3.05499 1.6
      vertex 79.165 4.37599 1.6
    endloop
  endfacet
  facet normal -0 0 1
    outer loop
      vertex 78.6489 3.20012 1.6
      vertex 79.6705 3.05499 1.6
      vertex 79.1216 3.79823 1.6
    endloop
  endfacet
  facet normal 0 0 1
    outer loop
      vertex 77.8548 3.00075 1.6
      vertex 79.6705 3.05499 1.6
      vertex 78.6489 3.20012 1.6
    endloop
  endfacet
  facet normal 0 0 1
    outer loop
      vertex 79.6705 3.05499 1.6
      vertex 77.8548 3.00075 1.6
      vertex 83.257 0.0049324 1.6
    endloop
  endfacet
  facet normal -0 0 1
    outer loop
      vertex 75.939 3.02921 1.6
      vertex 77.8548 3.00075 1.6
      vertex 77.2696 3.09874 1.6
    endloop
  endfacet
  facet normal 0 0 1
    outer loop
      vertex 76.2407 3.57036 1.6
      vertex 76.5711 3.87453 1.6
      vertex 76.4823 4.53603 1.6
    endloop
  endfacet
  facet normal -0 0 1
    outer loop
      vertex 76.2407 3.57036 1.6
      vertex 76.8376 3.39272 1.6
      vertex 76.5711 3.87453 1.6
    endloop
  endfacet
  facet normal 0 0 1
    outer loop
      vertex 76.2407 3.09839 1.6
      vertex 76.8376 3.39272 1.6
      vertex 76.2407 3.57036 1.6
    endloop
  endfacet
  facet normal 0 0 1
    outer loop
      vertex 76.8376 3.39272 1.6
      vertex 76.2407 3.09839 1.6
      vertex 77.2696 3.09874 1.6
    endloop
  endfacet
  facet normal 0 0 1
    outer loop
      vertex 75.939 3.02921 1.6
      vertex 77.2696 3.09874 1.6
      vertex 76.2407 3.09839 1.6
    endloop
  endfacet
  facet normal 0 0 1
    outer loop
      vertex 77.8548 3.00075 1.6
      vertex 75.939 3.02921 1.6
      vertex 83.257 0.0049324 1.6
    endloop
  endfacet
  facet normal -0 0 1
    outer loop
      vertex 75.5979 3.00615 1.6
      vertex 83.257 0.0049324 1.6
      vertex 75.939 3.02921 1.6
    endloop
  endfacet
  facet normal 0 0 1
    outer loop
      vertex 73.5391 3.06145 1.6
      vertex 75.5979 3.00615 1.6
      vertex 75.3002 3.05193 1.6
    endloop
  endfacet
  facet normal 0 0 1
    outer loop
      vertex 74.8981 5.47455 1.6
      vertex 74.303 3.91216 1.6
      vertex 74.8981 3.74396 1.6
    endloop
  endfacet
  facet normal 0 0 1
    outer loop
      vertex 74.2159 3.53206 1.6
      vertex 74.8981 3.74396 1.6
      vertex 74.303 3.91216 1.6
    endloop
  endfacet
  facet normal 0 0 1
    outer loop
      vertex 74.8981 3.74396 1.6
      vertex 74.2159 3.53206 1.6
      vertex 74.9435 3.41948 1.6
    endloop
  endfacet
  facet normal 0 0 1
    outer loop
      vertex 74.9435 3.41948 1.6
      vertex 74.2159 3.53206 1.6
      vertex 75.0798 3.18924 1.6
    endloop
  endfacet
  facet normal -0 0 1
    outer loop
      vertex 73.9544 3.24352 1.6
      vertex 75.0798 3.18924 1.6
      vertex 74.2159 3.53206 1.6
    endloop
  endfacet
  facet normal 0 0 1
    outer loop
      vertex 75.0798 3.18924 1.6
      vertex 73.9544 3.24352 1.6
      vertex 75.3002 3.05193 1.6
    endloop
  endfacet
  facet normal -0 0 1
    outer loop
      vertex 73.5391 3.06145 1.6
      vertex 75.3002 3.05193 1.6
      vertex 73.9544 3.24352 1.6
    endloop
  endfacet
  facet normal 0 0 1
    outer loop
      vertex 75.5979 3.00615 1.6
      vertex 73.5391 3.06145 1.6
      vertex 72.9902 3.00075 1.6
    endloop
  endfacet
  facet normal 0 0 1
    outer loop
      vertex 75.5979 3.00615 1.6
      vertex 72.9902 3.00075 1.6
      vertex 83.257 0.0049324 1.6
    endloop
  endfacet
  facet normal 0 0 1
    outer loop
      vertex 71.4728 3.05499 1.6
      vertex 72.9902 3.00075 1.6
      vertex 72.4561 3.04855 1.6
    endloop
  endfacet
  facet normal 0 0 1
    outer loop
      vertex 71.4728 3.05499 1.6
      vertex 71.7963 3.43642 1.6
      vertex 71.6366 3.78735 1.6
    endloop
  endfacet
  facet normal 0 0 1
    outer loop
      vertex 71.4728 3.05499 1.6
      vertex 72.0638 3.19196 1.6
      vertex 71.7963 3.43642 1.6
    endloop
  endfacet
  facet normal -0 0 1
    outer loop
      vertex 71.4728 3.05499 1.6
      vertex 72.4561 3.04855 1.6
      vertex 72.0638 3.19196 1.6
    endloop
  endfacet
  facet normal 0 0 1
    outer loop
      vertex 72.9902 3.00075 1.6
      vertex 71.4728 3.05499 1.6
      vertex 83.257 0.0049324 1.6
    endloop
  endfacet
  facet normal -0 0 1
    outer loop
      vertex 70.6455 3.05499 1.6
      vertex 83.257 0.0049324 1.6
      vertex 71.4728 3.05499 1.6
    endloop
  endfacet
  facet normal 0 0 1
    outer loop
      vertex 69.273 3.05499 1.6
      vertex 70.6455 3.05499 1.6
      vertex 69.962 4.11832 1.6
    endloop
  endfacet
  facet normal -0 0 1
    outer loop
      vertex 69.273 3.05499 1.6
      vertex 83.257 0.0049324 1.6
      vertex 70.6455 3.05499 1.6
    endloop
  endfacet
  facet normal -0 0 1
    outer loop
      vertex 68.462 3.05499 1.6
      vertex 83.257 0.0049324 1.6
      vertex 69.273 3.05499 1.6
    endloop
  endfacet
  facet normal 0 0 1
    outer loop
      vertex 68.195 3.05499 1.6
      vertex 68.462 3.05499 1.6
      vertex 68.195 4.91847 1.6
    endloop
  endfacet
  facet normal -0 0 1
    outer loop
      vertex 68.195 3.05499 1.6
      vertex 83.257 0.0049324 1.6
      vertex 68.462 3.05499 1.6
    endloop
  endfacet
  facet normal -0 0 1
    outer loop
      vertex 67.4382 3.05499 1.6
      vertex 83.257 0.0049324 1.6
      vertex 68.195 3.05499 1.6
    endloop
  endfacet
  facet normal -0 0 1
    outer loop
      vertex 66.7909 5.42064 1.6
      vertex 67.327 5.28128 1.6
      vertex 66.9933 5.47455 1.6
    endloop
  endfacet
  facet normal 0 0 1
    outer loop
      vertex 67.327 5.28128 1.6
      vertex 66.7909 5.42064 1.6
      vertex 66.6285 5.25891 1.6
    endloop
  endfacet
  facet normal 0 0 1
    outer loop
      vertex 67.327 5.28128 1.6
      vertex 66.6285 5.25891 1.6
      vertex 66.5183 5.00224 1.6
    endloop
  endfacet
  facet normal 0 0 1
    outer loop
      vertex 67.4382 4.70148 1.6
      vertex 66.5183 5.00224 1.6
      vertex 66.4725 4.66351 1.6
    endloop
  endfacet
  facet normal 0 0 1
    outer loop
      vertex 67.4382 4.70148 1.6
      vertex 66.4725 4.66351 1.6
      vertex 67.4382 3.05499 1.6
    endloop
  endfacet
  facet normal 0 0 1
    outer loop
      vertex 66.4725 3.05499 1.6
      vertex 67.4382 3.05499 1.6
      vertex 66.4725 4.66351 1.6
    endloop
  endfacet
  facet normal -0 0 1
    outer loop
      vertex 66.4725 3.05499 1.6
      vertex 83.257 0.0049324 1.6
      vertex 67.4382 3.05499 1.6
    endloop
  endfacet
  facet normal -0 0 1
    outer loop
      vertex 65.7158 3.05499 1.6
      vertex 83.257 0.0049324 1.6
      vertex 66.4725 3.05499 1.6
    endloop
  endfacet
  facet normal -0 0 1
    outer loop
      vertex 65.0617 5.41556 1.6
      vertex 65.6045 5.28128 1.6
      vertex 65.2709 5.47455 1.6
    endloop
  endfacet
  facet normal 0 0 1
    outer loop
      vertex 65.6045 5.28128 1.6
      vertex 65.0617 5.41556 1.6
      vertex 64.8952 5.23856 1.6
    endloop
  endfacet
  facet normal 0 0 1
    outer loop
      vertex 65.6045 5.28128 1.6
      vertex 64.8952 5.23856 1.6
      vertex 64.7864 4.96797 1.6
    endloop
  endfacet
  facet normal 0 0 1
    outer loop
      vertex 65.7158 4.70148 1.6
      vertex 64.7864 4.96797 1.6
      vertex 64.7501 4.62823 1.6
    endloop
  endfacet
  facet normal 0 0 1
    outer loop
      vertex 65.7158 4.70148 1.6
      vertex 64.7501 4.62823 1.6
      vertex 65.7158 3.05499 1.6
    endloop
  endfacet
  facet normal 0 0 1
    outer loop
      vertex 64.7501 3.05499 1.6
      vertex 65.7158 3.05499 1.6
      vertex 64.7501 4.62823 1.6
    endloop
  endfacet
  facet normal -0 0 1
    outer loop
      vertex 64.7501 3.05499 1.6
      vertex 83.257 0.0049324 1.6
      vertex 65.7158 3.05499 1.6
    endloop
  endfacet
  facet normal -0 0 1
    outer loop
      vertex 63.9879 3.05499 1.6
      vertex 83.257 0.0049324 1.6
      vertex 64.7501 3.05499 1.6
    endloop
  endfacet
  facet normal 0 0 1
    outer loop
      vertex 52.2161 10.7369 1.6
      vertex 63.9862 5.54811 1.6
      vertex 63.9811 5.71999 1.6
    endloop
  endfacet
  facet normal 0 0 1
    outer loop
      vertex 52.2161 10.7369 1.6
      vertex 63.9811 5.71999 1.6
      vertex 63.974 5.86275 1.6
    endloop
  endfacet
  facet normal 0 0 1
    outer loop
      vertex 52.2161 10.7369 1.6
      vertex 63.974 5.86275 1.6
      vertex 63.9662 5.98991 1.6
    endloop
  endfacet
  facet normal 0 0 1
    outer loop
      vertex 69.3354 5.98991 1.6
      vertex 61.5848 29.0685 1.6
      vertex 68.5135 5.98991 1.6
    endloop
  endfacet
  facet normal 0 -0 1
    outer loop
      vertex 66.1341 5.88683 1.6
      vertex 67.0218 6.00957 1.6
      vertex 65.5937 6.04688 1.6
    endloop
  endfacet
  facet normal 0 -0 1
    outer loop
      vertex 64.6931 5.98991 1.6
      vertex 65.5937 6.04688 1.6
      vertex 55.4693 18.5032 1.6
    endloop
  endfacet
  facet normal 0 0 1
    outer loop
      vertex 65.5937 6.04688 1.6
      vertex 64.6931 5.98991 1.6
      vertex 65.3214 6.0089 1.6
    endloop
  endfacet
  facet normal 0 0 1
    outer loop
      vertex 65.3214 6.0089 1.6
      vertex 64.6931 5.98991 1.6
      vertex 65.0905 5.89496 1.6
    endloop
  endfacet
  facet normal 0 0 1
    outer loop
      vertex 64.6931 5.98991 1.6
      vertex 55.4693 18.5032 1.6
      vertex 63.9662 5.98991 1.6
    endloop
  endfacet
  facet normal 0 0 1
    outer loop
      vertex 55.4693 19.1732 1.6
      vertex 61.5848 29.0685 1.6
      vertex 60.7384 28.6754 1.6
    endloop
  endfacet
  facet normal 0 0 1
    outer loop
      vertex 55.4693 19.1732 1.6
      vertex 60.7384 28.6754 1.6
      vertex 59.7691 28.4395 1.6
    endloop
  endfacet
  facet normal 0 0 1
    outer loop
      vertex 55.4693 19.1732 1.6
      vertex 59.7691 28.4395 1.6
      vertex 58.6771 28.3609 1.6
    endloop
  endfacet
  facet normal 0 0 1
    outer loop
      vertex 55.4693 19.1732 1.6
      vertex 58.6771 28.3609 1.6
      vertex 57.7209 28.4176 1.6
    endloop
  endfacet
  facet normal 0 0 1
    outer loop
      vertex 55.4693 19.1732 1.6
      vertex 57.7209 28.4176 1.6
      vertex 56.865 28.5876 1.6
    endloop
  endfacet
  facet normal 0 0 1
    outer loop
      vertex 55.4693 19.1732 1.6
      vertex 56.865 28.5876 1.6
      vertex 56.1093 28.8709 1.6
    endloop
  endfacet
  facet normal 0 0 1
    outer loop
      vertex 61.5848 29.0685 1.6
      vertex 55.4693 19.1732 1.6
      vertex 55.4693 18.5032 1.6
    endloop
  endfacet
  facet normal -0 0 1
    outer loop
      vertex 53.6076 14.2075 1.6
      vertex 63.9662 5.98991 1.6
      vertex 55.4693 18.5032 1.6
    endloop
  endfacet
  facet normal 0 0 1
    outer loop
      vertex 53.6076 15.1637 1.6
      vertex 55.4693 18.5032 1.6
      vertex 55.3983 18.4861 1.6
    endloop
  endfacet
  facet normal 0 0 1
    outer loop
      vertex 53.6076 15.1637 1.6
      vertex 55.3983 18.4861 1.6
      vertex 55.3321 18.4699 1.6
    endloop
  endfacet
  facet normal 0 0 1
    outer loop
      vertex 53.6076 15.1637 1.6
      vertex 55.3321 18.4699 1.6
      vertex 55.2709 18.4547 1.6
    endloop
  endfacet
  facet normal 0 0 1
    outer loop
      vertex 53.6076 15.1637 1.6
      vertex 55.2709 18.4547 1.6
      vertex 55.2121 18.441 1.6
    endloop
  endfacet
  facet normal 0 0 1
    outer loop
      vertex 53.6076 15.1637 1.6
      vertex 55.2121 18.441 1.6
      vertex 55.1534 18.4293 1.6
    endloop
  endfacet
  facet normal 0 0 1
    outer loop
      vertex 53.6076 15.1637 1.6
      vertex 55.1534 18.4293 1.6
      vertex 55.0946 18.4195 1.6
    endloop
  endfacet
  facet normal 0 0 1
    outer loop
      vertex 53.6076 15.1637 1.6
      vertex 55.0946 18.4195 1.6
      vertex 55.0346 18.4112 1.6
    endloop
  endfacet
  facet normal 0 0 1
    outer loop
      vertex 53.6076 15.1637 1.6
      vertex 55.0346 18.4112 1.6
      vertex 54.9722 18.4038 1.6
    endloop
  endfacet
  facet normal 0 0 1
    outer loop
      vertex 53.6076 15.1637 1.6
      vertex 54.9722 18.4038 1.6
      vertex 54.9073 18.3975 1.6
    endloop
  endfacet
  facet normal 0 0 1
    outer loop
      vertex 53.6076 15.1637 1.6
      vertex 54.9073 18.3975 1.6
      vertex 54.8375 18.3926 1.6
    endloop
  endfacet
  facet normal 0 0 1
    outer loop
      vertex 53.6076 15.1637 1.6
      vertex 54.8375 18.3926 1.6
      vertex 54.7604 18.3896 1.6
    endloop
  endfacet
  facet normal 0 0 1
    outer loop
      vertex 53.6076 15.1637 1.6
      vertex 54.7604 18.3896 1.6
      vertex 54.6759 18.3886 1.6
    endloop
  endfacet
  facet normal 0 0 1
    outer loop
      vertex 53.6076 15.1637 1.6
      vertex 54.6759 18.3886 1.6
      vertex 54.3916 18.4141 1.6
    endloop
  endfacet
  facet normal 0 0 1
    outer loop
      vertex 53.5086 15.1976 1.6
      vertex 54.3916 18.4141 1.6
      vertex 54.1616 18.4905 1.6
    endloop
  endfacet
  facet normal 0 0 1
    outer loop
      vertex 53.5086 15.1976 1.6
      vertex 54.1616 18.4905 1.6
      vertex 53.986 18.6178 1.6
    endloop
  endfacet
  facet normal 0 0 1
    outer loop
      vertex 53.5086 15.1976 1.6
      vertex 53.986 18.6178 1.6
      vertex 53.8575 18.7947 1.6
    endloop
  endfacet
  facet normal -0 0 1
    outer loop
      vertex 53.6929 19.2923 1.6
      vertex 53.7686 19.0195 1.6
      vertex 53.7193 19.2923 1.6
    endloop
  endfacet
  facet normal 0 0 1
    outer loop
      vertex 53.2874 18.7707 1.6
      vertex 53.7686 19.0195 1.6
      vertex 53.6929 19.2923 1.6
    endloop
  endfacet
  facet normal 0 0 1
    outer loop
      vertex 53.5086 15.1976 1.6
      vertex 53.8575 18.7947 1.6
      vertex 53.7686 19.0195 1.6
    endloop
  endfacet
  facet normal 0 0 1
    outer loop
      vertex 55.4693 18.5032 1.6
      vertex 53.6076 15.1637 1.6
      vertex 53.6076 14.2075 1.6
    endloop
  endfacet
  facet normal -0 0 1
    outer loop
      vertex 52.2161 10.7369 1.6
      vertex 63.9662 5.98991 1.6
      vertex 53.6076 14.2075 1.6
    endloop
  endfacet
  facet normal 0 0 1
    outer loop
      vertex 52.2426 13.3133 1.6
      vertex 53.6076 14.2075 1.6
      vertex 53.4304 14.2414 1.6
    endloop
  endfacet
  facet normal 0 0 1
    outer loop
      vertex 52.3219 13.655 1.6
      vertex 53.4304 14.2414 1.6
      vertex 53.2676 14.2618 1.6
    endloop
  endfacet
  facet normal 0 0 1
    outer loop
      vertex 52.3219 13.655 1.6
      vertex 53.2676 14.2618 1.6
      vertex 53.1194 14.2685 1.6
    endloop
  endfacet
  facet normal 0 0 1
    outer loop
      vertex 52.4541 13.9227 1.6
      vertex 53.1194 14.2685 1.6
      vertex 52.8556 14.2301 1.6
    endloop
  endfacet
  facet normal 0 0 1
    outer loop
      vertex 52.4541 13.9227 1.6
      vertex 52.8556 14.2301 1.6
      vertex 52.6338 14.1148 1.6
    endloop
  endfacet
  facet normal 0 0 1
    outer loop
      vertex 53.1194 14.2685 1.6
      vertex 52.4541 13.9227 1.6
      vertex 52.3219 13.655 1.6
    endloop
  endfacet
  facet normal 0 0 1
    outer loop
      vertex 53.4304 14.2414 1.6
      vertex 52.3219 13.655 1.6
      vertex 52.2426 13.3133 1.6
    endloop
  endfacet
  facet normal 0 0 1
    outer loop
      vertex 53.6076 14.2075 1.6
      vertex 52.2426 13.3133 1.6
      vertex 52.2161 12.8974 1.6
    endloop
  endfacet
  facet normal 0 0 1
    outer loop
      vertex 53.6076 14.2075 1.6
      vertex 52.2161 12.8974 1.6
      vertex 52.2161 10.7369 1.6
    endloop
  endfacet
  facet normal 0 0 1
    outer loop
      vertex 63.9879 5.33351 1.6
      vertex 52.2161 10.7369 1.6
      vertex 63.9879 3.05499 1.6
    endloop
  endfacet
  facet normal -0 0 1
    outer loop
      vertex 51.0728 10.7369 1.6
      vertex 63.9879 3.05499 1.6
      vertex 52.2161 10.7369 1.6
    endloop
  endfacet
  facet normal 0 0 1
    outer loop
      vertex 50.2589 13.4943 1.6
      vertex 51.0716 14.3339 1.6
      vertex 51.0682 14.5353 1.6
    endloop
  endfacet
  facet normal 0 0 1
    outer loop
      vertex 50.2589 13.4943 1.6
      vertex 51.0682 14.5353 1.6
      vertex 51.0626 14.71 1.6
    endloop
  endfacet
  facet normal 0 0 1
    outer loop
      vertex 50.2589 13.4943 1.6
      vertex 51.0626 14.71 1.6
      vertex 51.0556 14.8653 1.6
    endloop
  endfacet
  facet normal 0 0 1
    outer loop
      vertex 50.2589 13.4943 1.6
      vertex 51.0556 14.8653 1.6
      vertex 51.0481 15.0084 1.6
    endloop
  endfacet
  facet normal 0 0 1
    outer loop
      vertex 50.2589 13.4943 1.6
      vertex 51.0481 15.0084 1.6
      vertex 51.0402 15.1392 1.6
    endloop
  endfacet
  facet normal -0 0 1
    outer loop
      vertex 50.0593 19.423 1.6
      vertex 50.699 19.3689 1.6
      vertex 50.1761 19.7139 1.6
    endloop
  endfacet
  facet normal 0 0 1
    outer loop
      vertex 49.894 19.1556 1.6
      vertex 50.699 19.3689 1.6
      vertex 50.0593 19.423 1.6
    endloop
  endfacet
  facet normal 0 0 1
    outer loop
      vertex 50.1761 19.7139 1.6
      vertex 50.656 19.7903 1.6
      vertex 50.2444 20.0284 1.6
    endloop
  endfacet
  facet normal 0 0 1
    outer loop
      vertex 51.0728 14.1058 1.6
      vertex 50.3145 12.7509 1.6
      vertex 50.3145 12.7184 1.6
    endloop
  endfacet
  facet normal 0 0 1
    outer loop
      vertex 51.0728 14.1058 1.6
      vertex 50.3145 12.7184 1.6
      vertex 51.0728 10.7369 1.6
    endloop
  endfacet
  facet normal -0 0 1
    outer loop
      vertex 50.2494 11.8517 1.6
      vertex 51.0728 10.7369 1.6
      vertex 50.3145 12.7184 1.6
    endloop
  endfacet
  facet normal -0 0 1
    outer loop
      vertex 49.8303 11.1872 1.6
      vertex 51.0728 10.7369 1.6
      vertex 50.2494 11.8517 1.6
    endloop
  endfacet
  facet normal -0 0 1
    outer loop
      vertex 49.1969 10.7884 1.6
      vertex 51.0728 10.7369 1.6
      vertex 49.8303 11.1872 1.6
    endloop
  endfacet
  facet normal 0 0 1
    outer loop
      vertex 48.3493 10.6555 1.6
      vertex 51.0728 10.7369 1.6
      vertex 49.1969 10.7884 1.6
    endloop
  endfacet
  facet normal 0 0 1
    outer loop
      vertex 51.0728 10.7369 1.6
      vertex 48.3493 10.6555 1.6
      vertex 63.9879 3.05499 1.6
    endloop
  endfacet
  facet normal 0 0 1
    outer loop
      vertex 46.0123 10.7369 1.6
      vertex 48.3493 10.6555 1.6
      vertex 47.7385 10.7208 1.6
    endloop
  endfacet
  facet normal -0 0 1
    outer loop
      vertex 46.0123 10.7369 1.6
      vertex 47.7385 10.7208 1.6
      vertex 47.2299 10.9168 1.6
    endloop
  endfacet
  facet normal 0 0 1
    outer loop
      vertex 44.3889 13.0235 1.6
      vertex 46.3506 13.6293 1.6
      vertex 45.9228 15.1392 1.6
    endloop
  endfacet
  facet normal 0 0 1
    outer loop
      vertex 46.0123 10.7369 1.6
      vertex 46.3497 12.267 1.6
      vertex 46.2905 12.9584 1.6
    endloop
  endfacet
  facet normal 0 0 1
    outer loop
      vertex 46.0123 10.7369 1.6
      vertex 46.5274 11.6953 1.6
      vertex 46.3497 12.267 1.6
    endloop
  endfacet
  facet normal 0 0 1
    outer loop
      vertex 46.0123 10.7369 1.6
      vertex 46.8235 11.2435 1.6
      vertex 46.5274 11.6953 1.6
    endloop
  endfacet
  facet normal 0 0 1
    outer loop
      vertex 46.0123 10.7369 1.6
      vertex 47.2299 10.9168 1.6
      vertex 46.8235 11.2435 1.6
    endloop
  endfacet
  facet normal 0 0 1
    outer loop
      vertex 48.3493 10.6555 1.6
      vertex 46.0123 10.7369 1.6
      vertex 63.9879 3.05499 1.6
    endloop
  endfacet
  facet normal -0 0 1
    outer loop
      vertex 44.7713 10.7369 1.6
      vertex 63.9879 3.05499 1.6
      vertex 46.0123 10.7369 1.6
    endloop
  endfacet
  facet normal 0 0 1
    outer loop
      vertex 42.7126 10.7369 1.6
      vertex 44.7713 10.7369 1.6
      vertex 43.746 12.3319 1.6
    endloop
  endfacet
  facet normal -0 0 1
    outer loop
      vertex 42.7126 10.7369 1.6
      vertex 63.9879 3.05499 1.6
      vertex 44.7713 10.7369 1.6
    endloop
  endfacet
  facet normal -0 0 1
    outer loop
      vertex 41.496 10.7369 1.6
      vertex 63.9879 3.05499 1.6
      vertex 42.7126 10.7369 1.6
    endloop
  endfacet
  facet normal -0 0 1
    outer loop
      vertex 40.2383 18.4415 1.6
      vertex 41.5733 15.1392 1.6
      vertex 41.477 18.4415 1.6
    endloop
  endfacet
  facet normal 0 0 1
    outer loop
      vertex 41.2626 12.7184 1.6
      vertex 43.1072 13.0113 1.6
      vertex 41.2626 12.7509 1.6
    endloop
  endfacet
  facet normal 0 0 1
    outer loop
      vertex 41.1975 11.8517 1.6
      vertex 43.1072 13.0113 1.6
      vertex 41.2626 12.7184 1.6
    endloop
  endfacet
  facet normal 0 0 1
    outer loop
      vertex 43.1072 13.0113 1.6
      vertex 41.1975 11.8517 1.6
      vertex 41.496 10.7369 1.6
    endloop
  endfacet
  facet normal -0 0 1
    outer loop
      vertex 40.7784 11.1872 1.6
      vertex 41.496 10.7369 1.6
      vertex 41.1975 11.8517 1.6
    endloop
  endfacet
  facet normal -0 0 1
    outer loop
      vertex 40.145 10.7884 1.6
      vertex 41.496 10.7369 1.6
      vertex 40.7784 11.1872 1.6
    endloop
  endfacet
  facet normal 0 0 1
    outer loop
      vertex 39.2974 10.6555 1.6
      vertex 41.496 10.7369 1.6
      vertex 40.145 10.7884 1.6
    endloop
  endfacet
  facet normal 0 0 1
    outer loop
      vertex 41.496 10.7369 1.6
      vertex 39.2974 10.6555 1.6
      vertex 63.9879 3.05499 1.6
    endloop
  endfacet
  facet normal 0 0 1
    outer loop
      vertex 36.7757 10.7369 1.6
      vertex 39.2974 10.6555 1.6
      vertex 38.6866 10.7208 1.6
    endloop
  endfacet
  facet normal 0 0 1
    outer loop
      vertex 37.2987 13.6293 1.6
      vertex 36.7757 11.6645 1.6
      vertex 37.2386 12.9584 1.6
    endloop
  endfacet
  facet normal 0 0 1
    outer loop
      vertex 36.7757 11.6645 1.6
      vertex 37.2978 12.267 1.6
      vertex 37.2386 12.9584 1.6
    endloop
  endfacet
  facet normal 0 0 1
    outer loop
      vertex 36.7757 11.6645 1.6
      vertex 37.4755 11.6953 1.6
      vertex 37.2978 12.267 1.6
    endloop
  endfacet
  facet normal 0 0 1
    outer loop
      vertex 36.7757 10.7369 1.6
      vertex 37.4755 11.6953 1.6
      vertex 36.7757 11.6645 1.6
    endloop
  endfacet
  facet normal 0 0 1
    outer loop
      vertex 37.4755 11.6953 1.6
      vertex 36.7757 10.7369 1.6
      vertex 37.7716 11.2435 1.6
    endloop
  endfacet
  facet normal 0 0 1
    outer loop
      vertex 37.7716 11.2435 1.6
      vertex 36.7757 10.7369 1.6
      vertex 38.178 10.9168 1.6
    endloop
  endfacet
  facet normal -0 0 1
    outer loop
      vertex 36.7757 10.7369 1.6
      vertex 38.6866 10.7208 1.6
      vertex 38.178 10.9168 1.6
    endloop
  endfacet
  facet normal 0 0 1
    outer loop
      vertex 39.2974 10.6555 1.6
      vertex 36.7757 10.7369 1.6
      vertex 63.9879 3.05499 1.6
    endloop
  endfacet
  facet normal 0 0 1
    outer loop
      vertex 2.34302 0.0049324 1.6
      vertex 36.7757 10.7369 1.6
      vertex 32.4995 10.7369 1.6
    endloop
  endfacet
  facet normal -0 0 1
    outer loop
      vertex 30.5302 18.4415 1.6
      vertex 32.4995 16.4697 1.6
      vertex 31.8305 18.4415 1.6
    endloop
  endfacet
  facet normal 0 0 1
    outer loop
      vertex 32.4995 16.4697 1.6
      vertex 30.5302 18.4415 1.6
      vertex 32.4995 10.7369 1.6
    endloop
  endfacet
  facet normal 0 0 1
    outer loop
      vertex 2.34302 0.0049324 1.6
      vertex 30.5302 18.4415 1.6
      vertex 22.353 28.5508 1.6
    endloop
  endfacet
  facet normal 0 0 1
    outer loop
      vertex 22.353 30.402 1.6
      vertex 0 51.48 1.6
      vertex 22.353 28.5508 1.6
    endloop
  endfacet
  facet normal 0 0 1
    outer loop
      vertex 63.9879 3.05499 1.6
      vertex 2.34302 0.0049324 1.6
      vertex 83.257 0.0049324 1.6
    endloop
  endfacet
  facet normal 0 0 1
    outer loop
      vertex 36.7757 10.7369 1.6
      vertex 2.34302 0.0049324 1.6
      vertex 63.9879 3.05499 1.6
    endloop
  endfacet
  facet normal 0 0 1
    outer loop
      vertex 0 2.5 1.6
      vertex 22.353 28.5508 1.6
      vertex 0 51.48 1.6
    endloop
  endfacet
  facet normal 0 0 1
    outer loop
      vertex 0 51.48 1.6
      vertex 2.34302 53.9751 1.6
      vertex 2.03155 53.9357 1.6
    endloop
  endfacet
  facet normal 0 -0 1
    outer loop
      vertex 2.34302 0.0049324 1.6
      vertex 22.353 28.5508 1.6
      vertex 0 2.5 1.6
    endloop
  endfacet
  facet normal 0 0 1
    outer loop
      vertex 0 51.48 1.6
      vertex 2.03155 53.9357 1.6
      vertex 1.72746 53.8576 1.6
    endloop
  endfacet
  facet normal 0 0 1
    outer loop
      vertex 30.5302 18.4415 1.6
      vertex 2.34302 0.0049324 1.6
      vertex 32.4995 10.7369 1.6
    endloop
  endfacet
  facet normal 0 0 1
    outer loop
      vertex 0 51.48 1.6
      vertex 1.72746 53.8576 1.6
      vertex 1.43555 53.7421 1.6
    endloop
  endfacet
  facet normal 0 0 1
    outer loop
      vertex 2.34302 0.0049324 1.6
      vertex 0 2.5 1.6
      vertex 2.03155 0.044281 1.6
    endloop
  endfacet
  facet normal 0 0 1
    outer loop
      vertex 0 51.48 1.6
      vertex 1.43555 53.7421 1.6
      vertex 1.16043 53.5908 1.6
    endloop
  endfacet
  facet normal 0 0 1
    outer loop
      vertex 2.03155 0.044281 1.6
      vertex 0 2.5 1.6
      vertex 1.72746 0.122358 1.6
    endloop
  endfacet
  facet normal 0 0 1
    outer loop
      vertex 0 51.48 1.6
      vertex 1.16043 53.5908 1.6
      vertex 0.90644 53.4063 1.6
    endloop
  endfacet
  facet normal 0 0 1
    outer loop
      vertex 1.72746 0.122358 1.6
      vertex 0 2.5 1.6
      vertex 1.43555 0.237932 1.6
    endloop
  endfacet
  facet normal 0 0 1
    outer loop
      vertex 0 51.48 1.6
      vertex 0.90644 53.4063 1.6
      vertex 0.677578 53.1914 1.6
    endloop
  endfacet
  facet normal 0 0 1
    outer loop
      vertex 1.43555 0.237932 1.6
      vertex 0 2.5 1.6
      vertex 1.16043 0.38918 1.6
    endloop
  endfacet
  facet normal 0 0 1
    outer loop
      vertex 0 51.48 1.6
      vertex 0.677578 53.1914 1.6
      vertex 0.477457 52.9495 1.6
    endloop
  endfacet
  facet normal 0 0 1
    outer loop
      vertex 1.16043 0.38918 1.6
      vertex 0 2.5 1.6
      vertex 0.90644 0.573716 1.6
    endloop
  endfacet
  facet normal 0 0 1
    outer loop
      vertex 0 51.48 1.6
      vertex 0.477457 52.9495 1.6
      vertex 0.309233 52.6844 1.6
    endloop
  endfacet
  facet normal 0 0 1
    outer loop
      vertex 0.90644 0.573716 1.6
      vertex 0 2.5 1.6
      vertex 0.677578 0.788631 1.6
    endloop
  endfacet
  facet normal 0 0 1
    outer loop
      vertex 0 51.48 1.6
      vertex 0.309233 52.6844 1.6
      vertex 0.175558 52.4003 1.6
    endloop
  endfacet
  facet normal 0 0 1
    outer loop
      vertex 0.677578 0.788631 1.6
      vertex 0 2.5 1.6
      vertex 0.477457 1.03054 1.6
    endloop
  endfacet
  facet normal 0 0 1
    outer loop
      vertex 0 51.48 1.6
      vertex 0.175558 52.4003 1.6
      vertex 0.0785418 52.1017 1.6
    endloop
  endfacet
  facet normal 0 0 1
    outer loop
      vertex 0.477457 1.03054 1.6
      vertex 0 2.5 1.6
      vertex 0.309233 1.29562 1.6
    endloop
  endfacet
  facet normal 0 0 1
    outer loop
      vertex 0 51.48 1.6
      vertex 0.0785418 52.1017 1.6
      vertex 0.0197124 51.7933 1.6
    endloop
  endfacet
  facet normal 0 0 1
    outer loop
      vertex 0.309233 1.29562 1.6
      vertex 0 2.5 1.6
      vertex 0.175558 1.57969 1.6
    endloop
  endfacet
  facet normal 0 0 1
    outer loop
      vertex 0.175558 1.57969 1.6
      vertex 0 2.5 1.6
      vertex 0.0785418 1.87827 1.6
    endloop
  endfacet
  facet normal 0 0 1
    outer loop
      vertex 0.0785418 1.87827 1.6
      vertex 0 2.5 1.6
      vertex 0.0197124 2.18667 1.6
    endloop
  endfacet
  facet normal 0 0 1
    outer loop
      vertex 35.6762 35.2439 1.6
      vertex 39.5781 35.2439 1.6
      vertex 39.5668 36.1179 1.6
    endloop
  endfacet
  facet normal 0 0 1
    outer loop
      vertex 35.6871 36.1176 1.6
      vertex 39.5668 36.1179 1.6
      vertex 39.533 36.8886 1.6
    endloop
  endfacet
  facet normal 0 0 1
    outer loop
      vertex 39.5781 35.2439 1.6
      vertex 35.6762 35.2439 1.6
      vertex 39.5665 34.4025 1.6
    endloop
  endfacet
  facet normal 0 0 1
    outer loop
      vertex 35.72 36.8874 1.6
      vertex 39.533 36.8886 1.6
      vertex 39.4766 37.5561 1.6
    endloop
  endfacet
  facet normal 0 -0 1
    outer loop
      vertex 35.6877 34.3778 1.6
      vertex 39.5665 34.4025 1.6
      vertex 35.6762 35.2439 1.6
    endloop
  endfacet
  facet normal 0 0 1
    outer loop
      vertex 35.7749 37.5535 1.6
      vertex 39.4766 37.5561 1.6
      vertex 39.3976 38.1204 1.6
    endloop
  endfacet
  facet normal 0 0 1
    outer loop
      vertex 39.5665 34.4025 1.6
      vertex 35.6877 34.3778 1.6
      vertex 39.5318 33.6536 1.6
    endloop
  endfacet
  facet normal 0 0 1
    outer loop
      vertex 35.8517 38.1157 1.6
      vertex 39.3976 38.1204 1.6
      vertex 39.2938 38.5969 1.6
    endloop
  endfacet
  facet normal 0 -0 1
    outer loop
      vertex 35.7224 33.6121 1.6
      vertex 39.5318 33.6536 1.6
      vertex 35.6877 34.3778 1.6
    endloop
  endfacet
  facet normal 0 0 1
    outer loop
      vertex 35.9544 38.5904 1.6
      vertex 39.2938 38.5969 1.6
      vertex 39.1627 39.001 1.6
    endloop
  endfacet
  facet normal 0 0 1
    outer loop
      vertex 39.5318 33.6536 1.6
      vertex 35.7224 33.6121 1.6
      vertex 39.4739 32.9974 1.6
    endloop
  endfacet
  facet normal 0 0 1
    outer loop
      vertex 37.6604 40.0382 1.6
      vertex 39.1627 39.001 1.6
      vertex 39.0043 39.3327 1.6
    endloop
  endfacet
  facet normal 0 -0 1
    outer loop
      vertex 35.7803 32.9466 1.6
      vertex 39.4739 32.9974 1.6
      vertex 35.7224 33.6121 1.6
    endloop
  endfacet
  facet normal 0 0 1
    outer loop
      vertex 38.0176 40.0103 1.6
      vertex 39.0043 39.3327 1.6
      vertex 38.8186 39.592 1.6
    endloop
  endfacet
  facet normal 0 0 1
    outer loop
      vertex 39.4739 32.9974 1.6
      vertex 35.7803 32.9466 1.6
      vertex 39.3929 32.4337 1.6
    endloop
  endfacet
  facet normal 0 0 1
    outer loop
      vertex 38.3297 39.9266 1.6
      vertex 38.8186 39.592 1.6
      vertex 38.5967 39.7872 1.6
    endloop
  endfacet
  facet normal 0 -0 1
    outer loop
      vertex 35.8612 32.3814 1.6
      vertex 39.3929 32.4337 1.6
      vertex 35.7803 32.9466 1.6
    endloop
  endfacet
  facet normal 0 0 1
    outer loop
      vertex 38.8186 39.592 1.6
      vertex 38.3297 39.9266 1.6
      vertex 38.0176 40.0103 1.6
    endloop
  endfacet
  facet normal 0 0 1
    outer loop
      vertex 39.3929 32.4337 1.6
      vertex 35.8612 32.3814 1.6
      vertex 39.2861 31.9516 1.6
    endloop
  endfacet
  facet normal 0 0 1
    outer loop
      vertex 39.0043 39.3327 1.6
      vertex 38.0176 40.0103 1.6
      vertex 37.6604 40.0382 1.6
    endloop
  endfacet
  facet normal 0 -0 1
    outer loop
      vertex 35.9675 31.9029 1.6
      vertex 39.2861 31.9516 1.6
      vertex 35.8612 32.3814 1.6
    endloop
  endfacet
  facet normal 0 0 1
    outer loop
      vertex 39.1627 39.001 1.6
      vertex 37.6604 40.0382 1.6
      vertex 36.0867 38.9939 1.6
    endloop
  endfacet
  facet normal 0 0 1
    outer loop
      vertex 39.2861 31.9516 1.6
      vertex 35.9675 31.9029 1.6
      vertex 39.1508 31.5401 1.6
    endloop
  endfacet
  facet normal 0 0 1
    outer loop
      vertex 36.0867 38.9939 1.6
      vertex 37.6604 40.0382 1.6
      vertex 37.2815 40.01 1.6
    endloop
  endfacet
  facet normal 0 -0 1
    outer loop
      vertex 36.101 31.4974 1.6
      vertex 39.1508 31.5401 1.6
      vertex 35.9675 31.9029 1.6
    endloop
  endfacet
  facet normal 0 0 1
    outer loop
      vertex 36.2487 39.3261 1.6
      vertex 37.2815 40.01 1.6
      vertex 36.9519 39.9254 1.6
    endloop
  endfacet
  facet normal 0 -0 1
    outer loop
      vertex 37.6224 30.459 1.6
      vertex 39.1508 31.5401 1.6
      vertex 36.101 31.4974 1.6
    endloop
  endfacet
  facet normal 0 0 1
    outer loop
      vertex 39.1508 31.5401 1.6
      vertex 37.6224 30.459 1.6
      vertex 38.9871 31.1992 1.6
    endloop
  endfacet
  facet normal 0 0 1
    outer loop
      vertex 36.2487 39.3261 1.6
      vertex 36.9519 39.9254 1.6
      vertex 36.6715 39.7845 1.6
    endloop
  endfacet
  facet normal 0 -0 1
    outer loop
      vertex 37.9805 30.4883 1.6
      vertex 38.9871 31.1992 1.6
      vertex 37.6224 30.459 1.6
    endloop
  endfacet
  facet normal 0 0 1
    outer loop
      vertex 36.2487 39.3261 1.6
      vertex 36.6715 39.7845 1.6
      vertex 36.4404 39.5872 1.6
    endloop
  endfacet
  facet normal 0 -0 1
    outer loop
      vertex 38.2953 30.5765 1.6
      vertex 38.7948 30.9289 1.6
      vertex 37.9805 30.4883 1.6
    endloop
  endfacet
  facet normal 0 0 1
    outer loop
      vertex 37.2815 40.01 1.6
      vertex 36.2487 39.3261 1.6
      vertex 36.0867 38.9939 1.6
    endloop
  endfacet
  facet normal 0 0 1
    outer loop
      vertex 38.7948 30.9289 1.6
      vertex 38.2953 30.5765 1.6
      vertex 38.5667 30.7233 1.6
    endloop
  endfacet
  facet normal 0 0 1
    outer loop
      vertex 39.1627 39.001 1.6
      vertex 36.0867 38.9939 1.6
      vertex 35.9544 38.5904 1.6
    endloop
  endfacet
  facet normal 0 0 1
    outer loop
      vertex 38.9871 31.1992 1.6
      vertex 37.9805 30.4883 1.6
      vertex 38.7948 30.9289 1.6
    endloop
  endfacet
  facet normal 0 0 1
    outer loop
      vertex 39.2938 38.5969 1.6
      vertex 35.9544 38.5904 1.6
      vertex 35.8517 38.1157 1.6
    endloop
  endfacet
  facet normal 0 0 1
    outer loop
      vertex 37.6224 30.459 1.6
      vertex 36.101 31.4974 1.6
      vertex 37.2608 30.4868 1.6
    endloop
  endfacet
  facet normal 0 0 1
    outer loop
      vertex 39.3976 38.1204 1.6
      vertex 35.8517 38.1157 1.6
      vertex 35.7749 37.5535 1.6
    endloop
  endfacet
  facet normal -0 -0 1
    outer loop
      vertex 36.2618 31.1648 1.6
      vertex 37.2608 30.4868 1.6
      vertex 36.101 31.4974 1.6
    endloop
  endfacet
  facet normal 0 0 1
    outer loop
      vertex 39.4766 37.5561 1.6
      vertex 35.7749 37.5535 1.6
      vertex 35.72 36.8874 1.6
    endloop
  endfacet
  facet normal -0 -0 1
    outer loop
      vertex 36.4499 30.9051 1.6
      vertex 36.9448 30.5705 1.6
      vertex 36.2618 31.1648 1.6
    endloop
  endfacet
  facet normal 0 0 1
    outer loop
      vertex 39.533 36.8886 1.6
      vertex 35.72 36.8874 1.6
      vertex 35.6871 36.1176 1.6
    endloop
  endfacet
  facet normal 0 0 1
    outer loop
      vertex 36.9448 30.5705 1.6
      vertex 36.4499 30.9051 1.6
      vertex 36.6745 30.7099 1.6
    endloop
  endfacet
  facet normal 0 0 1
    outer loop
      vertex 39.5668 36.1179 1.6
      vertex 35.6871 36.1176 1.6
      vertex 35.6762 35.2439 1.6
    endloop
  endfacet
  facet normal 0 0 1
    outer loop
      vertex 37.2608 30.4868 1.6
      vertex 36.2618 31.1648 1.6
      vertex 36.9448 30.5705 1.6
    endloop
  endfacet
  facet normal -0 0 1
    outer loop
      vertex 33.5364 23.5987 1.6
      vertex 33.6554 23.3915 1.6
      vertex 33.5628 23.6957 1.6
    endloop
  endfacet
  facet normal -0 0 1
    outer loop
      vertex 33.505 23.488 1.6
      vertex 33.6554 23.3915 1.6
      vertex 33.5364 23.5987 1.6
    endloop
  endfacet
  facet normal 0 0 1
    outer loop
      vertex 33.4697 23.3675 1.6
      vertex 33.6554 23.3915 1.6
      vertex 33.505 23.488 1.6
    endloop
  endfacet
  facet normal 0 0 1
    outer loop
      vertex 33.4305 23.2372 1.6
      vertex 33.6554 23.3915 1.6
      vertex 33.4697 23.3675 1.6
    endloop
  endfacet
  facet normal 0 0 1
    outer loop
      vertex 33.6554 23.3915 1.6
      vertex 33.4305 23.2372 1.6
      vertex 33.8448 22.792 1.6
    endloop
  endfacet
  facet normal -0 0 1
    outer loop
      vertex 33.3189 22.8993 1.6
      vertex 33.8448 22.792 1.6
      vertex 33.4305 23.2372 1.6
    endloop
  endfacet
  facet normal 0 0 1
    outer loop
      vertex 33.0662 22.1559 1.6
      vertex 33.8448 22.792 1.6
      vertex 33.3189 22.8993 1.6
    endloop
  endfacet
  facet normal 0 0 1
    outer loop
      vertex 33.8448 22.792 1.6
      vertex 33.0662 22.1559 1.6
      vertex 34.4575 21.0069 1.6
    endloop
  endfacet
  facet normal 0 0 1
    outer loop
      vertex 34.4575 21.0069 1.6
      vertex 33.0662 22.1559 1.6
      vertex 32.6724 21.0069 1.6
    endloop
  endfacet
  facet normal -0 0 1
    outer loop
      vertex 52.9304 20.641 1.6
      vertex 53.5651 20.4074 1.6
      vertex 53.5651 20.6498 1.6
    endloop
  endfacet
  facet normal 0 0 1
    outer loop
      vertex 53.5651 20.4074 1.6
      vertex 52.9304 20.641 1.6
      vertex 53.5499 20.2025 1.6
    endloop
  endfacet
  facet normal 0 0 1
    outer loop
      vertex 53.5499 20.2025 1.6
      vertex 52.9304 20.641 1.6
      vertex 53.5044 20.0049 1.6
    endloop
  endfacet
  facet normal 0 0 1
    outer loop
      vertex 53.5044 20.0049 1.6
      vertex 52.9304 20.641 1.6
      vertex 53.4285 19.8146 1.6
    endloop
  endfacet
  facet normal 0 0 1
    outer loop
      vertex 53.4285 19.8146 1.6
      vertex 52.9304 20.641 1.6
      vertex 53.3259 19.6415 1.6
    endloop
  endfacet
  facet normal -0 0 1
    outer loop
      vertex 52.6703 20.6227 1.6
      vertex 53.3259 19.6415 1.6
      vertex 52.9304 20.641 1.6
    endloop
  endfacet
  facet normal 0 0 1
    outer loop
      vertex 53.3259 19.6415 1.6
      vertex 52.6703 20.6227 1.6
      vertex 53.2002 19.4953 1.6
    endloop
  endfacet
  facet normal 0 0 1
    outer loop
      vertex 53.2002 19.4953 1.6
      vertex 52.6703 20.6227 1.6
      vertex 53.0516 19.376 1.6
    endloop
  endfacet
  facet normal -0 0 1
    outer loop
      vertex 52.4661 20.5911 1.6
      vertex 53.0516 19.376 1.6
      vertex 52.6703 20.6227 1.6
    endloop
  endfacet
  facet normal 0 0 1
    outer loop
      vertex 53.0516 19.376 1.6
      vertex 52.4661 20.5911 1.6
      vertex 52.8858 19.2878 1.6
    endloop
  endfacet
  facet normal -0 0 1
    outer loop
      vertex 51.9474 19.8873 1.6
      vertex 52.8858 19.2878 1.6
      vertex 52.4661 20.5911 1.6
    endloop
  endfacet
  facet normal 0 0 1
    outer loop
      vertex 52.8858 19.2878 1.6
      vertex 51.9474 19.8873 1.6
      vertex 52.7087 19.2349 1.6
    endloop
  endfacet
  facet normal 0 0 1
    outer loop
      vertex 52.7087 19.2349 1.6
      vertex 51.9474 19.8873 1.6
      vertex 52.5204 19.2173 1.6
    endloop
  endfacet
  facet normal 0 0 1
    outer loop
      vertex 51.958 20.0519 1.6
      vertex 52.4661 20.5911 1.6
      vertex 52.3177 20.5462 1.6
    endloop
  endfacet
  facet normal -0 -0 1
    outer loop
      vertex 51.9648 19.6804 1.6
      vertex 52.5204 19.2173 1.6
      vertex 51.9474 19.8873 1.6
    endloop
  endfacet
  facet normal 0 0 1
    outer loop
      vertex 51.9896 20.1929 1.6
      vertex 52.3177 20.5462 1.6
      vertex 52.2068 20.4858 1.6
    endloop
  endfacet
  facet normal 0 0 1
    outer loop
      vertex 51.9896 20.1929 1.6
      vertex 52.2068 20.4858 1.6
      vertex 52.1149 20.4072 1.6
    endloop
  endfacet
  facet normal 0 0 1
    outer loop
      vertex 52.5204 19.2173 1.6
      vertex 51.9648 19.6804 1.6
      vertex 52.3586 19.2357 1.6
    endloop
  endfacet
  facet normal 0 0 1
    outer loop
      vertex 51.9896 20.1929 1.6
      vertex 52.1149 20.4072 1.6
      vertex 52.0422 20.3104 1.6
    endloop
  endfacet
  facet normal -0 -0 1
    outer loop
      vertex 52.017 19.5121 1.6
      vertex 52.3586 19.2357 1.6
      vertex 51.9648 19.6804 1.6
    endloop
  endfacet
  facet normal 0 0 1
    outer loop
      vertex 52.3177 20.5462 1.6
      vertex 51.9896 20.1929 1.6
      vertex 51.958 20.0519 1.6
    endloop
  endfacet
  facet normal 0 0 1
    outer loop
      vertex 52.3586 19.2357 1.6
      vertex 52.017 19.5121 1.6
      vertex 52.2197 19.2908 1.6
    endloop
  endfacet
  facet normal 0 0 1
    outer loop
      vertex 52.4661 20.5911 1.6
      vertex 51.958 20.0519 1.6
      vertex 51.9474 19.8873 1.6
    endloop
  endfacet
  facet normal 0 0 1
    outer loop
      vertex 52.2197 19.2908 1.6
      vertex 52.017 19.5121 1.6
      vertex 52.1039 19.3826 1.6
    endloop
  endfacet
  facet normal 0 0 1
    outer loop
      vertex 38.478 13.7459 1.6
      vertex 40.1129 13.7602 1.6
      vertex 40.0275 14.0267 1.6
    endloop
  endfacet
  facet normal 0 0 1
    outer loop
      vertex 39.2974 14.5005 1.6
      vertex 40.0275 14.0267 1.6
      vertex 39.8995 14.234 1.6
    endloop
  endfacet
  facet normal 0 0 1
    outer loop
      vertex 39.5325 14.4709 1.6
      vertex 39.8995 14.234 1.6
      vertex 39.7332 14.382 1.6
    endloop
  endfacet
  facet normal 0 0 1
    outer loop
      vertex 39.8995 14.234 1.6
      vertex 39.5325 14.4709 1.6
      vertex 39.2974 14.5005 1.6
    endloop
  endfacet
  facet normal 0 0 1
    outer loop
      vertex 40.0275 14.0267 1.6
      vertex 39.2974 14.5005 1.6
      vertex 38.5546 14.0077 1.6
    endloop
  endfacet
  facet normal 0 0 1
    outer loop
      vertex 38.5546 14.0077 1.6
      vertex 39.2974 14.5005 1.6
      vertex 39.0494 14.4693 1.6
    endloop
  endfacet
  facet normal 0 0 1
    outer loop
      vertex 38.6769 14.2197 1.6
      vertex 39.0494 14.4693 1.6
      vertex 38.8426 14.3757 1.6
    endloop
  endfacet
  facet normal 0 0 1
    outer loop
      vertex 39.0494 14.4693 1.6
      vertex 38.6769 14.2197 1.6
      vertex 38.5546 14.0077 1.6
    endloop
  endfacet
  facet normal 0 0 1
    outer loop
      vertex 40.0275 14.0267 1.6
      vertex 38.5546 14.0077 1.6
      vertex 38.478 13.7459 1.6
    endloop
  endfacet
  facet normal 0 0 1
    outer loop
      vertex 38.447 13.4345 1.6
      vertex 40.1129 13.7602 1.6
      vertex 38.478 13.7459 1.6
    endloop
  endfacet
  facet normal 0 0 1
    outer loop
      vertex 40.1129 13.7602 1.6
      vertex 38.447 13.4345 1.6
      vertex 40.1559 13.4345 1.6
    endloop
  endfacet
  facet normal 0 0 1
    outer loop
      vertex 47.5299 13.7459 1.6
      vertex 49.1649 13.7602 1.6
      vertex 49.0794 14.0267 1.6
    endloop
  endfacet
  facet normal 0 0 1
    outer loop
      vertex 48.3493 14.5005 1.6
      vertex 49.0794 14.0267 1.6
      vertex 48.9514 14.234 1.6
    endloop
  endfacet
  facet normal 0 0 1
    outer loop
      vertex 48.5844 14.4709 1.6
      vertex 48.9514 14.234 1.6
      vertex 48.7851 14.382 1.6
    endloop
  endfacet
  facet normal 0 0 1
    outer loop
      vertex 48.9514 14.234 1.6
      vertex 48.5844 14.4709 1.6
      vertex 48.3493 14.5005 1.6
    endloop
  endfacet
  facet normal 0 0 1
    outer loop
      vertex 49.0794 14.0267 1.6
      vertex 48.3493 14.5005 1.6
      vertex 47.6065 14.0077 1.6
    endloop
  endfacet
  facet normal 0 0 1
    outer loop
      vertex 47.6065 14.0077 1.6
      vertex 48.3493 14.5005 1.6
      vertex 48.1013 14.4693 1.6
    endloop
  endfacet
  facet normal 0 0 1
    outer loop
      vertex 47.7288 14.2197 1.6
      vertex 48.1013 14.4693 1.6
      vertex 47.8945 14.3757 1.6
    endloop
  endfacet
  facet normal 0 0 1
    outer loop
      vertex 48.1013 14.4693 1.6
      vertex 47.7288 14.2197 1.6
      vertex 47.6065 14.0077 1.6
    endloop
  endfacet
  facet normal 0 0 1
    outer loop
      vertex 49.0794 14.0267 1.6
      vertex 47.6065 14.0077 1.6
      vertex 47.5299 13.7459 1.6
    endloop
  endfacet
  facet normal 0 0 1
    outer loop
      vertex 47.4989 13.4345 1.6
      vertex 49.1649 13.7602 1.6
      vertex 47.5299 13.7459 1.6
    endloop
  endfacet
  facet normal 0 0 1
    outer loop
      vertex 49.1649 13.7602 1.6
      vertex 47.4989 13.4345 1.6
      vertex 49.2078 13.4345 1.6
    endloop
  endfacet
  facet normal 0 0 1
    outer loop
      vertex 77.8548 5.56407 1.6
      vertex 78.3736 5.16431 1.6
      vertex 78.2563 5.3864 1.6
    endloop
  endfacet
  facet normal 0 0 1
    outer loop
      vertex 77.8548 5.56407 1.6
      vertex 78.2563 5.3864 1.6
      vertex 78.0813 5.51965 1.6
    endloop
  endfacet
  facet normal 0 0 1
    outer loop
      vertex 78.3736 5.16431 1.6
      vertex 77.8548 5.56407 1.6
      vertex 77.3303 5.15242 1.6
    endloop
  endfacet
  facet normal 0 0 1
    outer loop
      vertex 77.4412 5.37688 1.6
      vertex 77.8548 5.56407 1.6
      vertex 77.6171 5.51727 1.6
    endloop
  endfacet
  facet normal 0 0 1
    outer loop
      vertex 77.8548 5.56407 1.6
      vertex 77.4412 5.37688 1.6
      vertex 77.3303 5.15242 1.6
    endloop
  endfacet
  facet normal 0 0 1
    outer loop
      vertex 77.2879 4.85339 1.6
      vertex 78.3736 5.16431 1.6
      vertex 77.3303 5.15242 1.6
    endloop
  endfacet
  facet normal 0 0 1
    outer loop
      vertex 78.3736 5.16431 1.6
      vertex 77.2879 4.85339 1.6
      vertex 78.4272 4.85339 1.6
    endloop
  endfacet
  facet normal -0.982288 -0.187378 0
    outer loop
      vertex 0.0785418 1.87827 0
      vertex 0.0197124 2.18667 1.6
      vertex 0.0197124 2.18667 0
    endloop
  endfacet
  facet normal -0.982288 -0.187378 0
    outer loop
      vertex 0.0197124 2.18667 1.6
      vertex 0.0785418 1.87827 0
      vertex 0.0785418 1.87827 1.6
    endloop
  endfacet
  facet normal -0.998027 -0.0627884 0
    outer loop
      vertex 0.0197124 2.18667 0
      vertex 0 2.5 1.6
      vertex 0 2.5 0
    endloop
  endfacet
  facet normal -0.998027 -0.0627884 0
    outer loop
      vertex 0 2.5 1.6
      vertex 0.0197124 2.18667 0
      vertex 0.0197124 2.18667 1.6
    endloop
  endfacet
  facet normal 0 0 1
    outer loop
      vertex 28.7991 38.2533 1.05
      vertex 31.5049 38.3673 1.05
      vertex 31.4325 39.2098 1.05
    endloop
  endfacet
  facet normal 0 0 1
    outer loop
      vertex 31.5049 38.3673 1.05
      vertex 28.7991 38.2533 1.05
      vertex 31.4818 37.9086 1.05
    endloop
  endfacet
  facet normal 0 0 1
    outer loop
      vertex 28.7638 37.8955 1.05
      vertex 31.4818 37.9086 1.05
      vertex 28.7991 38.2533 1.05
    endloop
  endfacet
  facet normal 0 0 1
    outer loop
      vertex 28.6894 39.0176 1.05
      vertex 31.4325 39.2098 1.05
      vertex 31.2154 39.9527 1.05
    endloop
  endfacet
  facet normal 0 0 1
    outer loop
      vertex 31.4818 37.9086 1.05
      vertex 28.7638 37.8955 1.05
      vertex 31.4123 37.4725 1.05
    endloop
  endfacet
  facet normal 0 0 1
    outer loop
      vertex 31.4123 37.4725 1.05
      vertex 28.7638 37.8955 1.05
      vertex 31.2966 37.059 1.05
    endloop
  endfacet
  facet normal 0 0 1
    outer loop
      vertex 28.6894 39.0176 1.05
      vertex 31.2154 39.9527 1.05
      vertex 30.8534 40.5959 1.05
    endloop
  endfacet
  facet normal 0 0 1
    outer loop
      vertex 31.2966 37.059 1.05
      vertex 28.7638 37.8955 1.05
      vertex 31.1346 36.6679 1.05
    endloop
  endfacet
  facet normal -0 0 1
    outer loop
      vertex 28.6579 37.5342 1.05
      vertex 31.1346 36.6679 1.05
      vertex 28.7638 37.8955 1.05
    endloop
  endfacet
  facet normal 0 0 1
    outer loop
      vertex 28.6894 39.0176 1.05
      vertex 30.8534 40.5959 1.05
      vertex 30.3467 41.1394 1.05
    endloop
  endfacet
  facet normal 0 0 1
    outer loop
      vertex 31.1346 36.6679 1.05
      vertex 28.6579 37.5342 1.05
      vertex 30.9365 36.2956 1.05
    endloop
  endfacet
  facet normal 0 0 1
    outer loop
      vertex 30.9365 36.2956 1.05
      vertex 28.6579 37.5342 1.05
      vertex 30.7122 35.9381 1.05
    endloop
  endfacet
  facet normal 0 0 1
    outer loop
      vertex 28.3601 39.5635 1.05
      vertex 30.3467 41.1394 1.05
      vertex 29.7047 41.5714 1.05
    endloop
  endfacet
  facet normal -0 0 1
    outer loop
      vertex 28.4814 37.1693 1.05
      vertex 30.7122 35.9381 1.05
      vertex 28.6579 37.5342 1.05
    endloop
  endfacet
  facet normal 0 0 1
    outer loop
      vertex 30.7122 35.9381 1.05
      vertex 28.4814 37.1693 1.05
      vertex 30.4618 35.5954 1.05
    endloop
  endfacet
  facet normal 0 0 1
    outer loop
      vertex 28.3601 39.5635 1.05
      vertex 29.7047 41.5714 1.05
      vertex 28.9369 41.88 1.05
    endloop
  endfacet
  facet normal -0 0 1
    outer loop
      vertex 28.2342 36.8008 1.05
      vertex 30.4618 35.5954 1.05
      vertex 28.4814 37.1693 1.05
    endloop
  endfacet
  facet normal 0 0 1
    outer loop
      vertex 30.4618 35.5954 1.05
      vertex 28.2342 36.8008 1.05
      vertex 30.1853 35.2675 1.05
    endloop
  endfacet
  facet normal 0 0 1
    outer loop
      vertex 31.4325 39.2098 1.05
      vertex 28.6894 39.0176 1.05
      vertex 28.7991 38.2533 1.05
    endloop
  endfacet
  facet normal 0 0 1
    outer loop
      vertex 30.3467 41.1394 1.05
      vertex 28.3601 39.5635 1.05
      vertex 28.6894 39.0176 1.05
    endloop
  endfacet
  facet normal 0 0 1
    outer loop
      vertex 27.8112 39.891 1.05
      vertex 28.9369 41.88 1.05
      vertex 28.0432 42.0651 1.05
    endloop
  endfacet
  facet normal 0 0 1
    outer loop
      vertex 28.9369 41.88 1.05
      vertex 27.8112 39.891 1.05
      vertex 28.3601 39.5635 1.05
    endloop
  endfacet
  facet normal 0 0 1
    outer loop
      vertex 28.0432 42.0651 1.05
      vertex 27.0428 40.0002 1.05
      vertex 27.8112 39.891 1.05
    endloop
  endfacet
  facet normal 0 0 1
    outer loop
      vertex 27.0238 42.1268 1.05
      vertex 27.0428 40.0002 1.05
      vertex 28.0432 42.0651 1.05
    endloop
  endfacet
  facet normal 0 0 1
    outer loop
      vertex 27.0238 42.1268 1.05
      vertex 26.6408 39.9714 1.05
      vertex 27.0428 40.0002 1.05
    endloop
  endfacet
  facet normal -0 0 1
    outer loop
      vertex 26.0747 42.0657 1.05
      vertex 26.6408 39.9714 1.05
      vertex 27.0238 42.1268 1.05
    endloop
  endfacet
  facet normal 0 0 1
    outer loop
      vertex 26.6408 39.9714 1.05
      vertex 26.0747 42.0657 1.05
      vertex 26.2893 39.8851 1.05
    endloop
  endfacet
  facet normal -0 0 1
    outer loop
      vertex 25.2307 41.8823 1.05
      vertex 26.2893 39.8851 1.05
      vertex 26.0747 42.0657 1.05
    endloop
  endfacet
  facet normal 0 0 1
    outer loop
      vertex 26.2893 39.8851 1.05
      vertex 25.2307 41.8823 1.05
      vertex 25.9882 39.7412 1.05
    endloop
  endfacet
  facet normal -0 0 1
    outer loop
      vertex 24.4917 41.5767 1.05
      vertex 25.9882 39.7412 1.05
      vertex 25.2307 41.8823 1.05
    endloop
  endfacet
  facet normal 0 0 1
    outer loop
      vertex 25.9882 39.7412 1.05
      vertex 24.4917 41.5767 1.05
      vertex 25.7375 39.5398 1.05
    endloop
  endfacet
  facet normal -0 0 1
    outer loop
      vertex 23.8577 41.1489 1.05
      vertex 25.7375 39.5398 1.05
      vertex 24.4917 41.5767 1.05
    endloop
  endfacet
  facet normal 0 0 1
    outer loop
      vertex 25.7375 39.5398 1.05
      vertex 23.8577 41.1489 1.05
      vertex 25.5319 39.2808 1.05
    endloop
  endfacet
  facet normal -0 0 1
    outer loop
      vertex 23.3347 40.6049 1.05
      vertex 25.5319 39.2808 1.05
      vertex 23.8577 41.1489 1.05
    endloop
  endfacet
  facet normal 0 0 1
    outer loop
      vertex 25.5319 39.2808 1.05
      vertex 23.3347 40.6049 1.05
      vertex 25.366 38.9642 1.05
    endloop
  endfacet
  facet normal -0 0 1
    outer loop
      vertex 22.9285 39.9504 1.05
      vertex 25.366 38.9642 1.05
      vertex 23.3347 40.6049 1.05
    endloop
  endfacet
  facet normal 0 0 1
    outer loop
      vertex 25.366 38.9642 1.05
      vertex 22.9285 39.9504 1.05
      vertex 25.2399 38.5901 1.05
    endloop
  endfacet
  facet normal -0 0 1
    outer loop
      vertex 22.6392 39.1855 1.05
      vertex 25.2399 38.5901 1.05
      vertex 22.9285 39.9504 1.05
    endloop
  endfacet
  facet normal 0 0 1
    outer loop
      vertex 25.2399 38.5901 1.05
      vertex 22.6392 39.1855 1.05
      vertex 25.1535 38.1584 1.05
    endloop
  endfacet
  facet normal 0 0 1
    outer loop
      vertex 25.1535 38.1584 1.05
      vertex 22.6392 39.1855 1.05
      vertex 22.4668 38.3103 1.05
    endloop
  endfacet
  facet normal 0 0 1
    outer loop
      vertex 30.1853 35.2675 1.05
      vertex 28.2342 36.8008 1.05
      vertex 29.8877 34.9522 1.05
    endloop
  endfacet
  facet normal -0 0 1
    outer loop
      vertex 27.8993 36.4056 1.05
      vertex 29.8877 34.9522 1.05
      vertex 28.2342 36.8008 1.05
    endloop
  endfacet
  facet normal 0 0 1
    outer loop
      vertex 29.8877 34.9522 1.05
      vertex 27.8993 36.4056 1.05
      vertex 29.5741 34.6469 1.05
    endloop
  endfacet
  facet normal 0 0 1
    outer loop
      vertex 29.5741 34.6469 1.05
      vertex 27.8993 36.4056 1.05
      vertex 29.2444 34.3517 1.05
    endloop
  endfacet
  facet normal -0 0 1
    outer loop
      vertex 27.4594 35.9606 1.05
      vertex 29.2444 34.3517 1.05
      vertex 27.8993 36.4056 1.05
    endloop
  endfacet
  facet normal 0 0 1
    outer loop
      vertex 29.2444 34.3517 1.05
      vertex 27.4594 35.9606 1.05
      vertex 28.8988 34.0666 1.05
    endloop
  endfacet
  facet normal 0 0 1
    outer loop
      vertex 28.8988 34.0666 1.05
      vertex 27.4594 35.9606 1.05
      vertex 28.5478 33.7883 1.05
    endloop
  endfacet
  facet normal -0 0 1
    outer loop
      vertex 26.9144 35.4658 1.05
      vertex 28.5478 33.7883 1.05
      vertex 27.4594 35.9606 1.05
    endloop
  endfacet
  facet normal 0 0 1
    outer loop
      vertex 28.5478 33.7883 1.05
      vertex 26.9144 35.4658 1.05
      vertex 28.2022 33.5136 1.05
    endloop
  endfacet
  facet normal -0 0 1
    outer loop
      vertex 26.2643 34.921 1.05
      vertex 28.2022 33.5136 1.05
      vertex 26.9144 35.4658 1.05
    endloop
  endfacet
  facet normal 0 0 1
    outer loop
      vertex 28.2022 33.5136 1.05
      vertex 26.2643 34.921 1.05
      vertex 27.8619 33.2424 1.05
    endloop
  endfacet
  facet normal 0 0 1
    outer loop
      vertex 27.8619 33.2424 1.05
      vertex 26.2643 34.921 1.05
      vertex 27.527 32.9748 1.05
    endloop
  endfacet
  facet normal -0 0 1
    outer loop
      vertex 25.5644 34.3336 1.05
      vertex 27.527 32.9748 1.05
      vertex 26.2643 34.921 1.05
    endloop
  endfacet
  facet normal 0 0 1
    outer loop
      vertex 27.527 32.9748 1.05
      vertex 25.5644 34.3336 1.05
      vertex 27.2021 32.7084 1.05
    endloop
  endfacet
  facet normal 0 0 1
    outer loop
      vertex 27.2021 32.7084 1.05
      vertex 25.5644 34.3336 1.05
      vertex 26.8921 32.4408 1.05
    endloop
  endfacet
  facet normal -0 0 1
    outer loop
      vertex 24.9269 33.7581 1.05
      vertex 26.8921 32.4408 1.05
      vertex 25.5644 34.3336 1.05
    endloop
  endfacet
  facet normal 0 0 1
    outer loop
      vertex 26.8921 32.4408 1.05
      vertex 24.9269 33.7581 1.05
      vertex 26.5969 32.172 1.05
    endloop
  endfacet
  facet normal 0 0 1
    outer loop
      vertex 26.5969 32.172 1.05
      vertex 24.9269 33.7581 1.05
      vertex 26.3165 31.9021 1.05
    endloop
  endfacet
  facet normal -0 0 1
    outer loop
      vertex 24.3516 33.1944 1.05
      vertex 26.3165 31.9021 1.05
      vertex 24.9269 33.7581 1.05
    endloop
  endfacet
  facet normal 0 0 1
    outer loop
      vertex 26.3165 31.9021 1.05
      vertex 24.3516 33.1944 1.05
      vertex 26.0611 31.6268 1.05
    endloop
  endfacet
  facet normal 0 0 1
    outer loop
      vertex 26.0611 31.6268 1.05
      vertex 24.3516 33.1944 1.05
      vertex 25.8406 31.342 1.05
    endloop
  endfacet
  facet normal -0 0 1
    outer loop
      vertex 23.8386 32.6425 1.05
      vertex 25.8406 31.342 1.05
      vertex 24.3516 33.1944 1.05
    endloop
  endfacet
  facet normal -0 0 1
    outer loop
      vertex 25.5048 30.7439 1.05
      vertex 31.7138 28.5508 1.05
      vertex 31.7138 30.7439 1.05
    endloop
  endfacet
  facet normal 0 0 1
    outer loop
      vertex 25.8406 31.342 1.05
      vertex 23.8386 32.6425 1.05
      vertex 25.6552 31.0477 1.05
    endloop
  endfacet
  facet normal -0 0 1
    outer loop
      vertex 23.3844 32.0931 1.05
      vertex 25.6552 31.0477 1.05
      vertex 23.8386 32.6425 1.05
    endloop
  endfacet
  facet normal 0 0 1
    outer loop
      vertex 25.6552 31.0477 1.05
      vertex 23.3844 32.0931 1.05
      vertex 25.5048 30.7439 1.05
    endloop
  endfacet
  facet normal -0 0 1
    outer loop
      vertex 22.9854 31.5365 1.05
      vertex 25.5048 30.7439 1.05
      vertex 23.3844 32.0931 1.05
    endloop
  endfacet
  facet normal -0 0 1
    outer loop
      vertex 22.6416 30.9728 1.05
      vertex 25.5048 30.7439 1.05
      vertex 22.9854 31.5365 1.05
    endloop
  endfacet
  facet normal 0 0 1
    outer loop
      vertex 22.353 30.402 1.05
      vertex 25.5048 30.7439 1.05
      vertex 22.6416 30.9728 1.05
    endloop
  endfacet
  facet normal 0 0 1
    outer loop
      vertex 25.5048 30.7439 1.05
      vertex 22.353 30.402 1.05
      vertex 22.353 28.5508 1.05
    endloop
  endfacet
  facet normal 0 0 1
    outer loop
      vertex 25.5048 30.7439 1.05
      vertex 22.353 28.5508 1.05
      vertex 31.7138 28.5508 1.05
    endloop
  endfacet
  facet normal 0 0 1
    outer loop
      vertex 47.3379 39.6585 1.05
      vertex 50.0058 41.9275 1.05
      vertex 47.4805 41.9275 1.05
    endloop
  endfacet
  facet normal -0 0 1
    outer loop
      vertex 50.0058 30.535 1.05
      vertex 53.0722 28.5508 1.05
      vertex 53.0722 30.535 1.05
    endloop
  endfacet
  facet normal 0 0 1
    outer loop
      vertex 50.0058 41.9275 1.05
      vertex 47.3379 39.6585 1.05
      vertex 50.0058 30.535 1.05
    endloop
  endfacet
  facet normal 0 0 1
    outer loop
      vertex 47.3379 30.535 1.05
      vertex 50.0058 30.535 1.05
      vertex 47.3379 39.6585 1.05
    endloop
  endfacet
  facet normal -0 0 1
    outer loop
      vertex 47.3379 30.535 1.05
      vertex 53.0722 28.5508 1.05
      vertex 50.0058 30.535 1.05
    endloop
  endfacet
  facet normal 0 0 1
    outer loop
      vertex 44.0247 28.5508 1.05
      vertex 47.3379 30.535 1.05
      vertex 44.0247 30.535 1.05
    endloop
  endfacet
  facet normal 0 0 1
    outer loop
      vertex 47.3379 30.535 1.05
      vertex 44.0247 28.5508 1.05
      vertex 53.0722 28.5508 1.05
    endloop
  endfacet
  facet normal -0 0 1
    outer loop
      vertex 44.1291 39.7534 1.05
      vertex 47.3379 39.6585 1.05
      vertex 47.4805 41.9275 1.05
    endloop
  endfacet
  facet normal 0 0 1
    outer loop
      vertex 47.3379 39.6585 1.05
      vertex 44.1291 39.7534 1.05
      vertex 44.1291 37.6552 1.05
    endloop
  endfacet
  facet normal -0 0 1
    outer loop
      vertex 39.5668 36.1179 1.05
      vertex 42.2553 35.2439 1.05
      vertex 42.1865 36.859 1.05
    endloop
  endfacet
  facet normal -0 0 1
    outer loop
      vertex 39.4766 37.5561 1.05
      vertex 42.1865 36.859 1.05
      vertex 41.98 38.2581 1.05
    endloop
  endfacet
  facet normal 0 0 1
    outer loop
      vertex 42.2553 35.2439 1.05
      vertex 39.5668 36.1179 1.05
      vertex 39.5781 35.2439 1.05
    endloop
  endfacet
  facet normal 0 0 1
    outer loop
      vertex 39.3976 38.1204 1.05
      vertex 41.98 38.2581 1.05
      vertex 41.6359 39.4413 1.05
    endloop
  endfacet
  facet normal 0 0 1
    outer loop
      vertex 39.5665 34.4025 1.05
      vertex 42.2553 35.2439 1.05
      vertex 39.5781 35.2439 1.05
    endloop
  endfacet
  facet normal 0 0 1
    outer loop
      vertex 39.1627 39.001 1.05
      vertex 41.6359 39.4413 1.05
      vertex 41.1541 40.4085 1.05
    endloop
  endfacet
  facet normal 0 0 1
    outer loop
      vertex 42.2553 35.2439 1.05
      vertex 39.5665 34.4025 1.05
      vertex 42.1826 33.6519 1.05
    endloop
  endfacet
  facet normal 0 0 1
    outer loop
      vertex 39.0043 39.3327 1.05
      vertex 41.1541 40.4085 1.05
      vertex 40.524 41.1602 1.05
    endloop
  endfacet
  facet normal -0 0 1
    outer loop
      vertex 39.5318 33.6536 1.05
      vertex 42.1826 33.6519 1.05
      vertex 39.5665 34.4025 1.05
    endloop
  endfacet
  facet normal 0 0 1
    outer loop
      vertex 38.8186 39.592 1.05
      vertex 40.524 41.1602 1.05
      vertex 39.7348 41.6972 1.05
    endloop
  endfacet
  facet normal 0 0 1
    outer loop
      vertex 39.4739 32.9974 1.05
      vertex 42.1826 33.6519 1.05
      vertex 39.5318 33.6536 1.05
    endloop
  endfacet
  facet normal -0 0 1
    outer loop
      vertex 39.3929 32.4337 1.05
      vertex 41.9646 32.2652 1.05
      vertex 39.4739 32.9974 1.05
    endloop
  endfacet
  facet normal 0 0 1
    outer loop
      vertex 42.1826 33.6519 1.05
      vertex 39.4739 32.9974 1.05
      vertex 41.9646 32.2652 1.05
    endloop
  endfacet
  facet normal 0 0 1
    outer loop
      vertex 42.1865 36.859 1.05
      vertex 39.533 36.8886 1.05
      vertex 39.5668 36.1179 1.05
    endloop
  endfacet
  facet normal 0 0 1
    outer loop
      vertex 42.1865 36.859 1.05
      vertex 39.4766 37.5561 1.05
      vertex 39.533 36.8886 1.05
    endloop
  endfacet
  facet normal 0 0 1
    outer loop
      vertex 41.98 38.2581 1.05
      vertex 39.3976 38.1204 1.05
      vertex 39.4766 37.5561 1.05
    endloop
  endfacet
  facet normal 0 0 1
    outer loop
      vertex 41.6359 39.4413 1.05
      vertex 39.2938 38.5969 1.05
      vertex 39.3976 38.1204 1.05
    endloop
  endfacet
  facet normal 0 0 1
    outer loop
      vertex 41.6359 39.4413 1.05
      vertex 39.1627 39.001 1.05
      vertex 39.2938 38.5969 1.05
    endloop
  endfacet
  facet normal 0 0 1
    outer loop
      vertex 41.1541 40.4085 1.05
      vertex 39.0043 39.3327 1.05
      vertex 39.1627 39.001 1.05
    endloop
  endfacet
  facet normal 0 0 1
    outer loop
      vertex 40.524 41.1602 1.05
      vertex 38.8186 39.592 1.05
      vertex 39.0043 39.3327 1.05
    endloop
  endfacet
  facet normal 0 0 1
    outer loop
      vertex 38.3297 39.9266 1.05
      vertex 39.7348 41.6972 1.05
      vertex 38.7866 42.0194 1.05
    endloop
  endfacet
  facet normal 0 0 1
    outer loop
      vertex 39.7348 41.6972 1.05
      vertex 38.5967 39.7872 1.05
      vertex 38.8186 39.592 1.05
    endloop
  endfacet
  facet normal 0 0 1
    outer loop
      vertex 39.7348 41.6972 1.05
      vertex 38.3297 39.9266 1.05
      vertex 38.5967 39.7872 1.05
    endloop
  endfacet
  facet normal 0 0 1
    outer loop
      vertex 38.7866 42.0194 1.05
      vertex 38.0176 40.0103 1.05
      vertex 38.3297 39.9266 1.05
    endloop
  endfacet
  facet normal 0 0 1
    outer loop
      vertex 37.6794 42.1268 1.05
      vertex 38.0176 40.0103 1.05
      vertex 38.7866 42.0194 1.05
    endloop
  endfacet
  facet normal 0 0 1
    outer loop
      vertex 37.6794 42.1268 1.05
      vertex 37.6604 40.0382 1.05
      vertex 38.0176 40.0103 1.05
    endloop
  endfacet
  facet normal 0 0 1
    outer loop
      vertex 37.6794 42.1268 1.05
      vertex 37.2815 40.01 1.05
      vertex 37.6604 40.0382 1.05
    endloop
  endfacet
  facet normal -0 0 1
    outer loop
      vertex 36.8938 42.0817 1.05
      vertex 37.2815 40.01 1.05
      vertex 37.6794 42.1268 1.05
    endloop
  endfacet
  facet normal 0 0 1
    outer loop
      vertex 37.2815 40.01 1.05
      vertex 36.8938 42.0817 1.05
      vertex 36.9519 39.9254 1.05
    endloop
  endfacet
  facet normal -0 0 1
    outer loop
      vertex 36.1888 41.9464 1.05
      vertex 36.9519 39.9254 1.05
      vertex 36.8938 42.0817 1.05
    endloop
  endfacet
  facet normal 0 0 1
    outer loop
      vertex 36.9519 39.9254 1.05
      vertex 36.1888 41.9464 1.05
      vertex 36.6715 39.7845 1.05
    endloop
  endfacet
  facet normal -0 0 1
    outer loop
      vertex 35.5646 41.7209 1.05
      vertex 36.6715 39.7845 1.05
      vertex 36.1888 41.9464 1.05
    endloop
  endfacet
  facet normal -0 0 1
    outer loop
      vertex 35.0211 41.4053 1.05
      vertex 36.6715 39.7845 1.05
      vertex 35.5646 41.7209 1.05
    endloop
  endfacet
  facet normal 0 0 1
    outer loop
      vertex 36.6715 39.7845 1.05
      vertex 35.0211 41.4053 1.05
      vertex 36.4404 39.5872 1.05
    endloop
  endfacet
  facet normal -0 0 1
    outer loop
      vertex 34.5494 40.9946 1.05
      vertex 36.4404 39.5872 1.05
      vertex 35.0211 41.4053 1.05
    endloop
  endfacet
  facet normal 0 0 1
    outer loop
      vertex 36.4404 39.5872 1.05
      vertex 34.5494 40.9946 1.05
      vertex 36.2487 39.3261 1.05
    endloop
  endfacet
  facet normal -0 0 1
    outer loop
      vertex 34.1406 40.4843 1.05
      vertex 36.2487 39.3261 1.05
      vertex 34.5494 40.9946 1.05
    endloop
  endfacet
  facet normal 0 0 1
    outer loop
      vertex 33.0085 35.2439 1.05
      vertex 35.6762 35.2439 1.05
      vertex 35.6871 36.1176 1.05
    endloop
  endfacet
  facet normal 0 0 1
    outer loop
      vertex 36.2487 39.3261 1.05
      vertex 34.1406 40.4843 1.05
      vertex 36.0867 38.9939 1.05
    endloop
  endfacet
  facet normal -0 0 1
    outer loop
      vertex 33.7946 39.8744 1.05
      vertex 36.0867 38.9939 1.05
      vertex 34.1406 40.4843 1.05
    endloop
  endfacet
  facet normal 0 0 1
    outer loop
      vertex 36.0867 38.9939 1.05
      vertex 33.7946 39.8744 1.05
      vertex 35.9544 38.5904 1.05
    endloop
  endfacet
  facet normal -0 0 1
    outer loop
      vertex 33.5116 39.1647 1.05
      vertex 35.9544 38.5904 1.05
      vertex 33.7946 39.8744 1.05
    endloop
  endfacet
  facet normal 0 0 1
    outer loop
      vertex 35.9544 38.5904 1.05
      vertex 33.5116 39.1647 1.05
      vertex 35.8517 38.1157 1.05
    endloop
  endfacet
  facet normal -0 0 1
    outer loop
      vertex 33.2915 38.35 1.05
      vertex 35.8517 38.1157 1.05
      vertex 33.5116 39.1647 1.05
    endloop
  endfacet
  facet normal 0 0 1
    outer loop
      vertex 35.6762 35.2439 1.05
      vertex 33.0085 35.2439 1.05
      vertex 33.2957 32.2326 1.05
    endloop
  endfacet
  facet normal 0 0 1
    outer loop
      vertex 35.8517 38.1157 1.05
      vertex 33.2915 38.35 1.05
      vertex 35.7749 37.5535 1.05
    endloop
  endfacet
  facet normal 0 0 1
    outer loop
      vertex 33.1342 37.425 1.05
      vertex 35.7749 37.5535 1.05
      vertex 33.2915 38.35 1.05
    endloop
  endfacet
  facet normal 0 0 1
    outer loop
      vertex 35.7749 37.5535 1.05
      vertex 33.1342 37.425 1.05
      vertex 35.72 36.8874 1.05
    endloop
  endfacet
  facet normal 0 0 1
    outer loop
      vertex 35.6762 35.2439 1.05
      vertex 33.2957 32.2326 1.05
      vertex 34.1572 30.0817 1.05
    endloop
  endfacet
  facet normal 0 0 1
    outer loop
      vertex 33.0399 36.3896 1.05
      vertex 35.72 36.8874 1.05
      vertex 33.1342 37.425 1.05
    endloop
  endfacet
  facet normal 0 0 1
    outer loop
      vertex 35.72 36.8874 1.05
      vertex 33.0399 36.3896 1.05
      vertex 35.6871 36.1176 1.05
    endloop
  endfacet
  facet normal 0 0 1
    outer loop
      vertex 35.6871 36.1176 1.05
      vertex 33.0399 36.3896 1.05
      vertex 33.0085 35.2439 1.05
    endloop
  endfacet
  facet normal 0 0 1
    outer loop
      vertex 35.6762 35.2439 1.05
      vertex 34.1572 30.0817 1.05
      vertex 35.5931 28.7911 1.05
    endloop
  endfacet
  facet normal 0 0 1
    outer loop
      vertex 41.9646 32.2652 1.05
      vertex 39.3929 32.4337 1.05
      vertex 41.6011 31.0838 1.05
    endloop
  endfacet
  facet normal -0 0 1
    outer loop
      vertex 39.2861 31.9516 1.05
      vertex 41.6011 31.0838 1.05
      vertex 39.3929 32.4337 1.05
    endloop
  endfacet
  facet normal -0 0 1
    outer loop
      vertex 39.1508 31.5401 1.05
      vertex 41.6011 31.0838 1.05
      vertex 39.2861 31.9516 1.05
    endloop
  endfacet
  facet normal 0 0 1
    outer loop
      vertex 41.6011 31.0838 1.05
      vertex 39.1508 31.5401 1.05
      vertex 41.0923 30.1077 1.05
    endloop
  endfacet
  facet normal -0 0 1
    outer loop
      vertex 38.9871 31.1992 1.05
      vertex 41.0923 30.1077 1.05
      vertex 39.1508 31.5401 1.05
    endloop
  endfacet
  facet normal 0 0 1
    outer loop
      vertex 41.0923 30.1077 1.05
      vertex 38.9871 31.1992 1.05
      vertex 40.4382 29.3435 1.05
    endloop
  endfacet
  facet normal -0 0 1
    outer loop
      vertex 38.7948 30.9289 1.05
      vertex 40.4382 29.3435 1.05
      vertex 38.9871 31.1992 1.05
    endloop
  endfacet
  facet normal -0 0 1
    outer loop
      vertex 38.5667 30.7233 1.05
      vertex 40.4382 29.3435 1.05
      vertex 38.7948 30.9289 1.05
    endloop
  endfacet
  facet normal 0 0 1
    outer loop
      vertex 40.4382 29.3435 1.05
      vertex 38.5667 30.7233 1.05
      vertex 39.6386 28.7976 1.05
    endloop
  endfacet
  facet normal -0 0 1
    outer loop
      vertex 38.2953 30.5765 1.05
      vertex 39.6386 28.7976 1.05
      vertex 38.5667 30.7233 1.05
    endloop
  endfacet
  facet normal 0 0 1
    outer loop
      vertex 39.6386 28.7976 1.05
      vertex 38.2953 30.5765 1.05
      vertex 38.6937 28.4701 1.05
    endloop
  endfacet
  facet normal -0 0 1
    outer loop
      vertex 37.9805 30.4883 1.05
      vertex 38.6937 28.4701 1.05
      vertex 38.2953 30.5765 1.05
    endloop
  endfacet
  facet normal 0 0 1
    outer loop
      vertex 37.6034 28.3609 1.05
      vertex 37.9805 30.4883 1.05
      vertex 37.6224 30.459 1.05
    endloop
  endfacet
  facet normal 0 0 1
    outer loop
      vertex 37.9805 30.4883 1.05
      vertex 37.6034 28.3609 1.05
      vertex 38.6937 28.4701 1.05
    endloop
  endfacet
  facet normal 0 0 1
    outer loop
      vertex 37.2608 30.4868 1.05
      vertex 37.6034 28.3609 1.05
      vertex 37.6224 30.459 1.05
    endloop
  endfacet
  facet normal 0 0 1
    outer loop
      vertex 36.9448 30.5705 1.05
      vertex 37.6034 28.3609 1.05
      vertex 37.2608 30.4868 1.05
    endloop
  endfacet
  facet normal 0 0 1
    outer loop
      vertex 35.5931 28.7911 1.05
      vertex 36.9448 30.5705 1.05
      vertex 36.6745 30.7099 1.05
    endloop
  endfacet
  facet normal 0 0 1
    outer loop
      vertex 35.5931 28.7911 1.05
      vertex 36.6745 30.7099 1.05
      vertex 36.4499 30.9051 1.05
    endloop
  endfacet
  facet normal 0 0 1
    outer loop
      vertex 35.5931 28.7911 1.05
      vertex 36.4499 30.9051 1.05
      vertex 36.2618 31.1648 1.05
    endloop
  endfacet
  facet normal 0 0 1
    outer loop
      vertex 35.5931 28.7911 1.05
      vertex 36.2618 31.1648 1.05
      vertex 36.101 31.4974 1.05
    endloop
  endfacet
  facet normal 0 0 1
    outer loop
      vertex 36.9448 30.5705 1.05
      vertex 35.5931 28.7911 1.05
      vertex 37.6034 28.3609 1.05
    endloop
  endfacet
  facet normal 0 0 1
    outer loop
      vertex 35.9675 31.9029 1.05
      vertex 35.5931 28.7911 1.05
      vertex 36.101 31.4974 1.05
    endloop
  endfacet
  facet normal 0 0 1
    outer loop
      vertex 35.8612 32.3814 1.05
      vertex 35.5931 28.7911 1.05
      vertex 35.9675 31.9029 1.05
    endloop
  endfacet
  facet normal 0 0 1
    outer loop
      vertex 35.7803 32.9466 1.05
      vertex 35.5931 28.7911 1.05
      vertex 35.8612 32.3814 1.05
    endloop
  endfacet
  facet normal 0 0 1
    outer loop
      vertex 35.7224 33.6121 1.05
      vertex 35.5931 28.7911 1.05
      vertex 35.7803 32.9466 1.05
    endloop
  endfacet
  facet normal 0 0 1
    outer loop
      vertex 35.6877 34.3778 1.05
      vertex 35.5931 28.7911 1.05
      vertex 35.7224 33.6121 1.05
    endloop
  endfacet
  facet normal 0 0 1
    outer loop
      vertex 35.5931 28.7911 1.05
      vertex 35.6877 34.3778 1.05
      vertex 35.6762 35.2439 1.05
    endloop
  endfacet
  facet normal 0 0 1
    outer loop
      vertex 62.8544 41.9275 1.05
      vertex 57.2341 39.9432 1.05
      vertex 62.8544 39.9432 1.05
    endloop
  endfacet
  facet normal -0 0 1
    outer loop
      vertex 54.8131 41.9275 1.05
      vertex 57.2341 39.9432 1.05
      vertex 62.8544 41.9275 1.05
    endloop
  endfacet
  facet normal 0 0 1
    outer loop
      vertex 54.8131 41.9275 1.05
      vertex 57.0157 36.5635 1.05
      vertex 57.2341 39.9432 1.05
    endloop
  endfacet
  facet normal 0 0 1
    outer loop
      vertex 54.348 34.399 1.05
      vertex 57.0157 36.5635 1.05
      vertex 54.8131 41.9275 1.05
    endloop
  endfacet
  facet normal 0 0 1
    outer loop
      vertex 57.0157 36.5635 1.05
      vertex 54.348 34.399 1.05
      vertex 56.9492 34.399 1.05
    endloop
  endfacet
  facet normal 0 0 1
    outer loop
      vertex 63.6328 33.0033 1.05
      vertex 60.854 33.4468 1.05
      vertex 60.8891 32.9463 1.05
    endloop
  endfacet
  facet normal 0 0 1
    outer loop
      vertex 61.869 36.7504 1.05
      vertex 60.749 33.8945 1.05
      vertex 60.854 33.4468 1.05
    endloop
  endfacet
  facet normal 0 0 1
    outer loop
      vertex 61.869 36.7504 1.05
      vertex 60.574 34.2893 1.05
      vertex 60.749 33.8945 1.05
    endloop
  endfacet
  facet normal 0 0 1
    outer loop
      vertex 60.021 34.9076 1.05
      vertex 61.1537 37.1212 1.05
      vertex 60.3429 37.3437 1.05
    endloop
  endfacet
  facet normal 0 0 1
    outer loop
      vertex 61.869 36.7504 1.05
      vertex 60.3289 34.6314 1.05
      vertex 60.574 34.2893 1.05
    endloop
  endfacet
  facet normal 0 0 1
    outer loop
      vertex 61.869 36.7504 1.05
      vertex 60.021 34.9076 1.05
      vertex 60.3289 34.6314 1.05
    endloop
  endfacet
  facet normal 0 0 1
    outer loop
      vertex 60.3429 37.3437 1.05
      vertex 59.6572 35.1049 1.05
      vertex 60.021 34.9076 1.05
    endloop
  endfacet
  facet normal 0 0 1
    outer loop
      vertex 59.4366 37.4179 1.05
      vertex 59.6572 35.1049 1.05
      vertex 60.3429 37.3437 1.05
    endloop
  endfacet
  facet normal 0 0 1
    outer loop
      vertex 59.4366 37.4179 1.05
      vertex 59.2377 35.2233 1.05
      vertex 59.6572 35.1049 1.05
    endloop
  endfacet
  facet normal -0 0 1
    outer loop
      vertex 58.7406 37.3645 1.05
      vertex 59.2377 35.2233 1.05
      vertex 59.4366 37.4179 1.05
    endloop
  endfacet
  facet normal 0 0 1
    outer loop
      vertex 59.2377 35.2233 1.05
      vertex 58.7406 37.3645 1.05
      vertex 58.7625 35.2628 1.05
    endloop
  endfacet
  facet normal -0 0 1
    outer loop
      vertex 58.1051 37.2043 1.05
      vertex 58.7625 35.2628 1.05
      vertex 58.7406 37.3645 1.05
    endloop
  endfacet
  facet normal 0 0 1
    outer loop
      vertex 58.7625 35.2628 1.05
      vertex 58.1051 37.2043 1.05
      vertex 58.2326 35.2088 1.05
    endloop
  endfacet
  facet normal -0 0 1
    outer loop
      vertex 57.5301 36.9373 1.05
      vertex 58.2326 35.2088 1.05
      vertex 58.1051 37.2043 1.05
    endloop
  endfacet
  facet normal -0 0 1
    outer loop
      vertex 57.0157 36.5635 1.05
      vertex 58.2326 35.2088 1.05
      vertex 57.5301 36.9373 1.05
    endloop
  endfacet
  facet normal 0 0 1
    outer loop
      vertex 58.2326 35.2088 1.05
      vertex 57.0157 36.5635 1.05
      vertex 57.7538 35.0468 1.05
    endloop
  endfacet
  facet normal 0 0 1
    outer loop
      vertex 57.7538 35.0468 1.05
      vertex 57.0157 36.5635 1.05
      vertex 57.326 34.7769 1.05
    endloop
  endfacet
  facet normal 0 0 1
    outer loop
      vertex 57.326 34.7769 1.05
      vertex 57.0157 36.5635 1.05
      vertex 56.9492 34.399 1.05
    endloop
  endfacet
  facet normal -0 0 1
    outer loop
      vertex 60.854 33.4468 1.05
      vertex 63.6328 33.0033 1.05
      vertex 63.5613 33.9705 1.05
    endloop
  endfacet
  facet normal 0 0 1
    outer loop
      vertex 60.854 33.4468 1.05
      vertex 63.5613 33.9705 1.05
      vertex 63.3468 34.8309 1.05
    endloop
  endfacet
  facet normal 0 0 1
    outer loop
      vertex 63.6328 33.0033 1.05
      vertex 60.8891 32.9463 1.05
      vertex 63.55 31.9943 1.05
    endloop
  endfacet
  facet normal 0 0 1
    outer loop
      vertex 60.854 33.4468 1.05
      vertex 63.3468 34.8309 1.05
      vertex 62.9892 35.5844 1.05
    endloop
  endfacet
  facet normal -0 0 1
    outer loop
      vertex 60.852 32.3833 1.05
      vertex 63.55 31.9943 1.05
      vertex 60.8891 32.9463 1.05
    endloop
  endfacet
  facet normal 0 0 1
    outer loop
      vertex 60.854 33.4468 1.05
      vertex 62.9892 35.5844 1.05
      vertex 62.4887 36.2311 1.05
    endloop
  endfacet
  facet normal 0 0 1
    outer loop
      vertex 63.55 31.9943 1.05
      vertex 60.852 32.3833 1.05
      vertex 63.3017 31.0939 1.05
    endloop
  endfacet
  facet normal 0 0 1
    outer loop
      vertex 60.854 33.4468 1.05
      vertex 62.4887 36.2311 1.05
      vertex 61.869 36.7504 1.05
    endloop
  endfacet
  facet normal -0 0 1
    outer loop
      vertex 60.7407 31.8902 1.05
      vertex 63.3017 31.0939 1.05
      vertex 60.852 32.3833 1.05
    endloop
  endfacet
  facet normal 0 0 1
    outer loop
      vertex 60.021 34.9076 1.05
      vertex 61.869 36.7504 1.05
      vertex 61.1537 37.1212 1.05
    endloop
  endfacet
  facet normal 0 0 1
    outer loop
      vertex 63.3017 31.0939 1.05
      vertex 60.7407 31.8902 1.05
      vertex 62.8878 30.3021 1.05
    endloop
  endfacet
  facet normal -0 0 1
    outer loop
      vertex 60.5553 31.4671 1.05
      vertex 62.8878 30.3021 1.05
      vertex 60.7407 31.8902 1.05
    endloop
  endfacet
  facet normal 0 0 1
    outer loop
      vertex 62.8878 30.3021 1.05
      vertex 60.5553 31.4671 1.05
      vertex 62.3084 29.6188 1.05
    endloop
  endfacet
  facet normal -0 0 1
    outer loop
      vertex 60.2957 31.114 1.05
      vertex 62.3084 29.6188 1.05
      vertex 60.5553 31.4671 1.05
    endloop
  endfacet
  facet normal 0 0 1
    outer loop
      vertex 62.3084 29.6188 1.05
      vertex 60.2957 31.114 1.05
      vertex 61.5848 29.0685 1.05
    endloop
  endfacet
  facet normal -0 0 1
    outer loop
      vertex 59.9739 30.8358 1.05
      vertex 61.5848 29.0685 1.05
      vertex 60.2957 31.114 1.05
    endloop
  endfacet
  facet normal 0 0 1
    outer loop
      vertex 61.5848 29.0685 1.05
      vertex 59.9739 30.8358 1.05
      vertex 60.7384 28.6754 1.05
    endloop
  endfacet
  facet normal -0 0 1
    outer loop
      vertex 59.6015 30.637 1.05
      vertex 60.7384 28.6754 1.05
      vertex 59.9739 30.8358 1.05
    endloop
  endfacet
  facet normal 0 0 1
    outer loop
      vertex 60.7384 28.6754 1.05
      vertex 59.6015 30.637 1.05
      vertex 59.7691 28.4395 1.05
    endloop
  endfacet
  facet normal -0 0 1
    outer loop
      vertex 59.1787 30.5178 1.05
      vertex 59.7691 28.4395 1.05
      vertex 59.6015 30.637 1.05
    endloop
  endfacet
  facet normal 0 0 1
    outer loop
      vertex 58.6771 28.3609 1.05
      vertex 59.1787 30.5178 1.05
      vertex 58.7055 30.478 1.05
    endloop
  endfacet
  facet normal 0 0 1
    outer loop
      vertex 59.1787 30.5178 1.05
      vertex 58.6771 28.3609 1.05
      vertex 59.7691 28.4395 1.05
    endloop
  endfacet
  facet normal 0 0 1
    outer loop
      vertex 58.3192 30.5023 1.05
      vertex 58.6771 28.3609 1.05
      vertex 58.7055 30.478 1.05
    endloop
  endfacet
  facet normal 0 0 1
    outer loop
      vertex 57.7209 28.4176 1.05
      vertex 58.3192 30.5023 1.05
      vertex 57.9673 30.5753 1.05
    endloop
  endfacet
  facet normal 0 0 1
    outer loop
      vertex 58.3192 30.5023 1.05
      vertex 57.7209 28.4176 1.05
      vertex 58.6771 28.3609 1.05
    endloop
  endfacet
  facet normal 0 0 1
    outer loop
      vertex 56.865 28.5876 1.05
      vertex 57.9673 30.5753 1.05
      vertex 57.6499 30.6969 1.05
    endloop
  endfacet
  facet normal 0 0 1
    outer loop
      vertex 56.865 28.5876 1.05
      vertex 57.6499 30.6969 1.05
      vertex 57.3668 30.8672 1.05
    endloop
  endfacet
  facet normal 0 0 1
    outer loop
      vertex 56.1093 28.8709 1.05
      vertex 57.3668 30.8672 1.05
      vertex 57.1212 31.0909 1.05
    endloop
  endfacet
  facet normal 0 0 1
    outer loop
      vertex 54.9066 29.7716 1.05
      vertex 57.1212 31.0909 1.05
      vertex 56.9159 31.3728 1.05
    endloop
  endfacet
  facet normal 0 0 1
    outer loop
      vertex 57.9673 30.5753 1.05
      vertex 56.865 28.5876 1.05
      vertex 57.7209 28.4176 1.05
    endloop
  endfacet
  facet normal 0 0 1
    outer loop
      vertex 54.4749 30.3771 1.05
      vertex 56.9159 31.3728 1.05
      vertex 56.751 31.7128 1.05
    endloop
  endfacet
  facet normal 0 0 1
    outer loop
      vertex 54.1589 31.0841 1.05
      vertex 56.751 31.7128 1.05
      vertex 56.6265 32.111 1.05
    endloop
  endfacet
  facet normal 0 0 1
    outer loop
      vertex 57.3668 30.8672 1.05
      vertex 56.1093 28.8709 1.05
      vertex 56.865 28.5876 1.05
    endloop
  endfacet
  facet normal 0 0 1
    outer loop
      vertex 57.1212 31.0909 1.05
      vertex 55.454 29.2676 1.05
      vertex 56.1093 28.8709 1.05
    endloop
  endfacet
  facet normal 0 0 1
    outer loop
      vertex 57.1212 31.0909 1.05
      vertex 54.9066 29.7716 1.05
      vertex 55.454 29.2676 1.05
    endloop
  endfacet
  facet normal 0 0 1
    outer loop
      vertex 56.9159 31.3728 1.05
      vertex 54.4749 30.3771 1.05
      vertex 54.9066 29.7716 1.05
    endloop
  endfacet
  facet normal 0 0 1
    outer loop
      vertex 56.751 31.7128 1.05
      vertex 54.1589 31.0841 1.05
      vertex 54.4749 30.3771 1.05
    endloop
  endfacet
  facet normal 0 -0 1
    outer loop
      vertex 54.1589 31.0841 1.05
      vertex 56.6265 32.111 1.05
      vertex 53.9586 31.8926 1.05
    endloop
  endfacet
  facet normal 0 -1 0
    outer loop
      vertex 25.5048 30.7439 1.05
      vertex 31.7138 30.7439 1.6
      vertex 25.5048 30.7439 1.6
    endloop
  endfacet
  facet normal 0 -1 -0
    outer loop
      vertex 31.7138 30.7439 1.6
      vertex 25.5048 30.7439 1.05
      vertex 31.7138 30.7439 1.05
    endloop
  endfacet
  facet normal -0.89619 0.44367 0
    outer loop
      vertex 25.5048 30.7439 1.05
      vertex 25.6552 31.0477 1.6
      vertex 25.6552 31.0477 1.05
    endloop
  endfacet
  facet normal -0.89619 0.44367 0
    outer loop
      vertex 25.6552 31.0477 1.6
      vertex 25.5048 30.7439 1.05
      vertex 25.5048 30.7439 1.6
    endloop
  endfacet
  facet normal -0.846103 0.533019 0
    outer loop
      vertex 25.6552 31.0477 1.05
      vertex 25.8406 31.342 1.6
      vertex 25.8406 31.342 1.05
    endloop
  endfacet
  facet normal -0.846103 0.533019 0
    outer loop
      vertex 25.8406 31.342 1.6
      vertex 25.6552 31.0477 1.05
      vertex 25.6552 31.0477 1.6
    endloop
  endfacet
  facet normal -0.790711 0.61219 0
    outer loop
      vertex 25.8406 31.342 1.05
      vertex 26.0611 31.6268 1.6
      vertex 26.0611 31.6268 1.05
    endloop
  endfacet
  facet normal -0.790711 0.61219 0
    outer loop
      vertex 26.0611 31.6268 1.6
      vertex 25.8406 31.342 1.05
      vertex 25.8406 31.342 1.6
    endloop
  endfacet
  facet normal -0.733106 0.680114 0
    outer loop
      vertex 26.0611 31.6268 1.05
      vertex 26.3165 31.9021 1.6
      vertex 26.3165 31.9021 1.05
    endloop
  endfacet
  facet normal -0.733106 0.680114 0
    outer loop
      vertex 26.3165 31.9021 1.6
      vertex 26.0611 31.6268 1.05
      vertex 26.0611 31.6268 1.6
    endloop
  endfacet
  facet normal -0.693489 0.720468 0
    outer loop
      vertex 26.5969 32.172 1.05
      vertex 26.3165 31.9021 1.6
      vertex 26.5969 32.172 1.6
    endloop
  endfacet
  facet normal -0.693489 0.720468 0
    outer loop
      vertex 26.3165 31.9021 1.6
      vertex 26.5969 32.172 1.05
      vertex 26.3165 31.9021 1.05
    endloop
  endfacet
  facet normal -0.673271 0.739396 0
    outer loop
      vertex 26.8921 32.4408 1.05
      vertex 26.5969 32.172 1.6
      vertex 26.8921 32.4408 1.6
    endloop
  endfacet
  facet normal -0.673271 0.739396 0
    outer loop
      vertex 26.5969 32.172 1.6
      vertex 26.8921 32.4408 1.05
      vertex 26.5969 32.172 1.05
    endloop
  endfacet
  facet normal -0.653442 0.756977 0
    outer loop
      vertex 27.2021 32.7084 1.05
      vertex 26.8921 32.4408 1.6
      vertex 27.2021 32.7084 1.6
    endloop
  endfacet
  facet normal -0.653442 0.756977 0
    outer loop
      vertex 26.8921 32.4408 1.6
      vertex 27.2021 32.7084 1.05
      vertex 26.8921 32.4408 1.05
    endloop
  endfacet
  facet normal -0.634054 0.773289 0
    outer loop
      vertex 27.527 32.9748 1.05
      vertex 27.2021 32.7084 1.6
      vertex 27.527 32.9748 1.6
    endloop
  endfacet
  facet normal -0.634054 0.773289 0
    outer loop
      vertex 27.2021 32.7084 1.6
      vertex 27.527 32.9748 1.05
      vertex 27.2021 32.7084 1.05
    endloop
  endfacet
  facet normal -0.62424 0.781233 0
    outer loop
      vertex 27.8619 33.2424 1.05
      vertex 27.527 32.9748 1.6
      vertex 27.8619 33.2424 1.6
    endloop
  endfacet
  facet normal -0.62424 0.781233 0
    outer loop
      vertex 27.527 32.9748 1.6
      vertex 27.8619 33.2424 1.05
      vertex 27.527 32.9748 1.05
    endloop
  endfacet
  facet normal -0.623237 0.782033 0
    outer loop
      vertex 28.2022 33.5136 1.05
      vertex 27.8619 33.2424 1.6
      vertex 28.2022 33.5136 1.6
    endloop
  endfacet
  facet normal -0.623237 0.782033 0
    outer loop
      vertex 27.8619 33.2424 1.6
      vertex 28.2022 33.5136 1.05
      vertex 27.8619 33.2424 1.05
    endloop
  endfacet
  facet normal -0.622233 0.782832 0
    outer loop
      vertex 28.5478 33.7883 1.05
      vertex 28.2022 33.5136 1.6
      vertex 28.5478 33.7883 1.6
    endloop
  endfacet
  facet normal -0.622233 0.782832 0
    outer loop
      vertex 28.2022 33.5136 1.6
      vertex 28.5478 33.7883 1.05
      vertex 28.2022 33.5136 1.05
    endloop
  endfacet
  facet normal -0.621286 0.783584 0
    outer loop
      vertex 28.8988 34.0666 1.05
      vertex 28.5478 33.7883 1.6
      vertex 28.8988 34.0666 1.6
    endloop
  endfacet
  facet normal -0.621286 0.783584 0
    outer loop
      vertex 28.5478 33.7883 1.6
      vertex 28.8988 34.0666 1.05
      vertex 28.5478 33.7883 1.05
    endloop
  endfacet
  facet normal -0.636356 0.771395 0
    outer loop
      vertex 29.2444 34.3517 1.05
      vertex 28.8988 34.0666 1.6
      vertex 29.2444 34.3517 1.6
    endloop
  endfacet
  facet normal -0.636356 0.771395 0
    outer loop
      vertex 28.8988 34.0666 1.6
      vertex 29.2444 34.3517 1.05
      vertex 28.8988 34.0666 1.05
    endloop
  endfacet
  facet normal -0.667052 0.745011 0
    outer loop
      vertex 29.5741 34.6469 1.05
      vertex 29.2444 34.3517 1.6
      vertex 29.5741 34.6469 1.6
    endloop
  endfacet
  facet normal -0.667052 0.745011 0
    outer loop
      vertex 29.2444 34.3517 1.6
      vertex 29.5741 34.6469 1.05
      vertex 29.2444 34.3517 1.05
    endloop
  endfacet
  facet normal -0.697561 0.716525 0
    outer loop
      vertex 29.8877 34.9522 1.05
      vertex 29.5741 34.6469 1.6
      vertex 29.8877 34.9522 1.6
    endloop
  endfacet
  facet normal -0.697561 0.716525 0
    outer loop
      vertex 29.5741 34.6469 1.6
      vertex 29.8877 34.9522 1.05
      vertex 29.5741 34.6469 1.05
    endloop
  endfacet
  facet normal -0.727224 0.6864 0
    outer loop
      vertex 29.8877 34.9522 1.05
      vertex 30.1853 35.2675 1.6
      vertex 30.1853 35.2675 1.05
    endloop
  endfacet
  facet normal -0.727224 0.6864 0
    outer loop
      vertex 30.1853 35.2675 1.6
      vertex 29.8877 34.9522 1.05
      vertex 29.8877 34.9522 1.6
    endloop
  endfacet
  facet normal -0.764482 0.644645 0
    outer loop
      vertex 30.1853 35.2675 1.05
      vertex 30.4618 35.5954 1.6
      vertex 30.4618 35.5954 1.05
    endloop
  endfacet
  facet normal -0.764482 0.644645 0
    outer loop
      vertex 30.4618 35.5954 1.6
      vertex 30.1853 35.2675 1.05
      vertex 30.1853 35.2675 1.6
    endloop
  endfacet
  facet normal -0.80743 0.589963 0
    outer loop
      vertex 30.4618 35.5954 1.05
      vertex 30.7122 35.9381 1.6
      vertex 30.7122 35.9381 1.05
    endloop
  endfacet
  facet normal -0.80743 0.589963 0
    outer loop
      vertex 30.7122 35.9381 1.6
      vertex 30.4618 35.5954 1.05
      vertex 30.4618 35.5954 1.6
    endloop
  endfacet
  facet normal -0.847079 0.531468 0
    outer loop
      vertex 30.7122 35.9381 1.05
      vertex 30.9365 36.2956 1.6
      vertex 30.9365 36.2956 1.05
    endloop
  endfacet
  facet normal -0.847079 0.531468 0
    outer loop
      vertex 30.9365 36.2956 1.6
      vertex 30.7122 35.9381 1.05
      vertex 30.7122 35.9381 1.6
    endloop
  endfacet
  facet normal -0.882805 0.469739 0
    outer loop
      vertex 30.9365 36.2956 1.05
      vertex 31.1346 36.6679 1.6
      vertex 31.1346 36.6679 1.05
    endloop
  endfacet
  facet normal -0.882805 0.469739 0
    outer loop
      vertex 31.1346 36.6679 1.6
      vertex 30.9365 36.2956 1.05
      vertex 30.9365 36.2956 1.6
    endloop
  endfacet
  facet normal -0.923879 0.382686 0
    outer loop
      vertex 31.1346 36.6679 1.05
      vertex 31.2966 37.059 1.6
      vertex 31.2966 37.059 1.05
    endloop
  endfacet
  facet normal -0.923879 0.382686 0
    outer loop
      vertex 31.2966 37.059 1.6
      vertex 31.1346 36.6679 1.05
      vertex 31.1346 36.6679 1.6
    endloop
  endfacet
  facet normal -0.963012 0.269457 0
    outer loop
      vertex 31.2966 37.059 1.05
      vertex 31.4123 37.4725 1.6
      vertex 31.4123 37.4725 1.05
    endloop
  endfacet
  facet normal -0.963012 0.269457 0
    outer loop
      vertex 31.4123 37.4725 1.6
      vertex 31.2966 37.059 1.05
      vertex 31.2966 37.059 1.6
    endloop
  endfacet
  facet normal -0.987538 0.157381 0
    outer loop
      vertex 31.4123 37.4725 1.05
      vertex 31.4818 37.9086 1.6
      vertex 31.4818 37.9086 1.05
    endloop
  endfacet
  facet normal -0.987538 0.157381 0
    outer loop
      vertex 31.4818 37.9086 1.6
      vertex 31.4123 37.4725 1.05
      vertex 31.4123 37.4725 1.6
    endloop
  endfacet
  facet normal -0.998734 0.050296 0
    outer loop
      vertex 31.4818 37.9086 1.05
      vertex 31.5049 38.3673 1.6
      vertex 31.5049 38.3673 1.05
    endloop
  endfacet
  facet normal -0.998734 0.050296 0
    outer loop
      vertex 31.5049 38.3673 1.6
      vertex 31.4818 37.9086 1.05
      vertex 31.4818 37.9086 1.6
    endloop
  endfacet
  facet normal -0.996328 -0.0856192 0
    outer loop
      vertex 31.5049 38.3673 1.05
      vertex 31.4325 39.2098 1.6
      vertex 31.4325 39.2098 1.05
    endloop
  endfacet
  facet normal -0.996328 -0.0856192 0
    outer loop
      vertex 31.4325 39.2098 1.6
      vertex 31.5049 38.3673 1.05
      vertex 31.5049 38.3673 1.6
    endloop
  endfacet
  facet normal -0.959854 -0.280501 0
    outer loop
      vertex 31.4325 39.2098 1.05
      vertex 31.2154 39.9527 1.6
      vertex 31.2154 39.9527 1.05
    endloop
  endfacet
  facet normal -0.959854 -0.280501 0
    outer loop
      vertex 31.2154 39.9527 1.6
      vertex 31.4325 39.2098 1.05
      vertex 31.4325 39.2098 1.6
    endloop
  endfacet
  facet normal -0.87146 -0.490467 0
    outer loop
      vertex 31.2154 39.9527 1.05
      vertex 30.8534 40.5959 1.6
      vertex 30.8534 40.5959 1.05
    endloop
  endfacet
  facet normal -0.87146 -0.490467 0
    outer loop
      vertex 30.8534 40.5959 1.6
      vertex 31.2154 39.9527 1.05
      vertex 31.2154 39.9527 1.6
    endloop
  endfacet
  facet normal -0.731436 -0.681911 0
    outer loop
      vertex 30.8534 40.5959 1.05
      vertex 30.3467 41.1394 1.6
      vertex 30.3467 41.1394 1.05
    endloop
  endfacet
  facet normal -0.731436 -0.681911 0
    outer loop
      vertex 30.3467 41.1394 1.6
      vertex 30.8534 40.5959 1.05
      vertex 30.8534 40.5959 1.6
    endloop
  endfacet
  facet normal -0.558274 -0.829657 0
    outer loop
      vertex 29.7047 41.5714 1.05
      vertex 30.3467 41.1394 1.6
      vertex 29.7047 41.5714 1.6
    endloop
  endfacet
  facet normal -0.558274 -0.829657 -0
    outer loop
      vertex 30.3467 41.1394 1.6
      vertex 29.7047 41.5714 1.05
      vertex 30.3467 41.1394 1.05
    endloop
  endfacet
  facet normal -0.372932 -0.927859 0
    outer loop
      vertex 28.9369 41.88 1.05
      vertex 29.7047 41.5714 1.6
      vertex 28.9369 41.88 1.6
    endloop
  endfacet
  facet normal -0.372932 -0.927859 -0
    outer loop
      vertex 29.7047 41.5714 1.6
      vertex 28.9369 41.88 1.05
      vertex 29.7047 41.5714 1.05
    endloop
  endfacet
  facet normal -0.202812 -0.979218 0
    outer loop
      vertex 28.0432 42.0651 1.05
      vertex 28.9369 41.88 1.6
      vertex 28.0432 42.0651 1.6
    endloop
  endfacet
  facet normal -0.202812 -0.979218 -0
    outer loop
      vertex 28.9369 41.88 1.6
      vertex 28.0432 42.0651 1.05
      vertex 28.9369 41.88 1.05
    endloop
  endfacet
  facet normal -0.0604152 -0.998173 0
    outer loop
      vertex 27.0238 42.1268 1.05
      vertex 28.0432 42.0651 1.6
      vertex 27.0238 42.1268 1.6
    endloop
  endfacet
  facet normal -0.0604152 -0.998173 -0
    outer loop
      vertex 28.0432 42.0651 1.6
      vertex 27.0238 42.1268 1.05
      vertex 28.0432 42.0651 1.05
    endloop
  endfacet
  facet normal 0.0642438 -0.997934 0
    outer loop
      vertex 26.0747 42.0657 1.05
      vertex 27.0238 42.1268 1.6
      vertex 26.0747 42.0657 1.6
    endloop
  endfacet
  facet normal 0.0642438 -0.997934 0
    outer loop
      vertex 27.0238 42.1268 1.6
      vertex 26.0747 42.0657 1.05
      vertex 27.0238 42.1268 1.05
    endloop
  endfacet
  facet normal 0.212343 -0.977195 0
    outer loop
      vertex 25.2307 41.8823 1.05
      vertex 26.0747 42.0657 1.6
      vertex 25.2307 41.8823 1.6
    endloop
  endfacet
  facet normal 0.212343 -0.977195 0
    outer loop
      vertex 26.0747 42.0657 1.6
      vertex 25.2307 41.8823 1.05
      vertex 26.0747 42.0657 1.05
    endloop
  endfacet
  facet normal 0.382146 -0.924102 0
    outer loop
      vertex 24.4917 41.5767 1.05
      vertex 25.2307 41.8823 1.6
      vertex 24.4917 41.5767 1.6
    endloop
  endfacet
  facet normal 0.382146 -0.924102 0
    outer loop
      vertex 25.2307 41.8823 1.6
      vertex 24.4917 41.5767 1.05
      vertex 25.2307 41.8823 1.05
    endloop
  endfacet
  facet normal 0.559338 -0.82894 0
    outer loop
      vertex 23.8577 41.1489 1.05
      vertex 24.4917 41.5767 1.6
      vertex 23.8577 41.1489 1.6
    endloop
  endfacet
  facet normal 0.559338 -0.82894 0
    outer loop
      vertex 24.4917 41.5767 1.6
      vertex 23.8577 41.1489 1.05
      vertex 24.4917 41.5767 1.05
    endloop
  endfacet
  facet normal 0.720884 -0.693056 0
    outer loop
      vertex 23.3347 40.6049 1.6
      vertex 23.8577 41.1489 1.05
      vertex 23.8577 41.1489 1.6
    endloop
  endfacet
  facet normal 0.720884 -0.693056 0
    outer loop
      vertex 23.8577 41.1489 1.05
      vertex 23.3347 40.6049 1.6
      vertex 23.3347 40.6049 1.05
    endloop
  endfacet
  facet normal 0.849664 -0.527324 0
    outer loop
      vertex 22.9285 39.9504 1.6
      vertex 23.3347 40.6049 1.05
      vertex 23.3347 40.6049 1.6
    endloop
  endfacet
  facet normal 0.849664 -0.527324 0
    outer loop
      vertex 23.3347 40.6049 1.05
      vertex 22.9285 39.9504 1.6
      vertex 22.9285 39.9504 1.05
    endloop
  endfacet
  facet normal 0.935335 -0.353762 0
    outer loop
      vertex 22.6392 39.1855 1.6
      vertex 22.9285 39.9504 1.05
      vertex 22.9285 39.9504 1.6
    endloop
  endfacet
  facet normal 0.935335 -0.353762 0
    outer loop
      vertex 22.9285 39.9504 1.05
      vertex 22.6392 39.1855 1.6
      vertex 22.6392 39.1855 1.05
    endloop
  endfacet
  facet normal 0.981146 -0.19327 0
    outer loop
      vertex 22.4668 38.3103 1.6
      vertex 22.6392 39.1855 1.05
      vertex 22.6392 39.1855 1.6
    endloop
  endfacet
  facet normal 0.981146 -0.19327 0
    outer loop
      vertex 22.6392 39.1855 1.05
      vertex 22.4668 38.3103 1.6
      vertex 22.4668 38.3103 1.05
    endloop
  endfacet
  facet normal 0.0564476 0.998406 -0
    outer loop
      vertex 25.1535 38.1584 1.05
      vertex 22.4668 38.3103 1.6
      vertex 25.1535 38.1584 1.6
    endloop
  endfacet
  facet normal 0.0564476 0.998406 0
    outer loop
      vertex 22.4668 38.3103 1.6
      vertex 25.1535 38.1584 1.05
      vertex 22.4668 38.3103 1.05
    endloop
  endfacet
  facet normal -0.980554 0.196247 0
    outer loop
      vertex 25.1535 38.1584 1.05
      vertex 25.2399 38.5901 1.6
      vertex 25.2399 38.5901 1.05
    endloop
  endfacet
  facet normal -0.980554 0.196247 0
    outer loop
      vertex 25.2399 38.5901 1.6
      vertex 25.1535 38.1584 1.05
      vertex 25.1535 38.1584 1.6
    endloop
  endfacet
  facet normal -0.947614 0.319418 0
    outer loop
      vertex 25.2399 38.5901 1.05
      vertex 25.366 38.9642 1.6
      vertex 25.366 38.9642 1.05
    endloop
  endfacet
  facet normal -0.947614 0.319418 0
    outer loop
      vertex 25.366 38.9642 1.6
      vertex 25.2399 38.5901 1.05
      vertex 25.2399 38.5901 1.6
    endloop
  endfacet
  facet normal -0.88576 0.464143 0
    outer loop
      vertex 25.366 38.9642 1.05
      vertex 25.5319 39.2808 1.6
      vertex 25.5319 39.2808 1.05
    endloop
  endfacet
  facet normal -0.88576 0.464143 0
    outer loop
      vertex 25.5319 39.2808 1.6
      vertex 25.366 38.9642 1.05
      vertex 25.366 38.9642 1.6
    endloop
  endfacet
  facet normal -0.783223 0.62174 0
    outer loop
      vertex 25.5319 39.2808 1.05
      vertex 25.7375 39.5398 1.6
      vertex 25.7375 39.5398 1.05
    endloop
  endfacet
  facet normal -0.783223 0.62174 0
    outer loop
      vertex 25.7375 39.5398 1.6
      vertex 25.5319 39.2808 1.05
      vertex 25.5319 39.2808 1.6
    endloop
  endfacet
  facet normal -0.626287 0.779593 0
    outer loop
      vertex 25.9882 39.7412 1.05
      vertex 25.7375 39.5398 1.6
      vertex 25.9882 39.7412 1.6
    endloop
  endfacet
  facet normal -0.626287 0.779593 0
    outer loop
      vertex 25.7375 39.5398 1.6
      vertex 25.9882 39.7412 1.05
      vertex 25.7375 39.5398 1.05
    endloop
  endfacet
  facet normal -0.431201 0.902256 0
    outer loop
      vertex 26.2893 39.8851 1.05
      vertex 25.9882 39.7412 1.6
      vertex 26.2893 39.8851 1.6
    endloop
  endfacet
  facet normal -0.431201 0.902256 0
    outer loop
      vertex 25.9882 39.7412 1.6
      vertex 26.2893 39.8851 1.05
      vertex 25.9882 39.7412 1.05
    endloop
  endfacet
  facet normal -0.238438 0.971158 0
    outer loop
      vertex 26.6408 39.9714 1.05
      vertex 26.2893 39.8851 1.6
      vertex 26.6408 39.9714 1.6
    endloop
  endfacet
  facet normal -0.238438 0.971158 0
    outer loop
      vertex 26.2893 39.8851 1.6
      vertex 26.6408 39.9714 1.05
      vertex 26.2893 39.8851 1.05
    endloop
  endfacet
  facet normal -0.0714586 0.997444 0
    outer loop
      vertex 27.0428 40.0002 1.05
      vertex 26.6408 39.9714 1.6
      vertex 27.0428 40.0002 1.6
    endloop
  endfacet
  facet normal -0.0714586 0.997444 0
    outer loop
      vertex 26.6408 39.9714 1.6
      vertex 27.0428 40.0002 1.05
      vertex 26.6408 39.9714 1.05
    endloop
  endfacet
  facet normal 0.1407 0.990052 -0
    outer loop
      vertex 27.8112 39.891 1.05
      vertex 27.0428 40.0002 1.6
      vertex 27.8112 39.891 1.6
    endloop
  endfacet
  facet normal 0.1407 0.990052 0
    outer loop
      vertex 27.0428 40.0002 1.6
      vertex 27.8112 39.891 1.05
      vertex 27.0428 40.0002 1.05
    endloop
  endfacet
  facet normal 0.512377 0.85876 -0
    outer loop
      vertex 28.3601 39.5635 1.05
      vertex 27.8112 39.891 1.6
      vertex 28.3601 39.5635 1.6
    endloop
  endfacet
  facet normal 0.512377 0.85876 0
    outer loop
      vertex 27.8112 39.891 1.6
      vertex 28.3601 39.5635 1.05
      vertex 27.8112 39.891 1.05
    endloop
  endfacet
  facet normal 0.856273 0.516524 0
    outer loop
      vertex 28.6894 39.0176 1.6
      vertex 28.3601 39.5635 1.05
      vertex 28.3601 39.5635 1.6
    endloop
  endfacet
  facet normal 0.856273 0.516524 0
    outer loop
      vertex 28.3601 39.5635 1.05
      vertex 28.6894 39.0176 1.6
      vertex 28.6894 39.0176 1.05
    endloop
  endfacet
  facet normal 0.989856 0.142074 0
    outer loop
      vertex 28.7991 38.2533 1.6
      vertex 28.6894 39.0176 1.05
      vertex 28.6894 39.0176 1.6
    endloop
  endfacet
  facet normal 0.989856 0.142074 0
    outer loop
      vertex 28.6894 39.0176 1.05
      vertex 28.7991 38.2533 1.6
      vertex 28.7991 38.2533 1.05
    endloop
  endfacet
  facet normal 0.995168 -0.0981818 0
    outer loop
      vertex 28.7638 37.8955 1.6
      vertex 28.7991 38.2533 1.05
      vertex 28.7991 38.2533 1.6
    endloop
  endfacet
  facet normal 0.995168 -0.0981818 0
    outer loop
      vertex 28.7991 38.2533 1.05
      vertex 28.7638 37.8955 1.6
      vertex 28.7638 37.8955 1.05
    endloop
  endfacet
  facet normal 0.959627 -0.281275 0
    outer loop
      vertex 28.6579 37.5342 1.6
      vertex 28.7638 37.8955 1.05
      vertex 28.7638 37.8955 1.6
    endloop
  endfacet
  facet normal 0.959627 -0.281275 0
    outer loop
      vertex 28.7638 37.8955 1.05
      vertex 28.6579 37.5342 1.6
      vertex 28.6579 37.5342 1.05
    endloop
  endfacet
  facet normal 0.900222 -0.435432 0
    outer loop
      vertex 28.4814 37.1693 1.6
      vertex 28.6579 37.5342 1.05
      vertex 28.6579 37.5342 1.6
    endloop
  endfacet
  facet normal 0.900222 -0.435432 0
    outer loop
      vertex 28.6579 37.5342 1.05
      vertex 28.4814 37.1693 1.6
      vertex 28.4814 37.1693 1.05
    endloop
  endfacet
  facet normal 0.830452 -0.55709 0
    outer loop
      vertex 28.2342 36.8008 1.6
      vertex 28.4814 37.1693 1.05
      vertex 28.4814 37.1693 1.6
    endloop
  endfacet
  facet normal 0.830452 -0.55709 0
    outer loop
      vertex 28.4814 37.1693 1.05
      vertex 28.2342 36.8008 1.6
      vertex 28.2342 36.8008 1.05
    endloop
  endfacet
  facet normal 0.76291 -0.646505 0
    outer loop
      vertex 27.8993 36.4056 1.6
      vertex 28.2342 36.8008 1.05
      vertex 28.2342 36.8008 1.6
    endloop
  endfacet
  facet normal 0.76291 -0.646505 0
    outer loop
      vertex 28.2342 36.8008 1.05
      vertex 27.8993 36.4056 1.6
      vertex 27.8993 36.4056 1.05
    endloop
  endfacet
  facet normal 0.71117 -0.70302 0
    outer loop
      vertex 27.4594 35.9606 1.6
      vertex 27.8993 36.4056 1.05
      vertex 27.8993 36.4056 1.6
    endloop
  endfacet
  facet normal 0.71117 -0.70302 0
    outer loop
      vertex 27.8993 36.4056 1.05
      vertex 27.4594 35.9606 1.6
      vertex 27.4594 35.9606 1.05
    endloop
  endfacet
  facet normal 0.672186 -0.740383 0
    outer loop
      vertex 26.9144 35.4658 1.05
      vertex 27.4594 35.9606 1.6
      vertex 26.9144 35.4658 1.6
    endloop
  endfacet
  facet normal 0.672186 -0.740383 0
    outer loop
      vertex 27.4594 35.9606 1.6
      vertex 26.9144 35.4658 1.05
      vertex 27.4594 35.9606 1.05
    endloop
  endfacet
  facet normal 0.642304 -0.76645 0
    outer loop
      vertex 26.2643 34.921 1.05
      vertex 26.9144 35.4658 1.6
      vertex 26.2643 34.921 1.6
    endloop
  endfacet
  facet normal 0.642304 -0.76645 0
    outer loop
      vertex 26.9144 35.4658 1.6
      vertex 26.2643 34.921 1.05
      vertex 26.9144 35.4658 1.05
    endloop
  endfacet
  facet normal 0.642861 -0.765983 0
    outer loop
      vertex 25.5644 34.3336 1.05
      vertex 26.2643 34.921 1.6
      vertex 25.5644 34.3336 1.6
    endloop
  endfacet
  facet normal 0.642861 -0.765983 0
    outer loop
      vertex 26.2643 34.921 1.6
      vertex 25.5644 34.3336 1.05
      vertex 26.2643 34.921 1.05
    endloop
  endfacet
  facet normal 0.67009 -0.74228 0
    outer loop
      vertex 24.9269 33.7581 1.05
      vertex 25.5644 34.3336 1.6
      vertex 24.9269 33.7581 1.6
    endloop
  endfacet
  facet normal 0.67009 -0.74228 0
    outer loop
      vertex 25.5644 34.3336 1.6
      vertex 24.9269 33.7581 1.05
      vertex 25.5644 34.3336 1.05
    endloop
  endfacet
  facet normal 0.699869 -0.714271 0
    outer loop
      vertex 24.3516 33.1944 1.05
      vertex 24.9269 33.7581 1.6
      vertex 24.3516 33.1944 1.6
    endloop
  endfacet
  facet normal 0.699869 -0.714271 0
    outer loop
      vertex 24.9269 33.7581 1.6
      vertex 24.3516 33.1944 1.05
      vertex 24.9269 33.7581 1.05
    endloop
  endfacet
  facet normal 0.732448 -0.680823 0
    outer loop
      vertex 23.8386 32.6425 1.6
      vertex 24.3516 33.1944 1.05
      vertex 24.3516 33.1944 1.6
    endloop
  endfacet
  facet normal 0.732448 -0.680823 0
    outer loop
      vertex 24.3516 33.1944 1.05
      vertex 23.8386 32.6425 1.6
      vertex 23.8386 32.6425 1.05
    endloop
  endfacet
  facet normal 0.770722 -0.637171 0
    outer loop
      vertex 23.3844 32.0931 1.6
      vertex 23.8386 32.6425 1.05
      vertex 23.8386 32.6425 1.6
    endloop
  endfacet
  facet normal 0.770722 -0.637171 0
    outer loop
      vertex 23.8386 32.6425 1.05
      vertex 23.3844 32.0931 1.6
      vertex 23.3844 32.0931 1.05
    endloop
  endfacet
  facet normal 0.812746 -0.582619 0
    outer loop
      vertex 22.9854 31.5365 1.6
      vertex 23.3844 32.0931 1.05
      vertex 23.3844 32.0931 1.6
    endloop
  endfacet
  facet normal 0.812746 -0.582619 0
    outer loop
      vertex 23.3844 32.0931 1.05
      vertex 22.9854 31.5365 1.6
      vertex 22.9854 31.5365 1.05
    endloop
  endfacet
  facet normal 0.853742 -0.520696 0
    outer loop
      vertex 22.6416 30.9728 1.6
      vertex 22.9854 31.5365 1.05
      vertex 22.9854 31.5365 1.6
    endloop
  endfacet
  facet normal 0.853742 -0.520696 0
    outer loop
      vertex 22.9854 31.5365 1.05
      vertex 22.6416 30.9728 1.6
      vertex 22.6416 30.9728 1.05
    endloop
  endfacet
  facet normal 0.892417 -0.451212 0
    outer loop
      vertex 22.353 30.402 1.6
      vertex 22.6416 30.9728 1.05
      vertex 22.6416 30.9728 1.6
    endloop
  endfacet
  facet normal 0.892417 -0.451212 0
    outer loop
      vertex 22.6416 30.9728 1.05
      vertex 22.353 30.402 1.6
      vertex 22.353 30.402 1.05
    endloop
  endfacet
  facet normal 1 -0 0
    outer loop
      vertex 22.353 28.5508 1.6
      vertex 22.353 30.402 1.05
      vertex 22.353 30.402 1.6
    endloop
  endfacet
  facet normal 1 0 0
    outer loop
      vertex 22.353 30.402 1.05
      vertex 22.353 28.5508 1.6
      vertex 22.353 28.5508 1.05
    endloop
  endfacet
  facet normal 0 1 -0
    outer loop
      vertex 31.7138 28.5508 1.05
      vertex 22.353 28.5508 1.6
      vertex 31.7138 28.5508 1.6
    endloop
  endfacet
  facet normal 0 1 0
    outer loop
      vertex 22.353 28.5508 1.6
      vertex 31.7138 28.5508 1.05
      vertex 22.353 28.5508 1.05
    endloop
  endfacet
  facet normal -1 0 0
    outer loop
      vertex 31.7138 28.5508 1.05
      vertex 31.7138 30.7439 1.6
      vertex 31.7138 30.7439 1.05
    endloop
  endfacet
  facet normal -1 -0 0
    outer loop
      vertex 31.7138 30.7439 1.6
      vertex 31.7138 28.5508 1.05
      vertex 31.7138 28.5508 1.6
    endloop
  endfacet
  facet normal -0.327485 0.944856 0
    outer loop
      vertex 39.6386 28.7976 1.05
      vertex 38.6937 28.4701 1.6
      vertex 39.6386 28.7976 1.6
    endloop
  endfacet
  facet normal -0.327485 0.944856 0
    outer loop
      vertex 38.6937 28.4701 1.6
      vertex 39.6386 28.7976 1.05
      vertex 38.6937 28.4701 1.05
    endloop
  endfacet
  facet normal -0.563843 0.825882 0
    outer loop
      vertex 40.4382 29.3435 1.05
      vertex 39.6386 28.7976 1.6
      vertex 40.4382 29.3435 1.6
    endloop
  endfacet
  facet normal -0.563843 0.825882 0
    outer loop
      vertex 39.6386 28.7976 1.6
      vertex 40.4382 29.3435 1.05
      vertex 39.6386 28.7976 1.05
    endloop
  endfacet
  facet normal -0.759713 0.650259 0
    outer loop
      vertex 40.4382 29.3435 1.05
      vertex 41.0923 30.1077 1.6
      vertex 41.0923 30.1077 1.05
    endloop
  endfacet
  facet normal -0.759713 0.650259 0
    outer loop
      vertex 41.0923 30.1077 1.6
      vertex 40.4382 29.3435 1.05
      vertex 40.4382 29.3435 1.6
    endloop
  endfacet
  facet normal -0.88676 0.462231 0
    outer loop
      vertex 41.0923 30.1077 1.05
      vertex 41.6011 31.0838 1.6
      vertex 41.6011 31.0838 1.05
    endloop
  endfacet
  facet normal -0.88676 0.462231 0
    outer loop
      vertex 41.6011 31.0838 1.6
      vertex 41.0923 30.1077 1.05
      vertex 41.0923 30.1077 1.6
    endloop
  endfacet
  facet normal -0.955781 0.29408 0
    outer loop
      vertex 41.6011 31.0838 1.05
      vertex 41.9646 32.2652 1.6
      vertex 41.9646 32.2652 1.05
    endloop
  endfacet
  facet normal -0.955781 0.29408 0
    outer loop
      vertex 41.9646 32.2652 1.6
      vertex 41.6011 31.0838 1.05
      vertex 41.6011 31.0838 1.6
    endloop
  endfacet
  facet normal -0.987867 0.1553 0
    outer loop
      vertex 41.9646 32.2652 1.05
      vertex 42.1826 33.6519 1.6
      vertex 42.1826 33.6519 1.05
    endloop
  endfacet
  facet normal -0.987867 0.1553 0
    outer loop
      vertex 42.1826 33.6519 1.6
      vertex 41.9646 32.2652 1.05
      vertex 41.9646 32.2652 1.6
    endloop
  endfacet
  facet normal -0.998959 0.0456183 0
    outer loop
      vertex 42.1826 33.6519 1.05
      vertex 42.2553 35.2439 1.6
      vertex 42.2553 35.2439 1.05
    endloop
  endfacet
  facet normal -0.998959 0.0456183 0
    outer loop
      vertex 42.2553 35.2439 1.6
      vertex 42.1826 33.6519 1.05
      vertex 42.1826 33.6519 1.6
    endloop
  endfacet
  facet normal -0.999094 -0.0425594 0
    outer loop
      vertex 42.2553 35.2439 1.05
      vertex 42.1865 36.859 1.6
      vertex 42.1865 36.859 1.05
    endloop
  endfacet
  facet normal -0.999094 -0.0425594 0
    outer loop
      vertex 42.1865 36.859 1.6
      vertex 42.2553 35.2439 1.05
      vertex 42.2553 35.2439 1.6
    endloop
  endfacet
  facet normal -0.989283 -0.146013 0
    outer loop
      vertex 42.1865 36.859 1.05
      vertex 41.98 38.2581 1.6
      vertex 41.98 38.2581 1.05
    endloop
  endfacet
  facet normal -0.989283 -0.146013 0
    outer loop
      vertex 41.98 38.2581 1.6
      vertex 42.1865 36.859 1.05
      vertex 42.1865 36.859 1.6
    endloop
  endfacet
  facet normal -0.960218 -0.279252 0
    outer loop
      vertex 41.98 38.2581 1.05
      vertex 41.6359 39.4413 1.6
      vertex 41.6359 39.4413 1.05
    endloop
  endfacet
  facet normal -0.960218 -0.279252 0
    outer loop
      vertex 41.6359 39.4413 1.6
      vertex 41.98 38.2581 1.05
      vertex 41.98 38.2581 1.6
    endloop
  endfacet
  facet normal -0.895093 -0.44588 0
    outer loop
      vertex 41.6359 39.4413 1.05
      vertex 41.1541 40.4085 1.6
      vertex 41.1541 40.4085 1.05
    endloop
  endfacet
  facet normal -0.895093 -0.44588 0
    outer loop
      vertex 41.1541 40.4085 1.6
      vertex 41.6359 39.4413 1.05
      vertex 41.6359 39.4413 1.6
    endloop
  endfacet
  facet normal -0.766371 -0.642398 0
    outer loop
      vertex 41.1541 40.4085 1.05
      vertex 40.524 41.1602 1.6
      vertex 40.524 41.1602 1.05
    endloop
  endfacet
  facet normal -0.766371 -0.642398 0
    outer loop
      vertex 40.524 41.1602 1.6
      vertex 41.1541 40.4085 1.05
      vertex 41.1541 40.4085 1.6
    endloop
  endfacet
  facet normal -0.562556 -0.826759 0
    outer loop
      vertex 39.7348 41.6972 1.05
      vertex 40.524 41.1602 1.6
      vertex 39.7348 41.6972 1.6
    endloop
  endfacet
  facet normal -0.562556 -0.826759 -0
    outer loop
      vertex 40.524 41.1602 1.6
      vertex 39.7348 41.6972 1.05
      vertex 40.524 41.1602 1.05
    endloop
  endfacet
  facet normal -0.321734 -0.94683 0
    outer loop
      vertex 38.7866 42.0194 1.05
      vertex 39.7348 41.6972 1.6
      vertex 38.7866 42.0194 1.6
    endloop
  endfacet
  facet normal -0.321734 -0.94683 -0
    outer loop
      vertex 39.7348 41.6972 1.6
      vertex 38.7866 42.0194 1.05
      vertex 39.7348 41.6972 1.05
    endloop
  endfacet
  facet normal -0.0965483 -0.995328 0
    outer loop
      vertex 37.6794 42.1268 1.05
      vertex 38.7866 42.0194 1.6
      vertex 37.6794 42.1268 1.6
    endloop
  endfacet
  facet normal -0.0965483 -0.995328 -0
    outer loop
      vertex 38.7866 42.0194 1.6
      vertex 37.6794 42.1268 1.05
      vertex 38.7866 42.0194 1.05
    endloop
  endfacet
  facet normal 0.057314 -0.998356 0
    outer loop
      vertex 36.8938 42.0817 1.05
      vertex 37.6794 42.1268 1.6
      vertex 36.8938 42.0817 1.6
    endloop
  endfacet
  facet normal 0.057314 -0.998356 0
    outer loop
      vertex 37.6794 42.1268 1.6
      vertex 36.8938 42.0817 1.05
      vertex 37.6794 42.1268 1.05
    endloop
  endfacet
  facet normal 0.188475 -0.982078 0
    outer loop
      vertex 36.1888 41.9464 1.05
      vertex 36.8938 42.0817 1.6
      vertex 36.1888 41.9464 1.6
    endloop
  endfacet
  facet normal 0.188475 -0.982078 0
    outer loop
      vertex 36.8938 42.0817 1.6
      vertex 36.1888 41.9464 1.05
      vertex 36.8938 42.0817 1.05
    endloop
  endfacet
  facet normal 0.33977 -0.940508 0
    outer loop
      vertex 35.5646 41.7209 1.05
      vertex 36.1888 41.9464 1.6
      vertex 35.5646 41.7209 1.6
    endloop
  endfacet
  facet normal 0.33977 -0.940508 0
    outer loop
      vertex 36.1888 41.9464 1.6
      vertex 35.5646 41.7209 1.05
      vertex 36.1888 41.9464 1.05
    endloop
  endfacet
  facet normal 0.502159 -0.864776 0
    outer loop
      vertex 35.0211 41.4053 1.05
      vertex 35.5646 41.7209 1.6
      vertex 35.0211 41.4053 1.6
    endloop
  endfacet
  facet normal 0.502159 -0.864776 0
    outer loop
      vertex 35.5646 41.7209 1.6
      vertex 35.0211 41.4053 1.05
      vertex 35.5646 41.7209 1.05
    endloop
  endfacet
  facet normal 0.656658 -0.754189 0
    outer loop
      vertex 34.5494 40.9946 1.05
      vertex 35.0211 41.4053 1.6
      vertex 34.5494 40.9946 1.6
    endloop
  endfacet
  facet normal 0.656658 -0.754189 0
    outer loop
      vertex 35.0211 41.4053 1.6
      vertex 34.5494 40.9946 1.05
      vertex 35.0211 41.4053 1.05
    endloop
  endfacet
  facet normal 0.780451 -0.625217 0
    outer loop
      vertex 34.1406 40.4843 1.6
      vertex 34.5494 40.9946 1.05
      vertex 34.5494 40.9946 1.6
    endloop
  endfacet
  facet normal 0.780451 -0.625217 0
    outer loop
      vertex 34.5494 40.9946 1.05
      vertex 34.1406 40.4843 1.6
      vertex 34.1406 40.4843 1.05
    endloop
  endfacet
  facet normal 0.869784 -0.493434 0
    outer loop
      vertex 33.7946 39.8744 1.6
      vertex 34.1406 40.4843 1.05
      vertex 34.1406 40.4843 1.6
    endloop
  endfacet
  facet normal 0.869784 -0.493434 0
    outer loop
      vertex 34.1406 40.4843 1.05
      vertex 33.7946 39.8744 1.6
      vertex 33.7946 39.8744 1.05
    endloop
  endfacet
  facet normal 0.928873 -0.370398 0
    outer loop
      vertex 33.5116 39.1647 1.6
      vertex 33.7946 39.8744 1.05
      vertex 33.7946 39.8744 1.6
    endloop
  endfacet
  facet normal 0.928873 -0.370398 0
    outer loop
      vertex 33.7946 39.8744 1.05
      vertex 33.5116 39.1647 1.6
      vertex 33.5116 39.1647 1.05
    endloop
  endfacet
  facet normal 0.96539 -0.260811 0
    outer loop
      vertex 33.2915 38.35 1.6
      vertex 33.5116 39.1647 1.05
      vertex 33.5116 39.1647 1.6
    endloop
  endfacet
  facet normal 0.96539 -0.260811 0
    outer loop
      vertex 33.5116 39.1647 1.05
      vertex 33.2915 38.35 1.6
      vertex 33.2915 38.35 1.05
    endloop
  endfacet
  facet normal 0.985847 -0.167647 0
    outer loop
      vertex 33.1342 37.425 1.6
      vertex 33.2915 38.35 1.05
      vertex 33.2915 38.35 1.6
    endloop
  endfacet
  facet normal 0.985847 -0.167647 0
    outer loop
      vertex 33.2915 38.35 1.05
      vertex 33.1342 37.425 1.6
      vertex 33.1342 37.425 1.05
    endloop
  endfacet
  facet normal 0.995878 -0.0907005 0
    outer loop
      vertex 33.0399 36.3896 1.6
      vertex 33.1342 37.425 1.05
      vertex 33.1342 37.425 1.6
    endloop
  endfacet
  facet normal 0.995878 -0.0907005 0
    outer loop
      vertex 33.1342 37.425 1.05
      vertex 33.0399 36.3896 1.6
      vertex 33.0399 36.3896 1.05
    endloop
  endfacet
  facet normal 0.999625 -0.0273965 0
    outer loop
      vertex 33.0085 35.2439 1.6
      vertex 33.0399 36.3896 1.05
      vertex 33.0399 36.3896 1.6
    endloop
  endfacet
  facet normal 0.999625 -0.0273965 0
    outer loop
      vertex 33.0399 36.3896 1.05
      vertex 33.0085 35.2439 1.6
      vertex 33.0085 35.2439 1.05
    endloop
  endfacet
  facet normal 0.995483 0.0949433 0
    outer loop
      vertex 33.2957 32.2326 1.6
      vertex 33.0085 35.2439 1.05
      vertex 33.0085 35.2439 1.6
    endloop
  endfacet
  facet normal 0.995483 0.0949433 0
    outer loop
      vertex 33.0085 35.2439 1.05
      vertex 33.2957 32.2326 1.6
      vertex 33.2957 32.2326 1.05
    endloop
  endfacet
  facet normal 0.928307 0.371815 0
    outer loop
      vertex 34.1572 30.0817 1.6
      vertex 33.2957 32.2326 1.05
      vertex 33.2957 32.2326 1.6
    endloop
  endfacet
  facet normal 0.928307 0.371815 0
    outer loop
      vertex 33.2957 32.2326 1.05
      vertex 34.1572 30.0817 1.6
      vertex 34.1572 30.0817 1.05
    endloop
  endfacet
  facet normal 0.668475 0.743734 -0
    outer loop
      vertex 35.5931 28.7911 1.05
      vertex 34.1572 30.0817 1.6
      vertex 35.5931 28.7911 1.6
    endloop
  endfacet
  facet normal 0.668475 0.743734 0
    outer loop
      vertex 34.1572 30.0817 1.6
      vertex 35.5931 28.7911 1.05
      vertex 34.1572 30.0817 1.05
    endloop
  endfacet
  facet normal 0.20926 0.97786 -0
    outer loop
      vertex 37.6034 28.3609 1.05
      vertex 35.5931 28.7911 1.6
      vertex 37.6034 28.3609 1.6
    endloop
  endfacet
  facet normal 0.20926 0.97786 0
    outer loop
      vertex 35.5931 28.7911 1.6
      vertex 37.6034 28.3609 1.05
      vertex 35.5931 28.7911 1.05
    endloop
  endfacet
  facet normal -0.0996573 0.995022 0
    outer loop
      vertex 38.6937 28.4701 1.05
      vertex 37.6034 28.3609 1.6
      vertex 38.6937 28.4701 1.6
    endloop
  endfacet
  facet normal -0.0996573 0.995022 0
    outer loop
      vertex 37.6034 28.3609 1.6
      vertex 38.6937 28.4701 1.05
      vertex 37.6034 28.3609 1.05
    endloop
  endfacet
  facet normal -0.256044 -0.966665 0
    outer loop
      vertex 36.9448 30.5705 1.05
      vertex 37.2608 30.4868 1.6
      vertex 36.9448 30.5705 1.6
    endloop
  endfacet
  facet normal -0.256044 -0.966665 -0
    outer loop
      vertex 37.2608 30.4868 1.6
      vertex 36.9448 30.5705 1.05
      vertex 37.2608 30.4868 1.05
    endloop
  endfacet
  facet normal -0.458358 -0.888768 0
    outer loop
      vertex 36.6745 30.7099 1.05
      vertex 36.9448 30.5705 1.6
      vertex 36.6745 30.7099 1.6
    endloop
  endfacet
  facet normal -0.458358 -0.888768 -0
    outer loop
      vertex 36.9448 30.5705 1.6
      vertex 36.6745 30.7099 1.05
      vertex 36.9448 30.5705 1.05
    endloop
  endfacet
  facet normal -0.655979 -0.754779 0
    outer loop
      vertex 36.4499 30.9051 1.05
      vertex 36.6745 30.7099 1.6
      vertex 36.4499 30.9051 1.6
    endloop
  endfacet
  facet normal -0.655979 -0.754779 -0
    outer loop
      vertex 36.6745 30.7099 1.6
      vertex 36.4499 30.9051 1.05
      vertex 36.6745 30.7099 1.05
    endloop
  endfacet
  facet normal -0.809881 -0.586594 0
    outer loop
      vertex 36.4499 30.9051 1.05
      vertex 36.2618 31.1648 1.6
      vertex 36.2618 31.1648 1.05
    endloop
  endfacet
  facet normal -0.809881 -0.586594 0
    outer loop
      vertex 36.2618 31.1648 1.6
      vertex 36.4499 30.9051 1.05
      vertex 36.4499 30.9051 1.6
    endloop
  endfacet
  facet normal -0.900303 -0.435264 0
    outer loop
      vertex 36.2618 31.1648 1.05
      vertex 36.101 31.4974 1.6
      vertex 36.101 31.4974 1.05
    endloop
  endfacet
  facet normal -0.900303 -0.435264 0
    outer loop
      vertex 36.101 31.4974 1.6
      vertex 36.2618 31.1648 1.05
      vertex 36.2618 31.1648 1.6
    endloop
  endfacet
  facet normal -0.949848 -0.312712 0
    outer loop
      vertex 36.101 31.4974 1.05
      vertex 35.9675 31.9029 1.6
      vertex 35.9675 31.9029 1.05
    endloop
  endfacet
  facet normal -0.949848 -0.312712 0
    outer loop
      vertex 35.9675 31.9029 1.6
      vertex 36.101 31.4974 1.05
      vertex 36.101 31.4974 1.6
    endloop
  endfacet
  facet normal -0.976201 -0.216866 0
    outer loop
      vertex 35.9675 31.9029 1.05
      vertex 35.8612 32.3814 1.6
      vertex 35.8612 32.3814 1.05
    endloop
  endfacet
  facet normal -0.976201 -0.216866 0
    outer loop
      vertex 35.8612 32.3814 1.6
      vertex 35.9675 31.9029 1.05
      vertex 35.9675 31.9029 1.6
    endloop
  endfacet
  facet normal -0.989911 -0.141691 0
    outer loop
      vertex 35.8612 32.3814 1.05
      vertex 35.7803 32.9466 1.6
      vertex 35.7803 32.9466 1.05
    endloop
  endfacet
  facet normal -0.989911 -0.141691 0
    outer loop
      vertex 35.7803 32.9466 1.6
      vertex 35.8612 32.3814 1.05
      vertex 35.8612 32.3814 1.6
    endloop
  endfacet
  facet normal -0.996237 -0.0866748 0
    outer loop
      vertex 35.7803 32.9466 1.05
      vertex 35.7224 33.6121 1.6
      vertex 35.7224 33.6121 1.05
    endloop
  endfacet
  facet normal -0.996237 -0.0866748 0
    outer loop
      vertex 35.7224 33.6121 1.6
      vertex 35.7803 32.9466 1.05
      vertex 35.7803 32.9466 1.6
    endloop
  endfacet
  facet normal -0.998975 -0.0452715 0
    outer loop
      vertex 35.7224 33.6121 1.05
      vertex 35.6877 34.3778 1.6
      vertex 35.6877 34.3778 1.05
    endloop
  endfacet
  facet normal -0.998975 -0.0452715 0
    outer loop
      vertex 35.6877 34.3778 1.6
      vertex 35.7224 33.6121 1.05
      vertex 35.7224 33.6121 1.6
    endloop
  endfacet
  facet normal -0.999912 -0.0132767 0
    outer loop
      vertex 35.6877 34.3778 1.05
      vertex 35.6762 35.2439 1.6
      vertex 35.6762 35.2439 1.05
    endloop
  endfacet
  facet normal -0.999912 -0.0132767 0
    outer loop
      vertex 35.6762 35.2439 1.6
      vertex 35.6877 34.3778 1.05
      vertex 35.6877 34.3778 1.6
    endloop
  endfacet
  facet normal -0.999922 0.0124747 0
    outer loop
      vertex 35.6762 35.2439 1.05
      vertex 35.6871 36.1176 1.6
      vertex 35.6871 36.1176 1.05
    endloop
  endfacet
  facet normal -0.999922 0.0124747 0
    outer loop
      vertex 35.6871 36.1176 1.6
      vertex 35.6762 35.2439 1.05
      vertex 35.6762 35.2439 1.6
    endloop
  endfacet
  facet normal -0.999088 0.0426994 0
    outer loop
      vertex 35.6871 36.1176 1.05
      vertex 35.72 36.8874 1.6
      vertex 35.72 36.8874 1.05
    endloop
  endfacet
  facet normal -0.999088 0.0426994 0
    outer loop
      vertex 35.72 36.8874 1.6
      vertex 35.6871 36.1176 1.05
      vertex 35.6871 36.1176 1.6
    endloop
  endfacet
  facet normal -0.996621 0.0821415 0
    outer loop
      vertex 35.72 36.8874 1.05
      vertex 35.7749 37.5535 1.6
      vertex 35.7749 37.5535 1.05
    endloop
  endfacet
  facet normal -0.996621 0.0821415 0
    outer loop
      vertex 35.7749 37.5535 1.6
      vertex 35.72 36.8874 1.05
      vertex 35.72 36.8874 1.6
    endloop
  endfacet
  facet normal -0.990798 0.135349 0
    outer loop
      vertex 35.7749 37.5535 1.05
      vertex 35.8517 38.1157 1.6
      vertex 35.8517 38.1157 1.05
    endloop
  endfacet
  facet normal -0.990798 0.135349 0
    outer loop
      vertex 35.8517 38.1157 1.6
      vertex 35.7749 37.5535 1.05
      vertex 35.7749 37.5535 1.6
    endloop
  endfacet
  facet normal -0.977388 0.211455 0
    outer loop
      vertex 35.8517 38.1157 1.05
      vertex 35.9544 38.5904 1.6
      vertex 35.9544 38.5904 1.05
    endloop
  endfacet
  facet normal -0.977388 0.211455 0
    outer loop
      vertex 35.9544 38.5904 1.6
      vertex 35.8517 38.1157 1.05
      vertex 35.8517 38.1157 1.6
    endloop
  endfacet
  facet normal -0.950226 0.311561 0
    outer loop
      vertex 35.9544 38.5904 1.05
      vertex 36.0867 38.9939 1.6
      vertex 36.0867 38.9939 1.05
    endloop
  endfacet
  facet normal -0.950226 0.311561 0
    outer loop
      vertex 36.0867 38.9939 1.6
      vertex 35.9544 38.5904 1.05
      vertex 35.9544 38.5904 1.6
    endloop
  endfacet
  facet normal -0.89882 0.438317 0
    outer loop
      vertex 36.0867 38.9939 1.05
      vertex 36.2487 39.3261 1.6
      vertex 36.2487 39.3261 1.05
    endloop
  endfacet
  facet normal -0.89882 0.438317 0
    outer loop
      vertex 36.2487 39.3261 1.6
      vertex 36.0867 38.9939 1.05
      vertex 36.0867 38.9939 1.6
    endloop
  endfacet
  facet normal -0.806071 0.591819 0
    outer loop
      vertex 36.2487 39.3261 1.05
      vertex 36.4404 39.5872 1.6
      vertex 36.4404 39.5872 1.05
    endloop
  endfacet
  facet normal -0.806071 0.591819 0
    outer loop
      vertex 36.4404 39.5872 1.6
      vertex 36.2487 39.3261 1.05
      vertex 36.2487 39.3261 1.6
    endloop
  endfacet
  facet normal -0.6493 0.760533 0
    outer loop
      vertex 36.6715 39.7845 1.05
      vertex 36.4404 39.5872 1.6
      vertex 36.6715 39.7845 1.6
    endloop
  endfacet
  facet normal -0.6493 0.760533 0
    outer loop
      vertex 36.4404 39.5872 1.6
      vertex 36.6715 39.7845 1.05
      vertex 36.4404 39.5872 1.05
    endloop
  endfacet
  facet normal -0.448997 0.893533 0
    outer loop
      vertex 36.9519 39.9254 1.05
      vertex 36.6715 39.7845 1.6
      vertex 36.9519 39.9254 1.6
    endloop
  endfacet
  facet normal -0.448997 0.893533 0
    outer loop
      vertex 36.6715 39.7845 1.6
      vertex 36.9519 39.9254 1.05
      vertex 36.6715 39.7845 1.05
    endloop
  endfacet
  facet normal -0.248616 0.968602 0
    outer loop
      vertex 37.2815 40.01 1.05
      vertex 36.9519 39.9254 1.6
      vertex 37.2815 40.01 1.6
    endloop
  endfacet
  facet normal -0.248616 0.968602 0
    outer loop
      vertex 36.9519 39.9254 1.6
      vertex 37.2815 40.01 1.05
      vertex 36.9519 39.9254 1.05
    endloop
  endfacet
  facet normal -0.0742207 0.997242 0
    outer loop
      vertex 37.6604 40.0382 1.05
      vertex 37.2815 40.01 1.6
      vertex 37.6604 40.0382 1.6
    endloop
  endfacet
  facet normal -0.0742207 0.997242 0
    outer loop
      vertex 37.2815 40.01 1.6
      vertex 37.6604 40.0382 1.05
      vertex 37.2815 40.01 1.05
    endloop
  endfacet
  facet normal 0.0778703 0.996963 -0
    outer loop
      vertex 38.0176 40.0103 1.05
      vertex 37.6604 40.0382 1.6
      vertex 38.0176 40.0103 1.6
    endloop
  endfacet
  facet normal 0.0778703 0.996963 0
    outer loop
      vertex 37.6604 40.0382 1.6
      vertex 38.0176 40.0103 1.05
      vertex 37.6604 40.0382 1.05
    endloop
  endfacet
  facet normal 0.25903 0.965869 -0
    outer loop
      vertex 38.3297 39.9266 1.05
      vertex 38.0176 40.0103 1.6
      vertex 38.3297 39.9266 1.6
    endloop
  endfacet
  facet normal 0.25903 0.965869 0
    outer loop
      vertex 38.0176 40.0103 1.6
      vertex 38.3297 39.9266 1.05
      vertex 38.0176 40.0103 1.05
    endloop
  endfacet
  facet normal 0.462816 0.886455 -0
    outer loop
      vertex 38.5967 39.7872 1.05
      vertex 38.3297 39.9266 1.6
      vertex 38.5967 39.7872 1.6
    endloop
  endfacet
  facet normal 0.462816 0.886455 0
    outer loop
      vertex 38.3297 39.9266 1.6
      vertex 38.5967 39.7872 1.05
      vertex 38.3297 39.9266 1.05
    endloop
  endfacet
  facet normal 0.660491 0.750834 -0
    outer loop
      vertex 38.8186 39.592 1.05
      vertex 38.5967 39.7872 1.6
      vertex 38.8186 39.592 1.6
    endloop
  endfacet
  facet normal 0.660491 0.750834 0
    outer loop
      vertex 38.5967 39.7872 1.6
      vertex 38.8186 39.592 1.05
      vertex 38.5967 39.7872 1.05
    endloop
  endfacet
  facet normal 0.813013 0.582246 0
    outer loop
      vertex 39.0043 39.3327 1.6
      vertex 38.8186 39.592 1.05
      vertex 38.8186 39.592 1.6
    endloop
  endfacet
  facet normal 0.813013 0.582246 0
    outer loop
      vertex 38.8186 39.592 1.05
      vertex 39.0043 39.3327 1.6
      vertex 39.0043 39.3327 1.05
    endloop
  endfacet
  facet normal 0.902387 0.430926 0
    outer loop
      vertex 39.1627 39.001 1.6
      vertex 39.0043 39.3327 1.05
      vertex 39.0043 39.3327 1.6
    endloop
  endfacet
  facet normal 0.902387 0.430926 0
    outer loop
      vertex 39.0043 39.3327 1.05
      vertex 39.1627 39.001 1.6
      vertex 39.1627 39.001 1.05
    endloop
  endfacet
  facet normal 0.951195 0.308591 0
    outer loop
      vertex 39.2938 38.5969 1.6
      vertex 39.1627 39.001 1.05
      vertex 39.1627 39.001 1.6
    endloop
  endfacet
  facet normal 0.951195 0.308591 0
    outer loop
      vertex 39.1627 39.001 1.05
      vertex 39.2938 38.5969 1.6
      vertex 39.2938 38.5969 1.05
    endloop
  endfacet
  facet normal 0.977086 0.212847 0
    outer loop
      vertex 39.3976 38.1204 1.6
      vertex 39.2938 38.5969 1.05
      vertex 39.2938 38.5969 1.6
    endloop
  endfacet
  facet normal 0.977086 0.212847 0
    outer loop
      vertex 39.2938 38.5969 1.05
      vertex 39.3976 38.1204 1.6
      vertex 39.3976 38.1204 1.05
    endloop
  endfacet
  facet normal 0.990342 0.138644 0
    outer loop
      vertex 39.4766 37.5561 1.6
      vertex 39.3976 38.1204 1.05
      vertex 39.3976 38.1204 1.6
    endloop
  endfacet
  facet normal 0.990342 0.138644 0
    outer loop
      vertex 39.3976 38.1204 1.05
      vertex 39.4766 37.5561 1.6
      vertex 39.4766 37.5561 1.05
    endloop
  endfacet
  facet normal 0.996449 0.0841944 0
    outer loop
      vertex 39.533 36.8886 1.6
      vertex 39.4766 37.5561 1.05
      vertex 39.4766 37.5561 1.6
    endloop
  endfacet
  facet normal 0.996449 0.0841944 0
    outer loop
      vertex 39.4766 37.5561 1.05
      vertex 39.533 36.8886 1.6
      vertex 39.533 36.8886 1.05
    endloop
  endfacet
  facet normal 0.99904 0.0438141 0
    outer loop
      vertex 39.5668 36.1179 1.6
      vertex 39.533 36.8886 1.05
      vertex 39.533 36.8886 1.6
    endloop
  endfacet
  facet normal 0.99904 0.0438141 0
    outer loop
      vertex 39.533 36.8886 1.05
      vertex 39.5668 36.1179 1.6
      vertex 39.5668 36.1179 1.05
    endloop
  endfacet
  facet normal 0.999916 0.012928 0
    outer loop
      vertex 39.5781 35.2439 1.6
      vertex 39.5668 36.1179 1.05
      vertex 39.5668 36.1179 1.6
    endloop
  endfacet
  facet normal 0.999916 0.012928 0
    outer loop
      vertex 39.5668 36.1179 1.05
      vertex 39.5781 35.2439 1.6
      vertex 39.5781 35.2439 1.05
    endloop
  endfacet
  facet normal 0.999905 -0.0137852 0
    outer loop
      vertex 39.5665 34.4025 1.6
      vertex 39.5781 35.2439 1.05
      vertex 39.5781 35.2439 1.6
    endloop
  endfacet
  facet normal 0.999905 -0.0137852 0
    outer loop
      vertex 39.5781 35.2439 1.05
      vertex 39.5665 34.4025 1.6
      vertex 39.5665 34.4025 1.05
    endloop
  endfacet
  facet normal 0.998928 -0.046285 0
    outer loop
      vertex 39.5318 33.6536 1.6
      vertex 39.5665 34.4025 1.05
      vertex 39.5665 34.4025 1.6
    endloop
  endfacet
  facet normal 0.998928 -0.046285 0
    outer loop
      vertex 39.5665 34.4025 1.05
      vertex 39.5318 33.6536 1.6
      vertex 39.5318 33.6536 1.05
    endloop
  endfacet
  facet normal 0.99613 -0.0878938 0
    outer loop
      vertex 39.4739 32.9974 1.6
      vertex 39.5318 33.6536 1.05
      vertex 39.5318 33.6536 1.6
    endloop
  endfacet
  facet normal 0.99613 -0.0878938 0
    outer loop
      vertex 39.5318 33.6536 1.05
      vertex 39.4739 32.9974 1.6
      vertex 39.4739 32.9974 1.05
    endloop
  endfacet
  facet normal 0.989833 -0.142233 0
    outer loop
      vertex 39.3929 32.4337 1.6
      vertex 39.4739 32.9974 1.05
      vertex 39.4739 32.9974 1.6
    endloop
  endfacet
  facet normal 0.989833 -0.142233 0
    outer loop
      vertex 39.4739 32.9974 1.05
      vertex 39.3929 32.4337 1.6
      vertex 39.3929 32.4337 1.05
    endloop
  endfacet
  facet normal 0.97633 -0.216287 0
    outer loop
      vertex 39.2861 31.9516 1.6
      vertex 39.3929 32.4337 1.05
      vertex 39.3929 32.4337 1.6
    endloop
  endfacet
  facet normal 0.97633 -0.216287 0
    outer loop
      vertex 39.3929 32.4337 1.05
      vertex 39.2861 31.9516 1.6
      vertex 39.2861 31.9516 1.05
    endloop
  endfacet
  facet normal 0.949968 -0.312347 0
    outer loop
      vertex 39.1508 31.5401 1.6
      vertex 39.2861 31.9516 1.05
      vertex 39.2861 31.9516 1.6
    endloop
  endfacet
  facet normal 0.949968 -0.312347 0
    outer loop
      vertex 39.2861 31.9516 1.05
      vertex 39.1508 31.5401 1.6
      vertex 39.1508 31.5401 1.05
    endloop
  endfacet
  facet normal 0.901453 -0.432877 0
    outer loop
      vertex 38.9871 31.1992 1.6
      vertex 39.1508 31.5401 1.05
      vertex 39.1508 31.5401 1.6
    endloop
  endfacet
  facet normal 0.901453 -0.432877 0
    outer loop
      vertex 39.1508 31.5401 1.05
      vertex 38.9871 31.1992 1.6
      vertex 38.9871 31.1992 1.05
    endloop
  endfacet
  facet normal 0.814832 -0.579697 0
    outer loop
      vertex 38.7948 30.9289 1.6
      vertex 38.9871 31.1992 1.05
      vertex 38.9871 31.1992 1.6
    endloop
  endfacet
  facet normal 0.814832 -0.579697 0
    outer loop
      vertex 38.9871 31.1992 1.05
      vertex 38.7948 30.9289 1.6
      vertex 38.7948 30.9289 1.05
    endloop
  endfacet
  facet normal 0.669522 -0.742792 0
    outer loop
      vertex 38.5667 30.7233 1.05
      vertex 38.7948 30.9289 1.6
      vertex 38.5667 30.7233 1.6
    endloop
  endfacet
  facet normal 0.669522 -0.742792 0
    outer loop
      vertex 38.7948 30.9289 1.6
      vertex 38.5667 30.7233 1.05
      vertex 38.7948 30.9289 1.05
    endloop
  endfacet
  facet normal 0.475761 -0.879575 0
    outer loop
      vertex 38.2953 30.5765 1.05
      vertex 38.5667 30.7233 1.6
      vertex 38.2953 30.5765 1.6
    endloop
  endfacet
  facet normal 0.475761 -0.879575 0
    outer loop
      vertex 38.5667 30.7233 1.6
      vertex 38.2953 30.5765 1.05
      vertex 38.5667 30.7233 1.05
    endloop
  endfacet
  facet normal 0.269789 -0.96292 0
    outer loop
      vertex 37.9805 30.4883 1.05
      vertex 38.2953 30.5765 1.6
      vertex 37.9805 30.4883 1.6
    endloop
  endfacet
  facet normal 0.269789 -0.96292 0
    outer loop
      vertex 38.2953 30.5765 1.6
      vertex 37.9805 30.4883 1.05
      vertex 38.2953 30.5765 1.05
    endloop
  endfacet
  facet normal 0.0815482 -0.996669 0
    outer loop
      vertex 37.6224 30.459 1.05
      vertex 37.9805 30.4883 1.6
      vertex 37.6224 30.459 1.6
    endloop
  endfacet
  facet normal 0.0815482 -0.996669 0
    outer loop
      vertex 37.9805 30.4883 1.6
      vertex 37.6224 30.459 1.05
      vertex 37.9805 30.4883 1.05
    endloop
  endfacet
  facet normal -0.0766543 -0.997058 0
    outer loop
      vertex 37.2608 30.4868 1.05
      vertex 37.6224 30.459 1.6
      vertex 37.2608 30.4868 1.6
    endloop
  endfacet
  facet normal -0.0766543 -0.997058 -0
    outer loop
      vertex 37.6224 30.459 1.6
      vertex 37.2608 30.4868 1.05
      vertex 37.6224 30.459 1.05
    endloop
  endfacet
  facet normal 0 -1 0
    outer loop
      vertex 50.0058 30.535 1.05
      vertex 53.0722 30.535 1.6
      vertex 50.0058 30.535 1.6
    endloop
  endfacet
  facet normal 0 -1 -0
    outer loop
      vertex 53.0722 30.535 1.6
      vertex 50.0058 30.535 1.05
      vertex 53.0722 30.535 1.05
    endloop
  endfacet
  facet normal -1 0 0
    outer loop
      vertex 50.0058 30.535 1.05
      vertex 50.0058 41.9275 1.6
      vertex 50.0058 41.9275 1.05
    endloop
  endfacet
  facet normal -1 -0 0
    outer loop
      vertex 50.0058 41.9275 1.6
      vertex 50.0058 30.535 1.05
      vertex 50.0058 30.535 1.6
    endloop
  endfacet
  facet normal 0 -1 0
    outer loop
      vertex 47.4805 41.9275 1.05
      vertex 50.0058 41.9275 1.6
      vertex 47.4805 41.9275 1.6
    endloop
  endfacet
  facet normal 0 -1 -0
    outer loop
      vertex 50.0058 41.9275 1.6
      vertex 47.4805 41.9275 1.05
      vertex 50.0058 41.9275 1.05
    endloop
  endfacet
  facet normal 0.54423 -0.838936 0
    outer loop
      vertex 44.1291 39.7534 1.05
      vertex 47.4805 41.9275 1.6
      vertex 44.1291 39.7534 1.6
    endloop
  endfacet
  facet normal 0.54423 -0.838936 0
    outer loop
      vertex 47.4805 41.9275 1.6
      vertex 44.1291 39.7534 1.05
      vertex 47.4805 41.9275 1.05
    endloop
  endfacet
  facet normal 1 -0 0
    outer loop
      vertex 44.1291 37.6552 1.6
      vertex 44.1291 39.7534 1.05
      vertex 44.1291 39.7534 1.6
    endloop
  endfacet
  facet normal 1 0 0
    outer loop
      vertex 44.1291 39.7534 1.05
      vertex 44.1291 37.6552 1.6
      vertex 44.1291 37.6552 1.05
    endloop
  endfacet
  facet normal -0.529581 0.84826 0
    outer loop
      vertex 47.3379 39.6585 1.05
      vertex 44.1291 37.6552 1.6
      vertex 47.3379 39.6585 1.6
    endloop
  endfacet
  facet normal -0.529581 0.84826 0
    outer loop
      vertex 44.1291 37.6552 1.6
      vertex 47.3379 39.6585 1.05
      vertex 44.1291 37.6552 1.05
    endloop
  endfacet
  facet normal 1 -0 0
    outer loop
      vertex 47.3379 30.535 1.6
      vertex 47.3379 39.6585 1.05
      vertex 47.3379 39.6585 1.6
    endloop
  endfacet
  facet normal 1 0 0
    outer loop
      vertex 47.3379 39.6585 1.05
      vertex 47.3379 30.535 1.6
      vertex 47.3379 30.535 1.05
    endloop
  endfacet
  facet normal 0 -1 0
    outer loop
      vertex 44.0247 30.535 1.05
      vertex 47.3379 30.535 1.6
      vertex 44.0247 30.535 1.6
    endloop
  endfacet
  facet normal 0 -1 -0
    outer loop
      vertex 47.3379 30.535 1.6
      vertex 44.0247 30.535 1.05
      vertex 47.3379 30.535 1.05
    endloop
  endfacet
  facet normal 1 -0 0
    outer loop
      vertex 44.0247 28.5508 1.6
      vertex 44.0247 30.535 1.05
      vertex 44.0247 30.535 1.6
    endloop
  endfacet
  facet normal 1 0 0
    outer loop
      vertex 44.0247 30.535 1.05
      vertex 44.0247 28.5508 1.6
      vertex 44.0247 28.5508 1.05
    endloop
  endfacet
  facet normal 0 1 -0
    outer loop
      vertex 53.0722 28.5508 1.05
      vertex 44.0247 28.5508 1.6
      vertex 53.0722 28.5508 1.6
    endloop
  endfacet
  facet normal 0 1 0
    outer loop
      vertex 44.0247 28.5508 1.6
      vertex 53.0722 28.5508 1.05
      vertex 44.0247 28.5508 1.05
    endloop
  endfacet
  facet normal -1 0 0
    outer loop
      vertex 53.0722 28.5508 1.05
      vertex 53.0722 30.535 1.6
      vertex 53.0722 30.535 1.05
    endloop
  endfacet
  facet normal -1 -0 0
    outer loop
      vertex 53.0722 30.535 1.6
      vertex 53.0722 28.5508 1.05
      vertex 53.0722 28.5508 1.6
    endloop
  endfacet
  facet normal -0.236469 0.971639 0
    outer loop
      vertex 60.7384 28.6754 1.05
      vertex 59.7691 28.4395 1.6
      vertex 60.7384 28.6754 1.6
    endloop
  endfacet
  facet normal -0.236469 0.971639 0
    outer loop
      vertex 59.7691 28.4395 1.6
      vertex 60.7384 28.6754 1.05
      vertex 59.7691 28.4395 1.05
    endloop
  endfacet
  facet normal -0.421225 0.906956 0
    outer loop
      vertex 61.5848 29.0685 1.05
      vertex 60.7384 28.6754 1.6
      vertex 61.5848 29.0685 1.6
    endloop
  endfacet
  facet normal -0.421225 0.906956 0
    outer loop
      vertex 60.7384 28.6754 1.6
      vertex 61.5848 29.0685 1.05
      vertex 60.7384 28.6754 1.05
    endloop
  endfacet
  facet normal -0.605337 0.795969 0
    outer loop
      vertex 62.3084 29.6188 1.05
      vertex 61.5848 29.0685 1.6
      vertex 62.3084 29.6188 1.6
    endloop
  endfacet
  facet normal -0.605337 0.795969 0
    outer loop
      vertex 61.5848 29.0685 1.6
      vertex 62.3084 29.6188 1.05
      vertex 61.5848 29.0685 1.05
    endloop
  endfacet
  facet normal -0.762713 0.646737 0
    outer loop
      vertex 62.3084 29.6188 1.05
      vertex 62.8878 30.3021 1.6
      vertex 62.8878 30.3021 1.05
    endloop
  endfacet
  facet normal -0.762713 0.646737 0
    outer loop
      vertex 62.8878 30.3021 1.6
      vertex 62.3084 29.6188 1.05
      vertex 62.3084 29.6188 1.6
    endloop
  endfacet
  facet normal -0.886223 0.463258 0
    outer loop
      vertex 62.8878 30.3021 1.05
      vertex 63.3017 31.0939 1.6
      vertex 63.3017 31.0939 1.05
    endloop
  endfacet
  facet normal -0.886223 0.463258 0
    outer loop
      vertex 63.3017 31.0939 1.6
      vertex 62.8878 30.3021 1.05
      vertex 62.8878 30.3021 1.6
    endloop
  endfacet
  facet normal -0.964016 0.265843 0
    outer loop
      vertex 63.3017 31.0939 1.05
      vertex 63.55 31.9943 1.6
      vertex 63.55 31.9943 1.05
    endloop
  endfacet
  facet normal -0.964016 0.265843 0
    outer loop
      vertex 63.55 31.9943 1.6
      vertex 63.3017 31.0939 1.05
      vertex 63.3017 31.0939 1.6
    endloop
  endfacet
  facet normal -0.99665 0.0817865 0
    outer loop
      vertex 63.55 31.9943 1.05
      vertex 63.6328 33.0033 1.6
      vertex 63.6328 33.0033 1.05
    endloop
  endfacet
  facet normal -0.99665 0.0817865 0
    outer loop
      vertex 63.6328 33.0033 1.6
      vertex 63.55 31.9943 1.05
      vertex 63.55 31.9943 1.6
    endloop
  endfacet
  facet normal -0.997279 -0.0737236 0
    outer loop
      vertex 63.6328 33.0033 1.05
      vertex 63.5613 33.9705 1.6
      vertex 63.5613 33.9705 1.05
    endloop
  endfacet
  facet normal -0.997279 -0.0737236 0
    outer loop
      vertex 63.5613 33.9705 1.6
      vertex 63.6328 33.0033 1.05
      vertex 63.6328 33.0033 1.6
    endloop
  endfacet
  facet normal -0.970302 -0.241899 0
    outer loop
      vertex 63.5613 33.9705 1.05
      vertex 63.3468 34.8309 1.6
      vertex 63.3468 34.8309 1.05
    endloop
  endfacet
  facet normal -0.970302 -0.241899 0
    outer loop
      vertex 63.3468 34.8309 1.6
      vertex 63.5613 33.9705 1.05
      vertex 63.5613 33.9705 1.6
    endloop
  endfacet
  facet normal -0.903423 -0.428751 0
    outer loop
      vertex 63.3468 34.8309 1.05
      vertex 62.9892 35.5844 1.6
      vertex 62.9892 35.5844 1.05
    endloop
  endfacet
  facet normal -0.903423 -0.428751 0
    outer loop
      vertex 62.9892 35.5844 1.6
      vertex 63.3468 34.8309 1.05
      vertex 63.3468 34.8309 1.6
    endloop
  endfacet
  facet normal -0.790825 -0.612042 0
    outer loop
      vertex 62.9892 35.5844 1.05
      vertex 62.4887 36.2311 1.6
      vertex 62.4887 36.2311 1.05
    endloop
  endfacet
  facet normal -0.790825 -0.612042 0
    outer loop
      vertex 62.4887 36.2311 1.6
      vertex 62.9892 35.5844 1.05
      vertex 62.9892 35.5844 1.6
    endloop
  endfacet
  facet normal -0.642287 -0.766465 0
    outer loop
      vertex 61.869 36.7504 1.05
      vertex 62.4887 36.2311 1.6
      vertex 61.869 36.7504 1.6
    endloop
  endfacet
  facet normal -0.642287 -0.766465 -0
    outer loop
      vertex 62.4887 36.2311 1.6
      vertex 61.869 36.7504 1.05
      vertex 62.4887 36.2311 1.05
    endloop
  endfacet
  facet normal -0.460223 -0.887803 0
    outer loop
      vertex 61.1537 37.1212 1.05
      vertex 61.869 36.7504 1.6
      vertex 61.1537 37.1212 1.6
    endloop
  endfacet
  facet normal -0.460223 -0.887803 -0
    outer loop
      vertex 61.869 36.7504 1.6
      vertex 61.1537 37.1212 1.05
      vertex 61.869 36.7504 1.05
    endloop
  endfacet
  facet normal -0.264637 -0.964348 0
    outer loop
      vertex 60.3429 37.3437 1.05
      vertex 61.1537 37.1212 1.6
      vertex 60.3429 37.3437 1.6
    endloop
  endfacet
  facet normal -0.264637 -0.964348 -0
    outer loop
      vertex 61.1537 37.1212 1.6
      vertex 60.3429 37.3437 1.05
      vertex 61.1537 37.1212 1.05
    endloop
  endfacet
  facet normal -0.0815983 -0.996665 0
    outer loop
      vertex 59.4366 37.4179 1.05
      vertex 60.3429 37.3437 1.6
      vertex 59.4366 37.4179 1.6
    endloop
  endfacet
  facet normal -0.0815983 -0.996665 -0
    outer loop
      vertex 60.3429 37.3437 1.6
      vertex 59.4366 37.4179 1.05
      vertex 60.3429 37.3437 1.05
    endloop
  endfacet
  facet normal 0.0764993 -0.99707 0
    outer loop
      vertex 58.7406 37.3645 1.05
      vertex 59.4366 37.4179 1.6
      vertex 58.7406 37.3645 1.6
    endloop
  endfacet
  facet normal 0.0764993 -0.99707 0
    outer loop
      vertex 59.4366 37.4179 1.6
      vertex 58.7406 37.3645 1.05
      vertex 59.4366 37.4179 1.05
    endloop
  endfacet
  facet normal 0.244438 -0.969665 0
    outer loop
      vertex 58.1051 37.2043 1.05
      vertex 58.7406 37.3645 1.6
      vertex 58.1051 37.2043 1.6
    endloop
  endfacet
  facet normal 0.244438 -0.969665 0
    outer loop
      vertex 58.7406 37.3645 1.6
      vertex 58.1051 37.2043 1.05
      vertex 58.7406 37.3645 1.05
    endloop
  endfacet
  facet normal 0.421158 -0.906987 0
    outer loop
      vertex 57.5301 36.9373 1.05
      vertex 58.1051 37.2043 1.6
      vertex 57.5301 36.9373 1.6
    endloop
  endfacet
  facet normal 0.421158 -0.906987 0
    outer loop
      vertex 58.1051 37.2043 1.6
      vertex 57.5301 36.9373 1.05
      vertex 58.1051 37.2043 1.05
    endloop
  endfacet
  facet normal 0.587854 -0.808967 0
    outer loop
      vertex 57.0157 36.5635 1.05
      vertex 57.5301 36.9373 1.6
      vertex 57.0157 36.5635 1.6
    endloop
  endfacet
  facet normal 0.587854 -0.808967 0
    outer loop
      vertex 57.5301 36.9373 1.6
      vertex 57.0157 36.5635 1.05
      vertex 57.5301 36.9373 1.05
    endloop
  endfacet
  facet normal -0.997919 0.0644866 0
    outer loop
      vertex 57.0157 36.5635 1.05
      vertex 57.2341 39.9432 1.6
      vertex 57.2341 39.9432 1.05
    endloop
  endfacet
  facet normal -0.997919 0.0644866 0
    outer loop
      vertex 57.2341 39.9432 1.6
      vertex 57.0157 36.5635 1.05
      vertex 57.0157 36.5635 1.6
    endloop
  endfacet
  facet normal 0 1 -0
    outer loop
      vertex 62.8544 39.9432 1.05
      vertex 57.2341 39.9432 1.6
      vertex 62.8544 39.9432 1.6
    endloop
  endfacet
  facet normal 0 1 0
    outer loop
      vertex 57.2341 39.9432 1.6
      vertex 62.8544 39.9432 1.05
      vertex 57.2341 39.9432 1.05
    endloop
  endfacet
  facet normal -1 0 0
    outer loop
      vertex 62.8544 39.9432 1.05
      vertex 62.8544 41.9275 1.6
      vertex 62.8544 41.9275 1.05
    endloop
  endfacet
  facet normal -1 -0 0
    outer loop
      vertex 62.8544 41.9275 1.6
      vertex 62.8544 39.9432 1.05
      vertex 62.8544 39.9432 1.6
    endloop
  endfacet
  facet normal 0 -1 0
    outer loop
      vertex 54.8131 41.9275 1.05
      vertex 62.8544 41.9275 1.6
      vertex 54.8131 41.9275 1.6
    endloop
  endfacet
  facet normal 0 -1 -0
    outer loop
      vertex 62.8544 41.9275 1.6
      vertex 54.8131 41.9275 1.05
      vertex 62.8544 41.9275 1.05
    endloop
  endfacet
  facet normal 0.998097 -0.061661 0
    outer loop
      vertex 54.348 34.399 1.6
      vertex 54.8131 41.9275 1.05
      vertex 54.8131 41.9275 1.6
    endloop
  endfacet
  facet normal 0.998097 -0.061661 0
    outer loop
      vertex 54.8131 41.9275 1.05
      vertex 54.348 34.399 1.6
      vertex 54.348 34.399 1.05
    endloop
  endfacet
  facet normal 0 1 -0
    outer loop
      vertex 56.9492 34.399 1.05
      vertex 54.348 34.399 1.6
      vertex 56.9492 34.399 1.6
    endloop
  endfacet
  facet normal 0 1 0
    outer loop
      vertex 54.348 34.399 1.6
      vertex 56.9492 34.399 1.05
      vertex 54.348 34.399 1.05
    endloop
  endfacet
  facet normal -0.708137 0.706075 0
    outer loop
      vertex 56.9492 34.399 1.05
      vertex 57.326 34.7769 1.6
      vertex 57.326 34.7769 1.05
    endloop
  endfacet
  facet normal -0.708137 0.706075 0
    outer loop
      vertex 57.326 34.7769 1.6
      vertex 56.9492 34.399 1.05
      vertex 56.9492 34.399 1.6
    endloop
  endfacet
  facet normal -0.533584 0.845747 0
    outer loop
      vertex 57.7538 35.0468 1.05
      vertex 57.326 34.7769 1.6
      vertex 57.7538 35.0468 1.6
    endloop
  endfacet
  facet normal -0.533584 0.845747 0
    outer loop
      vertex 57.326 34.7769 1.6
      vertex 57.7538 35.0468 1.05
      vertex 57.326 34.7769 1.05
    endloop
  endfacet
  facet normal -0.320498 0.947249 0
    outer loop
      vertex 58.2326 35.2088 1.05
      vertex 57.7538 35.0468 1.6
      vertex 58.2326 35.2088 1.6
    endloop
  endfacet
  facet normal -0.320498 0.947249 0
    outer loop
      vertex 57.7538 35.0468 1.6
      vertex 58.2326 35.2088 1.05
      vertex 57.7538 35.0468 1.05
    endloop
  endfacet
  facet normal -0.101381 0.994848 0
    outer loop
      vertex 58.7625 35.2628 1.05
      vertex 58.2326 35.2088 1.6
      vertex 58.7625 35.2628 1.6
    endloop
  endfacet
  facet normal -0.101381 0.994848 0
    outer loop
      vertex 58.2326 35.2088 1.6
      vertex 58.7625 35.2628 1.05
      vertex 58.2326 35.2088 1.05
    endloop
  endfacet
  facet normal 0.0828372 0.996563 -0
    outer loop
      vertex 59.2377 35.2233 1.05
      vertex 58.7625 35.2628 1.6
      vertex 59.2377 35.2233 1.6
    endloop
  endfacet
  facet normal 0.0828372 0.996563 0
    outer loop
      vertex 58.7625 35.2628 1.6
      vertex 59.2377 35.2233 1.05
      vertex 58.7625 35.2628 1.05
    endloop
  endfacet
  facet normal 0.271629 0.962402 -0
    outer loop
      vertex 59.6572 35.1049 1.05
      vertex 59.2377 35.2233 1.6
      vertex 59.6572 35.1049 1.6
    endloop
  endfacet
  facet normal 0.271629 0.962402 0
    outer loop
      vertex 59.2377 35.2233 1.6
      vertex 59.6572 35.1049 1.05
      vertex 59.2377 35.2233 1.05
    endloop
  endfacet
  facet normal 0.476735 0.879047 -0
    outer loop
      vertex 60.021 34.9076 1.05
      vertex 59.6572 35.1049 1.6
      vertex 60.021 34.9076 1.6
    endloop
  endfacet
  facet normal 0.476735 0.879047 0
    outer loop
      vertex 59.6572 35.1049 1.6
      vertex 60.021 34.9076 1.05
      vertex 59.6572 35.1049 1.05
    endloop
  endfacet
  facet normal 0.667748 0.744387 -0
    outer loop
      vertex 60.3289 34.6314 1.05
      vertex 60.021 34.9076 1.6
      vertex 60.3289 34.6314 1.6
    endloop
  endfacet
  facet normal 0.667748 0.744387 0
    outer loop
      vertex 60.021 34.9076 1.6
      vertex 60.3289 34.6314 1.05
      vertex 60.021 34.9076 1.05
    endloop
  endfacet
  facet normal 0.812898 0.582406 0
    outer loop
      vertex 60.574 34.2893 1.6
      vertex 60.3289 34.6314 1.05
      vertex 60.3289 34.6314 1.6
    endloop
  endfacet
  facet normal 0.812898 0.582406 0
    outer loop
      vertex 60.3289 34.6314 1.05
      vertex 60.574 34.2893 1.6
      vertex 60.574 34.2893 1.05
    endloop
  endfacet
  facet normal 0.914212 0.405236 0
    outer loop
      vertex 60.749 33.8945 1.6
      vertex 60.574 34.2893 1.05
      vertex 60.574 34.2893 1.6
    endloop
  endfacet
  facet normal 0.914212 0.405236 0
    outer loop
      vertex 60.574 34.2893 1.05
      vertex 60.749 33.8945 1.6
      vertex 60.749 33.8945 1.05
    endloop
  endfacet
  facet normal 0.973582 0.228336 0
    outer loop
      vertex 60.854 33.4468 1.6
      vertex 60.749 33.8945 1.05
      vertex 60.749 33.8945 1.6
    endloop
  endfacet
  facet normal 0.973582 0.228336 0
    outer loop
      vertex 60.749 33.8945 1.05
      vertex 60.854 33.4468 1.6
      vertex 60.854 33.4468 1.05
    endloop
  endfacet
  facet normal 0.99755 0.069958 0
    outer loop
      vertex 60.8891 32.9463 1.6
      vertex 60.854 33.4468 1.05
      vertex 60.854 33.4468 1.6
    endloop
  endfacet
  facet normal 0.99755 0.069958 0
    outer loop
      vertex 60.854 33.4468 1.05
      vertex 60.8891 32.9463 1.6
      vertex 60.8891 32.9463 1.05
    endloop
  endfacet
  facet normal 0.997836 -0.0657544 0
    outer loop
      vertex 60.852 32.3833 1.6
      vertex 60.8891 32.9463 1.05
      vertex 60.8891 32.9463 1.6
    endloop
  endfacet
  facet normal 0.997836 -0.0657544 0
    outer loop
      vertex 60.8891 32.9463 1.05
      vertex 60.852 32.3833 1.6
      vertex 60.852 32.3833 1.05
    endloop
  endfacet
  facet normal 0.97546 -0.220176 0
    outer loop
      vertex 60.7407 31.8902 1.6
      vertex 60.852 32.3833 1.05
      vertex 60.852 32.3833 1.6
    endloop
  endfacet
  facet normal 0.97546 -0.220176 0
    outer loop
      vertex 60.852 32.3833 1.05
      vertex 60.7407 31.8902 1.6
      vertex 60.7407 31.8902 1.05
    endloop
  endfacet
  facet normal 0.915924 -0.401353 0
    outer loop
      vertex 60.5553 31.4671 1.6
      vertex 60.7407 31.8902 1.05
      vertex 60.7407 31.8902 1.6
    endloop
  endfacet
  facet normal 0.915924 -0.401353 0
    outer loop
      vertex 60.7407 31.8902 1.05
      vertex 60.5553 31.4671 1.6
      vertex 60.5553 31.4671 1.05
    endloop
  endfacet
  facet normal 0.805686 -0.592343 0
    outer loop
      vertex 60.2957 31.114 1.6
      vertex 60.5553 31.4671 1.05
      vertex 60.5553 31.4671 1.6
    endloop
  endfacet
  facet normal 0.805686 -0.592343 0
    outer loop
      vertex 60.5553 31.4671 1.05
      vertex 60.2957 31.114 1.6
      vertex 60.2957 31.114 1.05
    endloop
  endfacet
  facet normal 0.653999 -0.756495 0
    outer loop
      vertex 59.9739 30.8358 1.05
      vertex 60.2957 31.114 1.6
      vertex 59.9739 30.8358 1.6
    endloop
  endfacet
  facet normal 0.653999 -0.756495 0
    outer loop
      vertex 60.2957 31.114 1.6
      vertex 59.9739 30.8358 1.05
      vertex 60.2957 31.114 1.05
    endloop
  endfacet
  facet normal 0.470932 -0.882169 0
    outer loop
      vertex 59.6015 30.637 1.05
      vertex 59.9739 30.8358 1.6
      vertex 59.6015 30.637 1.6
    endloop
  endfacet
  facet normal 0.470932 -0.882169 0
    outer loop
      vertex 59.9739 30.8358 1.6
      vertex 59.6015 30.637 1.05
      vertex 59.9739 30.8358 1.05
    endloop
  endfacet
  facet normal 0.271352 -0.96248 0
    outer loop
      vertex 59.1787 30.5178 1.05
      vertex 59.6015 30.637 1.6
      vertex 59.1787 30.5178 1.6
    endloop
  endfacet
  facet normal 0.271352 -0.96248 0
    outer loop
      vertex 59.6015 30.637 1.6
      vertex 59.1787 30.5178 1.05
      vertex 59.6015 30.637 1.05
    endloop
  endfacet
  facet normal 0.0838123 -0.996482 0
    outer loop
      vertex 58.7055 30.478 1.05
      vertex 59.1787 30.5178 1.6
      vertex 58.7055 30.478 1.6
    endloop
  endfacet
  facet normal 0.0838123 -0.996482 0
    outer loop
      vertex 59.1787 30.5178 1.6
      vertex 58.7055 30.478 1.05
      vertex 59.1787 30.5178 1.05
    endloop
  endfacet
  facet normal -0.0627804 -0.998027 0
    outer loop
      vertex 58.3192 30.5023 1.05
      vertex 58.7055 30.478 1.6
      vertex 58.3192 30.5023 1.6
    endloop
  endfacet
  facet normal -0.0627804 -0.998027 -0
    outer loop
      vertex 58.7055 30.478 1.6
      vertex 58.3192 30.5023 1.05
      vertex 58.7055 30.478 1.05
    endloop
  endfacet
  facet normal -0.203121 -0.979154 0
    outer loop
      vertex 57.9673 30.5753 1.05
      vertex 58.3192 30.5023 1.6
      vertex 57.9673 30.5753 1.6
    endloop
  endfacet
  facet normal -0.203121 -0.979154 -0
    outer loop
      vertex 58.3192 30.5023 1.6
      vertex 57.9673 30.5753 1.05
      vertex 58.3192 30.5023 1.05
    endloop
  endfacet
  facet normal -0.357756 -0.933815 0
    outer loop
      vertex 57.6499 30.6969 1.05
      vertex 57.9673 30.5753 1.6
      vertex 57.6499 30.6969 1.6
    endloop
  endfacet
  facet normal -0.357756 -0.933815 -0
    outer loop
      vertex 57.9673 30.5753 1.6
      vertex 57.6499 30.6969 1.05
      vertex 57.9673 30.5753 1.05
    endloop
  endfacet
  facet normal -0.515475 -0.856905 0
    outer loop
      vertex 57.3668 30.8672 1.05
      vertex 57.6499 30.6969 1.6
      vertex 57.3668 30.8672 1.6
    endloop
  endfacet
  facet normal -0.515475 -0.856905 -0
    outer loop
      vertex 57.6499 30.6969 1.6
      vertex 57.3668 30.8672 1.05
      vertex 57.6499 30.6969 1.05
    endloop
  endfacet
  facet normal -0.673377 -0.7393 0
    outer loop
      vertex 57.1212 31.0909 1.05
      vertex 57.3668 30.8672 1.6
      vertex 57.1212 31.0909 1.6
    endloop
  endfacet
  facet normal -0.673377 -0.7393 -0
    outer loop
      vertex 57.3668 30.8672 1.6
      vertex 57.1212 31.0909 1.05
      vertex 57.3668 30.8672 1.05
    endloop
  endfacet
  facet normal -0.808352 -0.5887 0
    outer loop
      vertex 57.1212 31.0909 1.05
      vertex 56.9159 31.3728 1.6
      vertex 56.9159 31.3728 1.05
    endloop
  endfacet
  facet normal -0.808352 -0.5887 0
    outer loop
      vertex 56.9159 31.3728 1.6
      vertex 57.1212 31.0909 1.05
      vertex 57.1212 31.0909 1.6
    endloop
  endfacet
  facet normal -0.899761 -0.436384 0
    outer loop
      vertex 56.9159 31.3728 1.05
      vertex 56.751 31.7128 1.6
      vertex 56.751 31.7128 1.05
    endloop
  endfacet
  facet normal -0.899761 -0.436384 0
    outer loop
      vertex 56.751 31.7128 1.6
      vertex 56.9159 31.3728 1.05
      vertex 56.9159 31.3728 1.6
    endloop
  endfacet
  facet normal -0.954437 -0.298411 0
    outer loop
      vertex 56.751 31.7128 1.05
      vertex 56.6265 32.111 1.6
      vertex 56.6265 32.111 1.05
    endloop
  endfacet
  facet normal -0.954437 -0.298411 0
    outer loop
      vertex 56.6265 32.111 1.6
      vertex 56.751 31.7128 1.05
      vertex 56.751 31.7128 1.6
    endloop
  endfacet
  facet normal 0.0815892 -0.996666 0
    outer loop
      vertex 53.9586 31.8926 1.05
      vertex 56.6265 32.111 1.6
      vertex 53.9586 31.8926 1.6
    endloop
  endfacet
  facet normal 0.0815892 -0.996666 0
    outer loop
      vertex 56.6265 32.111 1.6
      vertex 53.9586 31.8926 1.05
      vertex 56.6265 32.111 1.05
    endloop
  endfacet
  facet normal 0.970656 0.240473 0
    outer loop
      vertex 54.1589 31.0841 1.6
      vertex 53.9586 31.8926 1.05
      vertex 53.9586 31.8926 1.6
    endloop
  endfacet
  facet normal 0.970656 0.240473 0
    outer loop
      vertex 53.9586 31.8926 1.05
      vertex 54.1589 31.0841 1.6
      vertex 54.1589 31.0841 1.05
    endloop
  endfacet
  facet normal 0.912958 0.408055 0
    outer loop
      vertex 54.4749 30.3771 1.6
      vertex 54.1589 31.0841 1.05
      vertex 54.1589 31.0841 1.6
    endloop
  endfacet
  facet normal 0.912958 0.408055 0
    outer loop
      vertex 54.1589 31.0841 1.05
      vertex 54.4749 30.3771 1.6
      vertex 54.4749 30.3771 1.05
    endloop
  endfacet
  facet normal 0.814242 0.580526 0
    outer loop
      vertex 54.9066 29.7716 1.6
      vertex 54.4749 30.3771 1.05
      vertex 54.4749 30.3771 1.6
    endloop
  endfacet
  facet normal 0.814242 0.580526 0
    outer loop
      vertex 54.4749 30.3771 1.05
      vertex 54.9066 29.7716 1.6
      vertex 54.9066 29.7716 1.05
    endloop
  endfacet
  facet normal 0.677342 0.735668 -0
    outer loop
      vertex 55.454 29.2676 1.05
      vertex 54.9066 29.7716 1.6
      vertex 55.454 29.2676 1.6
    endloop
  endfacet
  facet normal 0.677342 0.735668 0
    outer loop
      vertex 54.9066 29.7716 1.6
      vertex 55.454 29.2676 1.05
      vertex 54.9066 29.7716 1.05
    endloop
  endfacet
  facet normal 0.517871 0.855459 -0
    outer loop
      vertex 56.1093 28.8709 1.05
      vertex 55.454 29.2676 1.6
      vertex 56.1093 28.8709 1.6
    endloop
  endfacet
  facet normal 0.517871 0.855459 0
    outer loop
      vertex 55.454 29.2676 1.6
      vertex 56.1093 28.8709 1.05
      vertex 55.454 29.2676 1.05
    endloop
  endfacet
  facet normal 0.351028 0.936365 -0
    outer loop
      vertex 56.865 28.5876 1.05
      vertex 56.1093 28.8709 1.6
      vertex 56.865 28.5876 1.6
    endloop
  endfacet
  facet normal 0.351028 0.936365 0
    outer loop
      vertex 56.1093 28.8709 1.6
      vertex 56.865 28.5876 1.05
      vertex 56.1093 28.8709 1.05
    endloop
  endfacet
  facet normal 0.194816 0.98084 -0
    outer loop
      vertex 57.7209 28.4176 1.05
      vertex 56.865 28.5876 1.6
      vertex 57.7209 28.4176 1.6
    endloop
  endfacet
  facet normal 0.194816 0.98084 0
    outer loop
      vertex 56.865 28.5876 1.6
      vertex 57.7209 28.4176 1.05
      vertex 56.865 28.5876 1.05
    endloop
  endfacet
  facet normal 0.0591932 0.998247 -0
    outer loop
      vertex 58.6771 28.3609 1.05
      vertex 57.7209 28.4176 1.6
      vertex 58.6771 28.3609 1.6
    endloop
  endfacet
  facet normal 0.0591932 0.998247 0
    outer loop
      vertex 57.7209 28.4176 1.6
      vertex 58.6771 28.3609 1.05
      vertex 57.7209 28.4176 1.05
    endloop
  endfacet
  facet normal -0.0717923 0.99742 0
    outer loop
      vertex 59.7691 28.4395 1.05
      vertex 58.6771 28.3609 1.6
      vertex 59.7691 28.4395 1.6
    endloop
  endfacet
  facet normal -0.0717923 0.99742 0
    outer loop
      vertex 58.6771 28.3609 1.6
      vertex 59.7691 28.4395 1.05
      vertex 58.6771 28.3609 1.05
    endloop
  endfacet
  facet normal -0 0 1
    outer loop
      vertex 43.6692 24.9827 1.05
      vertex 44.9079 24.0703 1.05
      vertex 44.9079 24.9827 1.05
    endloop
  endfacet
  facet normal 0 0 1
    outer loop
      vertex 44.9079 24.0703 1.05
      vertex 43.6692 24.9827 1.05
      vertex 43.6692 24.0703 1.05
    endloop
  endfacet
  facet normal -0 0 1
    outer loop
      vertex 36.8264 23.2108 1.05
      vertex 37.5229 22.3733 1.05
      vertex 37.5229 23.2108 1.05
    endloop
  endfacet
  facet normal 0 0 1
    outer loop
      vertex 37.5229 22.3733 1.05
      vertex 36.8264 23.2108 1.05
      vertex 36.8264 22.3733 1.05
    endloop
  endfacet
  facet normal 0 0 1
    outer loop
      vertex 39.6959 24.9122 1.05
      vertex 39.5754 24.1364 1.05
      vertex 39.6959 24.1144 1.05
    endloop
  endfacet
  facet normal 0 0 1
    outer loop
      vertex 39.6959 24.9122 1.05
      vertex 39.455 24.1496 1.05
      vertex 39.5754 24.1364 1.05
    endloop
  endfacet
  facet normal 0 0 1
    outer loop
      vertex 39.4148 24.9514 1.05
      vertex 39.455 24.1496 1.05
      vertex 39.6959 24.9122 1.05
    endloop
  endfacet
  facet normal 0 0 1
    outer loop
      vertex 39.4148 24.9514 1.05
      vertex 39.3345 24.154 1.05
      vertex 39.455 24.1496 1.05
    endloop
  endfacet
  facet normal 0 0 1
    outer loop
      vertex 39.1533 24.9749 1.05
      vertex 39.3345 24.154 1.05
      vertex 39.4148 24.9514 1.05
    endloop
  endfacet
  facet normal 0 0 1
    outer loop
      vertex 39.1533 24.9749 1.05
      vertex 39.1437 24.1401 1.05
      vertex 39.3345 24.154 1.05
    endloop
  endfacet
  facet normal 0 0 1
    outer loop
      vertex 38.9114 24.9827 1.05
      vertex 39.1437 24.1401 1.05
      vertex 39.1533 24.9749 1.05
    endloop
  endfacet
  facet normal 0 0 1
    outer loop
      vertex 39.1437 24.1401 1.05
      vertex 38.9114 24.9827 1.05
      vertex 38.9946 24.0982 1.05
    endloop
  endfacet
  facet normal -0 0 1
    outer loop
      vertex 38.4838 24.948 1.05
      vertex 38.9946 24.0982 1.05
      vertex 38.9114 24.9827 1.05
    endloop
  endfacet
  facet normal 0 0 1
    outer loop
      vertex 38.9946 24.0982 1.05
      vertex 38.4838 24.948 1.05
      vertex 38.8871 24.0284 1.05
    endloop
  endfacet
  facet normal -0 0 1
    outer loop
      vertex 38.1356 24.8436 1.05
      vertex 38.8871 24.0284 1.05
      vertex 38.4838 24.948 1.05
    endloop
  endfacet
  facet normal 0 0 1
    outer loop
      vertex 37.5229 23.2108 1.05
      vertex 38.757 23.2108 1.05
      vertex 38.757 23.5854 1.05
    endloop
  endfacet
  facet normal 0 0 1
    outer loop
      vertex 38.757 23.2108 1.05
      vertex 37.5229 23.2108 1.05
      vertex 38.757 22.3733 1.05
    endloop
  endfacet
  facet normal 0 0 1
    outer loop
      vertex 38.8871 24.0284 1.05
      vertex 38.1356 24.8436 1.05
      vertex 38.8148 23.9234 1.05
    endloop
  endfacet
  facet normal -0 0 1
    outer loop
      vertex 37.8667 24.6698 1.05
      vertex 38.8148 23.9234 1.05
      vertex 38.1356 24.8436 1.05
    endloop
  endfacet
  facet normal -0 0 1
    outer loop
      vertex 37.6757 24.4239 1.05
      vertex 38.8148 23.9234 1.05
      vertex 37.8667 24.6698 1.05
    endloop
  endfacet
  facet normal -0 0 1
    outer loop
      vertex 37.5611 24.1036 1.05
      vertex 38.8148 23.9234 1.05
      vertex 37.6757 24.4239 1.05
    endloop
  endfacet
  facet normal 0 0 1
    outer loop
      vertex 38.8148 23.9234 1.05
      vertex 37.5611 24.1036 1.05
      vertex 38.7715 23.7757 1.05
    endloop
  endfacet
  facet normal 0 0 1
    outer loop
      vertex 37.5229 23.7089 1.05
      vertex 38.7715 23.7757 1.05
      vertex 37.5611 24.1036 1.05
    endloop
  endfacet
  facet normal 0 0 1
    outer loop
      vertex 38.7715 23.7757 1.05
      vertex 37.5229 23.7089 1.05
      vertex 38.757 23.5854 1.05
    endloop
  endfacet
  facet normal 0 0 1
    outer loop
      vertex 38.757 23.5854 1.05
      vertex 37.5229 23.7089 1.05
      vertex 37.5229 23.2108 1.05
    endloop
  endfacet
  facet normal 0 0 1
    outer loop
      vertex 38.757 22.3733 1.05
      vertex 37.5229 23.2108 1.05
      vertex 37.5229 22.3733 1.05
    endloop
  endfacet
  facet normal 0 0 1
    outer loop
      vertex 38.757 22.3733 1.05
      vertex 37.5229 22.3733 1.05
      vertex 38.757 18.4415 1.05
    endloop
  endfacet
  facet normal 0 0 1
    outer loop
      vertex 38.757 18.4415 1.05
      vertex 37.5229 22.3733 1.05
      vertex 37.5229 18.4415 1.05
    endloop
  endfacet
  facet normal -0 0 1
    outer loop
      vertex 38.757 23.2108 1.05
      vertex 39.6959 22.3733 1.05
      vertex 39.6959 23.2108 1.05
    endloop
  endfacet
  facet normal 0 0 1
    outer loop
      vertex 39.6959 22.3733 1.05
      vertex 38.757 23.2108 1.05
      vertex 38.757 22.3733 1.05
    endloop
  endfacet
  facet normal 0 0 1
    outer loop
      vertex 36.5866 18.4415 1.05
      vertex 34.7485 20.0284 1.05
      vertex 35.2995 18.4415 1.05
    endloop
  endfacet
  facet normal 0 0 1
    outer loop
      vertex 36.5866 18.4415 1.05
      vertex 34.4575 21.0069 1.05
      vertex 34.7485 20.0284 1.05
    endloop
  endfacet
  facet normal 0 0 1
    outer loop
      vertex 34.3298 24.6521 1.05
      vertex 34.4575 21.0069 1.05
      vertex 36.5866 18.4415 1.05
    endloop
  endfacet
  facet normal 0 0 1
    outer loop
      vertex 34.3298 24.6521 1.05
      vertex 33.8448 22.792 1.05
      vertex 34.4575 21.0069 1.05
    endloop
  endfacet
  facet normal 0 0 1
    outer loop
      vertex 34.3298 24.6521 1.05
      vertex 33.6554 23.3915 1.05
      vertex 33.8448 22.792 1.05
    endloop
  endfacet
  facet normal 0 0 1
    outer loop
      vertex 34.3298 24.6521 1.05
      vertex 33.5628 23.6957 1.05
      vertex 33.6554 23.3915 1.05
    endloop
  endfacet
  facet normal 0 0 1
    outer loop
      vertex 32.7958 24.6521 1.05
      vertex 33.5364 23.5987 1.05
      vertex 33.5628 23.6957 1.05
    endloop
  endfacet
  facet normal 0 0 1
    outer loop
      vertex 33.5364 23.5987 1.05
      vertex 32.7958 24.6521 1.05
      vertex 33.505 23.488 1.05
    endloop
  endfacet
  facet normal 0 0 1
    outer loop
      vertex 33.505 23.488 1.05
      vertex 32.7958 24.6521 1.05
      vertex 33.4697 23.3675 1.05
    endloop
  endfacet
  facet normal 0 0 1
    outer loop
      vertex 33.4697 23.3675 1.05
      vertex 32.7958 24.6521 1.05
      vertex 33.4305 23.2372 1.05
    endloop
  endfacet
  facet normal 0 0 1
    outer loop
      vertex 33.4305 23.2372 1.05
      vertex 32.7958 24.6521 1.05
      vertex 33.3189 22.8993 1.05
    endloop
  endfacet
  facet normal -0 0 1
    outer loop
      vertex 32.7958 24.6521 1.05
      vertex 33.5628 23.6957 1.05
      vertex 34.3298 24.6521 1.05
    endloop
  endfacet
  facet normal 0 0 1
    outer loop
      vertex 33.3189 22.8993 1.05
      vertex 32.7958 24.6521 1.05
      vertex 33.0662 22.1559 1.05
    endloop
  endfacet
  facet normal 0 0 1
    outer loop
      vertex 32.7958 24.6521 1.05
      vertex 32.6724 21.0069 1.05
      vertex 33.0662 22.1559 1.05
    endloop
  endfacet
  facet normal 0 0 1
    outer loop
      vertex 30.5302 18.4415 1.05
      vertex 32.6724 21.0069 1.05
      vertex 32.7958 24.6521 1.05
    endloop
  endfacet
  facet normal 0 0 1
    outer loop
      vertex 32.6724 21.0069 1.05
      vertex 30.5302 18.4415 1.05
      vertex 32.3815 20.0284 1.05
    endloop
  endfacet
  facet normal 0 0 1
    outer loop
      vertex 32.3815 20.0284 1.05
      vertex 30.5302 18.4415 1.05
      vertex 31.8305 18.4415 1.05
    endloop
  endfacet
  facet normal -0 0 1
    outer loop
      vertex 32.6724 21.0069 1.05
      vertex 34.7485 20.0284 1.05
      vertex 34.4575 21.0069 1.05
    endloop
  endfacet
  facet normal 0 0 1
    outer loop
      vertex 34.7485 20.0284 1.05
      vertex 32.6724 21.0069 1.05
      vertex 32.3815 20.0284 1.05
    endloop
  endfacet
  facet normal 0 0 1
    outer loop
      vertex 41.4417 22.1925 1.05
      vertex 40.2371 22.3383 1.05
      vertex 40.2383 22.0912 1.05
    endloop
  endfacet
  facet normal 0 0 1
    outer loop
      vertex 41.3942 23.1219 1.05
      vertex 40.2334 22.5565 1.05
      vertex 40.2371 22.3383 1.05
    endloop
  endfacet
  facet normal 0 0 1
    outer loop
      vertex 41.3942 23.1219 1.05
      vertex 40.2273 22.7458 1.05
      vertex 40.2334 22.5565 1.05
    endloop
  endfacet
  facet normal 0 0 1
    outer loop
      vertex 41.3942 23.1219 1.05
      vertex 40.2197 22.914 1.05
      vertex 40.2273 22.7458 1.05
    endloop
  endfacet
  facet normal 0 0 1
    outer loop
      vertex 41.3942 23.1219 1.05
      vertex 40.2117 23.069 1.05
      vertex 40.2197 22.914 1.05
    endloop
  endfacet
  facet normal 0 -0 1
    outer loop
      vertex 40.2117 23.069 1.05
      vertex 41.3843 23.2108 1.05
      vertex 40.2031 23.2108 1.05
    endloop
  endfacet
  facet normal 0 0 1
    outer loop
      vertex 42.6161 22.2601 1.05
      vertex 42.9844 23.2372 1.05
      vertex 42.8771 23.2739 1.05
    endloop
  endfacet
  facet normal 0 0 1
    outer loop
      vertex 42.9844 23.2372 1.05
      vertex 42.7924 22.2381 1.05
      vertex 42.9844 22.2014 1.05
    endloop
  endfacet
  facet normal 0 0 1
    outer loop
      vertex 42.6161 22.2601 1.05
      vertex 42.8771 23.2739 1.05
      vertex 42.7493 23.296 1.05
    endloop
  endfacet
  facet normal 0 0 1
    outer loop
      vertex 42.9844 23.2372 1.05
      vertex 42.6161 22.2601 1.05
      vertex 42.7924 22.2381 1.05
    endloop
  endfacet
  facet normal 0 0 1
    outer loop
      vertex 42.6009 23.3033 1.05
      vertex 42.6161 22.2601 1.05
      vertex 42.7493 23.296 1.05
    endloop
  endfacet
  facet normal 0 0 1
    outer loop
      vertex 42.6009 23.3033 1.05
      vertex 42.4555 22.2675 1.05
      vertex 42.6161 22.2601 1.05
    endloop
  endfacet
  facet normal -0 0 1
    outer loop
      vertex 42.4178 23.2923 1.05
      vertex 42.4555 22.2675 1.05
      vertex 42.6009 23.3033 1.05
    endloop
  endfacet
  facet normal -0 0 1
    outer loop
      vertex 42.2561 23.2593 1.05
      vertex 42.4555 22.2675 1.05
      vertex 42.4178 23.2923 1.05
    endloop
  endfacet
  facet normal -0 0 1
    outer loop
      vertex 42.1161 23.2041 1.05
      vertex 42.4555 22.2675 1.05
      vertex 42.2561 23.2593 1.05
    endloop
  endfacet
  facet normal -0 0 1
    outer loop
      vertex 41.9927 23.1263 1.05
      vertex 42.4555 22.2675 1.05
      vertex 42.1161 23.2041 1.05
    endloop
  endfacet
  facet normal -0 0 1
    outer loop
      vertex 41.881 23.0249 1.05
      vertex 42.4555 22.2675 1.05
      vertex 41.9927 23.1263 1.05
    endloop
  endfacet
  facet normal 0 0 1
    outer loop
      vertex 42.4555 22.2675 1.05
      vertex 41.881 23.0249 1.05
      vertex 42.1697 22.2259 1.05
    endloop
  endfacet
  facet normal -0 0 1
    outer loop
      vertex 41.7811 22.9 1.05
      vertex 42.1697 22.2259 1.05
      vertex 41.881 23.0249 1.05
    endloop
  endfacet
  facet normal -0 0 1
    outer loop
      vertex 41.6827 22.7303 1.05
      vertex 42.1697 22.2259 1.05
      vertex 41.7811 22.9 1.05
    endloop
  endfacet
  facet normal -0 0 1
    outer loop
      vertex 41.5754 22.4945 1.05
      vertex 42.1697 22.2259 1.05
      vertex 41.6827 22.7303 1.05
    endloop
  endfacet
  facet normal 0 0 1
    outer loop
      vertex 42.1697 22.2259 1.05
      vertex 41.5754 22.4945 1.05
      vertex 41.9295 22.101 1.05
    endloop
  endfacet
  facet normal -0 0 1
    outer loop
      vertex 41.4593 22.1925 1.05
      vertex 41.9295 22.101 1.05
      vertex 41.5754 22.4945 1.05
    endloop
  endfacet
  facet normal 0 0 1
    outer loop
      vertex 41.9295 22.101 1.05
      vertex 41.4593 22.1925 1.05
      vertex 41.7348 21.8928 1.05
    endloop
  endfacet
  facet normal -0 0 1
    outer loop
      vertex 41.4417 22.1925 1.05
      vertex 41.7348 21.8928 1.05
      vertex 41.4593 22.1925 1.05
    endloop
  endfacet
  facet normal 0 0 1
    outer loop
      vertex 41.7348 21.8928 1.05
      vertex 41.4417 22.1925 1.05
      vertex 41.5916 21.6029 1.05
    endloop
  endfacet
  facet normal -0 0 1
    outer loop
      vertex 40.2383 22.0912 1.05
      vertex 41.5916 21.6029 1.05
      vertex 41.4417 22.1925 1.05
    endloop
  endfacet
  facet normal 0 0 1
    outer loop
      vertex 41.5916 21.6029 1.05
      vertex 40.2383 22.0912 1.05
      vertex 41.5056 21.2326 1.05
    endloop
  endfacet
  facet normal 0 0 1
    outer loop
      vertex 41.5056 21.2326 1.05
      vertex 40.2383 22.0912 1.05
      vertex 41.477 20.7821 1.05
    endloop
  endfacet
  facet normal 0 0 1
    outer loop
      vertex 40.2371 22.3383 1.05
      vertex 41.4417 22.1925 1.05
      vertex 41.4392 22.3108 1.05
    endloop
  endfacet
  facet normal -0 0 1
    outer loop
      vertex 40.2371 22.3383 1.05
      vertex 41.4392 22.3108 1.05
      vertex 41.4319 22.4894 1.05
    endloop
  endfacet
  facet normal 0 0 1
    outer loop
      vertex 40.2371 22.3383 1.05
      vertex 41.4319 22.4894 1.05
      vertex 41.4196 22.7281 1.05
    endloop
  endfacet
  facet normal 0 0 1
    outer loop
      vertex 40.2371 22.3383 1.05
      vertex 41.4196 22.7281 1.05
      vertex 41.4059 22.961 1.05
    endloop
  endfacet
  facet normal 0 0 1
    outer loop
      vertex 40.2371 22.3383 1.05
      vertex 41.4059 22.961 1.05
      vertex 41.3942 23.1219 1.05
    endloop
  endfacet
  facet normal 0 0 1
    outer loop
      vertex 40.2117 23.069 1.05
      vertex 41.3942 23.1219 1.05
      vertex 41.3843 23.2108 1.05
    endloop
  endfacet
  facet normal 0 0 1
    outer loop
      vertex 40.2383 18.4415 1.05
      vertex 41.477 20.7821 1.05
      vertex 40.2383 22.0912 1.05
    endloop
  endfacet
  facet normal 0 0 1
    outer loop
      vertex 41.477 20.7821 1.05
      vertex 40.2383 18.4415 1.05
      vertex 41.477 18.4415 1.05
    endloop
  endfacet
  facet normal 0 0 1
    outer loop
      vertex 48.9088 21.8735 1.05
      vertex 50.0695 22.1686 1.05
      vertex 49.8388 22.5579 1.05
    endloop
  endfacet
  facet normal 0 0 1
    outer loop
      vertex 48.8207 22.0682 1.05
      vertex 49.8388 22.5579 1.05
      vertex 49.5171 22.8758 1.05
    endloop
  endfacet
  facet normal 0 0 1
    outer loop
      vertex 48.6973 22.23 1.05
      vertex 49.5171 22.8758 1.05
      vertex 49.1174 23.1108 1.05
    endloop
  endfacet
  facet normal 0 0 1
    outer loop
      vertex 49.8388 22.5579 1.05
      vertex 48.8207 22.0682 1.05
      vertex 48.9088 21.8735 1.05
    endloop
  endfacet
  facet normal 0 0 1
    outer loop
      vertex 50.0695 22.1686 1.05
      vertex 48.9617 21.646 1.05
      vertex 50.2091 21.7077 1.05
    endloop
  endfacet
  facet normal 0 -0 1
    outer loop
      vertex 48.9617 21.646 1.05
      vertex 50.0695 22.1686 1.05
      vertex 48.9088 21.8735 1.05
    endloop
  endfacet
  facet normal 0 0 1
    outer loop
      vertex 49.5171 22.8758 1.05
      vertex 48.6973 22.23 1.05
      vertex 48.8207 22.0682 1.05
    endloop
  endfacet
  facet normal 0 0 1
    outer loop
      vertex 48.5366 22.3513 1.05
      vertex 49.1174 23.1108 1.05
      vertex 48.6532 23.2519 1.05
    endloop
  endfacet
  facet normal 0 0 1
    outer loop
      vertex 49.1174 23.1108 1.05
      vertex 48.5366 22.3513 1.05
      vertex 48.6973 22.23 1.05
    endloop
  endfacet
  facet normal 0 0 1
    outer loop
      vertex 48.6532 23.2519 1.05
      vertex 48.3368 22.424 1.05
      vertex 48.5366 22.3513 1.05
    endloop
  endfacet
  facet normal 0 0 1
    outer loop
      vertex 48.1242 23.2989 1.05
      vertex 48.3368 22.424 1.05
      vertex 48.6532 23.2519 1.05
    endloop
  endfacet
  facet normal 0 0 1
    outer loop
      vertex 48.1242 23.2989 1.05
      vertex 48.0978 22.4482 1.05
      vertex 48.3368 22.424 1.05
    endloop
  endfacet
  facet normal -0 0 1
    outer loop
      vertex 47.4508 23.2257 1.05
      vertex 48.0978 22.4482 1.05
      vertex 48.1242 23.2989 1.05
    endloop
  endfacet
  facet normal 0 0 1
    outer loop
      vertex 48.0978 22.4482 1.05
      vertex 47.4508 23.2257 1.05
      vertex 47.5664 22.2705 1.05
    endloop
  endfacet
  facet normal -0 0 1
    outer loop
      vertex 46.888 23.006 1.05
      vertex 47.5664 22.2705 1.05
      vertex 47.4508 23.2257 1.05
    endloop
  endfacet
  facet normal 0 0 1
    outer loop
      vertex 47.5664 22.2705 1.05
      vertex 46.436 22.6399 1.05
      vertex 47.2476 21.7371 1.05
    endloop
  endfacet
  facet normal -0 0 1
    outer loop
      vertex 46.436 22.6399 1.05
      vertex 47.5664 22.2705 1.05
      vertex 46.888 23.006 1.05
    endloop
  endfacet
  facet normal 0 0 1
    outer loop
      vertex 49.0014 20.0857 1.05
      vertex 50.1761 19.7139 1.05
      vertex 50.2444 20.0284 1.05
    endloop
  endfacet
  facet normal -0 0 1
    outer loop
      vertex 48.9431 19.816 1.05
      vertex 50.1761 19.7139 1.05
      vertex 49.0014 20.0857 1.05
    endloop
  endfacet
  facet normal 0 0 1
    outer loop
      vertex 50.0593 19.423 1.05
      vertex 48.9431 19.816 1.05
      vertex 49.894 19.1556 1.05
    endloop
  endfacet
  facet normal -0 0 1
    outer loop
      vertex 48.8447 19.5949 1.05
      vertex 49.894 19.1556 1.05
      vertex 48.9431 19.816 1.05
    endloop
  endfacet
  facet normal 0 0 1
    outer loop
      vertex 49.894 19.1556 1.05
      vertex 48.8447 19.5949 1.05
      vertex 49.6846 18.9193 1.05
    endloop
  endfacet
  facet normal 0 0 1
    outer loop
      vertex 50.1761 19.7139 1.05
      vertex 48.9431 19.816 1.05
      vertex 50.0593 19.423 1.05
    endloop
  endfacet
  facet normal 0 0 1
    outer loop
      vertex 49.6846 18.9193 1.05
      vertex 48.8447 19.5949 1.05
      vertex 49.4355 18.7217 1.05
    endloop
  endfacet
  facet normal -0 0 1
    outer loop
      vertex 48.7061 19.4223 1.05
      vertex 49.4355 18.7217 1.05
      vertex 48.8447 19.5949 1.05
    endloop
  endfacet
  facet normal 0 0 1
    outer loop
      vertex 49.4355 18.7217 1.05
      vertex 48.7061 19.4223 1.05
      vertex 49.1468 18.5628 1.05
    endloop
  endfacet
  facet normal -0 0 1
    outer loop
      vertex 48.5346 19.2986 1.05
      vertex 49.1468 18.5628 1.05
      vertex 48.7061 19.4223 1.05
    endloop
  endfacet
  facet normal 0 0 1
    outer loop
      vertex 49.1468 18.5628 1.05
      vertex 48.5346 19.2986 1.05
      vertex 48.8255 18.4464 1.05
    endloop
  endfacet
  facet normal -0 0 1
    outer loop
      vertex 48.3377 19.2244 1.05
      vertex 48.8255 18.4464 1.05
      vertex 48.5346 19.2986 1.05
    endloop
  endfacet
  facet normal 0 0 1
    outer loop
      vertex 48.8255 18.4464 1.05
      vertex 48.3377 19.2244 1.05
      vertex 48.4788 18.3767 1.05
    endloop
  endfacet
  facet normal -0 0 1
    outer loop
      vertex 48.1154 19.1997 1.05
      vertex 48.4788 18.3767 1.05
      vertex 48.3377 19.2244 1.05
    endloop
  endfacet
  facet normal 0 0 1
    outer loop
      vertex 48.1154 19.1997 1.05
      vertex 48.1066 18.3534 1.05
      vertex 48.4788 18.3767 1.05
    endloop
  endfacet
  facet normal 0 0 1
    outer loop
      vertex 47.4386 18.4251 1.05
      vertex 48.1154 19.1997 1.05
      vertex 47.5742 19.3829 1.05
    endloop
  endfacet
  facet normal 0 0 1
    outer loop
      vertex 48.1154 19.1997 1.05
      vertex 47.4386 18.4251 1.05
      vertex 48.1066 18.3534 1.05
    endloop
  endfacet
  facet normal 0 0 1
    outer loop
      vertex 46.4316 18.9991 1.05
      vertex 47.5742 19.3829 1.05
      vertex 47.2495 19.9324 1.05
    endloop
  endfacet
  facet normal 0 0 1
    outer loop
      vertex 47.5742 19.3829 1.05
      vertex 46.8803 18.6404 1.05
      vertex 47.4386 18.4251 1.05
    endloop
  endfacet
  facet normal -0 0 1
    outer loop
      vertex 45.9066 20.0864 1.05
      vertex 47.2495 19.9324 1.05
      vertex 47.1413 20.8482 1.05
    endloop
  endfacet
  facet normal -0 0 1
    outer loop
      vertex 46.1054 22.1426 1.05
      vertex 47.2476 21.7371 1.05
      vertex 46.436 22.6399 1.05
    endloop
  endfacet
  facet normal 0 0 1
    outer loop
      vertex 45.9071 21.5292 1.05
      vertex 47.2476 21.7371 1.05
      vertex 46.1054 22.1426 1.05
    endloop
  endfacet
  facet normal 0 -0 1
    outer loop
      vertex 45.9066 20.0864 1.05
      vertex 47.1413 20.8482 1.05
      vertex 45.841 20.7997 1.05
    endloop
  endfacet
  facet normal 0 0 1
    outer loop
      vertex 47.2476 21.7371 1.05
      vertex 45.9071 21.5292 1.05
      vertex 47.1413 20.8482 1.05
    endloop
  endfacet
  facet normal 0 0 1
    outer loop
      vertex 47.2495 19.9324 1.05
      vertex 45.9066 20.0864 1.05
      vertex 46.1035 19.4862 1.05
    endloop
  endfacet
  facet normal 0 0 1
    outer loop
      vertex 47.1413 20.8482 1.05
      vertex 45.9071 21.5292 1.05
      vertex 45.841 20.7997 1.05
    endloop
  endfacet
  facet normal 0 0 1
    outer loop
      vertex 47.2495 19.9324 1.05
      vertex 46.1035 19.4862 1.05
      vertex 46.4316 18.9991 1.05
    endloop
  endfacet
  facet normal 0 0 1
    outer loop
      vertex 47.5742 19.3829 1.05
      vertex 46.4316 18.9991 1.05
      vertex 46.8803 18.6404 1.05
    endloop
  endfacet
  facet normal 0 0 1
    outer loop
      vertex 53.5651 21.3331 1.05
      vertex 52.9304 20.641 1.05
      vertex 53.5651 20.6498 1.05
    endloop
  endfacet
  facet normal -0 0 1
    outer loop
      vertex 52.5381 21.3154 1.05
      vertex 52.9304 20.641 1.05
      vertex 53.5651 21.3331 1.05
    endloop
  endfacet
  facet normal 0 0 1
    outer loop
      vertex 52.9304 20.641 1.05
      vertex 52.5381 21.3154 1.05
      vertex 52.6703 20.6227 1.05
    endloop
  endfacet
  facet normal 0 0 1
    outer loop
      vertex 52.5381 21.3154 1.05
      vertex 52.4661 20.5911 1.05
      vertex 52.6703 20.6227 1.05
    endloop
  endfacet
  facet normal -0 0 1
    outer loop
      vertex 51.9751 21.2674 1.05
      vertex 52.4661 20.5911 1.05
      vertex 52.5381 21.3154 1.05
    endloop
  endfacet
  facet normal 0 0 1
    outer loop
      vertex 52.4661 20.5911 1.05
      vertex 51.9751 21.2674 1.05
      vertex 52.3177 20.5462 1.05
    endloop
  endfacet
  facet normal 0 0 1
    outer loop
      vertex 52.3177 20.5462 1.05
      vertex 51.9751 21.2674 1.05
      vertex 52.2068 20.4858 1.05
    endloop
  endfacet
  facet normal 0 0 1
    outer loop
      vertex 52.2068 20.4858 1.05
      vertex 51.9751 21.2674 1.05
      vertex 52.1149 20.4072 1.05
    endloop
  endfacet
  facet normal -0 0 1
    outer loop
      vertex 51.5086 21.1352 1.05
      vertex 52.1149 20.4072 1.05
      vertex 51.9751 21.2674 1.05
    endloop
  endfacet
  facet normal 0 0 1
    outer loop
      vertex 52.1149 20.4072 1.05
      vertex 51.5086 21.1352 1.05
      vertex 52.0422 20.3104 1.05
    endloop
  endfacet
  facet normal -0 0 1
    outer loop
      vertex 51.1386 20.9187 1.05
      vertex 52.0422 20.3104 1.05
      vertex 51.5086 21.1352 1.05
    endloop
  endfacet
  facet normal 0 0 1
    outer loop
      vertex 52.0422 20.3104 1.05
      vertex 51.1386 20.9187 1.05
      vertex 51.9896 20.1929 1.05
    endloop
  endfacet
  facet normal -0 0 1
    outer loop
      vertex 50.8704 20.6209 1.05
      vertex 51.9896 20.1929 1.05
      vertex 51.1386 20.9187 1.05
    endloop
  endfacet
  facet normal 0 0 1
    outer loop
      vertex 51.9896 20.1929 1.05
      vertex 50.8704 20.6209 1.05
      vertex 51.958 20.0519 1.05
    endloop
  endfacet
  facet normal 0 -0 1
    outer loop
      vertex 50.699 19.3689 1.05
      vertex 51.9474 19.8873 1.05
      vertex 50.656 19.7903 1.05
    endloop
  endfacet
  facet normal -0 0 1
    outer loop
      vertex 50.7096 20.2448 1.05
      vertex 51.958 20.0519 1.05
      vertex 50.8704 20.6209 1.05
    endloop
  endfacet
  facet normal 0 -0 1
    outer loop
      vertex 50.8283 19.0156 1.05
      vertex 51.9474 19.8873 1.05
      vertex 50.699 19.3689 1.05
    endloop
  endfacet
  facet normal 0 0 1
    outer loop
      vertex 51.958 20.0519 1.05
      vertex 50.7096 20.2448 1.05
      vertex 51.9474 19.8873 1.05
    endloop
  endfacet
  facet normal 0 0 1
    outer loop
      vertex 51.9474 19.8873 1.05
      vertex 51.3362 18.5209 1.05
      vertex 51.6962 18.3953 1.05
    endloop
  endfacet
  facet normal 0 0 1
    outer loop
      vertex 51.9474 19.8873 1.05
      vertex 50.7096 20.2448 1.05
      vertex 50.656 19.7903 1.05
    endloop
  endfacet
  facet normal 0 0 1
    outer loop
      vertex 51.9474 19.8873 1.05
      vertex 51.0438 18.7303 1.05
      vertex 51.3362 18.5209 1.05
    endloop
  endfacet
  facet normal 0 0 1
    outer loop
      vertex 51.9474 19.8873 1.05
      vertex 50.8283 19.0156 1.05
      vertex 51.0438 18.7303 1.05
    endloop
  endfacet
  facet normal -0 0 1
    outer loop
      vertex 53.5651 20.6498 1.05
      vertex 54.8037 19.852 1.05
      vertex 54.8037 21.5887 1.05
    endloop
  endfacet
  facet normal -0 0 1
    outer loop
      vertex 53.547 21.8603 1.05
      vertex 54.8037 21.5887 1.05
      vertex 54.7493 22.0936 1.05
    endloop
  endfacet
  facet normal 0 0 1
    outer loop
      vertex 54.8037 19.852 1.05
      vertex 53.5651 20.4074 1.05
      vertex 53.5499 20.2025 1.05
    endloop
  endfacet
  facet normal 0 0 1
    outer loop
      vertex 53.547 21.8603 1.05
      vertex 54.7493 22.0936 1.05
      vertex 54.5862 22.5153 1.05
    endloop
  endfacet
  facet normal -0 0 1
    outer loop
      vertex 53.5044 20.0049 1.05
      vertex 54.8037 19.852 1.05
      vertex 53.5499 20.2025 1.05
    endloop
  endfacet
  facet normal 0 0 1
    outer loop
      vertex 53.4926 22.0917 1.05
      vertex 54.5862 22.5153 1.05
      vertex 54.3144 22.8537 1.05
    endloop
  endfacet
  facet normal 0 0 1
    outer loop
      vertex 54.8037 19.852 1.05
      vertex 53.5651 20.6498 1.05
      vertex 53.5651 20.4074 1.05
    endloop
  endfacet
  facet normal 0 -0 1
    outer loop
      vertex 53.8575 18.7947 1.05
      vertex 54.8037 19.852 1.05
      vertex 53.7686 19.0195 1.05
    endloop
  endfacet
  facet normal 0 0 1
    outer loop
      vertex 53.402 22.2697 1.05
      vertex 54.3144 22.8537 1.05
      vertex 53.9422 23.101 1.05
    endloop
  endfacet
  facet normal 0 -0 1
    outer loop
      vertex 53.7686 19.0195 1.05
      vertex 54.8037 19.852 1.05
      vertex 53.7193 19.2923 1.05
    endloop
  endfacet
  facet normal 0 0 1
    outer loop
      vertex 54.8037 19.852 1.05
      vertex 54.3916 18.4141 1.05
      vertex 54.6759 18.3886 1.05
    endloop
  endfacet
  facet normal 0 0 1
    outer loop
      vertex 54.1616 18.4905 1.05
      vertex 53.8575 18.7947 1.05
      vertex 53.986 18.6178 1.05
    endloop
  endfacet
  facet normal 0 0 1
    outer loop
      vertex 54.3916 18.4141 1.05
      vertex 53.8575 18.7947 1.05
      vertex 54.1616 18.4905 1.05
    endloop
  endfacet
  facet normal 0 0 1
    outer loop
      vertex 54.8037 21.5887 1.05
      vertex 53.5651 21.5755 1.05
      vertex 53.5651 21.3331 1.05
    endloop
  endfacet
  facet normal 0 0 1
    outer loop
      vertex 54.8037 21.5887 1.05
      vertex 53.547 21.8603 1.05
      vertex 53.5651 21.5755 1.05
    endloop
  endfacet
  facet normal 0 0 1
    outer loop
      vertex 54.5862 22.5153 1.05
      vertex 53.4926 22.0917 1.05
      vertex 53.547 21.8603 1.05
    endloop
  endfacet
  facet normal 0 0 1
    outer loop
      vertex 53.2703 22.3958 1.05
      vertex 53.9422 23.101 1.05
      vertex 53.4779 23.2494 1.05
    endloop
  endfacet
  facet normal 0 0 1
    outer loop
      vertex 54.3144 22.8537 1.05
      vertex 53.402 22.2697 1.05
      vertex 53.4926 22.0917 1.05
    endloop
  endfacet
  facet normal 0 0 1
    outer loop
      vertex 53.9422 23.101 1.05
      vertex 53.2703 22.3958 1.05
      vertex 53.402 22.2697 1.05
    endloop
  endfacet
  facet normal 0 0 1
    outer loop
      vertex 53.4779 23.2494 1.05
      vertex 53.0925 22.4715 1.05
      vertex 53.2703 22.3958 1.05
    endloop
  endfacet
  facet normal 0 0 1
    outer loop
      vertex 52.9215 23.2989 1.05
      vertex 53.0925 22.4715 1.05
      vertex 53.4779 23.2494 1.05
    endloop
  endfacet
  facet normal 0 0 1
    outer loop
      vertex 52.9215 23.2989 1.05
      vertex 52.8687 22.4967 1.05
      vertex 53.0925 22.4715 1.05
    endloop
  endfacet
  facet normal 0 0 1
    outer loop
      vertex 52.9215 23.2989 1.05
      vertex 52.6598 22.4794 1.05
      vertex 52.8687 22.4967 1.05
    endloop
  endfacet
  facet normal -0 0 1
    outer loop
      vertex 52.3669 23.259 1.05
      vertex 52.6598 22.4794 1.05
      vertex 52.9215 23.2989 1.05
    endloop
  endfacet
  facet normal 0 0 1
    outer loop
      vertex 52.6598 22.4794 1.05
      vertex 52.3669 23.259 1.05
      vertex 52.4915 22.4272 1.05
    endloop
  endfacet
  facet normal -0 0 1
    outer loop
      vertex 51.896 23.1392 1.05
      vertex 52.4915 22.4272 1.05
      vertex 52.3669 23.259 1.05
    endloop
  endfacet
  facet normal 0 0 1
    outer loop
      vertex 52.4915 22.4272 1.05
      vertex 51.896 23.1392 1.05
      vertex 52.364 22.3402 1.05
    endloop
  endfacet
  facet normal -0 0 1
    outer loop
      vertex 51.5088 22.9397 1.05
      vertex 52.364 22.3402 1.05
      vertex 51.896 23.1392 1.05
    endloop
  endfacet
  facet normal 0 0 1
    outer loop
      vertex 52.364 22.3402 1.05
      vertex 51.5088 22.9397 1.05
      vertex 52.2702 22.2131 1.05
    endloop
  endfacet
  facet normal -0 0 1
    outer loop
      vertex 51.2079 22.6627 1.05
      vertex 52.2702 22.2131 1.05
      vertex 51.5088 22.9397 1.05
    endloop
  endfacet
  facet normal 0 0 1
    outer loop
      vertex 52.2702 22.2131 1.05
      vertex 51.2079 22.6627 1.05
      vertex 52.2033 22.0405 1.05
    endloop
  endfacet
  facet normal -0 0 1
    outer loop
      vertex 50.9956 22.3109 1.05
      vertex 52.2033 22.0405 1.05
      vertex 51.2079 22.6627 1.05
    endloop
  endfacet
  facet normal 0 0 1
    outer loop
      vertex 52.2033 22.0405 1.05
      vertex 50.9956 22.3109 1.05
      vertex 52.1634 21.8223 1.05
    endloop
  endfacet
  facet normal 0 0 1
    outer loop
      vertex 52.1634 21.8223 1.05
      vertex 50.9956 22.3109 1.05
      vertex 50.8719 21.8841 1.05
    endloop
  endfacet
  facet normal -0 0 1
    outer loop
      vertex 55.3802 19.1585 1.05
      vertex 55.4693 18.5032 1.05
      vertex 55.4693 19.1732 1.05
    endloop
  endfacet
  facet normal -0 0 1
    outer loop
      vertex 55.2891 19.1497 1.05
      vertex 55.4693 18.5032 1.05
      vertex 55.3802 19.1585 1.05
    endloop
  endfacet
  facet normal 0 0 1
    outer loop
      vertex 55.4693 18.5032 1.05
      vertex 55.2891 19.1497 1.05
      vertex 55.3983 18.4861 1.05
    endloop
  endfacet
  facet normal 0 0 1
    outer loop
      vertex 55.3983 18.4861 1.05
      vertex 55.2891 19.1497 1.05
      vertex 55.3321 18.4699 1.05
    endloop
  endfacet
  facet normal -0 0 1
    outer loop
      vertex 55.196 19.1468 1.05
      vertex 55.3321 18.4699 1.05
      vertex 55.2891 19.1497 1.05
    endloop
  endfacet
  facet normal 0 0 1
    outer loop
      vertex 55.3321 18.4699 1.05
      vertex 55.196 19.1468 1.05
      vertex 55.2709 18.4547 1.05
    endloop
  endfacet
  facet normal 0 0 1
    outer loop
      vertex 55.2709 18.4547 1.05
      vertex 55.196 19.1468 1.05
      vertex 55.2121 18.441 1.05
    endloop
  endfacet
  facet normal 0 0 1
    outer loop
      vertex 55.196 19.1468 1.05
      vertex 55.1534 18.4293 1.05
      vertex 55.2121 18.441 1.05
    endloop
  endfacet
  facet normal 0 0 1
    outer loop
      vertex 55.0684 19.1637 1.05
      vertex 55.1534 18.4293 1.05
      vertex 55.196 19.1468 1.05
    endloop
  endfacet
  facet normal 0 0 1
    outer loop
      vertex 55.1534 18.4293 1.05
      vertex 55.0684 19.1637 1.05
      vertex 55.0946 18.4195 1.05
    endloop
  endfacet
  facet normal 0 0 1
    outer loop
      vertex 55.0684 19.1637 1.05
      vertex 55.0346 18.4112 1.05
      vertex 55.0946 18.4195 1.05
    endloop
  endfacet
  facet normal 0 0 1
    outer loop
      vertex 55.0684 19.1637 1.05
      vertex 54.9722 18.4038 1.05
      vertex 55.0346 18.4112 1.05
    endloop
  endfacet
  facet normal 0 0 1
    outer loop
      vertex 54.8375 18.3926 1.05
      vertex 55.0684 19.1637 1.05
      vertex 54.9678 19.2144 1.05
    endloop
  endfacet
  facet normal 0 0 1
    outer loop
      vertex 55.0684 19.1637 1.05
      vertex 54.9073 18.3975 1.05
      vertex 54.9722 18.4038 1.05
    endloop
  endfacet
  facet normal 0 0 1
    outer loop
      vertex 54.7604 18.3896 1.05
      vertex 54.9678 19.2144 1.05
      vertex 54.894 19.2988 1.05
    endloop
  endfacet
  facet normal 0 0 1
    outer loop
      vertex 54.7604 18.3896 1.05
      vertex 54.894 19.2988 1.05
      vertex 54.8438 19.4279 1.05
    endloop
  endfacet
  facet normal 0 0 1
    outer loop
      vertex 55.0684 19.1637 1.05
      vertex 54.8375 18.3926 1.05
      vertex 54.9073 18.3975 1.05
    endloop
  endfacet
  facet normal 0 0 1
    outer loop
      vertex 54.7604 18.3896 1.05
      vertex 54.8438 19.4279 1.05
      vertex 54.8137 19.6123 1.05
    endloop
  endfacet
  facet normal 0 0 1
    outer loop
      vertex 54.7604 18.3896 1.05
      vertex 54.8137 19.6123 1.05
      vertex 54.8037 19.852 1.05
    endloop
  endfacet
  facet normal 0 0 1
    outer loop
      vertex 54.9678 19.2144 1.05
      vertex 54.7604 18.3896 1.05
      vertex 54.8375 18.3926 1.05
    endloop
  endfacet
  facet normal 0 0 1
    outer loop
      vertex 54.8037 21.5887 1.05
      vertex 53.5651 21.3331 1.05
      vertex 53.5651 20.6498 1.05
    endloop
  endfacet
  facet normal 0 0 1
    outer loop
      vertex 54.8037 19.852 1.05
      vertex 53.8575 18.7947 1.05
      vertex 54.3916 18.4141 1.05
    endloop
  endfacet
  facet normal 0 0 1
    outer loop
      vertex 54.8037 19.852 1.05
      vertex 54.6759 18.3886 1.05
      vertex 54.7604 18.3896 1.05
    endloop
  endfacet
  facet normal 0 0 1
    outer loop
      vertex 54.8037 19.852 1.05
      vertex 53.5044 20.0049 1.05
      vertex 53.7193 19.2923 1.05
    endloop
  endfacet
  facet normal -0 0 1
    outer loop
      vertex 53.4285 19.8146 1.05
      vertex 53.7193 19.2923 1.05
      vertex 53.5044 20.0049 1.05
    endloop
  endfacet
  facet normal 0 0 1
    outer loop
      vertex 53.7193 19.2923 1.05
      vertex 53.4285 19.8146 1.05
      vertex 53.6929 19.2923 1.05
    endloop
  endfacet
  facet normal -0 0 1
    outer loop
      vertex 53.3259 19.6415 1.05
      vertex 53.6929 19.2923 1.05
      vertex 53.4285 19.8146 1.05
    endloop
  endfacet
  facet normal -0 0 1
    outer loop
      vertex 53.2002 19.4953 1.05
      vertex 53.6929 19.2923 1.05
      vertex 53.3259 19.6415 1.05
    endloop
  endfacet
  facet normal -0 0 1
    outer loop
      vertex 53.0516 19.376 1.05
      vertex 53.6929 19.2923 1.05
      vertex 53.2002 19.4953 1.05
    endloop
  endfacet
  facet normal 0 0 1
    outer loop
      vertex 53.6929 19.2923 1.05
      vertex 53.0516 19.376 1.05
      vertex 53.2874 18.7707 1.05
    endloop
  endfacet
  facet normal -0 0 1
    outer loop
      vertex 52.8858 19.2878 1.05
      vertex 53.2874 18.7707 1.05
      vertex 53.0516 19.376 1.05
    endloop
  endfacet
  facet normal -0 0 1
    outer loop
      vertex 52.7087 19.2349 1.05
      vertex 53.2874 18.7707 1.05
      vertex 52.8858 19.2878 1.05
    endloop
  endfacet
  facet normal 0 0 1
    outer loop
      vertex 53.2874 18.7707 1.05
      vertex 52.7087 19.2349 1.05
      vertex 52.7643 18.4577 1.05
    endloop
  endfacet
  facet normal -0 0 1
    outer loop
      vertex 52.5204 19.2173 1.05
      vertex 52.7643 18.4577 1.05
      vertex 52.7087 19.2349 1.05
    endloop
  endfacet
  facet normal 0 0 1
    outer loop
      vertex 52.3586 19.2357 1.05
      vertex 52.7643 18.4577 1.05
      vertex 52.5204 19.2173 1.05
    endloop
  endfacet
  facet normal 0 0 1
    outer loop
      vertex 52.1237 18.3534 1.05
      vertex 52.3586 19.2357 1.05
      vertex 52.2197 19.2908 1.05
    endloop
  endfacet
  facet normal 0 0 1
    outer loop
      vertex 52.3586 19.2357 1.05
      vertex 52.1237 18.3534 1.05
      vertex 52.7643 18.4577 1.05
    endloop
  endfacet
  facet normal 0 0 1
    outer loop
      vertex 51.6962 18.3953 1.05
      vertex 52.2197 19.2908 1.05
      vertex 52.1039 19.3826 1.05
    endloop
  endfacet
  facet normal 0 0 1
    outer loop
      vertex 51.6962 18.3953 1.05
      vertex 52.1039 19.3826 1.05
      vertex 52.017 19.5121 1.05
    endloop
  endfacet
  facet normal 0 0 1
    outer loop
      vertex 51.6962 18.3953 1.05
      vertex 52.017 19.5121 1.05
      vertex 51.9648 19.6804 1.05
    endloop
  endfacet
  facet normal 0 0 1
    outer loop
      vertex 52.2197 19.2908 1.05
      vertex 51.6962 18.3953 1.05
      vertex 52.1237 18.3534 1.05
    endloop
  endfacet
  facet normal 0 0 1
    outer loop
      vertex 51.6962 18.3953 1.05
      vertex 51.9648 19.6804 1.05
      vertex 51.9474 19.8873 1.05
    endloop
  endfacet
  facet normal -0 0 1
    outer loop
      vertex 43.6692 23.2108 1.05
      vertex 44.9079 18.4415 1.05
      vertex 44.9079 23.2108 1.05
    endloop
  endfacet
  facet normal 0 0 1
    outer loop
      vertex 44.9079 18.4415 1.05
      vertex 43.6692 23.2108 1.05
      vertex 43.6692 18.4415 1.05
    endloop
  endfacet
  facet normal 0 1 -0
    outer loop
      vertex 39.6959 22.3733 1.05
      vertex 38.757 22.3733 1.6
      vertex 39.6959 22.3733 1.6
    endloop
  endfacet
  facet normal 0 1 0
    outer loop
      vertex 38.757 22.3733 1.6
      vertex 39.6959 22.3733 1.05
      vertex 38.757 22.3733 1.05
    endloop
  endfacet
  facet normal -1 0 0
    outer loop
      vertex 39.6959 22.3733 1.05
      vertex 39.6959 23.2108 1.6
      vertex 39.6959 23.2108 1.05
    endloop
  endfacet
  facet normal -1 -0 0
    outer loop
      vertex 39.6959 23.2108 1.6
      vertex 39.6959 22.3733 1.05
      vertex 39.6959 22.3733 1.6
    endloop
  endfacet
  facet normal 0 -1 0
    outer loop
      vertex 38.757 23.2108 1.05
      vertex 39.6959 23.2108 1.6
      vertex 38.757 23.2108 1.6
    endloop
  endfacet
  facet normal 0 -1 -0
    outer loop
      vertex 39.6959 23.2108 1.6
      vertex 38.757 23.2108 1.05
      vertex 39.6959 23.2108 1.05
    endloop
  endfacet
  facet normal -1 0 0
    outer loop
      vertex 38.757 23.2108 1.05
      vertex 38.757 23.5854 1.6
      vertex 38.757 23.5854 1.05
    endloop
  endfacet
  facet normal -1 -0 0
    outer loop
      vertex 38.757 23.5854 1.6
      vertex 38.757 23.2108 1.05
      vertex 38.757 23.2108 1.6
    endloop
  endfacet
  facet normal -0.99711 0.0759753 0
    outer loop
      vertex 38.757 23.5854 1.05
      vertex 38.7715 23.7757 1.6
      vertex 38.7715 23.7757 1.05
    endloop
  endfacet
  facet normal -0.99711 0.0759753 0
    outer loop
      vertex 38.7715 23.7757 1.6
      vertex 38.757 23.5854 1.05
      vertex 38.757 23.5854 1.6
    endloop
  endfacet
  facet normal -0.959613 0.281322 0
    outer loop
      vertex 38.7715 23.7757 1.05
      vertex 38.8148 23.9234 1.6
      vertex 38.8148 23.9234 1.05
    endloop
  endfacet
  facet normal -0.959613 0.281322 0
    outer loop
      vertex 38.8148 23.9234 1.6
      vertex 38.7715 23.7757 1.05
      vertex 38.7715 23.7757 1.6
    endloop
  endfacet
  facet normal -0.82363 0.567128 0
    outer loop
      vertex 38.8148 23.9234 1.05
      vertex 38.8871 24.0284 1.6
      vertex 38.8871 24.0284 1.05
    endloop
  endfacet
  facet normal -0.82363 0.567128 0
    outer loop
      vertex 38.8871 24.0284 1.6
      vertex 38.8148 23.9234 1.05
      vertex 38.8148 23.9234 1.6
    endloop
  endfacet
  facet normal -0.544577 0.838711 0
    outer loop
      vertex 38.9946 24.0982 1.05
      vertex 38.8871 24.0284 1.6
      vertex 38.9946 24.0982 1.6
    endloop
  endfacet
  facet normal -0.544577 0.838711 0
    outer loop
      vertex 38.8871 24.0284 1.6
      vertex 38.9946 24.0982 1.05
      vertex 38.8871 24.0284 1.05
    endloop
  endfacet
  facet normal -0.27054 0.962709 0
    outer loop
      vertex 39.1437 24.1401 1.05
      vertex 38.9946 24.0982 1.6
      vertex 39.1437 24.1401 1.6
    endloop
  endfacet
  facet normal -0.27054 0.962709 0
    outer loop
      vertex 38.9946 24.0982 1.6
      vertex 39.1437 24.1401 1.05
      vertex 38.9946 24.0982 1.05
    endloop
  endfacet
  facet normal -0.0726586 0.997357 0
    outer loop
      vertex 39.3345 24.154 1.05
      vertex 39.1437 24.1401 1.6
      vertex 39.3345 24.154 1.6
    endloop
  endfacet
  facet normal -0.0726586 0.997357 0
    outer loop
      vertex 39.1437 24.1401 1.6
      vertex 39.3345 24.154 1.05
      vertex 39.1437 24.1401 1.05
    endloop
  endfacet
  facet normal 0.0364902 0.999334 -0
    outer loop
      vertex 39.455 24.1496 1.05
      vertex 39.3345 24.154 1.6
      vertex 39.455 24.1496 1.6
    endloop
  endfacet
  facet normal 0.0364902 0.999334 0
    outer loop
      vertex 39.3345 24.154 1.6
      vertex 39.455 24.1496 1.05
      vertex 39.3345 24.154 1.05
    endloop
  endfacet
  facet normal 0.108982 0.994044 -0
    outer loop
      vertex 39.5754 24.1364 1.05
      vertex 39.455 24.1496 1.6
      vertex 39.5754 24.1364 1.6
    endloop
  endfacet
  facet normal 0.108982 0.994044 0
    outer loop
      vertex 39.455 24.1496 1.6
      vertex 39.5754 24.1364 1.05
      vertex 39.455 24.1496 1.05
    endloop
  endfacet
  facet normal 0.179604 0.983739 -0
    outer loop
      vertex 39.6959 24.1144 1.05
      vertex 39.5754 24.1364 1.6
      vertex 39.6959 24.1144 1.6
    endloop
  endfacet
  facet normal 0.179604 0.983739 0
    outer loop
      vertex 39.5754 24.1364 1.6
      vertex 39.6959 24.1144 1.05
      vertex 39.5754 24.1364 1.05
    endloop
  endfacet
  facet normal -1 0 0
    outer loop
      vertex 39.6959 24.1144 1.05
      vertex 39.6959 24.9122 1.6
      vertex 39.6959 24.9122 1.05
    endloop
  endfacet
  facet normal -1 -0 0
    outer loop
      vertex 39.6959 24.9122 1.6
      vertex 39.6959 24.1144 1.05
      vertex 39.6959 24.1144 1.6
    endloop
  endfacet
  facet normal -0.138116 -0.990416 0
    outer loop
      vertex 39.4148 24.9514 1.05
      vertex 39.6959 24.9122 1.6
      vertex 39.4148 24.9514 1.6
    endloop
  endfacet
  facet normal -0.138116 -0.990416 -0
    outer loop
      vertex 39.6959 24.9122 1.6
      vertex 39.4148 24.9514 1.05
      vertex 39.6959 24.9122 1.05
    endloop
  endfacet
  facet normal -0.0895055 -0.995986 0
    outer loop
      vertex 39.1533 24.9749 1.05
      vertex 39.4148 24.9514 1.6
      vertex 39.1533 24.9749 1.6
    endloop
  endfacet
  facet normal -0.0895055 -0.995986 -0
    outer loop
      vertex 39.4148 24.9514 1.6
      vertex 39.1533 24.9749 1.05
      vertex 39.4148 24.9514 1.05
    endloop
  endfacet
  facet normal -0.032228 -0.999481 0
    outer loop
      vertex 38.9114 24.9827 1.05
      vertex 39.1533 24.9749 1.6
      vertex 38.9114 24.9827 1.6
    endloop
  endfacet
  facet normal -0.032228 -0.999481 -0
    outer loop
      vertex 39.1533 24.9749 1.6
      vertex 38.9114 24.9827 1.05
      vertex 39.1533 24.9749 1.05
    endloop
  endfacet
  facet normal 0.0808847 -0.996723 0
    outer loop
      vertex 38.4838 24.948 1.05
      vertex 38.9114 24.9827 1.6
      vertex 38.4838 24.948 1.6
    endloop
  endfacet
  facet normal 0.0808847 -0.996723 0
    outer loop
      vertex 38.9114 24.9827 1.6
      vertex 38.4838 24.948 1.05
      vertex 38.9114 24.9827 1.05
    endloop
  endfacet
  facet normal 0.287196 -0.957872 0
    outer loop
      vertex 38.1356 24.8436 1.05
      vertex 38.4838 24.948 1.6
      vertex 38.1356 24.8436 1.6
    endloop
  endfacet
  facet normal 0.287196 -0.957872 0
    outer loop
      vertex 38.4838 24.948 1.6
      vertex 38.1356 24.8436 1.05
      vertex 38.4838 24.948 1.05
    endloop
  endfacet
  facet normal 0.542824 -0.839847 0
    outer loop
      vertex 37.8667 24.6698 1.05
      vertex 38.1356 24.8436 1.6
      vertex 37.8667 24.6698 1.6
    endloop
  endfacet
  facet normal 0.542824 -0.839847 0
    outer loop
      vertex 38.1356 24.8436 1.6
      vertex 37.8667 24.6698 1.05
      vertex 38.1356 24.8436 1.05
    endloop
  endfacet
  facet normal 0.78975 -0.613429 0
    outer loop
      vertex 37.6757 24.4239 1.6
      vertex 37.8667 24.6698 1.05
      vertex 37.8667 24.6698 1.6
    endloop
  endfacet
  facet normal 0.78975 -0.613429 0
    outer loop
      vertex 37.8667 24.6698 1.05
      vertex 37.6757 24.4239 1.6
      vertex 37.6757 24.4239 1.05
    endloop
  endfacet
  facet normal 0.941549 -0.336876 0
    outer loop
      vertex 37.5611 24.1036 1.6
      vertex 37.6757 24.4239 1.05
      vertex 37.6757 24.4239 1.6
    endloop
  endfacet
  facet normal 0.941549 -0.336876 0
    outer loop
      vertex 37.6757 24.4239 1.05
      vertex 37.5611 24.1036 1.6
      vertex 37.5611 24.1036 1.05
    endloop
  endfacet
  facet normal 0.995349 -0.0963323 0
    outer loop
      vertex 37.5229 23.7089 1.6
      vertex 37.5611 24.1036 1.05
      vertex 37.5611 24.1036 1.6
    endloop
  endfacet
  facet normal 0.995349 -0.0963323 0
    outer loop
      vertex 37.5611 24.1036 1.05
      vertex 37.5229 23.7089 1.6
      vertex 37.5229 23.7089 1.05
    endloop
  endfacet
  facet normal 1 -0 0
    outer loop
      vertex 37.5229 23.2108 1.6
      vertex 37.5229 23.7089 1.05
      vertex 37.5229 23.7089 1.6
    endloop
  endfacet
  facet normal 1 0 0
    outer loop
      vertex 37.5229 23.7089 1.05
      vertex 37.5229 23.2108 1.6
      vertex 37.5229 23.2108 1.05
    endloop
  endfacet
  facet normal 0 -1 0
    outer loop
      vertex 36.8264 23.2108 1.05
      vertex 37.5229 23.2108 1.6
      vertex 36.8264 23.2108 1.6
    endloop
  endfacet
  facet normal 0 -1 -0
    outer loop
      vertex 37.5229 23.2108 1.6
      vertex 36.8264 23.2108 1.05
      vertex 37.5229 23.2108 1.05
    endloop
  endfacet
  facet normal 1 -0 0
    outer loop
      vertex 36.8264 22.3733 1.6
      vertex 36.8264 23.2108 1.05
      vertex 36.8264 23.2108 1.6
    endloop
  endfacet
  facet normal 1 0 0
    outer loop
      vertex 36.8264 23.2108 1.05
      vertex 36.8264 22.3733 1.6
      vertex 36.8264 22.3733 1.05
    endloop
  endfacet
  facet normal 0 1 -0
    outer loop
      vertex 37.5229 22.3733 1.05
      vertex 36.8264 22.3733 1.6
      vertex 37.5229 22.3733 1.6
    endloop
  endfacet
  facet normal 0 1 0
    outer loop
      vertex 36.8264 22.3733 1.6
      vertex 37.5229 22.3733 1.05
      vertex 36.8264 22.3733 1.05
    endloop
  endfacet
  facet normal 1 -0 0
    outer loop
      vertex 37.5229 18.4415 1.6
      vertex 37.5229 22.3733 1.05
      vertex 37.5229 22.3733 1.6
    endloop
  endfacet
  facet normal 1 0 0
    outer loop
      vertex 37.5229 22.3733 1.05
      vertex 37.5229 18.4415 1.6
      vertex 37.5229 18.4415 1.05
    endloop
  endfacet
  facet normal 0 1 -0
    outer loop
      vertex 38.757 18.4415 1.05
      vertex 37.5229 18.4415 1.6
      vertex 38.757 18.4415 1.6
    endloop
  endfacet
  facet normal 0 1 0
    outer loop
      vertex 37.5229 18.4415 1.6
      vertex 38.757 18.4415 1.05
      vertex 37.5229 18.4415 1.05
    endloop
  endfacet
  facet normal -1 0 0
    outer loop
      vertex 38.757 18.4415 1.05
      vertex 38.757 22.3733 1.6
      vertex 38.757 22.3733 1.05
    endloop
  endfacet
  facet normal -1 -0 0
    outer loop
      vertex 38.757 22.3733 1.6
      vertex 38.757 18.4415 1.05
      vertex 38.757 18.4415 1.6
    endloop
  endfacet
  facet normal 0 -1 0
    outer loop
      vertex 43.6692 24.9827 1.05
      vertex 44.9079 24.9827 1.6
      vertex 43.6692 24.9827 1.6
    endloop
  endfacet
  facet normal 0 -1 -0
    outer loop
      vertex 44.9079 24.9827 1.6
      vertex 43.6692 24.9827 1.05
      vertex 44.9079 24.9827 1.05
    endloop
  endfacet
  facet normal 1 -0 0
    outer loop
      vertex 43.6692 24.0703 1.6
      vertex 43.6692 24.9827 1.05
      vertex 43.6692 24.9827 1.6
    endloop
  endfacet
  facet normal 1 0 0
    outer loop
      vertex 43.6692 24.9827 1.05
      vertex 43.6692 24.0703 1.6
      vertex 43.6692 24.0703 1.05
    endloop
  endfacet
  facet normal 0 1 -0
    outer loop
      vertex 44.9079 24.0703 1.05
      vertex 43.6692 24.0703 1.6
      vertex 44.9079 24.0703 1.6
    endloop
  endfacet
  facet normal 0 1 0
    outer loop
      vertex 43.6692 24.0703 1.6
      vertex 44.9079 24.0703 1.05
      vertex 43.6692 24.0703 1.05
    endloop
  endfacet
  facet normal -1 0 0
    outer loop
      vertex 44.9079 24.0703 1.05
      vertex 44.9079 24.9827 1.6
      vertex 44.9079 24.9827 1.05
    endloop
  endfacet
  facet normal -1 -0 0
    outer loop
      vertex 44.9079 24.9827 1.6
      vertex 44.9079 24.0703 1.05
      vertex 44.9079 24.0703 1.6
    endloop
  endfacet
  facet normal 0 1 -0
    outer loop
      vertex 34.7485 20.0284 1.05
      vertex 32.3815 20.0284 1.6
      vertex 34.7485 20.0284 1.6
    endloop
  endfacet
  facet normal 0 1 0
    outer loop
      vertex 32.3815 20.0284 1.6
      vertex 34.7485 20.0284 1.05
      vertex 32.3815 20.0284 1.05
    endloop
  endfacet
  facet normal 0.944675 0.328008 0
    outer loop
      vertex 35.2995 18.4415 1.6
      vertex 34.7485 20.0284 1.05
      vertex 34.7485 20.0284 1.6
    endloop
  endfacet
  facet normal 0.944675 0.328008 0
    outer loop
      vertex 34.7485 20.0284 1.05
      vertex 35.2995 18.4415 1.6
      vertex 35.2995 18.4415 1.05
    endloop
  endfacet
  facet normal 0 1 -0
    outer loop
      vertex 36.5866 18.4415 1.05
      vertex 35.2995 18.4415 1.6
      vertex 36.5866 18.4415 1.6
    endloop
  endfacet
  facet normal 0 1 0
    outer loop
      vertex 35.2995 18.4415 1.6
      vertex 36.5866 18.4415 1.05
      vertex 35.2995 18.4415 1.05
    endloop
  endfacet
  facet normal -0.939871 -0.341529 0
    outer loop
      vertex 36.5866 18.4415 1.05
      vertex 34.3298 24.6521 1.6
      vertex 34.3298 24.6521 1.05
    endloop
  endfacet
  facet normal -0.939871 -0.341529 0
    outer loop
      vertex 34.3298 24.6521 1.6
      vertex 36.5866 18.4415 1.05
      vertex 36.5866 18.4415 1.6
    endloop
  endfacet
  facet normal 0 -1 0
    outer loop
      vertex 32.7958 24.6521 1.05
      vertex 34.3298 24.6521 1.6
      vertex 32.7958 24.6521 1.6
    endloop
  endfacet
  facet normal 0 -1 -0
    outer loop
      vertex 34.3298 24.6521 1.6
      vertex 32.7958 24.6521 1.05
      vertex 34.3298 24.6521 1.05
    endloop
  endfacet
  facet normal 0.939443 -0.342705 0
    outer loop
      vertex 30.5302 18.4415 1.6
      vertex 32.7958 24.6521 1.05
      vertex 32.7958 24.6521 1.6
    endloop
  endfacet
  facet normal 0.939443 -0.342705 0
    outer loop
      vertex 32.7958 24.6521 1.05
      vertex 30.5302 18.4415 1.6
      vertex 30.5302 18.4415 1.05
    endloop
  endfacet
  facet normal 0 1 -0
    outer loop
      vertex 31.8305 18.4415 1.05
      vertex 30.5302 18.4415 1.6
      vertex 31.8305 18.4415 1.6
    endloop
  endfacet
  facet normal 0 1 0
    outer loop
      vertex 30.5302 18.4415 1.6
      vertex 31.8305 18.4415 1.05
      vertex 30.5302 18.4415 1.05
    endloop
  endfacet
  facet normal -0.944675 0.328008 0
    outer loop
      vertex 31.8305 18.4415 1.05
      vertex 32.3815 20.0284 1.6
      vertex 32.3815 20.0284 1.05
    endloop
  endfacet
  facet normal -0.944675 0.328008 0
    outer loop
      vertex 32.3815 20.0284 1.6
      vertex 31.8305 18.4415 1.05
      vertex 31.8305 18.4415 1.6
    endloop
  endfacet
  facet normal -0.945982 0.324219 0
    outer loop
      vertex 32.6724 21.0069 1.05
      vertex 33.0662 22.1559 1.6
      vertex 33.0662 22.1559 1.05
    endloop
  endfacet
  facet normal -0.945982 0.324219 0
    outer loop
      vertex 33.0662 22.1559 1.6
      vertex 32.6724 21.0069 1.05
      vertex 32.6724 21.0069 1.6
    endloop
  endfacet
  facet normal -0.946794 0.321839 0
    outer loop
      vertex 33.0662 22.1559 1.05
      vertex 33.3189 22.8993 1.6
      vertex 33.3189 22.8993 1.05
    endloop
  endfacet
  facet normal -0.946794 0.321839 0
    outer loop
      vertex 33.3189 22.8993 1.6
      vertex 33.0662 22.1559 1.05
      vertex 33.0662 22.1559 1.6
    endloop
  endfacet
  facet normal -0.949551 0.313613 0
    outer loop
      vertex 33.3189 22.8993 1.05
      vertex 33.4305 23.2372 1.6
      vertex 33.4305 23.2372 1.05
    endloop
  endfacet
  facet normal -0.949551 0.313613 0
    outer loop
      vertex 33.4305 23.2372 1.6
      vertex 33.3189 22.8993 1.05
      vertex 33.3189 22.8993 1.6
    endloop
  endfacet
  facet normal -0.957603 0.288089 0
    outer loop
      vertex 33.4305 23.2372 1.05
      vertex 33.4697 23.3675 1.6
      vertex 33.4697 23.3675 1.05
    endloop
  endfacet
  facet normal -0.957603 0.288089 0
    outer loop
      vertex 33.4697 23.3675 1.6
      vertex 33.4305 23.2372 1.05
      vertex 33.4305 23.2372 1.6
    endloop
  endfacet
  facet normal -0.959669 0.281131 0
    outer loop
      vertex 33.4697 23.3675 1.05
      vertex 33.505 23.488 1.6
      vertex 33.505 23.488 1.05
    endloop
  endfacet
  facet normal -0.959669 0.281131 0
    outer loop
      vertex 33.505 23.488 1.6
      vertex 33.4697 23.3675 1.05
      vertex 33.4697 23.3675 1.6
    endloop
  endfacet
  facet normal -0.962047 0.272884 0
    outer loop
      vertex 33.505 23.488 1.05
      vertex 33.5364 23.5987 1.6
      vertex 33.5364 23.5987 1.05
    endloop
  endfacet
  facet normal -0.962047 0.272884 0
    outer loop
      vertex 33.5364 23.5987 1.6
      vertex 33.505 23.488 1.05
      vertex 33.505 23.488 1.6
    endloop
  endfacet
  facet normal -0.964901 0.262612 0
    outer loop
      vertex 33.5364 23.5987 1.05
      vertex 33.5628 23.6957 1.6
      vertex 33.5628 23.6957 1.05
    endloop
  endfacet
  facet normal -0.964901 0.262612 0
    outer loop
      vertex 33.5628 23.6957 1.6
      vertex 33.5364 23.5987 1.05
      vertex 33.5364 23.5987 1.6
    endloop
  endfacet
  facet normal 0.956659 0.291212 0
    outer loop
      vertex 33.6554 23.3915 1.6
      vertex 33.5628 23.6957 1.05
      vertex 33.5628 23.6957 1.6
    endloop
  endfacet
  facet normal 0.956659 0.291212 0
    outer loop
      vertex 33.5628 23.6957 1.05
      vertex 33.6554 23.3915 1.6
      vertex 33.6554 23.3915 1.05
    endloop
  endfacet
  facet normal 0.953544 0.301253 0
    outer loop
      vertex 33.8448 22.792 1.6
      vertex 33.6554 23.3915 1.05
      vertex 33.6554 23.3915 1.6
    endloop
  endfacet
  facet normal 0.953544 0.301253 0
    outer loop
      vertex 33.6554 23.3915 1.05
      vertex 33.8448 22.792 1.6
      vertex 33.8448 22.792 1.05
    endloop
  endfacet
  facet normal 0.945838 0.32464 0
    outer loop
      vertex 34.4575 21.0069 1.6
      vertex 33.8448 22.792 1.05
      vertex 33.8448 22.792 1.6
    endloop
  endfacet
  facet normal 0.945838 0.32464 0
    outer loop
      vertex 33.8448 22.792 1.05
      vertex 34.4575 21.0069 1.6
      vertex 34.4575 21.0069 1.05
    endloop
  endfacet
  facet normal 0 -1 0
    outer loop
      vertex 32.6724 21.0069 1.05
      vertex 34.4575 21.0069 1.6
      vertex 32.6724 21.0069 1.6
    endloop
  endfacet
  facet normal 0 -1 -0
    outer loop
      vertex 34.4575 21.0069 1.6
      vertex 32.6724 21.0069 1.05
      vertex 34.4575 21.0069 1.05
    endloop
  endfacet
  facet normal -0.997991 0.0633575 0
    outer loop
      vertex 41.477 20.7821 1.05
      vertex 41.5056 21.2326 1.6
      vertex 41.5056 21.2326 1.05
    endloop
  endfacet
  facet normal -0.997991 0.0633575 0
    outer loop
      vertex 41.5056 21.2326 1.6
      vertex 41.477 20.7821 1.05
      vertex 41.477 20.7821 1.6
    endloop
  endfacet
  facet normal -0.974075 0.226223 0
    outer loop
      vertex 41.5056 21.2326 1.05
      vertex 41.5916 21.6029 1.6
      vertex 41.5916 21.6029 1.05
    endloop
  endfacet
  facet normal -0.974075 0.226223 0
    outer loop
      vertex 41.5916 21.6029 1.6
      vertex 41.5056 21.2326 1.05
      vertex 41.5056 21.2326 1.6
    endloop
  endfacet
  facet normal -0.896582 0.442879 0
    outer loop
      vertex 41.5916 21.6029 1.05
      vertex 41.7348 21.8928 1.6
      vertex 41.7348 21.8928 1.05
    endloop
  endfacet
  facet normal -0.896582 0.442879 0
    outer loop
      vertex 41.7348 21.8928 1.6
      vertex 41.5916 21.6029 1.05
      vertex 41.5916 21.6029 1.6
    endloop
  endfacet
  facet normal -0.73039 0.68303 0
    outer loop
      vertex 41.7348 21.8928 1.05
      vertex 41.9295 22.101 1.6
      vertex 41.9295 22.101 1.05
    endloop
  endfacet
  facet normal -0.73039 0.68303 0
    outer loop
      vertex 41.9295 22.101 1.6
      vertex 41.7348 21.8928 1.05
      vertex 41.7348 21.8928 1.6
    endloop
  endfacet
  facet normal -0.461341 0.887223 0
    outer loop
      vertex 42.1697 22.2259 1.05
      vertex 41.9295 22.101 1.6
      vertex 42.1697 22.2259 1.6
    endloop
  endfacet
  facet normal -0.461341 0.887223 0
    outer loop
      vertex 41.9295 22.101 1.6
      vertex 42.1697 22.2259 1.05
      vertex 41.9295 22.101 1.05
    endloop
  endfacet
  facet normal -0.144038 0.989572 0
    outer loop
      vertex 42.4555 22.2675 1.05
      vertex 42.1697 22.2259 1.6
      vertex 42.4555 22.2675 1.6
    endloop
  endfacet
  facet normal -0.144038 0.989572 0
    outer loop
      vertex 42.1697 22.2259 1.6
      vertex 42.4555 22.2675 1.05
      vertex 42.1697 22.2259 1.05
    endloop
  endfacet
  facet normal 0.0460284 0.99894 -0
    outer loop
      vertex 42.6161 22.2601 1.05
      vertex 42.4555 22.2675 1.6
      vertex 42.6161 22.2601 1.6
    endloop
  endfacet
  facet normal 0.0460284 0.99894 0
    outer loop
      vertex 42.4555 22.2675 1.6
      vertex 42.6161 22.2601 1.05
      vertex 42.4555 22.2675 1.05
    endloop
  endfacet
  facet normal 0.123827 0.992304 -0
    outer loop
      vertex 42.7924 22.2381 1.05
      vertex 42.6161 22.2601 1.6
      vertex 42.7924 22.2381 1.6
    endloop
  endfacet
  facet normal 0.123827 0.992304 0
    outer loop
      vertex 42.6161 22.2601 1.6
      vertex 42.7924 22.2381 1.05
      vertex 42.6161 22.2601 1.05
    endloop
  endfacet
  facet normal 0.187747 0.982217 -0
    outer loop
      vertex 42.9844 22.2014 1.05
      vertex 42.7924 22.2381 1.6
      vertex 42.9844 22.2014 1.6
    endloop
  endfacet
  facet normal 0.187747 0.982217 0
    outer loop
      vertex 42.7924 22.2381 1.6
      vertex 42.9844 22.2014 1.05
      vertex 42.7924 22.2381 1.05
    endloop
  endfacet
  facet normal -1 0 0
    outer loop
      vertex 42.9844 22.2014 1.05
      vertex 42.9844 23.2372 1.6
      vertex 42.9844 23.2372 1.05
    endloop
  endfacet
  facet normal -1 -0 0
    outer loop
      vertex 42.9844 23.2372 1.6
      vertex 42.9844 22.2014 1.05
      vertex 42.9844 22.2014 1.6
    endloop
  endfacet
  facet normal -0.323625 -0.946185 0
    outer loop
      vertex 42.8771 23.2739 1.05
      vertex 42.9844 23.2372 1.6
      vertex 42.8771 23.2739 1.6
    endloop
  endfacet
  facet normal -0.323625 -0.946185 -0
    outer loop
      vertex 42.9844 23.2372 1.6
      vertex 42.8771 23.2739 1.05
      vertex 42.9844 23.2372 1.05
    endloop
  endfacet
  facet normal -0.170397 -0.985375 0
    outer loop
      vertex 42.7493 23.296 1.05
      vertex 42.8771 23.2739 1.6
      vertex 42.7493 23.296 1.6
    endloop
  endfacet
  facet normal -0.170397 -0.985375 -0
    outer loop
      vertex 42.8771 23.2739 1.6
      vertex 42.7493 23.296 1.05
      vertex 42.8771 23.2739 1.05
    endloop
  endfacet
  facet normal -0.049132 -0.998792 0
    outer loop
      vertex 42.6009 23.3033 1.05
      vertex 42.7493 23.296 1.6
      vertex 42.6009 23.3033 1.6
    endloop
  endfacet
  facet normal -0.049132 -0.998792 -0
    outer loop
      vertex 42.7493 23.296 1.6
      vertex 42.6009 23.3033 1.05
      vertex 42.7493 23.296 1.05
    endloop
  endfacet
  facet normal 0.0599683 -0.9982 0
    outer loop
      vertex 42.4178 23.2923 1.05
      vertex 42.6009 23.3033 1.6
      vertex 42.4178 23.2923 1.6
    endloop
  endfacet
  facet normal 0.0599683 -0.9982 0
    outer loop
      vertex 42.6009 23.3033 1.6
      vertex 42.4178 23.2923 1.05
      vertex 42.6009 23.3033 1.05
    endloop
  endfacet
  facet normal 0.19996 -0.979804 0
    outer loop
      vertex 42.2561 23.2593 1.05
      vertex 42.4178 23.2923 1.6
      vertex 42.2561 23.2593 1.6
    endloop
  endfacet
  facet normal 0.19996 -0.979804 0
    outer loop
      vertex 42.4178 23.2923 1.6
      vertex 42.2561 23.2593 1.05
      vertex 42.4178 23.2923 1.05
    endloop
  endfacet
  facet normal 0.366803 -0.930298 0
    outer loop
      vertex 42.1161 23.2041 1.05
      vertex 42.2561 23.2593 1.6
      vertex 42.1161 23.2041 1.6
    endloop
  endfacet
  facet normal 0.366803 -0.930298 0
    outer loop
      vertex 42.2561 23.2593 1.6
      vertex 42.1161 23.2041 1.05
      vertex 42.2561 23.2593 1.05
    endloop
  endfacet
  facet normal 0.533322 -0.845912 0
    outer loop
      vertex 41.9927 23.1263 1.05
      vertex 42.1161 23.2041 1.6
      vertex 41.9927 23.1263 1.6
    endloop
  endfacet
  facet normal 0.533322 -0.845912 0
    outer loop
      vertex 42.1161 23.2041 1.6
      vertex 41.9927 23.1263 1.05
      vertex 42.1161 23.2041 1.05
    endloop
  endfacet
  facet normal 0.672145 -0.74042 0
    outer loop
      vertex 41.881 23.0249 1.05
      vertex 41.9927 23.1263 1.6
      vertex 41.881 23.0249 1.6
    endloop
  endfacet
  facet normal 0.672145 -0.74042 0
    outer loop
      vertex 41.9927 23.1263 1.6
      vertex 41.881 23.0249 1.05
      vertex 41.9927 23.1263 1.05
    endloop
  endfacet
  facet normal 0.78093 -0.624619 0
    outer loop
      vertex 41.7811 22.9 1.6
      vertex 41.881 23.0249 1.05
      vertex 41.881 23.0249 1.6
    endloop
  endfacet
  facet normal 0.78093 -0.624619 0
    outer loop
      vertex 41.881 23.0249 1.05
      vertex 41.7811 22.9 1.6
      vertex 41.7811 22.9 1.05
    endloop
  endfacet
  facet normal 0.865089 -0.501619 0
    outer loop
      vertex 41.6827 22.7303 1.6
      vertex 41.7811 22.9 1.05
      vertex 41.7811 22.9 1.6
    endloop
  endfacet
  facet normal 0.865089 -0.501619 0
    outer loop
      vertex 41.7811 22.9 1.05
      vertex 41.6827 22.7303 1.6
      vertex 41.6827 22.7303 1.05
    endloop
  endfacet
  facet normal 0.910195 -0.414181 0
    outer loop
      vertex 41.5754 22.4945 1.6
      vertex 41.6827 22.7303 1.05
      vertex 41.6827 22.7303 1.6
    endloop
  endfacet
  facet normal 0.910195 -0.414181 0
    outer loop
      vertex 41.6827 22.7303 1.05
      vertex 41.5754 22.4945 1.6
      vertex 41.5754 22.4945 1.05
    endloop
  endfacet
  facet normal 0.933401 -0.358834 0
    outer loop
      vertex 41.4593 22.1925 1.6
      vertex 41.5754 22.4945 1.05
      vertex 41.5754 22.4945 1.6
    endloop
  endfacet
  facet normal 0.933401 -0.358834 0
    outer loop
      vertex 41.5754 22.4945 1.05
      vertex 41.4593 22.1925 1.6
      vertex 41.4593 22.1925 1.05
    endloop
  endfacet
  facet normal 0 -1 0
    outer loop
      vertex 41.4417 22.1925 1.05
      vertex 41.4593 22.1925 1.6
      vertex 41.4417 22.1925 1.6
    endloop
  endfacet
  facet normal 0 -1 -0
    outer loop
      vertex 41.4593 22.1925 1.6
      vertex 41.4417 22.1925 1.05
      vertex 41.4593 22.1925 1.05
    endloop
  endfacet
  facet normal -0.999777 -0.021128 0
    outer loop
      vertex 41.4417 22.1925 1.05
      vertex 41.4392 22.3108 1.6
      vertex 41.4392 22.3108 1.05
    endloop
  endfacet
  facet normal -0.999777 -0.021128 0
    outer loop
      vertex 41.4392 22.3108 1.6
      vertex 41.4417 22.1925 1.05
      vertex 41.4417 22.1925 1.6
    endloop
  endfacet
  facet normal -0.999166 -0.0408394 0
    outer loop
      vertex 41.4392 22.3108 1.05
      vertex 41.4319 22.4894 1.6
      vertex 41.4319 22.4894 1.05
    endloop
  endfacet
  facet normal -0.999166 -0.0408394 0
    outer loop
      vertex 41.4319 22.4894 1.6
      vertex 41.4392 22.3108 1.05
      vertex 41.4392 22.3108 1.6
    endloop
  endfacet
  facet normal -0.998675 -0.0514608 0
    outer loop
      vertex 41.4319 22.4894 1.05
      vertex 41.4196 22.7281 1.6
      vertex 41.4196 22.7281 1.05
    endloop
  endfacet
  facet normal -0.998675 -0.0514608 0
    outer loop
      vertex 41.4196 22.7281 1.6
      vertex 41.4319 22.4894 1.05
      vertex 41.4319 22.4894 1.6
    endloop
  endfacet
  facet normal -0.998274 -0.058722 0
    outer loop
      vertex 41.4196 22.7281 1.05
      vertex 41.4059 22.961 1.6
      vertex 41.4059 22.961 1.05
    endloop
  endfacet
  facet normal -0.998274 -0.058722 0
    outer loop
      vertex 41.4059 22.961 1.6
      vertex 41.4196 22.7281 1.05
      vertex 41.4196 22.7281 1.6
    endloop
  endfacet
  facet normal -0.997367 -0.0725245 0
    outer loop
      vertex 41.4059 22.961 1.05
      vertex 41.3942 23.1219 1.6
      vertex 41.3942 23.1219 1.05
    endloop
  endfacet
  facet normal -0.997367 -0.0725245 0
    outer loop
      vertex 41.3942 23.1219 1.6
      vertex 41.4059 22.961 1.05
      vertex 41.4059 22.961 1.6
    endloop
  endfacet
  facet normal -0.993856 -0.110677 0
    outer loop
      vertex 41.3942 23.1219 1.05
      vertex 41.3843 23.2108 1.6
      vertex 41.3843 23.2108 1.05
    endloop
  endfacet
  facet normal -0.993856 -0.110677 0
    outer loop
      vertex 41.3843 23.2108 1.6
      vertex 41.3942 23.1219 1.05
      vertex 41.3942 23.1219 1.6
    endloop
  endfacet
  facet normal 0 -1 0
    outer loop
      vertex 40.2031 23.2108 1.05
      vertex 41.3843 23.2108 1.6
      vertex 40.2031 23.2108 1.6
    endloop
  endfacet
  facet normal 0 -1 -0
    outer loop
      vertex 41.3843 23.2108 1.6
      vertex 40.2031 23.2108 1.05
      vertex 41.3843 23.2108 1.05
    endloop
  endfacet
  facet normal 0.998166 0.0605376 0
    outer loop
      vertex 40.2117 23.069 1.6
      vertex 40.2031 23.2108 1.05
      vertex 40.2031 23.2108 1.6
    endloop
  endfacet
  facet normal 0.998166 0.0605376 0
    outer loop
      vertex 40.2031 23.2108 1.05
      vertex 40.2117 23.069 1.6
      vertex 40.2117 23.069 1.05
    endloop
  endfacet
  facet normal 0.998671 0.0515443 0
    outer loop
      vertex 40.2197 22.914 1.6
      vertex 40.2117 23.069 1.05
      vertex 40.2117 23.069 1.6
    endloop
  endfacet
  facet normal 0.998671 0.0515443 0
    outer loop
      vertex 40.2117 23.069 1.05
      vertex 40.2197 22.914 1.6
      vertex 40.2197 22.914 1.05
    endloop
  endfacet
  facet normal 0.998981 0.0451383 0
    outer loop
      vertex 40.2273 22.7458 1.6
      vertex 40.2197 22.914 1.05
      vertex 40.2197 22.914 1.6
    endloop
  endfacet
  facet normal 0.998981 0.0451383 0
    outer loop
      vertex 40.2197 22.914 1.05
      vertex 40.2273 22.7458 1.6
      vertex 40.2273 22.7458 1.05
    endloop
  endfacet
  facet normal 0.999481 0.0322073 0
    outer loop
      vertex 40.2334 22.5565 1.6
      vertex 40.2273 22.7458 1.05
      vertex 40.2273 22.7458 1.6
    endloop
  endfacet
  facet normal 0.999481 0.0322073 0
    outer loop
      vertex 40.2273 22.7458 1.05
      vertex 40.2334 22.5565 1.6
      vertex 40.2334 22.5565 1.05
    endloop
  endfacet
  facet normal 0.999856 0.0169545 0
    outer loop
      vertex 40.2371 22.3383 1.6
      vertex 40.2334 22.5565 1.05
      vertex 40.2334 22.5565 1.6
    endloop
  endfacet
  facet normal 0.999856 0.0169545 0
    outer loop
      vertex 40.2334 22.5565 1.05
      vertex 40.2371 22.3383 1.6
      vertex 40.2371 22.3383 1.05
    endloop
  endfacet
  facet normal 0.999988 0.00485628 0
    outer loop
      vertex 40.2383 22.0912 1.6
      vertex 40.2371 22.3383 1.05
      vertex 40.2371 22.3383 1.6
    endloop
  endfacet
  facet normal 0.999988 0.00485628 0
    outer loop
      vertex 40.2371 22.3383 1.05
      vertex 40.2383 22.0912 1.6
      vertex 40.2383 22.0912 1.05
    endloop
  endfacet
  facet normal 1 -0 0
    outer loop
      vertex 40.2383 18.4415 1.6
      vertex 40.2383 22.0912 1.05
      vertex 40.2383 22.0912 1.6
    endloop
  endfacet
  facet normal 1 0 0
    outer loop
      vertex 40.2383 22.0912 1.05
      vertex 40.2383 18.4415 1.6
      vertex 40.2383 18.4415 1.05
    endloop
  endfacet
  facet normal 0 1 -0
    outer loop
      vertex 41.477 18.4415 1.05
      vertex 40.2383 18.4415 1.6
      vertex 41.477 18.4415 1.6
    endloop
  endfacet
  facet normal 0 1 0
    outer loop
      vertex 40.2383 18.4415 1.6
      vertex 41.477 18.4415 1.05
      vertex 40.2383 18.4415 1.05
    endloop
  endfacet
  facet normal -1 0 0
    outer loop
      vertex 41.477 18.4415 1.05
      vertex 41.477 20.7821 1.6
      vertex 41.477 20.7821 1.05
    endloop
  endfacet
  facet normal -1 -0 0
    outer loop
      vertex 41.477 20.7821 1.6
      vertex 41.477 18.4415 1.05
      vertex 41.477 18.4415 1.6
    endloop
  endfacet
  facet normal -0.197095 0.980384 0
    outer loop
      vertex 48.8255 18.4464 1.05
      vertex 48.4788 18.3767 1.6
      vertex 48.8255 18.4464 1.6
    endloop
  endfacet
  facet normal -0.197095 0.980384 0
    outer loop
      vertex 48.4788 18.3767 1.6
      vertex 48.8255 18.4464 1.05
      vertex 48.4788 18.3767 1.05
    endloop
  endfacet
  facet normal -0.340615 0.940203 0
    outer loop
      vertex 49.1468 18.5628 1.05
      vertex 48.8255 18.4464 1.6
      vertex 49.1468 18.5628 1.6
    endloop
  endfacet
  facet normal -0.340615 0.940203 0
    outer loop
      vertex 48.8255 18.4464 1.6
      vertex 49.1468 18.5628 1.05
      vertex 48.8255 18.4464 1.05
    endloop
  endfacet
  facet normal -0.482187 0.876069 0
    outer loop
      vertex 49.4355 18.7217 1.05
      vertex 49.1468 18.5628 1.6
      vertex 49.4355 18.7217 1.6
    endloop
  endfacet
  facet normal -0.482187 0.876069 0
    outer loop
      vertex 49.1468 18.5628 1.6
      vertex 49.4355 18.7217 1.05
      vertex 49.1468 18.5628 1.05
    endloop
  endfacet
  facet normal -0.621468 0.78344 0
    outer loop
      vertex 49.6846 18.9193 1.05
      vertex 49.4355 18.7217 1.6
      vertex 49.6846 18.9193 1.6
    endloop
  endfacet
  facet normal -0.621468 0.78344 0
    outer loop
      vertex 49.4355 18.7217 1.6
      vertex 49.6846 18.9193 1.05
      vertex 49.4355 18.7217 1.05
    endloop
  endfacet
  facet normal -0.748422 0.663223 0
    outer loop
      vertex 49.6846 18.9193 1.05
      vertex 49.894 19.1556 1.6
      vertex 49.894 19.1556 1.05
    endloop
  endfacet
  facet normal -0.748422 0.663223 0
    outer loop
      vertex 49.894 19.1556 1.6
      vertex 49.6846 18.9193 1.05
      vertex 49.6846 18.9193 1.6
    endloop
  endfacet
  facet normal -0.850597 0.525818 0
    outer loop
      vertex 49.894 19.1556 1.05
      vertex 50.0593 19.423 1.6
      vertex 50.0593 19.423 1.05
    endloop
  endfacet
  facet normal -0.850597 0.525818 0
    outer loop
      vertex 50.0593 19.423 1.6
      vertex 49.894 19.1556 1.05
      vertex 49.894 19.1556 1.6
    endloop
  endfacet
  facet normal -0.927992 0.3726 0
    outer loop
      vertex 50.0593 19.423 1.05
      vertex 50.1761 19.7139 1.6
      vertex 50.1761 19.7139 1.05
    endloop
  endfacet
  facet normal -0.927992 0.3726 0
    outer loop
      vertex 50.1761 19.7139 1.6
      vertex 50.0593 19.423 1.05
      vertex 50.0593 19.423 1.6
    endloop
  endfacet
  facet normal -0.977221 0.212223 0
    outer loop
      vertex 50.1761 19.7139 1.05
      vertex 50.2444 20.0284 1.6
      vertex 50.2444 20.0284 1.05
    endloop
  endfacet
  facet normal -0.977221 0.212223 0
    outer loop
      vertex 50.2444 20.0284 1.6
      vertex 50.1761 19.7139 1.05
      vertex 50.1761 19.7139 1.6
    endloop
  endfacet
  facet normal -0.0460492 -0.998939 0
    outer loop
      vertex 49.0014 20.0857 1.05
      vertex 50.2444 20.0284 1.6
      vertex 49.0014 20.0857 1.6
    endloop
  endfacet
  facet normal -0.0460492 -0.998939 -0
    outer loop
      vertex 50.2444 20.0284 1.6
      vertex 49.0014 20.0857 1.05
      vertex 50.2444 20.0284 1.05
    endloop
  endfacet
  facet normal 0.977424 -0.211286 0
    outer loop
      vertex 48.9431 19.816 1.6
      vertex 49.0014 20.0857 1.05
      vertex 49.0014 20.0857 1.6
    endloop
  endfacet
  facet normal 0.977424 -0.211286 0
    outer loop
      vertex 49.0014 20.0857 1.05
      vertex 48.9431 19.816 1.6
      vertex 48.9431 19.816 1.05
    endloop
  endfacet
  facet normal 0.913607 -0.406598 0
    outer loop
      vertex 48.8447 19.5949 1.6
      vertex 48.9431 19.816 1.05
      vertex 48.9431 19.816 1.6
    endloop
  endfacet
  facet normal 0.913607 -0.406598 0
    outer loop
      vertex 48.9431 19.816 1.05
      vertex 48.8447 19.5949 1.6
      vertex 48.8447 19.5949 1.05
    endloop
  endfacet
  facet normal 0.779722 -0.626126 0
    outer loop
      vertex 48.7061 19.4223 1.6
      vertex 48.8447 19.5949 1.05
      vertex 48.8447 19.5949 1.6
    endloop
  endfacet
  facet normal 0.779722 -0.626126 0
    outer loop
      vertex 48.8447 19.5949 1.05
      vertex 48.7061 19.4223 1.6
      vertex 48.7061 19.4223 1.05
    endloop
  endfacet
  facet normal 0.58499 -0.811041 0
    outer loop
      vertex 48.5346 19.2986 1.05
      vertex 48.7061 19.4223 1.6
      vertex 48.5346 19.2986 1.6
    endloop
  endfacet
  facet normal 0.58499 -0.811041 0
    outer loop
      vertex 48.7061 19.4223 1.6
      vertex 48.5346 19.2986 1.05
      vertex 48.7061 19.4223 1.05
    endloop
  endfacet
  facet normal 0.352633 -0.935762 0
    outer loop
      vertex 48.3377 19.2244 1.05
      vertex 48.5346 19.2986 1.6
      vertex 48.3377 19.2244 1.6
    endloop
  endfacet
  facet normal 0.352633 -0.935762 0
    outer loop
      vertex 48.5346 19.2986 1.6
      vertex 48.3377 19.2244 1.05
      vertex 48.5346 19.2986 1.05
    endloop
  endfacet
  facet normal 0.110432 -0.993884 0
    outer loop
      vertex 48.1154 19.1997 1.05
      vertex 48.3377 19.2244 1.6
      vertex 48.1154 19.1997 1.6
    endloop
  endfacet
  facet normal 0.110432 -0.993884 0
    outer loop
      vertex 48.3377 19.2244 1.6
      vertex 48.1154 19.1997 1.05
      vertex 48.3377 19.2244 1.05
    endloop
  endfacet
  facet normal -0.320635 -0.947203 0
    outer loop
      vertex 47.5742 19.3829 1.05
      vertex 48.1154 19.1997 1.6
      vertex 47.5742 19.3829 1.6
    endloop
  endfacet
  facet normal -0.320635 -0.947203 -0
    outer loop
      vertex 48.1154 19.1997 1.6
      vertex 47.5742 19.3829 1.05
      vertex 48.1154 19.1997 1.05
    endloop
  endfacet
  facet normal -0.86093 -0.508724 0
    outer loop
      vertex 47.5742 19.3829 1.05
      vertex 47.2495 19.9324 1.6
      vertex 47.2495 19.9324 1.05
    endloop
  endfacet
  facet normal -0.86093 -0.508724 0
    outer loop
      vertex 47.2495 19.9324 1.6
      vertex 47.5742 19.3829 1.05
      vertex 47.5742 19.3829 1.6
    endloop
  endfacet
  facet normal -0.993093 -0.117332 0
    outer loop
      vertex 47.2495 19.9324 1.05
      vertex 47.1413 20.8482 1.6
      vertex 47.1413 20.8482 1.05
    endloop
  endfacet
  facet normal -0.993093 -0.117332 0
    outer loop
      vertex 47.1413 20.8482 1.6
      vertex 47.2495 19.9324 1.05
      vertex 47.2495 19.9324 1.6
    endloop
  endfacet
  facet normal -0.992925 0.11874 0
    outer loop
      vertex 47.1413 20.8482 1.05
      vertex 47.2476 21.7371 1.6
      vertex 47.2476 21.7371 1.05
    endloop
  endfacet
  facet normal -0.992925 0.11874 0
    outer loop
      vertex 47.2476 21.7371 1.6
      vertex 47.1413 20.8482 1.05
      vertex 47.1413 20.8482 1.6
    endloop
  endfacet
  facet normal -0.858372 0.513028 0
    outer loop
      vertex 47.2476 21.7371 1.05
      vertex 47.5664 22.2705 1.6
      vertex 47.5664 22.2705 1.05
    endloop
  endfacet
  facet normal -0.858372 0.513028 0
    outer loop
      vertex 47.5664 22.2705 1.6
      vertex 47.2476 21.7371 1.05
      vertex 47.2476 21.7371 1.6
    endloop
  endfacet
  facet normal -0.317138 0.948379 0
    outer loop
      vertex 48.0978 22.4482 1.05
      vertex 47.5664 22.2705 1.6
      vertex 48.0978 22.4482 1.6
    endloop
  endfacet
  facet normal -0.317138 0.948379 0
    outer loop
      vertex 47.5664 22.2705 1.6
      vertex 48.0978 22.4482 1.05
      vertex 47.5664 22.2705 1.05
    endloop
  endfacet
  facet normal 0.10074 0.994913 -0
    outer loop
      vertex 48.3368 22.424 1.05
      vertex 48.0978 22.4482 1.6
      vertex 48.3368 22.424 1.6
    endloop
  endfacet
  facet normal 0.10074 0.994913 0
    outer loop
      vertex 48.0978 22.4482 1.6
      vertex 48.3368 22.424 1.05
      vertex 48.0978 22.4482 1.05
    endloop
  endfacet
  facet normal 0.341932 0.939725 -0
    outer loop
      vertex 48.5366 22.3513 1.05
      vertex 48.3368 22.424 1.6
      vertex 48.5366 22.3513 1.6
    endloop
  endfacet
  facet normal 0.341932 0.939725 0
    outer loop
      vertex 48.3368 22.424 1.6
      vertex 48.5366 22.3513 1.05
      vertex 48.3368 22.424 1.05
    endloop
  endfacet
  facet normal 0.602461 0.798149 -0
    outer loop
      vertex 48.6973 22.23 1.05
      vertex 48.5366 22.3513 1.6
      vertex 48.6973 22.23 1.6
    endloop
  endfacet
  facet normal 0.602461 0.798149 0
    outer loop
      vertex 48.5366 22.3513 1.6
      vertex 48.6973 22.23 1.05
      vertex 48.5366 22.3513 1.05
    endloop
  endfacet
  facet normal 0.795138 0.606428 0
    outer loop
      vertex 48.8207 22.0682 1.6
      vertex 48.6973 22.23 1.05
      vertex 48.6973 22.23 1.6
    endloop
  endfacet
  facet normal 0.795138 0.606428 0
    outer loop
      vertex 48.6973 22.23 1.05
      vertex 48.8207 22.0682 1.6
      vertex 48.8207 22.0682 1.05
    endloop
  endfacet
  facet normal 0.91107 0.412251 0
    outer loop
      vertex 48.9088 21.8735 1.6
      vertex 48.8207 22.0682 1.05
      vertex 48.8207 22.0682 1.6
    endloop
  endfacet
  facet normal 0.91107 0.412251 0
    outer loop
      vertex 48.8207 22.0682 1.05
      vertex 48.9088 21.8735 1.6
      vertex 48.9088 21.8735 1.05
    endloop
  endfacet
  facet normal 0.974015 0.226485 0
    outer loop
      vertex 48.9617 21.646 1.6
      vertex 48.9088 21.8735 1.05
      vertex 48.9088 21.8735 1.6
    endloop
  endfacet
  facet normal 0.974015 0.226485 0
    outer loop
      vertex 48.9088 21.8735 1.05
      vertex 48.9617 21.646 1.6
      vertex 48.9617 21.646 1.05
    endloop
  endfacet
  facet normal -0.0494025 0.998779 0
    outer loop
      vertex 50.2091 21.7077 1.05
      vertex 48.9617 21.646 1.6
      vertex 50.2091 21.7077 1.6
    endloop
  endfacet
  facet normal -0.0494025 0.998779 0
    outer loop
      vertex 48.9617 21.646 1.6
      vertex 50.2091 21.7077 1.05
      vertex 48.9617 21.646 1.05
    endloop
  endfacet
  facet normal -0.957063 -0.289881 0
    outer loop
      vertex 50.2091 21.7077 1.05
      vertex 50.0695 22.1686 1.6
      vertex 50.0695 22.1686 1.05
    endloop
  endfacet
  facet normal -0.957063 -0.289881 0
    outer loop
      vertex 50.0695 22.1686 1.6
      vertex 50.2091 21.7077 1.05
      vertex 50.2091 21.7077 1.6
    endloop
  endfacet
  facet normal -0.860288 -0.509808 0
    outer loop
      vertex 50.0695 22.1686 1.05
      vertex 49.8388 22.5579 1.6
      vertex 49.8388 22.5579 1.05
    endloop
  endfacet
  facet normal -0.860288 -0.509808 0
    outer loop
      vertex 49.8388 22.5579 1.6
      vertex 50.0695 22.1686 1.05
      vertex 50.0695 22.1686 1.6
    endloop
  endfacet
  facet normal -0.702893 -0.711295 0
    outer loop
      vertex 49.5171 22.8758 1.05
      vertex 49.8388 22.5579 1.6
      vertex 49.5171 22.8758 1.6
    endloop
  endfacet
  facet normal -0.702893 -0.711295 -0
    outer loop
      vertex 49.8388 22.5579 1.6
      vertex 49.5171 22.8758 1.05
      vertex 49.8388 22.5579 1.05
    endloop
  endfacet
  facet normal -0.506832 -0.862045 0
    outer loop
      vertex 49.1174 23.1108 1.05
      vertex 49.5171 22.8758 1.6
      vertex 49.1174 23.1108 1.6
    endloop
  endfacet
  facet normal -0.506832 -0.862045 -0
    outer loop
      vertex 49.5171 22.8758 1.6
      vertex 49.1174 23.1108 1.05
      vertex 49.5171 22.8758 1.05
    endloop
  endfacet
  facet normal -0.290825 -0.956776 0
    outer loop
      vertex 48.6532 23.2519 1.05
      vertex 49.1174 23.1108 1.6
      vertex 48.6532 23.2519 1.6
    endloop
  endfacet
  facet normal -0.290825 -0.956776 -0
    outer loop
      vertex 49.1174 23.1108 1.6
      vertex 48.6532 23.2519 1.05
      vertex 49.1174 23.1108 1.05
    endloop
  endfacet
  facet normal -0.0884983 -0.996076 0
    outer loop
      vertex 48.1242 23.2989 1.05
      vertex 48.6532 23.2519 1.6
      vertex 48.1242 23.2989 1.6
    endloop
  endfacet
  facet normal -0.0884983 -0.996076 -0
    outer loop
      vertex 48.6532 23.2519 1.6
      vertex 48.1242 23.2989 1.05
      vertex 48.6532 23.2519 1.05
    endloop
  endfacet
  facet normal 0.108066 -0.994144 0
    outer loop
      vertex 47.4508 23.2257 1.05
      vertex 48.1242 23.2989 1.6
      vertex 47.4508 23.2257 1.6
    endloop
  endfacet
  facet normal 0.108066 -0.994144 0
    outer loop
      vertex 48.1242 23.2989 1.6
      vertex 47.4508 23.2257 1.05
      vertex 48.1242 23.2989 1.05
    endloop
  endfacet
  facet normal 0.363644 -0.931538 0
    outer loop
      vertex 46.888 23.006 1.05
      vertex 47.4508 23.2257 1.6
      vertex 46.888 23.006 1.6
    endloop
  endfacet
  facet normal 0.363644 -0.931538 0
    outer loop
      vertex 47.4508 23.2257 1.6
      vertex 46.888 23.006 1.05
      vertex 47.4508 23.2257 1.05
    endloop
  endfacet
  facet normal 0.629401 -0.777081 0
    outer loop
      vertex 46.436 22.6399 1.05
      vertex 46.888 23.006 1.6
      vertex 46.436 22.6399 1.6
    endloop
  endfacet
  facet normal 0.629401 -0.777081 0
    outer loop
      vertex 46.888 23.006 1.6
      vertex 46.436 22.6399 1.05
      vertex 46.888 23.006 1.05
    endloop
  endfacet
  facet normal 0.832771 -0.553618 0
    outer loop
      vertex 46.1054 22.1426 1.6
      vertex 46.436 22.6399 1.05
      vertex 46.436 22.6399 1.6
    endloop
  endfacet
  facet normal 0.832771 -0.553618 0
    outer loop
      vertex 46.436 22.6399 1.05
      vertex 46.1054 22.1426 1.6
      vertex 46.1054 22.1426 1.05
    endloop
  endfacet
  facet normal 0.951514 -0.307606 0
    outer loop
      vertex 45.9071 21.5292 1.6
      vertex 46.1054 22.1426 1.05
      vertex 46.1054 22.1426 1.6
    endloop
  endfacet
  facet normal 0.951514 -0.307606 0
    outer loop
      vertex 46.1054 22.1426 1.05
      vertex 45.9071 21.5292 1.6
      vertex 45.9071 21.5292 1.05
    endloop
  endfacet
  facet normal 0.99592 -0.0902403 0
    outer loop
      vertex 45.841 20.7997 1.6
      vertex 45.9071 21.5292 1.05
      vertex 45.9071 21.5292 1.6
    endloop
  endfacet
  facet normal 0.99592 -0.0902403 0
    outer loop
      vertex 45.9071 21.5292 1.05
      vertex 45.841 20.7997 1.6
      vertex 45.841 20.7997 1.05
    endloop
  endfacet
  facet normal 0.995798 0.0915804 0
    outer loop
      vertex 45.9066 20.0864 1.6
      vertex 45.841 20.7997 1.05
      vertex 45.841 20.7997 1.6
    endloop
  endfacet
  facet normal 0.995798 0.0915804 0
    outer loop
      vertex 45.841 20.7997 1.05
      vertex 45.9066 20.0864 1.6
      vertex 45.9066 20.0864 1.05
    endloop
  endfacet
  facet normal 0.950177 0.311712 0
    outer loop
      vertex 46.1035 19.4862 1.6
      vertex 45.9066 20.0864 1.05
      vertex 45.9066 20.0864 1.6
    endloop
  endfacet
  facet normal 0.950177 0.311712 0
    outer loop
      vertex 45.9066 20.0864 1.05
      vertex 46.1035 19.4862 1.6
      vertex 46.1035 19.4862 1.05
    endloop
  endfacet
  facet normal 0.829395 0.558663 0
    outer loop
      vertex 46.4316 18.9991 1.6
      vertex 46.1035 19.4862 1.05
      vertex 46.1035 19.4862 1.6
    endloop
  endfacet
  facet normal 0.829395 0.558663 0
    outer loop
      vertex 46.1035 19.4862 1.05
      vertex 46.4316 18.9991 1.6
      vertex 46.4316 18.9991 1.05
    endloop
  endfacet
  facet normal 0.624419 0.78109 -0
    outer loop
      vertex 46.8803 18.6404 1.05
      vertex 46.4316 18.9991 1.6
      vertex 46.8803 18.6404 1.6
    endloop
  endfacet
  facet normal 0.624419 0.78109 0
    outer loop
      vertex 46.4316 18.9991 1.6
      vertex 46.8803 18.6404 1.05
      vertex 46.4316 18.9991 1.05
    endloop
  endfacet
  facet normal 0.359808 0.933027 -0
    outer loop
      vertex 47.4386 18.4251 1.05
      vertex 46.8803 18.6404 1.6
      vertex 47.4386 18.4251 1.6
    endloop
  endfacet
  facet normal 0.359808 0.933027 0
    outer loop
      vertex 46.8803 18.6404 1.6
      vertex 47.4386 18.4251 1.05
      vertex 46.8803 18.6404 1.05
    endloop
  endfacet
  facet normal 0.106722 0.994289 -0
    outer loop
      vertex 48.1066 18.3534 1.05
      vertex 47.4386 18.4251 1.6
      vertex 48.1066 18.3534 1.6
    endloop
  endfacet
  facet normal 0.106722 0.994289 0
    outer loop
      vertex 47.4386 18.4251 1.6
      vertex 48.1066 18.3534 1.05
      vertex 47.4386 18.4251 1.05
    endloop
  endfacet
  facet normal -0.0624785 0.998046 0
    outer loop
      vertex 48.4788 18.3767 1.05
      vertex 48.1066 18.3534 1.6
      vertex 48.4788 18.3767 1.6
    endloop
  endfacet
  facet normal -0.0624785 0.998046 0
    outer loop
      vertex 48.1066 18.3534 1.6
      vertex 48.4788 18.3767 1.05
      vertex 48.1066 18.3534 1.05
    endloop
  endfacet
  facet normal -0.513458 0.858115 0
    outer loop
      vertex 53.2874 18.7707 1.05
      vertex 52.7643 18.4577 1.6
      vertex 53.2874 18.7707 1.6
    endloop
  endfacet
  facet normal -0.513458 0.858115 0
    outer loop
      vertex 52.7643 18.4577 1.6
      vertex 53.2874 18.7707 1.05
      vertex 52.7643 18.4577 1.05
    endloop
  endfacet
  facet normal -0.789491 0.613762 0
    outer loop
      vertex 53.2874 18.7707 1.05
      vertex 53.6929 19.2923 1.6
      vertex 53.6929 19.2923 1.05
    endloop
  endfacet
  facet normal -0.789491 0.613762 0
    outer loop
      vertex 53.6929 19.2923 1.6
      vertex 53.2874 18.7707 1.05
      vertex 53.2874 18.7707 1.6
    endloop
  endfacet
  facet normal 0 1 -0
    outer loop
      vertex 53.7193 19.2923 1.05
      vertex 53.6929 19.2923 1.6
      vertex 53.7193 19.2923 1.6
    endloop
  endfacet
  facet normal 0 1 0
    outer loop
      vertex 53.6929 19.2923 1.6
      vertex 53.7193 19.2923 1.05
      vertex 53.6929 19.2923 1.05
    endloop
  endfacet
  facet normal 0.98406 0.177838 0
    outer loop
      vertex 53.7686 19.0195 1.6
      vertex 53.7193 19.2923 1.05
      vertex 53.7193 19.2923 1.6
    endloop
  endfacet
  facet normal 0.98406 0.177838 0
    outer loop
      vertex 53.7193 19.2923 1.05
      vertex 53.7686 19.0195 1.6
      vertex 53.7686 19.0195 1.05
    endloop
  endfacet
  facet normal 0.929925 0.36775 0
    outer loop
      vertex 53.8575 18.7947 1.6
      vertex 53.7686 19.0195 1.05
      vertex 53.7686 19.0195 1.6
    endloop
  endfacet
  facet normal 0.929925 0.36775 0
    outer loop
      vertex 53.7686 19.0195 1.05
      vertex 53.8575 18.7947 1.6
      vertex 53.8575 18.7947 1.05
    endloop
  endfacet
  facet normal 0.809072 0.587709 0
    outer loop
      vertex 53.986 18.6178 1.6
      vertex 53.8575 18.7947 1.05
      vertex 53.8575 18.7947 1.6
    endloop
  endfacet
  facet normal 0.809072 0.587709 0
    outer loop
      vertex 53.8575 18.7947 1.05
      vertex 53.986 18.6178 1.6
      vertex 53.986 18.6178 1.05
    endloop
  endfacet
  facet normal 0.586937 0.809632 -0
    outer loop
      vertex 54.1616 18.4905 1.05
      vertex 53.986 18.6178 1.6
      vertex 54.1616 18.4905 1.6
    endloop
  endfacet
  facet normal 0.586937 0.809632 0
    outer loop
      vertex 53.986 18.6178 1.6
      vertex 54.1616 18.4905 1.05
      vertex 53.986 18.6178 1.05
    endloop
  endfacet
  facet normal 0.315237 0.949013 -0
    outer loop
      vertex 54.3916 18.4141 1.05
      vertex 54.1616 18.4905 1.6
      vertex 54.3916 18.4141 1.6
    endloop
  endfacet
  facet normal 0.315237 0.949013 0
    outer loop
      vertex 54.1616 18.4905 1.6
      vertex 54.3916 18.4141 1.05
      vertex 54.1616 18.4905 1.05
    endloop
  endfacet
  facet normal 0.0893354 0.996002 -0
    outer loop
      vertex 54.6759 18.3886 1.05
      vertex 54.3916 18.4141 1.6
      vertex 54.6759 18.3886 1.6
    endloop
  endfacet
  facet normal 0.0893354 0.996002 0
    outer loop
      vertex 54.3916 18.4141 1.6
      vertex 54.6759 18.3886 1.05
      vertex 54.3916 18.4141 1.05
    endloop
  endfacet
  facet normal -0.0118335 0.99993 0
    outer loop
      vertex 54.7604 18.3896 1.05
      vertex 54.6759 18.3886 1.6
      vertex 54.7604 18.3896 1.6
    endloop
  endfacet
  facet normal -0.0118335 0.99993 0
    outer loop
      vertex 54.6759 18.3886 1.6
      vertex 54.7604 18.3896 1.05
      vertex 54.6759 18.3886 1.05
    endloop
  endfacet
  facet normal -0.0388811 0.999244 0
    outer loop
      vertex 54.8375 18.3926 1.05
      vertex 54.7604 18.3896 1.6
      vertex 54.8375 18.3926 1.6
    endloop
  endfacet
  facet normal -0.0388811 0.999244 0
    outer loop
      vertex 54.7604 18.3896 1.6
      vertex 54.8375 18.3926 1.05
      vertex 54.7604 18.3896 1.05
    endloop
  endfacet
  facet normal -0.0700282 0.997545 0
    outer loop
      vertex 54.9073 18.3975 1.05
      vertex 54.8375 18.3926 1.6
      vertex 54.9073 18.3975 1.6
    endloop
  endfacet
  facet normal -0.0700282 0.997545 0
    outer loop
      vertex 54.8375 18.3926 1.6
      vertex 54.9073 18.3975 1.05
      vertex 54.8375 18.3926 1.05
    endloop
  endfacet
  facet normal -0.0966183 0.995322 0
    outer loop
      vertex 54.9722 18.4038 1.05
      vertex 54.9073 18.3975 1.6
      vertex 54.9722 18.4038 1.6
    endloop
  endfacet
  facet normal -0.0966183 0.995322 0
    outer loop
      vertex 54.9073 18.3975 1.6
      vertex 54.9722 18.4038 1.05
      vertex 54.9073 18.3975 1.05
    endloop
  endfacet
  facet normal -0.117765 0.993042 0
    outer loop
      vertex 55.0346 18.4112 1.05
      vertex 54.9722 18.4038 1.6
      vertex 55.0346 18.4112 1.6
    endloop
  endfacet
  facet normal -0.117765 0.993042 0
    outer loop
      vertex 54.9722 18.4038 1.6
      vertex 55.0346 18.4112 1.05
      vertex 54.9722 18.4038 1.05
    endloop
  endfacet
  facet normal -0.137028 0.990567 0
    outer loop
      vertex 55.0946 18.4195 1.05
      vertex 55.0346 18.4112 1.6
      vertex 55.0946 18.4195 1.6
    endloop
  endfacet
  facet normal -0.137028 0.990567 0
    outer loop
      vertex 55.0346 18.4112 1.6
      vertex 55.0946 18.4195 1.05
      vertex 55.0346 18.4112 1.05
    endloop
  endfacet
  facet normal -0.164399 0.986394 0
    outer loop
      vertex 55.1534 18.4293 1.05
      vertex 55.0946 18.4195 1.6
      vertex 55.1534 18.4293 1.6
    endloop
  endfacet
  facet normal -0.164399 0.986394 0
    outer loop
      vertex 55.0946 18.4195 1.6
      vertex 55.1534 18.4293 1.05
      vertex 55.0946 18.4195 1.05
    endloop
  endfacet
  facet normal -0.195474 0.980709 0
    outer loop
      vertex 55.2121 18.441 1.05
      vertex 55.1534 18.4293 1.6
      vertex 55.2121 18.441 1.6
    endloop
  endfacet
  facet normal -0.195474 0.980709 0
    outer loop
      vertex 55.1534 18.4293 1.6
      vertex 55.2121 18.441 1.05
      vertex 55.1534 18.4293 1.05
    endloop
  endfacet
  facet normal -0.226915 0.973914 0
    outer loop
      vertex 55.2709 18.4547 1.05
      vertex 55.2121 18.441 1.6
      vertex 55.2709 18.4547 1.6
    endloop
  endfacet
  facet normal -0.226915 0.973914 0
    outer loop
      vertex 55.2121 18.441 1.6
      vertex 55.2709 18.4547 1.05
      vertex 55.2121 18.441 1.05
    endloop
  endfacet
  facet normal -0.241043 0.970514 0
    outer loop
      vertex 55.3321 18.4699 1.05
      vertex 55.2709 18.4547 1.6
      vertex 55.3321 18.4699 1.6
    endloop
  endfacet
  facet normal -0.241043 0.970514 0
    outer loop
      vertex 55.2709 18.4547 1.6
      vertex 55.3321 18.4699 1.05
      vertex 55.2709 18.4547 1.05
    endloop
  endfacet
  facet normal -0.237699 0.971339 0
    outer loop
      vertex 55.3983 18.4861 1.05
      vertex 55.3321 18.4699 1.6
      vertex 55.3983 18.4861 1.6
    endloop
  endfacet
  facet normal -0.237699 0.971339 0
    outer loop
      vertex 55.3321 18.4699 1.6
      vertex 55.3983 18.4861 1.05
      vertex 55.3321 18.4699 1.05
    endloop
  endfacet
  facet normal -0.23415 0.972201 0
    outer loop
      vertex 55.4693 18.5032 1.05
      vertex 55.3983 18.4861 1.6
      vertex 55.4693 18.5032 1.6
    endloop
  endfacet
  facet normal -0.23415 0.972201 0
    outer loop
      vertex 55.3983 18.4861 1.6
      vertex 55.4693 18.5032 1.05
      vertex 55.3983 18.4861 1.05
    endloop
  endfacet
  facet normal -1 0 0
    outer loop
      vertex 55.4693 18.5032 1.05
      vertex 55.4693 19.1732 1.6
      vertex 55.4693 19.1732 1.05
    endloop
  endfacet
  facet normal -1 -0 0
    outer loop
      vertex 55.4693 19.1732 1.6
      vertex 55.4693 18.5032 1.05
      vertex 55.4693 18.5032 1.6
    endloop
  endfacet
  facet normal 0.162783 -0.986662 0
    outer loop
      vertex 55.3802 19.1585 1.05
      vertex 55.4693 19.1732 1.6
      vertex 55.3802 19.1585 1.6
    endloop
  endfacet
  facet normal 0.162783 -0.986662 0
    outer loop
      vertex 55.4693 19.1732 1.6
      vertex 55.3802 19.1585 1.05
      vertex 55.4693 19.1732 1.05
    endloop
  endfacet
  facet normal 0.0961496 -0.995367 0
    outer loop
      vertex 55.2891 19.1497 1.05
      vertex 55.3802 19.1585 1.6
      vertex 55.2891 19.1497 1.6
    endloop
  endfacet
  facet normal 0.0961496 -0.995367 0
    outer loop
      vertex 55.3802 19.1585 1.6
      vertex 55.2891 19.1497 1.05
      vertex 55.3802 19.1585 1.05
    endloop
  endfacet
  facet normal 0.0311342 -0.999515 0
    outer loop
      vertex 55.196 19.1468 1.05
      vertex 55.2891 19.1497 1.6
      vertex 55.196 19.1468 1.6
    endloop
  endfacet
  facet normal 0.0311342 -0.999515 0
    outer loop
      vertex 55.2891 19.1497 1.6
      vertex 55.196 19.1468 1.05
      vertex 55.2891 19.1497 1.05
    endloop
  endfacet
  facet normal -0.131299 -0.991343 0
    outer loop
      vertex 55.0684 19.1637 1.05
      vertex 55.196 19.1468 1.6
      vertex 55.0684 19.1637 1.6
    endloop
  endfacet
  facet normal -0.131299 -0.991343 -0
    outer loop
      vertex 55.196 19.1468 1.6
      vertex 55.0684 19.1637 1.05
      vertex 55.196 19.1468 1.05
    endloop
  endfacet
  facet normal -0.450052 -0.893002 0
    outer loop
      vertex 54.9678 19.2144 1.05
      vertex 55.0684 19.1637 1.6
      vertex 54.9678 19.2144 1.6
    endloop
  endfacet
  facet normal -0.450052 -0.893002 -0
    outer loop
      vertex 55.0684 19.1637 1.6
      vertex 54.9678 19.2144 1.05
      vertex 55.0684 19.1637 1.05
    endloop
  endfacet
  facet normal -0.752798 -0.658252 0
    outer loop
      vertex 54.9678 19.2144 1.05
      vertex 54.894 19.2988 1.6
      vertex 54.894 19.2988 1.05
    endloop
  endfacet
  facet normal -0.752798 -0.658252 0
    outer loop
      vertex 54.894 19.2988 1.6
      vertex 54.9678 19.2144 1.05
      vertex 54.9678 19.2144 1.6
    endloop
  endfacet
  facet normal -0.932018 -0.362411 0
    outer loop
      vertex 54.894 19.2988 1.05
      vertex 54.8438 19.4279 1.6
      vertex 54.8438 19.4279 1.05
    endloop
  endfacet
  facet normal -0.932018 -0.362411 0
    outer loop
      vertex 54.8438 19.4279 1.6
      vertex 54.894 19.2988 1.05
      vertex 54.894 19.2988 1.6
    endloop
  endfacet
  facet normal -0.986938 -0.1611 0
    outer loop
      vertex 54.8438 19.4279 1.05
      vertex 54.8137 19.6123 1.6
      vertex 54.8137 19.6123 1.05
    endloop
  endfacet
  facet normal -0.986938 -0.1611 0
    outer loop
      vertex 54.8137 19.6123 1.6
      vertex 54.8438 19.4279 1.05
      vertex 54.8438 19.4279 1.6
    endloop
  endfacet
  facet normal -0.999131 -0.0416826 0
    outer loop
      vertex 54.8137 19.6123 1.05
      vertex 54.8037 19.852 1.6
      vertex 54.8037 19.852 1.05
    endloop
  endfacet
  facet normal -0.999131 -0.0416826 0
    outer loop
      vertex 54.8037 19.852 1.6
      vertex 54.8137 19.6123 1.05
      vertex 54.8137 19.6123 1.6
    endloop
  endfacet
  facet normal -1 0 0
    outer loop
      vertex 54.8037 19.852 1.05
      vertex 54.8037 21.5887 1.6
      vertex 54.8037 21.5887 1.05
    endloop
  endfacet
  facet normal -1 -0 0
    outer loop
      vertex 54.8037 21.5887 1.6
      vertex 54.8037 19.852 1.05
      vertex 54.8037 19.852 1.6
    endloop
  endfacet
  facet normal -0.994246 -0.107124 0
    outer loop
      vertex 54.8037 21.5887 1.05
      vertex 54.7493 22.0936 1.6
      vertex 54.7493 22.0936 1.05
    endloop
  endfacet
  facet normal -0.994246 -0.107124 0
    outer loop
      vertex 54.7493 22.0936 1.6
      vertex 54.8037 21.5887 1.05
      vertex 54.8037 21.5887 1.6
    endloop
  endfacet
  facet normal -0.932671 -0.360727 0
    outer loop
      vertex 54.7493 22.0936 1.05
      vertex 54.5862 22.5153 1.6
      vertex 54.5862 22.5153 1.05
    endloop
  endfacet
  facet normal -0.932671 -0.360727 0
    outer loop
      vertex 54.5862 22.5153 1.6
      vertex 54.7493 22.0936 1.05
      vertex 54.7493 22.0936 1.6
    endloop
  endfacet
  facet normal -0.779654 -0.626211 0
    outer loop
      vertex 54.5862 22.5153 1.05
      vertex 54.3144 22.8537 1.6
      vertex 54.3144 22.8537 1.05
    endloop
  endfacet
  facet normal -0.779654 -0.626211 0
    outer loop
      vertex 54.3144 22.8537 1.6
      vertex 54.5862 22.5153 1.05
      vertex 54.5862 22.5153 1.6
    endloop
  endfacet
  facet normal -0.553408 -0.83291 0
    outer loop
      vertex 53.9422 23.101 1.05
      vertex 54.3144 22.8537 1.6
      vertex 53.9422 23.101 1.6
    endloop
  endfacet
  facet normal -0.553408 -0.83291 -0
    outer loop
      vertex 54.3144 22.8537 1.6
      vertex 53.9422 23.101 1.05
      vertex 54.3144 22.8537 1.05
    endloop
  endfacet
  facet normal -0.304448 -0.952529 0
    outer loop
      vertex 53.4779 23.2494 1.05
      vertex 53.9422 23.101 1.6
      vertex 53.4779 23.2494 1.6
    endloop
  endfacet
  facet normal -0.304448 -0.952529 -0
    outer loop
      vertex 53.9422 23.101 1.6
      vertex 53.4779 23.2494 1.05
      vertex 53.9422 23.101 1.05
    endloop
  endfacet
  facet normal -0.0886148 -0.996066 0
    outer loop
      vertex 52.9215 23.2989 1.05
      vertex 53.4779 23.2494 1.6
      vertex 52.9215 23.2989 1.6
    endloop
  endfacet
  facet normal -0.0886148 -0.996066 -0
    outer loop
      vertex 53.4779 23.2494 1.6
      vertex 52.9215 23.2989 1.05
      vertex 53.4779 23.2494 1.05
    endloop
  endfacet
  facet normal 0.0717583 -0.997422 0
    outer loop
      vertex 52.3669 23.259 1.05
      vertex 52.9215 23.2989 1.6
      vertex 52.3669 23.259 1.6
    endloop
  endfacet
  facet normal 0.0717583 -0.997422 0
    outer loop
      vertex 52.9215 23.2989 1.6
      vertex 52.3669 23.259 1.05
      vertex 52.9215 23.2989 1.05
    endloop
  endfacet
  facet normal 0.246553 -0.969129 0
    outer loop
      vertex 51.896 23.1392 1.05
      vertex 52.3669 23.259 1.6
      vertex 51.896 23.1392 1.6
    endloop
  endfacet
  facet normal 0.246553 -0.969129 0
    outer loop
      vertex 52.3669 23.259 1.6
      vertex 51.896 23.1392 1.05
      vertex 52.3669 23.259 1.05
    endloop
  endfacet
  facet normal 0.458017 -0.888943 0
    outer loop
      vertex 51.5088 22.9397 1.05
      vertex 51.896 23.1392 1.6
      vertex 51.5088 22.9397 1.6
    endloop
  endfacet
  facet normal 0.458017 -0.888943 0
    outer loop
      vertex 51.896 23.1392 1.6
      vertex 51.5088 22.9397 1.05
      vertex 51.896 23.1392 1.05
    endloop
  endfacet
  facet normal 0.677284 -0.735721 0
    outer loop
      vertex 51.2079 22.6627 1.05
      vertex 51.5088 22.9397 1.6
      vertex 51.2079 22.6627 1.6
    endloop
  endfacet
  facet normal 0.677284 -0.735721 0
    outer loop
      vertex 51.5088 22.9397 1.6
      vertex 51.2079 22.6627 1.05
      vertex 51.5088 22.9397 1.05
    endloop
  endfacet
  facet normal 0.85618 -0.516677 0
    outer loop
      vertex 50.9956 22.3109 1.6
      vertex 51.2079 22.6627 1.05
      vertex 51.2079 22.6627 1.6
    endloop
  endfacet
  facet normal 0.85618 -0.516677 0
    outer loop
      vertex 51.2079 22.6627 1.05
      vertex 50.9956 22.3109 1.6
      vertex 50.9956 22.3109 1.05
    endloop
  endfacet
  facet normal 0.960472 -0.278375 0
    outer loop
      vertex 50.8719 21.8841 1.6
      vertex 50.9956 22.3109 1.05
      vertex 50.9956 22.3109 1.6
    endloop
  endfacet
  facet normal 0.960472 -0.278375 0
    outer loop
      vertex 50.9956 22.3109 1.05
      vertex 50.8719 21.8841 1.6
      vertex 50.8719 21.8841 1.05
    endloop
  endfacet
  facet normal 0.0477966 0.998857 -0
    outer loop
      vertex 52.1634 21.8223 1.05
      vertex 50.8719 21.8841 1.6
      vertex 52.1634 21.8223 1.6
    endloop
  endfacet
  facet normal 0.0477966 0.998857 0
    outer loop
      vertex 50.8719 21.8841 1.6
      vertex 52.1634 21.8223 1.05
      vertex 50.8719 21.8841 1.05
    endloop
  endfacet
  facet normal -0.983689 0.179877 0
    outer loop
      vertex 52.1634 21.8223 1.05
      vertex 52.2033 22.0405 1.6
      vertex 52.2033 22.0405 1.05
    endloop
  endfacet
  facet normal -0.983689 0.179877 0
    outer loop
      vertex 52.2033 22.0405 1.6
      vertex 52.1634 21.8223 1.05
      vertex 52.1634 21.8223 1.6
    endloop
  endfacet
  facet normal -0.93241 0.361403 0
    outer loop
      vertex 52.2033 22.0405 1.05
      vertex 52.2702 22.2131 1.6
      vertex 52.2702 22.2131 1.05
    endloop
  endfacet
  facet normal -0.93241 0.361403 0
    outer loop
      vertex 52.2702 22.2131 1.6
      vertex 52.2033 22.0405 1.05
      vertex 52.2033 22.0405 1.6
    endloop
  endfacet
  facet normal -0.80461 0.593804 0
    outer loop
      vertex 52.2702 22.2131 1.05
      vertex 52.364 22.3402 1.6
      vertex 52.364 22.3402 1.05
    endloop
  endfacet
  facet normal -0.80461 0.593804 0
    outer loop
      vertex 52.364 22.3402 1.6
      vertex 52.2702 22.2131 1.05
      vertex 52.2702 22.2131 1.6
    endloop
  endfacet
  facet normal -0.563638 0.826022 0
    outer loop
      vertex 52.4915 22.4272 1.05
      vertex 52.364 22.3402 1.6
      vertex 52.4915 22.4272 1.6
    endloop
  endfacet
  facet normal -0.563638 0.826022 0
    outer loop
      vertex 52.364 22.3402 1.6
      vertex 52.4915 22.4272 1.05
      vertex 52.364 22.3402 1.05
    endloop
  endfacet
  facet normal -0.296239 0.955114 0
    outer loop
      vertex 52.6598 22.4794 1.05
      vertex 52.4915 22.4272 1.6
      vertex 52.6598 22.4794 1.6
    endloop
  endfacet
  facet normal -0.296239 0.955114 0
    outer loop
      vertex 52.4915 22.4272 1.6
      vertex 52.6598 22.4794 1.05
      vertex 52.4915 22.4272 1.05
    endloop
  endfacet
  facet normal -0.0825322 0.996588 0
    outer loop
      vertex 52.8687 22.4967 1.05
      vertex 52.6598 22.4794 1.6
      vertex 52.8687 22.4967 1.6
    endloop
  endfacet
  facet normal -0.0825322 0.996588 0
    outer loop
      vertex 52.6598 22.4794 1.6
      vertex 52.8687 22.4967 1.05
      vertex 52.6598 22.4794 1.05
    endloop
  endfacet
  facet normal 0.111893 0.99372 -0
    outer loop
      vertex 53.0925 22.4715 1.05
      vertex 52.8687 22.4967 1.6
      vertex 53.0925 22.4715 1.6
    endloop
  endfacet
  facet normal 0.111893 0.99372 0
    outer loop
      vertex 52.8687 22.4967 1.6
      vertex 53.0925 22.4715 1.05
      vertex 52.8687 22.4967 1.05
    endloop
  endfacet
  facet normal 0.391732 0.920079 -0
    outer loop
      vertex 53.2703 22.3958 1.05
      vertex 53.0925 22.4715 1.6
      vertex 53.2703 22.3958 1.6
    endloop
  endfacet
  facet normal 0.391732 0.920079 0
    outer loop
      vertex 53.0925 22.4715 1.6
      vertex 53.2703 22.3958 1.05
      vertex 53.0925 22.4715 1.05
    endloop
  endfacet
  facet normal 0.691584 0.722296 -0
    outer loop
      vertex 53.402 22.2697 1.05
      vertex 53.2703 22.3958 1.6
      vertex 53.402 22.2697 1.6
    endloop
  endfacet
  facet normal 0.691584 0.722296 0
    outer loop
      vertex 53.2703 22.3958 1.6
      vertex 53.402 22.2697 1.05
      vertex 53.2703 22.3958 1.05
    endloop
  endfacet
  facet normal 0.8912 0.453611 0
    outer loop
      vertex 53.4926 22.0917 1.6
      vertex 53.402 22.2697 1.05
      vertex 53.402 22.2697 1.6
    endloop
  endfacet
  facet normal 0.8912 0.453611 0
    outer loop
      vertex 53.402 22.2697 1.05
      vertex 53.4926 22.0917 1.6
      vertex 53.4926 22.0917 1.05
    endloop
  endfacet
  facet normal 0.973461 0.228852 0
    outer loop
      vertex 53.547 21.8603 1.6
      vertex 53.4926 22.0917 1.05
      vertex 53.4926 22.0917 1.6
    endloop
  endfacet
  facet normal 0.973461 0.228852 0
    outer loop
      vertex 53.4926 22.0917 1.05
      vertex 53.547 21.8603 1.6
      vertex 53.547 21.8603 1.05
    endloop
  endfacet
  facet normal 0.997987 0.0634254 0
    outer loop
      vertex 53.5651 21.5755 1.6
      vertex 53.547 21.8603 1.05
      vertex 53.547 21.8603 1.6
    endloop
  endfacet
  facet normal 0.997987 0.0634254 0
    outer loop
      vertex 53.547 21.8603 1.05
      vertex 53.5651 21.5755 1.6
      vertex 53.5651 21.5755 1.05
    endloop
  endfacet
  facet normal 1 -0 0
    outer loop
      vertex 53.5651 21.3331 1.6
      vertex 53.5651 21.5755 1.05
      vertex 53.5651 21.5755 1.6
    endloop
  endfacet
  facet normal 1 0 0
    outer loop
      vertex 53.5651 21.5755 1.05
      vertex 53.5651 21.3331 1.6
      vertex 53.5651 21.3331 1.05
    endloop
  endfacet
  facet normal 0.0172321 -0.999852 0
    outer loop
      vertex 52.5381 21.3154 1.05
      vertex 53.5651 21.3331 1.6
      vertex 52.5381 21.3154 1.6
    endloop
  endfacet
  facet normal 0.0172321 -0.999852 0
    outer loop
      vertex 53.5651 21.3331 1.6
      vertex 52.5381 21.3154 1.05
      vertex 53.5651 21.3331 1.05
    endloop
  endfacet
  facet normal 0.0849494 -0.996385 0
    outer loop
      vertex 51.9751 21.2674 1.05
      vertex 52.5381 21.3154 1.6
      vertex 51.9751 21.2674 1.6
    endloop
  endfacet
  facet normal 0.0849494 -0.996385 0
    outer loop
      vertex 52.5381 21.3154 1.6
      vertex 51.9751 21.2674 1.05
      vertex 52.5381 21.3154 1.05
    endloop
  endfacet
  facet normal 0.27265 -0.962113 0
    outer loop
      vertex 51.5086 21.1352 1.05
      vertex 51.9751 21.2674 1.6
      vertex 51.5086 21.1352 1.6
    endloop
  endfacet
  facet normal 0.27265 -0.962113 0
    outer loop
      vertex 51.9751 21.2674 1.6
      vertex 51.5086 21.1352 1.05
      vertex 51.9751 21.2674 1.05
    endloop
  endfacet
  facet normal 0.505031 -0.863101 0
    outer loop
      vertex 51.1386 20.9187 1.05
      vertex 51.5086 21.1352 1.6
      vertex 51.1386 20.9187 1.6
    endloop
  endfacet
  facet normal 0.505031 -0.863101 0
    outer loop
      vertex 51.5086 21.1352 1.6
      vertex 51.1386 20.9187 1.05
      vertex 51.5086 21.1352 1.05
    endloop
  endfacet
  facet normal 0.743071 -0.669213 0
    outer loop
      vertex 50.8704 20.6209 1.6
      vertex 51.1386 20.9187 1.05
      vertex 51.1386 20.9187 1.6
    endloop
  endfacet
  facet normal 0.743071 -0.669213 0
    outer loop
      vertex 51.1386 20.9187 1.05
      vertex 50.8704 20.6209 1.6
      vertex 50.8704 20.6209 1.05
    endloop
  endfacet
  facet normal 0.919486 -0.393122 0
    outer loop
      vertex 50.7096 20.2448 1.6
      vertex 50.8704 20.6209 1.05
      vertex 50.8704 20.6209 1.6
    endloop
  endfacet
  facet normal 0.919486 -0.393122 0
    outer loop
      vertex 50.8704 20.6209 1.05
      vertex 50.7096 20.2448 1.6
      vertex 50.7096 20.2448 1.05
    endloop
  endfacet
  facet normal 0.993118 -0.11712 0
    outer loop
      vertex 50.656 19.7903 1.6
      vertex 50.7096 20.2448 1.05
      vertex 50.7096 20.2448 1.6
    endloop
  endfacet
  facet normal 0.993118 -0.11712 0
    outer loop
      vertex 50.7096 20.2448 1.05
      vertex 50.656 19.7903 1.6
      vertex 50.656 19.7903 1.05
    endloop
  endfacet
  facet normal 0.994834 0.101514 0
    outer loop
      vertex 50.699 19.3689 1.6
      vertex 50.656 19.7903 1.05
      vertex 50.656 19.7903 1.6
    endloop
  endfacet
  facet normal 0.994834 0.101514 0
    outer loop
      vertex 50.656 19.7903 1.05
      vertex 50.699 19.3689 1.6
      vertex 50.699 19.3689 1.05
    endloop
  endfacet
  facet normal 0.939085 0.343684 0
    outer loop
      vertex 50.8283 19.0156 1.6
      vertex 50.699 19.3689 1.05
      vertex 50.699 19.3689 1.6
    endloop
  endfacet
  facet normal 0.939085 0.343684 0
    outer loop
      vertex 50.699 19.3689 1.05
      vertex 50.8283 19.0156 1.6
      vertex 50.8283 19.0156 1.05
    endloop
  endfacet
  facet normal 0.797948 0.602726 0
    outer loop
      vertex 51.0438 18.7303 1.6
      vertex 50.8283 19.0156 1.05
      vertex 50.8283 19.0156 1.6
    endloop
  endfacet
  facet normal 0.797948 0.602726 0
    outer loop
      vertex 50.8283 19.0156 1.05
      vertex 51.0438 18.7303 1.6
      vertex 51.0438 18.7303 1.05
    endloop
  endfacet
  facet normal 0.582237 0.813019 -0
    outer loop
      vertex 51.3362 18.5209 1.05
      vertex 51.0438 18.7303 1.6
      vertex 51.3362 18.5209 1.6
    endloop
  endfacet
  facet normal 0.582237 0.813019 0
    outer loop
      vertex 51.0438 18.7303 1.6
      vertex 51.3362 18.5209 1.05
      vertex 51.0438 18.7303 1.05
    endloop
  endfacet
  facet normal 0.329416 0.944185 -0
    outer loop
      vertex 51.6962 18.3953 1.05
      vertex 51.3362 18.5209 1.6
      vertex 51.6962 18.3953 1.6
    endloop
  endfacet
  facet normal 0.329416 0.944185 0
    outer loop
      vertex 51.3362 18.5209 1.6
      vertex 51.6962 18.3953 1.05
      vertex 51.3362 18.5209 1.05
    endloop
  endfacet
  facet normal 0.0975443 0.995231 -0
    outer loop
      vertex 52.1237 18.3534 1.05
      vertex 51.6962 18.3953 1.6
      vertex 52.1237 18.3534 1.6
    endloop
  endfacet
  facet normal 0.0975443 0.995231 0
    outer loop
      vertex 51.6962 18.3953 1.6
      vertex 52.1237 18.3534 1.05
      vertex 51.6962 18.3953 1.05
    endloop
  endfacet
  facet normal -0.1607 0.987003 0
    outer loop
      vertex 52.7643 18.4577 1.05
      vertex 52.1237 18.3534 1.6
      vertex 52.7643 18.4577 1.6
    endloop
  endfacet
  facet normal -0.1607 0.987003 0
    outer loop
      vertex 52.1237 18.3534 1.6
      vertex 52.7643 18.4577 1.05
      vertex 52.1237 18.3534 1.05
    endloop
  endfacet
  facet normal -0.368735 -0.929534 0
    outer loop
      vertex 52.2197 19.2908 1.05
      vertex 52.3586 19.2357 1.6
      vertex 52.2197 19.2908 1.6
    endloop
  endfacet
  facet normal -0.368735 -0.929534 -0
    outer loop
      vertex 52.3586 19.2357 1.6
      vertex 52.2197 19.2908 1.05
      vertex 52.3586 19.2357 1.05
    endloop
  endfacet
  facet normal -0.621223 -0.783634 0
    outer loop
      vertex 52.1039 19.3826 1.05
      vertex 52.2197 19.2908 1.6
      vertex 52.1039 19.3826 1.6
    endloop
  endfacet
  facet normal -0.621223 -0.783634 -0
    outer loop
      vertex 52.2197 19.2908 1.6
      vertex 52.1039 19.3826 1.05
      vertex 52.2197 19.2908 1.05
    endloop
  endfacet
  facet normal -0.830369 -0.557213 0
    outer loop
      vertex 52.1039 19.3826 1.05
      vertex 52.017 19.5121 1.6
      vertex 52.017 19.5121 1.05
    endloop
  endfacet
  facet normal -0.830369 -0.557213 0
    outer loop
      vertex 52.017 19.5121 1.6
      vertex 52.1039 19.3826 1.05
      vertex 52.1039 19.3826 1.6
    endloop
  endfacet
  facet normal -0.955114 -0.296239 0
    outer loop
      vertex 52.017 19.5121 1.05
      vertex 51.9648 19.6804 1.6
      vertex 51.9648 19.6804 1.05
    endloop
  endfacet
  facet normal -0.955114 -0.296239 0
    outer loop
      vertex 51.9648 19.6804 1.6
      vertex 52.017 19.5121 1.05
      vertex 52.017 19.5121 1.6
    endloop
  endfacet
  facet normal -0.996482 -0.0838028 0
    outer loop
      vertex 51.9648 19.6804 1.05
      vertex 51.9474 19.8873 1.6
      vertex 51.9474 19.8873 1.05
    endloop
  endfacet
  facet normal -0.996482 -0.0838028 0
    outer loop
      vertex 51.9474 19.8873 1.6
      vertex 51.9648 19.6804 1.05
      vertex 51.9648 19.6804 1.6
    endloop
  endfacet
  facet normal -0.997933 0.0642654 0
    outer loop
      vertex 51.9474 19.8873 1.05
      vertex 51.958 20.0519 1.6
      vertex 51.958 20.0519 1.05
    endloop
  endfacet
  facet normal -0.997933 0.0642654 0
    outer loop
      vertex 51.958 20.0519 1.6
      vertex 51.9474 19.8873 1.05
      vertex 51.9474 19.8873 1.6
    endloop
  endfacet
  facet normal -0.975795 0.218689 0
    outer loop
      vertex 51.958 20.0519 1.05
      vertex 51.9896 20.1929 1.6
      vertex 51.9896 20.1929 1.05
    endloop
  endfacet
  facet normal -0.975795 0.218689 0
    outer loop
      vertex 51.9896 20.1929 1.6
      vertex 51.958 20.0519 1.05
      vertex 51.958 20.0519 1.6
    endloop
  endfacet
  facet normal -0.912719 0.408587 0
    outer loop
      vertex 51.9896 20.1929 1.05
      vertex 52.0422 20.3104 1.6
      vertex 52.0422 20.3104 1.05
    endloop
  endfacet
  facet normal -0.912719 0.408587 0
    outer loop
      vertex 52.0422 20.3104 1.6
      vertex 51.9896 20.1929 1.05
      vertex 51.9896 20.1929 1.6
    endloop
  endfacet
  facet normal -0.799603 0.600529 0
    outer loop
      vertex 52.0422 20.3104 1.05
      vertex 52.1149 20.4072 1.6
      vertex 52.1149 20.4072 1.05
    endloop
  endfacet
  facet normal -0.799603 0.600529 0
    outer loop
      vertex 52.1149 20.4072 1.6
      vertex 52.0422 20.3104 1.05
      vertex 52.0422 20.3104 1.6
    endloop
  endfacet
  facet normal -0.649974 0.759957 0
    outer loop
      vertex 52.2068 20.4858 1.05
      vertex 52.1149 20.4072 1.6
      vertex 52.2068 20.4858 1.6
    endloop
  endfacet
  facet normal -0.649974 0.759957 0
    outer loop
      vertex 52.1149 20.4072 1.6
      vertex 52.2068 20.4858 1.05
      vertex 52.1149 20.4072 1.05
    endloop
  endfacet
  facet normal -0.478297 0.878198 0
    outer loop
      vertex 52.3177 20.5462 1.05
      vertex 52.2068 20.4858 1.6
      vertex 52.3177 20.5462 1.6
    endloop
  endfacet
  facet normal -0.478297 0.878198 0
    outer loop
      vertex 52.2068 20.4858 1.6
      vertex 52.3177 20.5462 1.05
      vertex 52.2068 20.4858 1.05
    endloop
  endfacet
  facet normal -0.289596 0.957149 0
    outer loop
      vertex 52.4661 20.5911 1.05
      vertex 52.3177 20.5462 1.6
      vertex 52.4661 20.5911 1.6
    endloop
  endfacet
  facet normal -0.289596 0.957149 0
    outer loop
      vertex 52.3177 20.5462 1.6
      vertex 52.4661 20.5911 1.05
      vertex 52.3177 20.5462 1.05
    endloop
  endfacet
  facet normal -0.15293 0.988237 0
    outer loop
      vertex 52.6703 20.6227 1.05
      vertex 52.4661 20.5911 1.6
      vertex 52.6703 20.6227 1.6
    endloop
  endfacet
  facet normal -0.15293 0.988237 0
    outer loop
      vertex 52.4661 20.5911 1.6
      vertex 52.6703 20.6227 1.05
      vertex 52.4661 20.5911 1.05
    endloop
  endfacet
  facet normal -0.0701841 0.997534 0
    outer loop
      vertex 52.9304 20.641 1.05
      vertex 52.6703 20.6227 1.6
      vertex 52.9304 20.641 1.6
    endloop
  endfacet
  facet normal -0.0701841 0.997534 0
    outer loop
      vertex 52.6703 20.6227 1.6
      vertex 52.9304 20.641 1.05
      vertex 52.6703 20.6227 1.05
    endloop
  endfacet
  facet normal -0.0138635 0.999904 0
    outer loop
      vertex 53.5651 20.6498 1.05
      vertex 52.9304 20.641 1.6
      vertex 53.5651 20.6498 1.6
    endloop
  endfacet
  facet normal -0.0138635 0.999904 0
    outer loop
      vertex 52.9304 20.641 1.6
      vertex 53.5651 20.6498 1.05
      vertex 52.9304 20.641 1.05
    endloop
  endfacet
  facet normal 1 -0 0
    outer loop
      vertex 53.5651 20.4074 1.6
      vertex 53.5651 20.6498 1.05
      vertex 53.5651 20.6498 1.6
    endloop
  endfacet
  facet normal 1 0 0
    outer loop
      vertex 53.5651 20.6498 1.05
      vertex 53.5651 20.4074 1.6
      vertex 53.5651 20.4074 1.05
    endloop
  endfacet
  facet normal 0.99726 -0.0739793 0
    outer loop
      vertex 53.5499 20.2025 1.6
      vertex 53.5651 20.4074 1.05
      vertex 53.5651 20.4074 1.6
    endloop
  endfacet
  facet normal 0.99726 -0.0739793 0
    outer loop
      vertex 53.5651 20.4074 1.05
      vertex 53.5499 20.2025 1.6
      vertex 53.5499 20.2025 1.05
    endloop
  endfacet
  facet normal 0.974499 -0.224391 0
    outer loop
      vertex 53.5044 20.0049 1.6
      vertex 53.5499 20.2025 1.05
      vertex 53.5499 20.2025 1.6
    endloop
  endfacet
  facet normal 0.974499 -0.224391 0
    outer loop
      vertex 53.5499 20.2025 1.05
      vertex 53.5044 20.0049 1.6
      vertex 53.5044 20.0049 1.05
    endloop
  endfacet
  facet normal 0.928847 -0.370465 0
    outer loop
      vertex 53.4285 19.8146 1.6
      vertex 53.5044 20.0049 1.05
      vertex 53.5044 20.0049 1.6
    endloop
  endfacet
  facet normal 0.928847 -0.370465 0
    outer loop
      vertex 53.5044 20.0049 1.05
      vertex 53.4285 19.8146 1.6
      vertex 53.4285 19.8146 1.05
    endloop
  endfacet
  facet normal 0.860243 -0.509884 0
    outer loop
      vertex 53.3259 19.6415 1.6
      vertex 53.4285 19.8146 1.05
      vertex 53.4285 19.8146 1.6
    endloop
  endfacet
  facet normal 0.860243 -0.509884 0
    outer loop
      vertex 53.4285 19.8146 1.05
      vertex 53.3259 19.6415 1.6
      vertex 53.3259 19.6415 1.05
    endloop
  endfacet
  facet normal 0.758267 -0.651944 0
    outer loop
      vertex 53.2002 19.4953 1.6
      vertex 53.3259 19.6415 1.05
      vertex 53.3259 19.6415 1.6
    endloop
  endfacet
  facet normal 0.758267 -0.651944 0
    outer loop
      vertex 53.3259 19.6415 1.05
      vertex 53.2002 19.4953 1.6
      vertex 53.2002 19.4953 1.05
    endloop
  endfacet
  facet normal 0.626038 -0.779793 0
    outer loop
      vertex 53.0516 19.376 1.05
      vertex 53.2002 19.4953 1.6
      vertex 53.0516 19.376 1.6
    endloop
  endfacet
  facet normal 0.626038 -0.779793 0
    outer loop
      vertex 53.2002 19.4953 1.6
      vertex 53.0516 19.376 1.05
      vertex 53.2002 19.4953 1.05
    endloop
  endfacet
  facet normal 0.469648 -0.882854 0
    outer loop
      vertex 52.8858 19.2878 1.05
      vertex 53.0516 19.376 1.6
      vertex 52.8858 19.2878 1.6
    endloop
  endfacet
  facet normal 0.469648 -0.882854 0
    outer loop
      vertex 53.0516 19.376 1.6
      vertex 52.8858 19.2878 1.05
      vertex 53.0516 19.376 1.05
    endloop
  endfacet
  facet normal 0.286206 -0.958168 0
    outer loop
      vertex 52.7087 19.2349 1.05
      vertex 52.8858 19.2878 1.6
      vertex 52.7087 19.2349 1.6
    endloop
  endfacet
  facet normal 0.286206 -0.958168 0
    outer loop
      vertex 52.8858 19.2878 1.6
      vertex 52.7087 19.2349 1.05
      vertex 52.8858 19.2878 1.05
    endloop
  endfacet
  facet normal 0.0930622 -0.99566 0
    outer loop
      vertex 52.5204 19.2173 1.05
      vertex 52.7087 19.2349 1.6
      vertex 52.5204 19.2173 1.6
    endloop
  endfacet
  facet normal 0.0930622 -0.99566 0
    outer loop
      vertex 52.7087 19.2349 1.6
      vertex 52.5204 19.2173 1.05
      vertex 52.7087 19.2349 1.05
    endloop
  endfacet
  facet normal -0.112992 -0.993596 0
    outer loop
      vertex 52.3586 19.2357 1.05
      vertex 52.5204 19.2173 1.6
      vertex 52.3586 19.2357 1.6
    endloop
  endfacet
  facet normal -0.112992 -0.993596 -0
    outer loop
      vertex 52.5204 19.2173 1.6
      vertex 52.3586 19.2357 1.05
      vertex 52.5204 19.2173 1.05
    endloop
  endfacet
  facet normal 0 -1 0
    outer loop
      vertex 43.6692 23.2108 1.05
      vertex 44.9079 23.2108 1.6
      vertex 43.6692 23.2108 1.6
    endloop
  endfacet
  facet normal 0 -1 -0
    outer loop
      vertex 44.9079 23.2108 1.6
      vertex 43.6692 23.2108 1.05
      vertex 44.9079 23.2108 1.05
    endloop
  endfacet
  facet normal 1 -0 0
    outer loop
      vertex 43.6692 18.4415 1.6
      vertex 43.6692 23.2108 1.05
      vertex 43.6692 23.2108 1.6
    endloop
  endfacet
  facet normal 1 0 0
    outer loop
      vertex 43.6692 23.2108 1.05
      vertex 43.6692 18.4415 1.6
      vertex 43.6692 18.4415 1.05
    endloop
  endfacet
  facet normal 0 1 -0
    outer loop
      vertex 44.9079 18.4415 1.05
      vertex 43.6692 18.4415 1.6
      vertex 44.9079 18.4415 1.6
    endloop
  endfacet
  facet normal 0 1 0
    outer loop
      vertex 43.6692 18.4415 1.6
      vertex 44.9079 18.4415 1.05
      vertex 43.6692 18.4415 1.05
    endloop
  endfacet
  facet normal -1 0 0
    outer loop
      vertex 44.9079 18.4415 1.05
      vertex 44.9079 23.2108 1.6
      vertex 44.9079 23.2108 1.05
    endloop
  endfacet
  facet normal -1 -0 0
    outer loop
      vertex 44.9079 23.2108 1.6
      vertex 44.9079 18.4415 1.05
      vertex 44.9079 18.4415 1.6
    endloop
  endfacet
  facet normal 0 0 1
    outer loop
      vertex 33.6998 16.4697 1.05
      vertex 32.4995 16.4697 1.05
      vertex 33.6998 11.6645 1.05
    endloop
  endfacet
  facet normal -0 0 1
    outer loop
      vertex 33.6998 11.6645 1.05
      vertex 36.7757 10.7369 1.05
      vertex 36.7757 11.6645 1.05
    endloop
  endfacet
  facet normal 0 0 1
    outer loop
      vertex 33.6998 11.6645 1.05
      vertex 32.4995 10.7369 1.05
      vertex 36.7757 10.7369 1.05
    endloop
  endfacet
  facet normal 0 0 1
    outer loop
      vertex 32.4995 10.7369 1.05
      vertex 33.6998 11.6645 1.05
      vertex 32.4995 16.4697 1.05
    endloop
  endfacet
  facet normal 0 0 1
    outer loop
      vertex 52.1835 14.1993 1.05
      vertex 51.0716 14.3339 1.05
      vertex 51.0728 14.1058 1.05
    endloop
  endfacet
  facet normal 0 0 1
    outer loop
      vertex 52.1397 15.0572 1.05
      vertex 51.0682 14.5353 1.05
      vertex 51.0716 14.3339 1.05
    endloop
  endfacet
  facet normal 0 0 1
    outer loop
      vertex 52.1397 15.0572 1.05
      vertex 51.0626 14.71 1.05
      vertex 51.0682 14.5353 1.05
    endloop
  endfacet
  facet normal 0 0 1
    outer loop
      vertex 52.1397 15.0572 1.05
      vertex 51.0556 14.8653 1.05
      vertex 51.0626 14.71 1.05
    endloop
  endfacet
  facet normal 0 0 1
    outer loop
      vertex 52.1397 15.0572 1.05
      vertex 51.0481 15.0084 1.05
      vertex 51.0556 14.8653 1.05
    endloop
  endfacet
  facet normal 0 -0 1
    outer loop
      vertex 51.0481 15.0084 1.05
      vertex 52.1306 15.1392 1.05
      vertex 51.0402 15.1392 1.05
    endloop
  endfacet
  facet normal 0 0 1
    outer loop
      vertex 53.2676 14.2618 1.05
      vertex 53.6076 15.1637 1.05
      vertex 53.5086 15.1976 1.05
    endloop
  endfacet
  facet normal 0 0 1
    outer loop
      vertex 53.6076 15.1637 1.05
      vertex 53.4304 14.2414 1.05
      vertex 53.6076 14.2075 1.05
    endloop
  endfacet
  facet normal 0 0 1
    outer loop
      vertex 53.2676 14.2618 1.05
      vertex 53.5086 15.1976 1.05
      vertex 53.3906 15.2179 1.05
    endloop
  endfacet
  facet normal 0 0 1
    outer loop
      vertex 53.6076 15.1637 1.05
      vertex 53.2676 14.2618 1.05
      vertex 53.4304 14.2414 1.05
    endloop
  endfacet
  facet normal 0 0 1
    outer loop
      vertex 53.2536 15.2247 1.05
      vertex 53.2676 14.2618 1.05
      vertex 53.3906 15.2179 1.05
    endloop
  endfacet
  facet normal 0 0 1
    outer loop
      vertex 53.2536 15.2247 1.05
      vertex 53.1194 14.2685 1.05
      vertex 53.2676 14.2618 1.05
    endloop
  endfacet
  facet normal -0 0 1
    outer loop
      vertex 53.0846 15.2145 1.05
      vertex 53.1194 14.2685 1.05
      vertex 53.2536 15.2247 1.05
    endloop
  endfacet
  facet normal -0 0 1
    outer loop
      vertex 52.9354 15.184 1.05
      vertex 53.1194 14.2685 1.05
      vertex 53.0846 15.2145 1.05
    endloop
  endfacet
  facet normal -0 0 1
    outer loop
      vertex 52.806 15.1331 1.05
      vertex 53.1194 14.2685 1.05
      vertex 52.9354 15.184 1.05
    endloop
  endfacet
  facet normal -0 0 1
    outer loop
      vertex 52.6922 15.0613 1.05
      vertex 53.1194 14.2685 1.05
      vertex 52.806 15.1331 1.05
    endloop
  endfacet
  facet normal -0 0 1
    outer loop
      vertex 52.5891 14.9677 1.05
      vertex 53.1194 14.2685 1.05
      vertex 52.6922 15.0613 1.05
    endloop
  endfacet
  facet normal 0 0 1
    outer loop
      vertex 53.1194 14.2685 1.05
      vertex 52.5891 14.9677 1.05
      vertex 52.8556 14.2301 1.05
    endloop
  endfacet
  facet normal -0 0 1
    outer loop
      vertex 52.4969 14.8524 1.05
      vertex 52.8556 14.2301 1.05
      vertex 52.5891 14.9677 1.05
    endloop
  endfacet
  facet normal -0 0 1
    outer loop
      vertex 52.406 14.6957 1.05
      vertex 52.8556 14.2301 1.05
      vertex 52.4969 14.8524 1.05
    endloop
  endfacet
  facet normal -0 0 1
    outer loop
      vertex 52.307 14.4781 1.05
      vertex 52.8556 14.2301 1.05
      vertex 52.406 14.6957 1.05
    endloop
  endfacet
  facet normal 0 0 1
    outer loop
      vertex 52.8556 14.2301 1.05
      vertex 52.307 14.4781 1.05
      vertex 52.6338 14.1148 1.05
    endloop
  endfacet
  facet normal -0 0 1
    outer loop
      vertex 52.1998 14.1993 1.05
      vertex 52.6338 14.1148 1.05
      vertex 52.307 14.4781 1.05
    endloop
  endfacet
  facet normal 0 0 1
    outer loop
      vertex 52.6338 14.1148 1.05
      vertex 52.1998 14.1993 1.05
      vertex 52.4541 13.9227 1.05
    endloop
  endfacet
  facet normal -0 0 1
    outer loop
      vertex 52.1835 14.1993 1.05
      vertex 52.4541 13.9227 1.05
      vertex 52.1998 14.1993 1.05
    endloop
  endfacet
  facet normal 0 0 1
    outer loop
      vertex 52.4541 13.9227 1.05
      vertex 52.1835 14.1993 1.05
      vertex 52.3219 13.655 1.05
    endloop
  endfacet
  facet normal -0 0 1
    outer loop
      vertex 51.0728 14.1058 1.05
      vertex 52.3219 13.655 1.05
      vertex 52.1835 14.1993 1.05
    endloop
  endfacet
  facet normal 0 0 1
    outer loop
      vertex 52.3219 13.655 1.05
      vertex 51.0728 14.1058 1.05
      vertex 52.2426 13.3133 1.05
    endloop
  endfacet
  facet normal 0 0 1
    outer loop
      vertex 52.2426 13.3133 1.05
      vertex 51.0728 14.1058 1.05
      vertex 52.2161 12.8974 1.05
    endloop
  endfacet
  facet normal 0 0 1
    outer loop
      vertex 51.0716 14.3339 1.05
      vertex 52.1835 14.1993 1.05
      vertex 52.1813 14.3086 1.05
    endloop
  endfacet
  facet normal -0 0 1
    outer loop
      vertex 51.0716 14.3339 1.05
      vertex 52.1813 14.3086 1.05
      vertex 52.1745 14.4733 1.05
    endloop
  endfacet
  facet normal 0 0 1
    outer loop
      vertex 51.0716 14.3339 1.05
      vertex 52.1745 14.4733 1.05
      vertex 52.1632 14.6937 1.05
    endloop
  endfacet
  facet normal 0 0 1
    outer loop
      vertex 51.0716 14.3339 1.05
      vertex 52.1632 14.6937 1.05
      vertex 52.1506 14.9087 1.05
    endloop
  endfacet
  facet normal 0 0 1
    outer loop
      vertex 51.0716 14.3339 1.05
      vertex 52.1506 14.9087 1.05
      vertex 52.1397 15.0572 1.05
    endloop
  endfacet
  facet normal 0 0 1
    outer loop
      vertex 51.0481 15.0084 1.05
      vertex 52.1397 15.0572 1.05
      vertex 52.1306 15.1392 1.05
    endloop
  endfacet
  facet normal 0 0 1
    outer loop
      vertex 51.0728 10.7369 1.05
      vertex 52.2161 12.8974 1.05
      vertex 51.0728 14.1058 1.05
    endloop
  endfacet
  facet normal 0 0 1
    outer loop
      vertex 52.2161 12.8974 1.05
      vertex 51.0728 10.7369 1.05
      vertex 52.2161 10.7369 1.05
    endloop
  endfacet
  facet normal -0 0 1
    outer loop
      vertex 44.6819 15.1392 1.05
      vertex 44.3889 13.0235 1.05
      vertex 45.9228 15.1392 1.05
    endloop
  endfacet
  facet normal 0 -0 1
    outer loop
      vertex 44.3889 13.0235 1.05
      vertex 44.6819 15.1392 1.05
      vertex 43.746 13.6989 1.05
    endloop
  endfacet
  facet normal 0 0 1
    outer loop
      vertex 44.3889 13.0235 1.05
      vertex 44.7713 10.7369 1.05
      vertex 46.0123 10.7369 1.05
    endloop
  endfacet
  facet normal 0 0 1
    outer loop
      vertex 43.1072 13.0113 1.05
      vertex 44.3889 13.0235 1.05
      vertex 43.746 13.6989 1.05
    endloop
  endfacet
  facet normal 0 0 1
    outer loop
      vertex 44.3889 13.0235 1.05
      vertex 43.746 12.3319 1.05
      vertex 44.7713 10.7369 1.05
    endloop
  endfacet
  facet normal 0 0 1
    outer loop
      vertex 44.3889 13.0235 1.05
      vertex 43.1072 13.0113 1.05
      vertex 43.746 12.3319 1.05
    endloop
  endfacet
  facet normal 0 0 1
    outer loop
      vertex 42.8061 15.1392 1.05
      vertex 43.1072 13.0113 1.05
      vertex 43.746 13.6989 1.05
    endloop
  endfacet
  facet normal 0 0 1
    outer loop
      vertex 43.1072 13.0113 1.05
      vertex 42.8061 15.1392 1.05
      vertex 41.5733 15.1392 1.05
    endloop
  endfacet
  facet normal 0 0 1
    outer loop
      vertex 43.1072 13.0113 1.05
      vertex 42.7126 10.7369 1.05
      vertex 43.746 12.3319 1.05
    endloop
  endfacet
  facet normal 0 -0 1
    outer loop
      vertex 42.7126 10.7369 1.05
      vertex 43.1072 13.0113 1.05
      vertex 41.496 10.7369 1.05
    endloop
  endfacet
  facet normal 0 0 1
    outer loop
      vertex 41.207 13.4943 1.05
      vertex 40.1129 13.7602 1.05
      vertex 40.1559 13.4345 1.05
    endloop
  endfacet
  facet normal 0 0 1
    outer loop
      vertex 40.7622 14.592 1.05
      vertex 40.0275 14.0267 1.05
      vertex 40.1129 13.7602 1.05
    endloop
  endfacet
  facet normal 0 0 1
    outer loop
      vertex 40.7622 14.592 1.05
      vertex 39.8995 14.234 1.05
      vertex 40.0275 14.0267 1.05
    endloop
  endfacet
  facet normal 0 0 1
    outer loop
      vertex 39.7332 14.382 1.05
      vertex 40.3788 14.9412 1.05
      vertex 39.8959 15.1508 1.05
    endloop
  endfacet
  facet normal 0 0 1
    outer loop
      vertex 40.3788 14.9412 1.05
      vertex 39.7332 14.382 1.05
      vertex 39.8995 14.234 1.05
    endloop
  endfacet
  facet normal 0 0 1
    outer loop
      vertex 39.8959 15.1508 1.05
      vertex 39.5325 14.4709 1.05
      vertex 39.7332 14.382 1.05
    endloop
  endfacet
  facet normal 0 0 1
    outer loop
      vertex 39.3136 15.2206 1.05
      vertex 39.5325 14.4709 1.05
      vertex 39.8959 15.1508 1.05
    endloop
  endfacet
  facet normal 0 0 1
    outer loop
      vertex 39.3136 15.2206 1.05
      vertex 39.2974 14.5005 1.05
      vertex 39.5325 14.4709 1.05
    endloop
  endfacet
  facet normal 0 0 1
    outer loop
      vertex 39.3136 15.2206 1.05
      vertex 39.0494 14.4693 1.05
      vertex 39.2974 14.5005 1.05
    endloop
  endfacet
  facet normal -0 0 1
    outer loop
      vertex 38.702 15.1555 1.05
      vertex 39.0494 14.4693 1.05
      vertex 39.3136 15.2206 1.05
    endloop
  endfacet
  facet normal 0 0 1
    outer loop
      vertex 39.0494 14.4693 1.05
      vertex 38.702 15.1555 1.05
      vertex 38.8426 14.3757 1.05
    endloop
  endfacet
  facet normal -0 0 1
    outer loop
      vertex 38.1907 14.9602 1.05
      vertex 38.8426 14.3757 1.05
      vertex 38.702 15.1555 1.05
    endloop
  endfacet
  facet normal 0 0 1
    outer loop
      vertex 38.8426 14.3757 1.05
      vertex 38.1907 14.9602 1.05
      vertex 38.6769 14.2197 1.05
    endloop
  endfacet
  facet normal -0 0 1
    outer loop
      vertex 37.7797 14.6347 1.05
      vertex 38.6769 14.2197 1.05
      vertex 38.1907 14.9602 1.05
    endloop
  endfacet
  facet normal 0 0 1
    outer loop
      vertex 38.5546 14.0077 1.05
      vertex 37.4791 14.1881 1.05
      vertex 38.478 13.7459 1.05
    endloop
  endfacet
  facet normal -0 0 1
    outer loop
      vertex 37.4791 14.1881 1.05
      vertex 38.5546 14.0077 1.05
      vertex 37.7797 14.6347 1.05
    endloop
  endfacet
  facet normal 0 0 1
    outer loop
      vertex 38.6769 14.2197 1.05
      vertex 37.7797 14.6347 1.05
      vertex 38.5546 14.0077 1.05
    endloop
  endfacet
  facet normal -0 0 1
    outer loop
      vertex 40.1559 13.4345 1.05
      vertex 41.2626 12.7509 1.05
      vertex 41.207 13.4943 1.05
    endloop
  endfacet
  facet normal -0 0 1
    outer loop
      vertex 40.1129 13.7602 1.05
      vertex 41.207 13.4943 1.05
      vertex 41.0402 14.108 1.05
    endloop
  endfacet
  facet normal 0 0 1
    outer loop
      vertex 40.1129 13.7602 1.05
      vertex 41.0402 14.108 1.05
      vertex 40.7622 14.592 1.05
    endloop
  endfacet
  facet normal 0 0 1
    outer loop
      vertex 39.8995 14.234 1.05
      vertex 40.7622 14.592 1.05
      vertex 40.3788 14.9412 1.05
    endloop
  endfacet
  facet normal 0 0 1
    outer loop
      vertex 41.2626 12.7509 1.05
      vertex 40.1559 13.4345 1.05
      vertex 41.2626 12.7184 1.05
    endloop
  endfacet
  facet normal 0 0 1
    outer loop
      vertex 38.4389 12.7184 1.05
      vertex 40.1559 13.4345 1.05
      vertex 38.447 13.4345 1.05
    endloop
  endfacet
  facet normal 0 0 1
    outer loop
      vertex 40.1559 13.4345 1.05
      vertex 38.4389 12.7184 1.05
      vertex 41.2626 12.7184 1.05
    endloop
  endfacet
  facet normal 0 0 1
    outer loop
      vertex 40.1193 11.9453 1.05
      vertex 40.7784 11.1872 1.05
      vertex 41.1975 11.8517 1.05
    endloop
  endfacet
  facet normal 0 0 1
    outer loop
      vertex 40.7784 11.1872 1.05
      vertex 40.1193 11.9453 1.05
      vertex 39.9638 11.6537 1.05
    endloop
  endfacet
  facet normal 0 0 1
    outer loop
      vertex 40.7784 11.1872 1.05
      vertex 39.9638 11.6537 1.05
      vertex 40.145 10.7884 1.05
    endloop
  endfacet
  facet normal -0 0 1
    outer loop
      vertex 39.7088 11.4788 1.05
      vertex 40.145 10.7884 1.05
      vertex 39.9638 11.6537 1.05
    endloop
  endfacet
  facet normal 0 0 1
    outer loop
      vertex 39.2974 10.6555 1.05
      vertex 39.7088 11.4788 1.05
      vertex 39.3544 11.4205 1.05
    endloop
  endfacet
  facet normal 0 0 1
    outer loop
      vertex 39.7088 11.4788 1.05
      vertex 39.2974 10.6555 1.05
      vertex 40.145 10.7884 1.05
    endloop
  endfacet
  facet normal 0 0 1
    outer loop
      vertex 39.0838 11.4569 1.05
      vertex 39.2974 10.6555 1.05
      vertex 39.3544 11.4205 1.05
    endloop
  endfacet
  facet normal 0 0 1
    outer loop
      vertex 38.6866 10.7208 1.05
      vertex 39.0838 11.4569 1.05
      vertex 38.858 11.566 1.05
    endloop
  endfacet
  facet normal 0 0 1
    outer loop
      vertex 39.0838 11.4569 1.05
      vertex 38.6866 10.7208 1.05
      vertex 39.2974 10.6555 1.05
    endloop
  endfacet
  facet normal 0 0 1
    outer loop
      vertex 38.178 10.9168 1.05
      vertex 38.858 11.566 1.05
      vertex 38.6769 11.7479 1.05
    endloop
  endfacet
  facet normal 0 0 1
    outer loop
      vertex 37.7716 11.2435 1.05
      vertex 38.6769 11.7479 1.05
      vertex 38.5447 12.0013 1.05
    endloop
  endfacet
  facet normal 0 0 1
    outer loop
      vertex 37.4755 11.6953 1.05
      vertex 38.5447 12.0013 1.05
      vertex 38.4653 12.3248 1.05
    endloop
  endfacet
  facet normal 0 0 1
    outer loop
      vertex 37.2987 13.6293 1.05
      vertex 38.478 13.7459 1.05
      vertex 37.4791 14.1881 1.05
    endloop
  endfacet
  facet normal 0 0 1
    outer loop
      vertex 38.858 11.566 1.05
      vertex 38.178 10.9168 1.05
      vertex 38.6866 10.7208 1.05
    endloop
  endfacet
  facet normal 0 0 1
    outer loop
      vertex 38.478 13.7459 1.05
      vertex 37.2987 13.6293 1.05
      vertex 38.447 13.4345 1.05
    endloop
  endfacet
  facet normal 0 0 1
    outer loop
      vertex 37.2386 12.9584 1.05
      vertex 38.447 13.4345 1.05
      vertex 37.2987 13.6293 1.05
    endloop
  endfacet
  facet normal 0 0 1
    outer loop
      vertex 38.4389 12.7184 1.05
      vertex 37.2978 12.267 1.05
      vertex 38.4653 12.3248 1.05
    endloop
  endfacet
  facet normal 0 0 1
    outer loop
      vertex 38.447 13.4345 1.05
      vertex 37.2386 12.9584 1.05
      vertex 38.4389 12.7184 1.05
    endloop
  endfacet
  facet normal 0 -0 1
    outer loop
      vertex 37.4755 11.6953 1.05
      vertex 38.4653 12.3248 1.05
      vertex 37.2978 12.267 1.05
    endloop
  endfacet
  facet normal 0 -0 1
    outer loop
      vertex 37.2978 12.267 1.05
      vertex 38.4389 12.7184 1.05
      vertex 37.2386 12.9584 1.05
    endloop
  endfacet
  facet normal 0 0 1
    outer loop
      vertex 38.5447 12.0013 1.05
      vertex 37.4755 11.6953 1.05
      vertex 37.7716 11.2435 1.05
    endloop
  endfacet
  facet normal 0 0 1
    outer loop
      vertex 38.6769 11.7479 1.05
      vertex 37.7716 11.2435 1.05
      vertex 38.178 10.9168 1.05
    endloop
  endfacet
  facet normal 0 0 1
    outer loop
      vertex 50.2589 13.4943 1.05
      vertex 49.1649 13.7602 1.05
      vertex 49.2078 13.4345 1.05
    endloop
  endfacet
  facet normal 0 0 1
    outer loop
      vertex 49.8141 14.592 1.05
      vertex 49.0794 14.0267 1.05
      vertex 49.1649 13.7602 1.05
    endloop
  endfacet
  facet normal 0 0 1
    outer loop
      vertex 49.8141 14.592 1.05
      vertex 48.9514 14.234 1.05
      vertex 49.0794 14.0267 1.05
    endloop
  endfacet
  facet normal 0 0 1
    outer loop
      vertex 48.7851 14.382 1.05
      vertex 49.4307 14.9412 1.05
      vertex 48.9478 15.1508 1.05
    endloop
  endfacet
  facet normal 0 0 1
    outer loop
      vertex 49.4307 14.9412 1.05
      vertex 48.7851 14.382 1.05
      vertex 48.9514 14.234 1.05
    endloop
  endfacet
  facet normal 0 0 1
    outer loop
      vertex 48.9478 15.1508 1.05
      vertex 48.5844 14.4709 1.05
      vertex 48.7851 14.382 1.05
    endloop
  endfacet
  facet normal 0 0 1
    outer loop
      vertex 48.3655 15.2206 1.05
      vertex 48.5844 14.4709 1.05
      vertex 48.9478 15.1508 1.05
    endloop
  endfacet
  facet normal 0 0 1
    outer loop
      vertex 48.3655 15.2206 1.05
      vertex 48.3493 14.5005 1.05
      vertex 48.5844 14.4709 1.05
    endloop
  endfacet
  facet normal 0 0 1
    outer loop
      vertex 48.3655 15.2206 1.05
      vertex 48.1013 14.4693 1.05
      vertex 48.3493 14.5005 1.05
    endloop
  endfacet
  facet normal -0 0 1
    outer loop
      vertex 47.7539 15.1555 1.05
      vertex 48.1013 14.4693 1.05
      vertex 48.3655 15.2206 1.05
    endloop
  endfacet
  facet normal 0 0 1
    outer loop
      vertex 48.1013 14.4693 1.05
      vertex 47.7539 15.1555 1.05
      vertex 47.8945 14.3757 1.05
    endloop
  endfacet
  facet normal -0 0 1
    outer loop
      vertex 47.2426 14.9602 1.05
      vertex 47.8945 14.3757 1.05
      vertex 47.7539 15.1555 1.05
    endloop
  endfacet
  facet normal 0 0 1
    outer loop
      vertex 47.8945 14.3757 1.05
      vertex 47.2426 14.9602 1.05
      vertex 47.7288 14.2197 1.05
    endloop
  endfacet
  facet normal -0 0 1
    outer loop
      vertex 46.8316 14.6347 1.05
      vertex 47.7288 14.2197 1.05
      vertex 47.2426 14.9602 1.05
    endloop
  endfacet
  facet normal 0 0 1
    outer loop
      vertex 47.6065 14.0077 1.05
      vertex 46.531 14.1881 1.05
      vertex 47.5299 13.7459 1.05
    endloop
  endfacet
  facet normal -0 0 1
    outer loop
      vertex 46.531 14.1881 1.05
      vertex 47.6065 14.0077 1.05
      vertex 46.8316 14.6347 1.05
    endloop
  endfacet
  facet normal 0 0 1
    outer loop
      vertex 47.7288 14.2197 1.05
      vertex 46.8316 14.6347 1.05
      vertex 47.6065 14.0077 1.05
    endloop
  endfacet
  facet normal -0 0 1
    outer loop
      vertex 49.2078 13.4345 1.05
      vertex 50.3145 12.7509 1.05
      vertex 50.2589 13.4943 1.05
    endloop
  endfacet
  facet normal -0 0 1
    outer loop
      vertex 49.1649 13.7602 1.05
      vertex 50.2589 13.4943 1.05
      vertex 50.0921 14.108 1.05
    endloop
  endfacet
  facet normal 0 0 1
    outer loop
      vertex 49.1649 13.7602 1.05
      vertex 50.0921 14.108 1.05
      vertex 49.8141 14.592 1.05
    endloop
  endfacet
  facet normal 0 0 1
    outer loop
      vertex 48.9514 14.234 1.05
      vertex 49.8141 14.592 1.05
      vertex 49.4307 14.9412 1.05
    endloop
  endfacet
  facet normal 0 0 1
    outer loop
      vertex 50.3145 12.7509 1.05
      vertex 49.2078 13.4345 1.05
      vertex 50.3145 12.7184 1.05
    endloop
  endfacet
  facet normal 0 0 1
    outer loop
      vertex 47.4908 12.7184 1.05
      vertex 49.2078 13.4345 1.05
      vertex 47.4989 13.4345 1.05
    endloop
  endfacet
  facet normal 0 0 1
    outer loop
      vertex 49.2078 13.4345 1.05
      vertex 47.4908 12.7184 1.05
      vertex 50.3145 12.7184 1.05
    endloop
  endfacet
  facet normal 0 0 1
    outer loop
      vertex 49.1712 11.9453 1.05
      vertex 49.8303 11.1872 1.05
      vertex 50.2494 11.8517 1.05
    endloop
  endfacet
  facet normal 0 0 1
    outer loop
      vertex 49.8303 11.1872 1.05
      vertex 49.1712 11.9453 1.05
      vertex 49.0157 11.6537 1.05
    endloop
  endfacet
  facet normal 0 0 1
    outer loop
      vertex 49.8303 11.1872 1.05
      vertex 49.0157 11.6537 1.05
      vertex 49.1969 10.7884 1.05
    endloop
  endfacet
  facet normal -0 0 1
    outer loop
      vertex 48.7607 11.4788 1.05
      vertex 49.1969 10.7884 1.05
      vertex 49.0157 11.6537 1.05
    endloop
  endfacet
  facet normal 0 0 1
    outer loop
      vertex 48.3493 10.6555 1.05
      vertex 48.7607 11.4788 1.05
      vertex 48.4063 11.4205 1.05
    endloop
  endfacet
  facet normal 0 0 1
    outer loop
      vertex 48.7607 11.4788 1.05
      vertex 48.3493 10.6555 1.05
      vertex 49.1969 10.7884 1.05
    endloop
  endfacet
  facet normal 0 0 1
    outer loop
      vertex 48.1357 11.4569 1.05
      vertex 48.3493 10.6555 1.05
      vertex 48.4063 11.4205 1.05
    endloop
  endfacet
  facet normal 0 0 1
    outer loop
      vertex 47.7385 10.7208 1.05
      vertex 48.1357 11.4569 1.05
      vertex 47.9099 11.566 1.05
    endloop
  endfacet
  facet normal 0 0 1
    outer loop
      vertex 48.1357 11.4569 1.05
      vertex 47.7385 10.7208 1.05
      vertex 48.3493 10.6555 1.05
    endloop
  endfacet
  facet normal 0 0 1
    outer loop
      vertex 47.2299 10.9168 1.05
      vertex 47.9099 11.566 1.05
      vertex 47.7288 11.7479 1.05
    endloop
  endfacet
  facet normal 0 0 1
    outer loop
      vertex 46.8235 11.2435 1.05
      vertex 47.7288 11.7479 1.05
      vertex 47.5966 12.0013 1.05
    endloop
  endfacet
  facet normal 0 0 1
    outer loop
      vertex 46.5274 11.6953 1.05
      vertex 47.5966 12.0013 1.05
      vertex 47.5172 12.3248 1.05
    endloop
  endfacet
  facet normal 0 0 1
    outer loop
      vertex 46.3506 13.6293 1.05
      vertex 47.5299 13.7459 1.05
      vertex 46.531 14.1881 1.05
    endloop
  endfacet
  facet normal 0 0 1
    outer loop
      vertex 47.9099 11.566 1.05
      vertex 47.2299 10.9168 1.05
      vertex 47.7385 10.7208 1.05
    endloop
  endfacet
  facet normal 0 0 1
    outer loop
      vertex 47.5299 13.7459 1.05
      vertex 46.3506 13.6293 1.05
      vertex 47.4989 13.4345 1.05
    endloop
  endfacet
  facet normal 0 0 1
    outer loop
      vertex 46.2905 12.9584 1.05
      vertex 47.4989 13.4345 1.05
      vertex 46.3506 13.6293 1.05
    endloop
  endfacet
  facet normal 0 0 1
    outer loop
      vertex 47.4908 12.7184 1.05
      vertex 46.3497 12.267 1.05
      vertex 47.5172 12.3248 1.05
    endloop
  endfacet
  facet normal 0 0 1
    outer loop
      vertex 47.4989 13.4345 1.05
      vertex 46.2905 12.9584 1.05
      vertex 47.4908 12.7184 1.05
    endloop
  endfacet
  facet normal 0 -0 1
    outer loop
      vertex 46.5274 11.6953 1.05
      vertex 47.5172 12.3248 1.05
      vertex 46.3497 12.267 1.05
    endloop
  endfacet
  facet normal 0 -0 1
    outer loop
      vertex 46.3497 12.267 1.05
      vertex 47.4908 12.7184 1.05
      vertex 46.2905 12.9584 1.05
    endloop
  endfacet
  facet normal 0 0 1
    outer loop
      vertex 47.5966 12.0013 1.05
      vertex 46.5274 11.6953 1.05
      vertex 46.8235 11.2435 1.05
    endloop
  endfacet
  facet normal 0 0 1
    outer loop
      vertex 47.7288 11.7479 1.05
      vertex 46.8235 11.2435 1.05
      vertex 47.2299 10.9168 1.05
    endloop
  endfacet
  facet normal 0 -1 0
    outer loop
      vertex 33.6998 11.6645 1.05
      vertex 36.7757 11.6645 1.6
      vertex 33.6998 11.6645 1.6
    endloop
  endfacet
  facet normal 0 -1 -0
    outer loop
      vertex 36.7757 11.6645 1.6
      vertex 33.6998 11.6645 1.05
      vertex 36.7757 11.6645 1.05
    endloop
  endfacet
  facet normal -1 0 0
    outer loop
      vertex 33.6998 11.6645 1.05
      vertex 33.6998 16.4697 1.6
      vertex 33.6998 16.4697 1.05
    endloop
  endfacet
  facet normal -1 -0 0
    outer loop
      vertex 33.6998 16.4697 1.6
      vertex 33.6998 11.6645 1.05
      vertex 33.6998 11.6645 1.6
    endloop
  endfacet
  facet normal 0 -1 0
    outer loop
      vertex 32.4995 16.4697 1.05
      vertex 33.6998 16.4697 1.6
      vertex 32.4995 16.4697 1.6
    endloop
  endfacet
  facet normal 0 -1 -0
    outer loop
      vertex 33.6998 16.4697 1.6
      vertex 32.4995 16.4697 1.05
      vertex 33.6998 16.4697 1.05
    endloop
  endfacet
  facet normal 1 -0 0
    outer loop
      vertex 32.4995 10.7369 1.6
      vertex 32.4995 16.4697 1.05
      vertex 32.4995 16.4697 1.6
    endloop
  endfacet
  facet normal 1 0 0
    outer loop
      vertex 32.4995 16.4697 1.05
      vertex 32.4995 10.7369 1.6
      vertex 32.4995 10.7369 1.05
    endloop
  endfacet
  facet normal 0 1 -0
    outer loop
      vertex 36.7757 10.7369 1.05
      vertex 32.4995 10.7369 1.6
      vertex 36.7757 10.7369 1.6
    endloop
  endfacet
  facet normal 0 1 0
    outer loop
      vertex 32.4995 10.7369 1.6
      vertex 36.7757 10.7369 1.05
      vertex 32.4995 10.7369 1.05
    endloop
  endfacet
  facet normal -1 0 0
    outer loop
      vertex 36.7757 10.7369 1.05
      vertex 36.7757 11.6645 1.6
      vertex 36.7757 11.6645 1.05
    endloop
  endfacet
  facet normal -1 -0 0
    outer loop
      vertex 36.7757 11.6645 1.6
      vertex 36.7757 10.7369 1.05
      vertex 36.7757 10.7369 1.6
    endloop
  endfacet
  facet normal -0.997976 0.0635883 0
    outer loop
      vertex 52.2161 12.8974 1.05
      vertex 52.2426 13.3133 1.6
      vertex 52.2426 13.3133 1.05
    endloop
  endfacet
  facet normal -0.997976 0.0635883 0
    outer loop
      vertex 52.2426 13.3133 1.6
      vertex 52.2161 12.8974 1.05
      vertex 52.2161 12.8974 1.6
    endloop
  endfacet
  facet normal -0.974112 0.226067 0
    outer loop
      vertex 52.2426 13.3133 1.05
      vertex 52.3219 13.655 1.6
      vertex 52.3219 13.655 1.05
    endloop
  endfacet
  facet normal -0.974112 0.226067 0
    outer loop
      vertex 52.3219 13.655 1.6
      vertex 52.2426 13.3133 1.05
      vertex 52.2426 13.3133 1.6
    endloop
  endfacet
  facet normal -0.896627 0.442787 0
    outer loop
      vertex 52.3219 13.655 1.05
      vertex 52.4541 13.9227 1.6
      vertex 52.4541 13.9227 1.05
    endloop
  endfacet
  facet normal -0.896627 0.442787 0
    outer loop
      vertex 52.4541 13.9227 1.6
      vertex 52.3219 13.655 1.05
      vertex 52.3219 13.655 1.6
    endloop
  endfacet
  facet normal -0.730284 0.683144 0
    outer loop
      vertex 52.4541 13.9227 1.05
      vertex 52.6338 14.1148 1.6
      vertex 52.6338 14.1148 1.05
    endloop
  endfacet
  facet normal -0.730284 0.683144 0
    outer loop
      vertex 52.6338 14.1148 1.6
      vertex 52.4541 13.9227 1.05
      vertex 52.4541 13.9227 1.6
    endloop
  endfacet
  facet normal -0.461239 0.887276 0
    outer loop
      vertex 52.8556 14.2301 1.05
      vertex 52.6338 14.1148 1.6
      vertex 52.8556 14.2301 1.6
    endloop
  endfacet
  facet normal -0.461239 0.887276 0
    outer loop
      vertex 52.6338 14.1148 1.6
      vertex 52.8556 14.2301 1.05
      vertex 52.6338 14.1148 1.05
    endloop
  endfacet
  facet normal -0.144047 0.989571 0
    outer loop
      vertex 53.1194 14.2685 1.05
      vertex 52.8556 14.2301 1.6
      vertex 53.1194 14.2685 1.6
    endloop
  endfacet
  facet normal -0.144047 0.989571 0
    outer loop
      vertex 52.8556 14.2301 1.6
      vertex 53.1194 14.2685 1.05
      vertex 52.8556 14.2301 1.05
    endloop
  endfacet
  facet normal 0.045163 0.99898 -0
    outer loop
      vertex 53.2676 14.2618 1.05
      vertex 53.1194 14.2685 1.6
      vertex 53.2676 14.2618 1.6
    endloop
  endfacet
  facet normal 0.045163 0.99898 0
    outer loop
      vertex 53.1194 14.2685 1.6
      vertex 53.2676 14.2618 1.05
      vertex 53.1194 14.2685 1.05
    endloop
  endfacet
  facet normal 0.124335 0.99224 -0
    outer loop
      vertex 53.4304 14.2414 1.05
      vertex 53.2676 14.2618 1.6
      vertex 53.4304 14.2414 1.6
    endloop
  endfacet
  facet normal 0.124335 0.99224 0
    outer loop
      vertex 53.2676 14.2618 1.6
      vertex 53.4304 14.2414 1.05
      vertex 53.2676 14.2618 1.05
    endloop
  endfacet
  facet normal 0.187902 0.982188 -0
    outer loop
      vertex 53.6076 14.2075 1.05
      vertex 53.4304 14.2414 1.6
      vertex 53.6076 14.2075 1.6
    endloop
  endfacet
  facet normal 0.187902 0.982188 0
    outer loop
      vertex 53.4304 14.2414 1.6
      vertex 53.6076 14.2075 1.05
      vertex 53.4304 14.2414 1.05
    endloop
  endfacet
  facet normal -1 0 0
    outer loop
      vertex 53.6076 14.2075 1.05
      vertex 53.6076 15.1637 1.6
      vertex 53.6076 15.1637 1.05
    endloop
  endfacet
  facet normal -1 -0 0
    outer loop
      vertex 53.6076 15.1637 1.6
      vertex 53.6076 14.2075 1.05
      vertex 53.6076 14.2075 1.6
    endloop
  endfacet
  facet normal -0.323958 -0.946072 0
    outer loop
      vertex 53.5086 15.1976 1.05
      vertex 53.6076 15.1637 1.6
      vertex 53.5086 15.1976 1.6
    endloop
  endfacet
  facet normal -0.323958 -0.946072 -0
    outer loop
      vertex 53.6076 15.1637 1.6
      vertex 53.5086 15.1976 1.05
      vertex 53.6076 15.1637 1.05
    endloop
  endfacet
  facet normal -0.169543 -0.985523 0
    outer loop
      vertex 53.3906 15.2179 1.05
      vertex 53.5086 15.1976 1.6
      vertex 53.3906 15.2179 1.6
    endloop
  endfacet
  facet normal -0.169543 -0.985523 -0
    outer loop
      vertex 53.5086 15.1976 1.6
      vertex 53.3906 15.2179 1.05
      vertex 53.5086 15.1976 1.05
    endloop
  endfacet
  facet normal -0.049574 -0.99877 0
    outer loop
      vertex 53.2536 15.2247 1.05
      vertex 53.3906 15.2179 1.6
      vertex 53.2536 15.2247 1.6
    endloop
  endfacet
  facet normal -0.049574 -0.99877 -0
    outer loop
      vertex 53.3906 15.2179 1.6
      vertex 53.2536 15.2247 1.05
      vertex 53.3906 15.2179 1.05
    endloop
  endfacet
  facet normal 0.0602454 -0.998184 0
    outer loop
      vertex 53.0846 15.2145 1.05
      vertex 53.2536 15.2247 1.6
      vertex 53.0846 15.2145 1.6
    endloop
  endfacet
  facet normal 0.0602454 -0.998184 0
    outer loop
      vertex 53.2536 15.2247 1.6
      vertex 53.0846 15.2145 1.05
      vertex 53.2536 15.2247 1.05
    endloop
  endfacet
  facet normal 0.200282 -0.979738 0
    outer loop
      vertex 52.9354 15.184 1.05
      vertex 53.0846 15.2145 1.6
      vertex 52.9354 15.184 1.6
    endloop
  endfacet
  facet normal 0.200282 -0.979738 0
    outer loop
      vertex 53.0846 15.2145 1.6
      vertex 52.9354 15.184 1.05
      vertex 53.0846 15.2145 1.05
    endloop
  endfacet
  facet normal 0.366053 -0.930594 0
    outer loop
      vertex 52.806 15.1331 1.05
      vertex 52.9354 15.184 1.6
      vertex 52.806 15.1331 1.6
    endloop
  endfacet
  facet normal 0.366053 -0.930594 0
    outer loop
      vertex 52.9354 15.184 1.6
      vertex 52.806 15.1331 1.05
      vertex 52.9354 15.184 1.05
    endloop
  endfacet
  facet normal 0.533601 -0.845736 0
    outer loop
      vertex 52.6922 15.0613 1.05
      vertex 52.806 15.1331 1.6
      vertex 52.6922 15.0613 1.6
    endloop
  endfacet
  facet normal 0.533601 -0.845736 0
    outer loop
      vertex 52.806 15.1331 1.6
      vertex 52.6922 15.0613 1.05
      vertex 52.806 15.1331 1.05
    endloop
  endfacet
  facet normal 0.672172 -0.740395 0
    outer loop
      vertex 52.5891 14.9677 1.05
      vertex 52.6922 15.0613 1.6
      vertex 52.5891 14.9677 1.6
    endloop
  endfacet
  facet normal 0.672172 -0.740395 0
    outer loop
      vertex 52.6922 15.0613 1.6
      vertex 52.5891 14.9677 1.05
      vertex 52.6922 15.0613 1.05
    endloop
  endfacet
  facet normal 0.781001 -0.62453 0
    outer loop
      vertex 52.4969 14.8524 1.6
      vertex 52.5891 14.9677 1.05
      vertex 52.5891 14.9677 1.6
    endloop
  endfacet
  facet normal 0.781001 -0.62453 0
    outer loop
      vertex 52.5891 14.9677 1.05
      vertex 52.4969 14.8524 1.6
      vertex 52.4969 14.8524 1.05
    endloop
  endfacet
  facet normal 0.864998 -0.501776 0
    outer loop
      vertex 52.406 14.6957 1.6
      vertex 52.4969 14.8524 1.05
      vertex 52.4969 14.8524 1.6
    endloop
  endfacet
  facet normal 0.864998 -0.501776 0
    outer loop
      vertex 52.4969 14.8524 1.05
      vertex 52.406 14.6957 1.6
      vertex 52.406 14.6957 1.05
    endloop
  endfacet
  facet normal 0.910223 -0.414118 0
    outer loop
      vertex 52.307 14.4781 1.6
      vertex 52.406 14.6957 1.05
      vertex 52.406 14.6957 1.6
    endloop
  endfacet
  facet normal 0.910223 -0.414118 0
    outer loop
      vertex 52.406 14.6957 1.05
      vertex 52.307 14.4781 1.6
      vertex 52.307 14.4781 1.05
    endloop
  endfacet
  facet normal 0.93338 -0.358889 0
    outer loop
      vertex 52.1998 14.1993 1.6
      vertex 52.307 14.4781 1.05
      vertex 52.307 14.4781 1.6
    endloop
  endfacet
  facet normal 0.93338 -0.358889 0
    outer loop
      vertex 52.307 14.4781 1.05
      vertex 52.1998 14.1993 1.6
      vertex 52.1998 14.1993 1.05
    endloop
  endfacet
  facet normal 0 -1 0
    outer loop
      vertex 52.1835 14.1993 1.05
      vertex 52.1998 14.1993 1.6
      vertex 52.1835 14.1993 1.6
    endloop
  endfacet
  facet normal 0 -1 -0
    outer loop
      vertex 52.1998 14.1993 1.6
      vertex 52.1835 14.1993 1.05
      vertex 52.1998 14.1993 1.05
    endloop
  endfacet
  facet normal -0.999797 -0.020124 0
    outer loop
      vertex 52.1835 14.1993 1.05
      vertex 52.1813 14.3086 1.6
      vertex 52.1813 14.3086 1.05
    endloop
  endfacet
  facet normal -0.999797 -0.020124 0
    outer loop
      vertex 52.1813 14.3086 1.6
      vertex 52.1835 14.1993 1.05
      vertex 52.1835 14.1993 1.6
    endloop
  endfacet
  facet normal -0.999149 -0.041252 0
    outer loop
      vertex 52.1813 14.3086 1.05
      vertex 52.1745 14.4733 1.6
      vertex 52.1745 14.4733 1.05
    endloop
  endfacet
  facet normal -0.999149 -0.041252 0
    outer loop
      vertex 52.1745 14.4733 1.6
      vertex 52.1813 14.3086 1.05
      vertex 52.1813 14.3086 1.6
    endloop
  endfacet
  facet normal -0.998688 -0.0512032 0
    outer loop
      vertex 52.1745 14.4733 1.05
      vertex 52.1632 14.6937 1.6
      vertex 52.1632 14.6937 1.05
    endloop
  endfacet
  facet normal -0.998688 -0.0512032 0
    outer loop
      vertex 52.1632 14.6937 1.6
      vertex 52.1745 14.4733 1.05
      vertex 52.1745 14.4733 1.6
    endloop
  endfacet
  facet normal -0.998287 -0.0585043 0
    outer loop
      vertex 52.1632 14.6937 1.05
      vertex 52.1506 14.9087 1.6
      vertex 52.1506 14.9087 1.05
    endloop
  endfacet
  facet normal -0.998287 -0.0585043 0
    outer loop
      vertex 52.1506 14.9087 1.6
      vertex 52.1632 14.6937 1.05
      vertex 52.1632 14.6937 1.6
    endloop
  endfacet
  facet normal -0.997317 -0.0732037 0
    outer loop
      vertex 52.1506 14.9087 1.05
      vertex 52.1397 15.0572 1.6
      vertex 52.1397 15.0572 1.05
    endloop
  endfacet
  facet normal -0.997317 -0.0732037 0
    outer loop
      vertex 52.1397 15.0572 1.6
      vertex 52.1506 14.9087 1.05
      vertex 52.1506 14.9087 1.6
    endloop
  endfacet
  facet normal -0.993899 -0.110298 0
    outer loop
      vertex 52.1397 15.0572 1.05
      vertex 52.1306 15.1392 1.6
      vertex 52.1306 15.1392 1.05
    endloop
  endfacet
  facet normal -0.993899 -0.110298 0
    outer loop
      vertex 52.1306 15.1392 1.6
      vertex 52.1397 15.0572 1.05
      vertex 52.1397 15.0572 1.6
    endloop
  endfacet
  facet normal 0 -1 0
    outer loop
      vertex 51.0402 15.1392 1.05
      vertex 52.1306 15.1392 1.6
      vertex 51.0402 15.1392 1.6
    endloop
  endfacet
  facet normal 0 -1 -0
    outer loop
      vertex 52.1306 15.1392 1.6
      vertex 51.0402 15.1392 1.05
      vertex 52.1306 15.1392 1.05
    endloop
  endfacet
  facet normal 0.998181 0.0602877 0
    outer loop
      vertex 51.0481 15.0084 1.6
      vertex 51.0402 15.1392 1.05
      vertex 51.0402 15.1392 1.6
    endloop
  endfacet
  facet normal 0.998181 0.0602877 0
    outer loop
      vertex 51.0402 15.1392 1.05
      vertex 51.0481 15.0084 1.6
      vertex 51.0481 15.0084 1.05
    endloop
  endfacet
  facet normal 0.998629 0.0523391 0
    outer loop
      vertex 51.0556 14.8653 1.6
      vertex 51.0481 15.0084 1.05
      vertex 51.0481 15.0084 1.6
    endloop
  endfacet
  facet normal 0.998629 0.0523391 0
    outer loop
      vertex 51.0481 15.0084 1.05
      vertex 51.0556 14.8653 1.6
      vertex 51.0556 14.8653 1.05
    endloop
  endfacet
  facet normal 0.998986 0.0450283 0
    outer loop
      vertex 51.0626 14.71 1.6
      vertex 51.0556 14.8653 1.05
      vertex 51.0556 14.8653 1.6
    endloop
  endfacet
  facet normal 0.998986 0.0450283 0
    outer loop
      vertex 51.0556 14.8653 1.05
      vertex 51.0626 14.71 1.6
      vertex 51.0626 14.71 1.05
    endloop
  endfacet
  facet normal 0.999487 0.0320385 0
    outer loop
      vertex 51.0682 14.5353 1.6
      vertex 51.0626 14.71 1.05
      vertex 51.0626 14.71 1.6
    endloop
  endfacet
  facet normal 0.999487 0.0320385 0
    outer loop
      vertex 51.0626 14.71 1.05
      vertex 51.0682 14.5353 1.6
      vertex 51.0682 14.5353 1.05
    endloop
  endfacet
  facet normal 0.999858 0.0168794 0
    outer loop
      vertex 51.0716 14.3339 1.6
      vertex 51.0682 14.5353 1.05
      vertex 51.0682 14.5353 1.6
    endloop
  endfacet
  facet normal 0.999858 0.0168794 0
    outer loop
      vertex 51.0682 14.5353 1.05
      vertex 51.0716 14.3339 1.6
      vertex 51.0716 14.3339 1.05
    endloop
  endfacet
  facet normal 0.999986 0.00526078 0
    outer loop
      vertex 51.0728 14.1058 1.6
      vertex 51.0716 14.3339 1.05
      vertex 51.0716 14.3339 1.6
    endloop
  endfacet
  facet normal 0.999986 0.00526078 0
    outer loop
      vertex 51.0716 14.3339 1.05
      vertex 51.0728 14.1058 1.6
      vertex 51.0728 14.1058 1.05
    endloop
  endfacet
  facet normal 1 -0 0
    outer loop
      vertex 51.0728 10.7369 1.6
      vertex 51.0728 14.1058 1.05
      vertex 51.0728 14.1058 1.6
    endloop
  endfacet
  facet normal 1 0 0
    outer loop
      vertex 51.0728 14.1058 1.05
      vertex 51.0728 10.7369 1.6
      vertex 51.0728 10.7369 1.05
    endloop
  endfacet
  facet normal 0 1 -0
    outer loop
      vertex 52.2161 10.7369 1.05
      vertex 51.0728 10.7369 1.6
      vertex 52.2161 10.7369 1.6
    endloop
  endfacet
  facet normal 0 1 0
    outer loop
      vertex 51.0728 10.7369 1.6
      vertex 52.2161 10.7369 1.05
      vertex 51.0728 10.7369 1.05
    endloop
  endfacet
  facet normal -1 0 0
    outer loop
      vertex 52.2161 10.7369 1.05
      vertex 52.2161 12.8974 1.6
      vertex 52.2161 12.8974 1.05
    endloop
  endfacet
  facet normal -1 -0 0
    outer loop
      vertex 52.2161 12.8974 1.6
      vertex 52.2161 10.7369 1.05
      vertex 52.2161 10.7369 1.6
    endloop
  endfacet
  facet normal -0.532806 0.846237 0
    outer loop
      vertex 40.7784 11.1872 1.05
      vertex 40.145 10.7884 1.6
      vertex 40.7784 11.1872 1.6
    endloop
  endfacet
  facet normal -0.532806 0.846237 0
    outer loop
      vertex 40.145 10.7884 1.6
      vertex 40.7784 11.1872 1.05
      vertex 40.145 10.7884 1.05
    endloop
  endfacet
  facet normal -0.845824 0.533461 0
    outer loop
      vertex 40.7784 11.1872 1.05
      vertex 41.1975 11.8517 1.6
      vertex 41.1975 11.8517 1.05
    endloop
  endfacet
  facet normal -0.845824 0.533461 0
    outer loop
      vertex 41.1975 11.8517 1.6
      vertex 40.7784 11.1872 1.05
      vertex 40.7784 11.1872 1.6
    endloop
  endfacet
  facet normal -0.0864861 -0.996253 0
    outer loop
      vertex 40.1193 11.9453 1.05
      vertex 41.1975 11.8517 1.6
      vertex 40.1193 11.9453 1.6
    endloop
  endfacet
  facet normal -0.0864861 -0.996253 -0
    outer loop
      vertex 41.1975 11.8517 1.6
      vertex 40.1193 11.9453 1.05
      vertex 41.1975 11.8517 1.05
    endloop
  endfacet
  facet normal 0.882378 -0.470541 0
    outer loop
      vertex 39.9638 11.6537 1.6
      vertex 40.1193 11.9453 1.05
      vertex 40.1193 11.9453 1.6
    endloop
  endfacet
  facet normal 0.882378 -0.470541 0
    outer loop
      vertex 40.1193 11.9453 1.05
      vertex 39.9638 11.6537 1.6
      vertex 39.9638 11.6537 1.05
    endloop
  endfacet
  facet normal 0.565623 -0.824664 0
    outer loop
      vertex 39.7088 11.4788 1.05
      vertex 39.9638 11.6537 1.6
      vertex 39.7088 11.4788 1.6
    endloop
  endfacet
  facet normal 0.565623 -0.824664 0
    outer loop
      vertex 39.9638 11.6537 1.6
      vertex 39.7088 11.4788 1.05
      vertex 39.9638 11.6537 1.05
    endloop
  endfacet
  facet normal 0.162322 -0.986738 0
    outer loop
      vertex 39.3544 11.4205 1.05
      vertex 39.7088 11.4788 1.6
      vertex 39.3544 11.4205 1.6
    endloop
  endfacet
  facet normal 0.162322 -0.986738 0
    outer loop
      vertex 39.7088 11.4788 1.6
      vertex 39.3544 11.4205 1.05
      vertex 39.7088 11.4788 1.05
    endloop
  endfacet
  facet normal -0.133315 -0.991074 0
    outer loop
      vertex 39.0838 11.4569 1.05
      vertex 39.3544 11.4205 1.6
      vertex 39.0838 11.4569 1.6
    endloop
  endfacet
  facet normal -0.133315 -0.991074 -0
    outer loop
      vertex 39.3544 11.4205 1.6
      vertex 39.0838 11.4569 1.05
      vertex 39.3544 11.4205 1.05
    endloop
  endfacet
  facet normal -0.43505 -0.900406 0
    outer loop
      vertex 38.858 11.566 1.05
      vertex 39.0838 11.4569 1.6
      vertex 38.858 11.566 1.6
    endloop
  endfacet
  facet normal -0.43505 -0.900406 -0
    outer loop
      vertex 39.0838 11.4569 1.6
      vertex 38.858 11.566 1.05
      vertex 39.0838 11.4569 1.05
    endloop
  endfacet
  facet normal -0.708663 -0.705547 0
    outer loop
      vertex 38.858 11.566 1.05
      vertex 38.6769 11.7479 1.6
      vertex 38.6769 11.7479 1.05
    endloop
  endfacet
  facet normal -0.708663 -0.705547 0
    outer loop
      vertex 38.6769 11.7479 1.6
      vertex 38.858 11.566 1.05
      vertex 38.858 11.566 1.6
    endloop
  endfacet
  facet normal -0.886597 -0.462542 0
    outer loop
      vertex 38.6769 11.7479 1.05
      vertex 38.5447 12.0013 1.6
      vertex 38.5447 12.0013 1.05
    endloop
  endfacet
  facet normal -0.886597 -0.462542 0
    outer loop
      vertex 38.5447 12.0013 1.6
      vertex 38.6769 11.7479 1.05
      vertex 38.6769 11.7479 1.6
    endloop
  endfacet
  facet normal -0.971175 -0.238366 0
    outer loop
      vertex 38.5447 12.0013 1.05
      vertex 38.4653 12.3248 1.6
      vertex 38.4653 12.3248 1.05
    endloop
  endfacet
  facet normal -0.971175 -0.238366 0
    outer loop
      vertex 38.4653 12.3248 1.6
      vertex 38.5447 12.0013 1.05
      vertex 38.5447 12.0013 1.6
    endloop
  endfacet
  facet normal -0.997758 -0.0669228 0
    outer loop
      vertex 38.4653 12.3248 1.05
      vertex 38.4389 12.7184 1.6
      vertex 38.4389 12.7184 1.05
    endloop
  endfacet
  facet normal -0.997758 -0.0669228 0
    outer loop
      vertex 38.4389 12.7184 1.6
      vertex 38.4653 12.3248 1.05
      vertex 38.4653 12.3248 1.6
    endloop
  endfacet
  facet normal 0 1 -0
    outer loop
      vertex 41.2626 12.7184 1.05
      vertex 38.4389 12.7184 1.6
      vertex 41.2626 12.7184 1.6
    endloop
  endfacet
  facet normal 0 1 0
    outer loop
      vertex 38.4389 12.7184 1.6
      vertex 41.2626 12.7184 1.05
      vertex 38.4389 12.7184 1.05
    endloop
  endfacet
  facet normal -1 0 0
    outer loop
      vertex 41.2626 12.7184 1.05
      vertex 41.2626 12.7509 1.6
      vertex 41.2626 12.7509 1.05
    endloop
  endfacet
  facet normal -1 -0 0
    outer loop
      vertex 41.2626 12.7509 1.6
      vertex 41.2626 12.7184 1.05
      vertex 41.2626 12.7184 1.6
    endloop
  endfacet
  facet normal -0.997215 -0.0745832 0
    outer loop
      vertex 41.2626 12.7509 1.05
      vertex 41.207 13.4943 1.6
      vertex 41.207 13.4943 1.05
    endloop
  endfacet
  facet normal -0.997215 -0.0745832 0
    outer loop
      vertex 41.207 13.4943 1.6
      vertex 41.2626 12.7509 1.05
      vertex 41.2626 12.7509 1.6
    endloop
  endfacet
  facet normal -0.964992 -0.262279 0
    outer loop
      vertex 41.207 13.4943 1.05
      vertex 41.0402 14.108 1.6
      vertex 41.0402 14.108 1.05
    endloop
  endfacet
  facet normal -0.964992 -0.262279 0
    outer loop
      vertex 41.0402 14.108 1.6
      vertex 41.207 13.4943 1.05
      vertex 41.207 13.4943 1.6
    endloop
  endfacet
  facet normal -0.867138 -0.498067 0
    outer loop
      vertex 41.0402 14.108 1.05
      vertex 40.7622 14.592 1.6
      vertex 40.7622 14.592 1.05
    endloop
  endfacet
  facet normal -0.867138 -0.498067 0
    outer loop
      vertex 40.7622 14.592 1.6
      vertex 41.0402 14.108 1.05
      vertex 41.0402 14.108 1.6
    endloop
  endfacet
  facet normal -0.673364 -0.739312 0
    outer loop
      vertex 40.3788 14.9412 1.05
      vertex 40.7622 14.592 1.6
      vertex 40.3788 14.9412 1.6
    endloop
  endfacet
  facet normal -0.673364 -0.739312 -0
    outer loop
      vertex 40.7622 14.592 1.6
      vertex 40.3788 14.9412 1.05
      vertex 40.7622 14.592 1.05
    endloop
  endfacet
  facet normal -0.398156 -0.917318 0
    outer loop
      vertex 39.8959 15.1508 1.05
      vertex 40.3788 14.9412 1.6
      vertex 39.8959 15.1508 1.6
    endloop
  endfacet
  facet normal -0.398156 -0.917318 -0
    outer loop
      vertex 40.3788 14.9412 1.6
      vertex 39.8959 15.1508 1.05
      vertex 40.3788 14.9412 1.05
    endloop
  endfacet
  facet normal -0.119017 -0.992892 0
    outer loop
      vertex 39.3136 15.2206 1.05
      vertex 39.8959 15.1508 1.6
      vertex 39.3136 15.2206 1.6
    endloop
  endfacet
  facet normal -0.119017 -0.992892 -0
    outer loop
      vertex 39.8959 15.1508 1.6
      vertex 39.3136 15.2206 1.05
      vertex 39.8959 15.1508 1.05
    endloop
  endfacet
  facet normal 0.105844 -0.994383 0
    outer loop
      vertex 38.702 15.1555 1.05
      vertex 39.3136 15.2206 1.6
      vertex 38.702 15.1555 1.6
    endloop
  endfacet
  facet normal 0.105844 -0.994383 0
    outer loop
      vertex 39.3136 15.2206 1.6
      vertex 38.702 15.1555 1.05
      vertex 39.3136 15.2206 1.05
    endloop
  endfacet
  facet normal 0.356823 -0.934172 0
    outer loop
      vertex 38.1907 14.9602 1.05
      vertex 38.702 15.1555 1.6
      vertex 38.1907 14.9602 1.6
    endloop
  endfacet
  facet normal 0.356823 -0.934172 0
    outer loop
      vertex 38.702 15.1555 1.6
      vertex 38.1907 14.9602 1.05
      vertex 38.702 15.1555 1.05
    endloop
  endfacet
  facet normal 0.620849 -0.78393 0
    outer loop
      vertex 37.7797 14.6347 1.05
      vertex 38.1907 14.9602 1.6
      vertex 37.7797 14.6347 1.6
    endloop
  endfacet
  facet normal 0.620849 -0.78393 0
    outer loop
      vertex 38.1907 14.9602 1.6
      vertex 37.7797 14.6347 1.05
      vertex 38.1907 14.9602 1.05
    endloop
  endfacet
  facet normal 0.829584 -0.558381 0
    outer loop
      vertex 37.4791 14.1881 1.6
      vertex 37.7797 14.6347 1.05
      vertex 37.7797 14.6347 1.6
    endloop
  endfacet
  facet normal 0.829584 -0.558381 0
    outer loop
      vertex 37.7797 14.6347 1.05
      vertex 37.4791 14.1881 1.6
      vertex 37.4791 14.1881 1.05
    endloop
  endfacet
  facet normal 0.951638 -0.307222 0
    outer loop
      vertex 37.2987 13.6293 1.6
      vertex 37.4791 14.1881 1.05
      vertex 37.4791 14.1881 1.6
    endloop
  endfacet
  facet normal 0.951638 -0.307222 0
    outer loop
      vertex 37.4791 14.1881 1.05
      vertex 37.2987 13.6293 1.6
      vertex 37.2987 13.6293 1.05
    endloop
  endfacet
  facet normal 0.996012 -0.0892239 0
    outer loop
      vertex 37.2386 12.9584 1.6
      vertex 37.2987 13.6293 1.05
      vertex 37.2987 13.6293 1.6
    endloop
  endfacet
  facet normal 0.996012 -0.0892239 0
    outer loop
      vertex 37.2987 13.6293 1.05
      vertex 37.2386 12.9584 1.6
      vertex 37.2386 12.9584 1.05
    endloop
  endfacet
  facet normal 0.996354 0.0853112 0
    outer loop
      vertex 37.2978 12.267 1.6
      vertex 37.2386 12.9584 1.05
      vertex 37.2386 12.9584 1.6
    endloop
  endfacet
  facet normal 0.996354 0.0853112 0
    outer loop
      vertex 37.2386 12.9584 1.05
      vertex 37.2978 12.267 1.6
      vertex 37.2978 12.267 1.05
    endloop
  endfacet
  facet normal 0.954934 0.296819 0
    outer loop
      vertex 37.4755 11.6953 1.6
      vertex 37.2978 12.267 1.05
      vertex 37.2978 12.267 1.6
    endloop
  endfacet
  facet normal 0.954934 0.296819 0
    outer loop
      vertex 37.2978 12.267 1.05
      vertex 37.4755 11.6953 1.6
      vertex 37.4755 11.6953 1.05
    endloop
  endfacet
  facet normal 0.836382 0.548147 0
    outer loop
      vertex 37.7716 11.2435 1.6
      vertex 37.4755 11.6953 1.05
      vertex 37.4755 11.6953 1.6
    endloop
  endfacet
  facet normal 0.836382 0.548147 0
    outer loop
      vertex 37.4755 11.6953 1.05
      vertex 37.7716 11.2435 1.6
      vertex 37.7716 11.2435 1.05
    endloop
  endfacet
  facet normal 0.626541 0.779389 -0
    outer loop
      vertex 38.178 10.9168 1.05
      vertex 37.7716 11.2435 1.6
      vertex 38.178 10.9168 1.6
    endloop
  endfacet
  facet normal 0.626541 0.779389 0
    outer loop
      vertex 37.7716 11.2435 1.6
      vertex 38.178 10.9168 1.05
      vertex 37.7716 11.2435 1.05
    endloop
  endfacet
  facet normal 0.359594 0.933109 -0
    outer loop
      vertex 38.6866 10.7208 1.05
      vertex 38.178 10.9168 1.6
      vertex 38.6866 10.7208 1.6
    endloop
  endfacet
  facet normal 0.359594 0.933109 0
    outer loop
      vertex 38.178 10.9168 1.6
      vertex 38.6866 10.7208 1.05
      vertex 38.178 10.9168 1.05
    endloop
  endfacet
  facet normal 0.106303 0.994334 -0
    outer loop
      vertex 39.2974 10.6555 1.05
      vertex 38.6866 10.7208 1.6
      vertex 39.2974 10.6555 1.6
    endloop
  endfacet
  facet normal 0.106303 0.994334 0
    outer loop
      vertex 38.6866 10.7208 1.6
      vertex 39.2974 10.6555 1.05
      vertex 38.6866 10.7208 1.05
    endloop
  endfacet
  facet normal -0.154903 0.98793 0
    outer loop
      vertex 40.145 10.7884 1.05
      vertex 39.2974 10.6555 1.6
      vertex 40.145 10.7884 1.6
    endloop
  endfacet
  facet normal -0.154903 0.98793 0
    outer loop
      vertex 39.2974 10.6555 1.6
      vertex 40.145 10.7884 1.05
      vertex 39.2974 10.6555 1.05
    endloop
  endfacet
  facet normal -0.995081 0.0990608 0
    outer loop
      vertex 38.447 13.4345 1.05
      vertex 38.478 13.7459 1.6
      vertex 38.478 13.7459 1.05
    endloop
  endfacet
  facet normal -0.995081 0.0990608 0
    outer loop
      vertex 38.478 13.7459 1.6
      vertex 38.447 13.4345 1.05
      vertex 38.447 13.4345 1.6
    endloop
  endfacet
  facet normal -0.959762 0.280816 0
    outer loop
      vertex 38.478 13.7459 1.05
      vertex 38.5546 14.0077 1.6
      vertex 38.5546 14.0077 1.05
    endloop
  endfacet
  facet normal -0.959762 0.280816 0
    outer loop
      vertex 38.5546 14.0077 1.6
      vertex 38.478 13.7459 1.05
      vertex 38.478 13.7459 1.6
    endloop
  endfacet
  facet normal -0.866199 0.499699 0
    outer loop
      vertex 38.5546 14.0077 1.05
      vertex 38.6769 14.2197 1.6
      vertex 38.6769 14.2197 1.05
    endloop
  endfacet
  facet normal -0.866199 0.499699 0
    outer loop
      vertex 38.6769 14.2197 1.6
      vertex 38.5546 14.0077 1.05
      vertex 38.5546 14.0077 1.6
    endloop
  endfacet
  facet normal -0.685474 0.728097 0
    outer loop
      vertex 38.8426 14.3757 1.05
      vertex 38.6769 14.2197 1.6
      vertex 38.8426 14.3757 1.6
    endloop
  endfacet
  facet normal -0.685474 0.728097 0
    outer loop
      vertex 38.6769 14.2197 1.6
      vertex 38.8426 14.3757 1.05
      vertex 38.6769 14.2197 1.05
    endloop
  endfacet
  facet normal -0.412342 0.911029 0
    outer loop
      vertex 39.0494 14.4693 1.05
      vertex 38.8426 14.3757 1.6
      vertex 39.0494 14.4693 1.6
    endloop
  endfacet
  facet normal -0.412342 0.911029 0
    outer loop
      vertex 38.8426 14.3757 1.6
      vertex 39.0494 14.4693 1.05
      vertex 38.8426 14.3757 1.05
    endloop
  endfacet
  facet normal -0.124823 0.992179 0
    outer loop
      vertex 39.2974 14.5005 1.05
      vertex 39.0494 14.4693 1.6
      vertex 39.2974 14.5005 1.6
    endloop
  endfacet
  facet normal -0.124823 0.992179 0
    outer loop
      vertex 39.0494 14.4693 1.6
      vertex 39.2974 14.5005 1.05
      vertex 39.0494 14.4693 1.05
    endloop
  endfacet
  facet normal 0.124918 0.992167 -0
    outer loop
      vertex 39.5325 14.4709 1.05
      vertex 39.2974 14.5005 1.6
      vertex 39.5325 14.4709 1.6
    endloop
  endfacet
  facet normal 0.124918 0.992167 0
    outer loop
      vertex 39.2974 14.5005 1.6
      vertex 39.5325 14.4709 1.05
      vertex 39.2974 14.5005 1.05
    endloop
  endfacet
  facet normal 0.404997 0.914318 -0
    outer loop
      vertex 39.7332 14.382 1.05
      vertex 39.5325 14.4709 1.6
      vertex 39.7332 14.382 1.6
    endloop
  endfacet
  facet normal 0.404997 0.914318 0
    outer loop
      vertex 39.5325 14.4709 1.6
      vertex 39.7332 14.382 1.05
      vertex 39.5325 14.4709 1.05
    endloop
  endfacet
  facet normal 0.66481 0.747013 -0
    outer loop
      vertex 39.8995 14.234 1.05
      vertex 39.7332 14.382 1.6
      vertex 39.8995 14.234 1.6
    endloop
  endfacet
  facet normal 0.66481 0.747013 0
    outer loop
      vertex 39.7332 14.382 1.6
      vertex 39.8995 14.234 1.05
      vertex 39.7332 14.382 1.05
    endloop
  endfacet
  facet normal 0.850868 0.525379 0
    outer loop
      vertex 40.0275 14.0267 1.6
      vertex 39.8995 14.234 1.05
      vertex 39.8995 14.234 1.6
    endloop
  endfacet
  facet normal 0.850868 0.525379 0
    outer loop
      vertex 39.8995 14.234 1.05
      vertex 40.0275 14.0267 1.6
      vertex 40.0275 14.0267 1.05
    endloop
  endfacet
  facet normal 0.9523 0.305165 0
    outer loop
      vertex 40.1129 13.7602 1.6
      vertex 40.0275 14.0267 1.05
      vertex 40.0275 14.0267 1.6
    endloop
  endfacet
  facet normal 0.9523 0.305165 0
    outer loop
      vertex 40.0275 14.0267 1.05
      vertex 40.1129 13.7602 1.6
      vertex 40.1129 13.7602 1.05
    endloop
  endfacet
  facet normal 0.991397 0.130888 0
    outer loop
      vertex 40.1559 13.4345 1.6
      vertex 40.1129 13.7602 1.05
      vertex 40.1129 13.7602 1.6
    endloop
  endfacet
  facet normal 0.991397 0.130888 0
    outer loop
      vertex 40.1129 13.7602 1.05
      vertex 40.1559 13.4345 1.6
      vertex 40.1559 13.4345 1.05
    endloop
  endfacet
  facet normal 0 -1 0
    outer loop
      vertex 38.447 13.4345 1.05
      vertex 40.1559 13.4345 1.6
      vertex 38.447 13.4345 1.6
    endloop
  endfacet
  facet normal 0 -1 -0
    outer loop
      vertex 40.1559 13.4345 1.6
      vertex 38.447 13.4345 1.05
      vertex 40.1559 13.4345 1.05
    endloop
  endfacet
  facet normal -0.532806 0.846237 0
    outer loop
      vertex 49.8303 11.1872 1.05
      vertex 49.1969 10.7884 1.6
      vertex 49.8303 11.1872 1.6
    endloop
  endfacet
  facet normal -0.532806 0.846237 0
    outer loop
      vertex 49.1969 10.7884 1.6
      vertex 49.8303 11.1872 1.05
      vertex 49.1969 10.7884 1.05
    endloop
  endfacet
  facet normal -0.845824 0.533461 0
    outer loop
      vertex 49.8303 11.1872 1.05
      vertex 50.2494 11.8517 1.6
      vertex 50.2494 11.8517 1.05
    endloop
  endfacet
  facet normal -0.845824 0.533461 0
    outer loop
      vertex 50.2494 11.8517 1.6
      vertex 49.8303 11.1872 1.05
      vertex 49.8303 11.1872 1.6
    endloop
  endfacet
  facet normal -0.0864861 -0.996253 0
    outer loop
      vertex 49.1712 11.9453 1.05
      vertex 50.2494 11.8517 1.6
      vertex 49.1712 11.9453 1.6
    endloop
  endfacet
  facet normal -0.0864861 -0.996253 -0
    outer loop
      vertex 50.2494 11.8517 1.6
      vertex 49.1712 11.9453 1.05
      vertex 50.2494 11.8517 1.05
    endloop
  endfacet
  facet normal 0.882378 -0.470541 0
    outer loop
      vertex 49.0157 11.6537 1.6
      vertex 49.1712 11.9453 1.05
      vertex 49.1712 11.9453 1.6
    endloop
  endfacet
  facet normal 0.882378 -0.470541 0
    outer loop
      vertex 49.1712 11.9453 1.05
      vertex 49.0157 11.6537 1.6
      vertex 49.0157 11.6537 1.05
    endloop
  endfacet
  facet normal 0.565623 -0.824664 0
    outer loop
      vertex 48.7607 11.4788 1.05
      vertex 49.0157 11.6537 1.6
      vertex 48.7607 11.4788 1.6
    endloop
  endfacet
  facet normal 0.565623 -0.824664 0
    outer loop
      vertex 49.0157 11.6537 1.6
      vertex 48.7607 11.4788 1.05
      vertex 49.0157 11.6537 1.05
    endloop
  endfacet
  facet normal 0.162322 -0.986738 0
    outer loop
      vertex 48.4063 11.4205 1.05
      vertex 48.7607 11.4788 1.6
      vertex 48.4063 11.4205 1.6
    endloop
  endfacet
  facet normal 0.162322 -0.986738 0
    outer loop
      vertex 48.7607 11.4788 1.6
      vertex 48.4063 11.4205 1.05
      vertex 48.7607 11.4788 1.05
    endloop
  endfacet
  facet normal -0.133315 -0.991074 0
    outer loop
      vertex 48.1357 11.4569 1.05
      vertex 48.4063 11.4205 1.6
      vertex 48.1357 11.4569 1.6
    endloop
  endfacet
  facet normal -0.133315 -0.991074 -0
    outer loop
      vertex 48.4063 11.4205 1.6
      vertex 48.1357 11.4569 1.05
      vertex 48.4063 11.4205 1.05
    endloop
  endfacet
  facet normal -0.43505 -0.900406 0
    outer loop
      vertex 47.9099 11.566 1.05
      vertex 48.1357 11.4569 1.6
      vertex 47.9099 11.566 1.6
    endloop
  endfacet
  facet normal -0.43505 -0.900406 -0
    outer loop
      vertex 48.1357 11.4569 1.6
      vertex 47.9099 11.566 1.05
      vertex 48.1357 11.4569 1.05
    endloop
  endfacet
  facet normal -0.708663 -0.705547 0
    outer loop
      vertex 47.9099 11.566 1.05
      vertex 47.7288 11.7479 1.6
      vertex 47.7288 11.7479 1.05
    endloop
  endfacet
  facet normal -0.708663 -0.705547 0
    outer loop
      vertex 47.7288 11.7479 1.6
      vertex 47.9099 11.566 1.05
      vertex 47.9099 11.566 1.6
    endloop
  endfacet
  facet normal -0.886597 -0.462542 0
    outer loop
      vertex 47.7288 11.7479 1.05
      vertex 47.5966 12.0013 1.6
      vertex 47.5966 12.0013 1.05
    endloop
  endfacet
  facet normal -0.886597 -0.462542 0
    outer loop
      vertex 47.5966 12.0013 1.6
      vertex 47.7288 11.7479 1.05
      vertex 47.7288 11.7479 1.6
    endloop
  endfacet
  facet normal -0.971175 -0.238366 0
    outer loop
      vertex 47.5966 12.0013 1.05
      vertex 47.5172 12.3248 1.6
      vertex 47.5172 12.3248 1.05
    endloop
  endfacet
  facet normal -0.971175 -0.238366 0
    outer loop
      vertex 47.5172 12.3248 1.6
      vertex 47.5966 12.0013 1.05
      vertex 47.5966 12.0013 1.6
    endloop
  endfacet
  facet normal -0.997758 -0.0669228 0
    outer loop
      vertex 47.5172 12.3248 1.05
      vertex 47.4908 12.7184 1.6
      vertex 47.4908 12.7184 1.05
    endloop
  endfacet
  facet normal -0.997758 -0.0669228 0
    outer loop
      vertex 47.4908 12.7184 1.6
      vertex 47.5172 12.3248 1.05
      vertex 47.5172 12.3248 1.6
    endloop
  endfacet
  facet normal 0 1 -0
    outer loop
      vertex 50.3145 12.7184 1.05
      vertex 47.4908 12.7184 1.6
      vertex 50.3145 12.7184 1.6
    endloop
  endfacet
  facet normal 0 1 0
    outer loop
      vertex 47.4908 12.7184 1.6
      vertex 50.3145 12.7184 1.05
      vertex 47.4908 12.7184 1.05
    endloop
  endfacet
  facet normal -1 0 0
    outer loop
      vertex 50.3145 12.7184 1.05
      vertex 50.3145 12.7509 1.6
      vertex 50.3145 12.7509 1.05
    endloop
  endfacet
  facet normal -1 -0 0
    outer loop
      vertex 50.3145 12.7509 1.6
      vertex 50.3145 12.7184 1.05
      vertex 50.3145 12.7184 1.6
    endloop
  endfacet
  facet normal -0.997215 -0.0745832 0
    outer loop
      vertex 50.3145 12.7509 1.05
      vertex 50.2589 13.4943 1.6
      vertex 50.2589 13.4943 1.05
    endloop
  endfacet
  facet normal -0.997215 -0.0745832 0
    outer loop
      vertex 50.2589 13.4943 1.6
      vertex 50.3145 12.7509 1.05
      vertex 50.3145 12.7509 1.6
    endloop
  endfacet
  facet normal -0.964992 -0.262279 0
    outer loop
      vertex 50.2589 13.4943 1.05
      vertex 50.0921 14.108 1.6
      vertex 50.0921 14.108 1.05
    endloop
  endfacet
  facet normal -0.964992 -0.262279 0
    outer loop
      vertex 50.0921 14.108 1.6
      vertex 50.2589 13.4943 1.05
      vertex 50.2589 13.4943 1.6
    endloop
  endfacet
  facet normal -0.867138 -0.498067 0
    outer loop
      vertex 50.0921 14.108 1.05
      vertex 49.8141 14.592 1.6
      vertex 49.8141 14.592 1.05
    endloop
  endfacet
  facet normal -0.867138 -0.498067 0
    outer loop
      vertex 49.8141 14.592 1.6
      vertex 50.0921 14.108 1.05
      vertex 50.0921 14.108 1.6
    endloop
  endfacet
  facet normal -0.673364 -0.739312 0
    outer loop
      vertex 49.4307 14.9412 1.05
      vertex 49.8141 14.592 1.6
      vertex 49.4307 14.9412 1.6
    endloop
  endfacet
  facet normal -0.673364 -0.739312 -0
    outer loop
      vertex 49.8141 14.592 1.6
      vertex 49.4307 14.9412 1.05
      vertex 49.8141 14.592 1.05
    endloop
  endfacet
  facet normal -0.398156 -0.917318 0
    outer loop
      vertex 48.9478 15.1508 1.05
      vertex 49.4307 14.9412 1.6
      vertex 48.9478 15.1508 1.6
    endloop
  endfacet
  facet normal -0.398156 -0.917318 -0
    outer loop
      vertex 49.4307 14.9412 1.6
      vertex 48.9478 15.1508 1.05
      vertex 49.4307 14.9412 1.05
    endloop
  endfacet
  facet normal -0.119017 -0.992892 0
    outer loop
      vertex 48.3655 15.2206 1.05
      vertex 48.9478 15.1508 1.6
      vertex 48.3655 15.2206 1.6
    endloop
  endfacet
  facet normal -0.119017 -0.992892 -0
    outer loop
      vertex 48.9478 15.1508 1.6
      vertex 48.3655 15.2206 1.05
      vertex 48.9478 15.1508 1.05
    endloop
  endfacet
  facet normal 0.105844 -0.994383 0
    outer loop
      vertex 47.7539 15.1555 1.05
      vertex 48.3655 15.2206 1.6
      vertex 47.7539 15.1555 1.6
    endloop
  endfacet
  facet normal 0.105844 -0.994383 0
    outer loop
      vertex 48.3655 15.2206 1.6
      vertex 47.7539 15.1555 1.05
      vertex 48.3655 15.2206 1.05
    endloop
  endfacet
  facet normal 0.356823 -0.934172 0
    outer loop
      vertex 47.2426 14.9602 1.05
      vertex 47.7539 15.1555 1.6
      vertex 47.2426 14.9602 1.6
    endloop
  endfacet
  facet normal 0.356823 -0.934172 0
    outer loop
      vertex 47.7539 15.1555 1.6
      vertex 47.2426 14.9602 1.05
      vertex 47.7539 15.1555 1.05
    endloop
  endfacet
  facet normal 0.620849 -0.78393 0
    outer loop
      vertex 46.8316 14.6347 1.05
      vertex 47.2426 14.9602 1.6
      vertex 46.8316 14.6347 1.6
    endloop
  endfacet
  facet normal 0.620849 -0.78393 0
    outer loop
      vertex 47.2426 14.9602 1.6
      vertex 46.8316 14.6347 1.05
      vertex 47.2426 14.9602 1.05
    endloop
  endfacet
  facet normal 0.829584 -0.558381 0
    outer loop
      vertex 46.531 14.1881 1.6
      vertex 46.8316 14.6347 1.05
      vertex 46.8316 14.6347 1.6
    endloop
  endfacet
  facet normal 0.829584 -0.558381 0
    outer loop
      vertex 46.8316 14.6347 1.05
      vertex 46.531 14.1881 1.6
      vertex 46.531 14.1881 1.05
    endloop
  endfacet
  facet normal 0.951638 -0.307222 0
    outer loop
      vertex 46.3506 13.6293 1.6
      vertex 46.531 14.1881 1.05
      vertex 46.531 14.1881 1.6
    endloop
  endfacet
  facet normal 0.951638 -0.307222 0
    outer loop
      vertex 46.531 14.1881 1.05
      vertex 46.3506 13.6293 1.6
      vertex 46.3506 13.6293 1.05
    endloop
  endfacet
  facet normal 0.996012 -0.0892239 0
    outer loop
      vertex 46.2905 12.9584 1.6
      vertex 46.3506 13.6293 1.05
      vertex 46.3506 13.6293 1.6
    endloop
  endfacet
  facet normal 0.996012 -0.0892239 0
    outer loop
      vertex 46.3506 13.6293 1.05
      vertex 46.2905 12.9584 1.6
      vertex 46.2905 12.9584 1.05
    endloop
  endfacet
  facet normal 0.996354 0.0853112 0
    outer loop
      vertex 46.3497 12.267 1.6
      vertex 46.2905 12.9584 1.05
      vertex 46.2905 12.9584 1.6
    endloop
  endfacet
  facet normal 0.996354 0.0853112 0
    outer loop
      vertex 46.2905 12.9584 1.05
      vertex 46.3497 12.267 1.6
      vertex 46.3497 12.267 1.05
    endloop
  endfacet
  facet normal 0.954934 0.296819 0
    outer loop
      vertex 46.5274 11.6953 1.6
      vertex 46.3497 12.267 1.05
      vertex 46.3497 12.267 1.6
    endloop
  endfacet
  facet normal 0.954934 0.296819 0
    outer loop
      vertex 46.3497 12.267 1.05
      vertex 46.5274 11.6953 1.6
      vertex 46.5274 11.6953 1.05
    endloop
  endfacet
  facet normal 0.836382 0.548147 0
    outer loop
      vertex 46.8235 11.2435 1.6
      vertex 46.5274 11.6953 1.05
      vertex 46.5274 11.6953 1.6
    endloop
  endfacet
  facet normal 0.836382 0.548147 0
    outer loop
      vertex 46.5274 11.6953 1.05
      vertex 46.8235 11.2435 1.6
      vertex 46.8235 11.2435 1.05
    endloop
  endfacet
  facet normal 0.626541 0.779389 -0
    outer loop
      vertex 47.2299 10.9168 1.05
      vertex 46.8235 11.2435 1.6
      vertex 47.2299 10.9168 1.6
    endloop
  endfacet
  facet normal 0.626541 0.779389 0
    outer loop
      vertex 46.8235 11.2435 1.6
      vertex 47.2299 10.9168 1.05
      vertex 46.8235 11.2435 1.05
    endloop
  endfacet
  facet normal 0.359594 0.933109 -0
    outer loop
      vertex 47.7385 10.7208 1.05
      vertex 47.2299 10.9168 1.6
      vertex 47.7385 10.7208 1.6
    endloop
  endfacet
  facet normal 0.359594 0.933109 0
    outer loop
      vertex 47.2299 10.9168 1.6
      vertex 47.7385 10.7208 1.05
      vertex 47.2299 10.9168 1.05
    endloop
  endfacet
  facet normal 0.106303 0.994334 -0
    outer loop
      vertex 48.3493 10.6555 1.05
      vertex 47.7385 10.7208 1.6
      vertex 48.3493 10.6555 1.6
    endloop
  endfacet
  facet normal 0.106303 0.994334 0
    outer loop
      vertex 47.7385 10.7208 1.6
      vertex 48.3493 10.6555 1.05
      vertex 47.7385 10.7208 1.05
    endloop
  endfacet
  facet normal -0.154903 0.98793 0
    outer loop
      vertex 49.1969 10.7884 1.05
      vertex 48.3493 10.6555 1.6
      vertex 49.1969 10.7884 1.6
    endloop
  endfacet
  facet normal -0.154903 0.98793 0
    outer loop
      vertex 48.3493 10.6555 1.6
      vertex 49.1969 10.7884 1.05
      vertex 48.3493 10.6555 1.05
    endloop
  endfacet
  facet normal -0.995081 0.0990608 0
    outer loop
      vertex 47.4989 13.4345 1.05
      vertex 47.5299 13.7459 1.6
      vertex 47.5299 13.7459 1.05
    endloop
  endfacet
  facet normal -0.995081 0.0990608 0
    outer loop
      vertex 47.5299 13.7459 1.6
      vertex 47.4989 13.4345 1.05
      vertex 47.4989 13.4345 1.6
    endloop
  endfacet
  facet normal -0.959762 0.280816 0
    outer loop
      vertex 47.5299 13.7459 1.05
      vertex 47.6065 14.0077 1.6
      vertex 47.6065 14.0077 1.05
    endloop
  endfacet
  facet normal -0.959762 0.280816 0
    outer loop
      vertex 47.6065 14.0077 1.6
      vertex 47.5299 13.7459 1.05
      vertex 47.5299 13.7459 1.6
    endloop
  endfacet
  facet normal -0.866199 0.499699 0
    outer loop
      vertex 47.6065 14.0077 1.05
      vertex 47.7288 14.2197 1.6
      vertex 47.7288 14.2197 1.05
    endloop
  endfacet
  facet normal -0.866199 0.499699 0
    outer loop
      vertex 47.7288 14.2197 1.6
      vertex 47.6065 14.0077 1.05
      vertex 47.6065 14.0077 1.6
    endloop
  endfacet
  facet normal -0.685474 0.728097 0
    outer loop
      vertex 47.8945 14.3757 1.05
      vertex 47.7288 14.2197 1.6
      vertex 47.8945 14.3757 1.6
    endloop
  endfacet
  facet normal -0.685474 0.728097 0
    outer loop
      vertex 47.7288 14.2197 1.6
      vertex 47.8945 14.3757 1.05
      vertex 47.7288 14.2197 1.05
    endloop
  endfacet
  facet normal -0.412342 0.911029 0
    outer loop
      vertex 48.1013 14.4693 1.05
      vertex 47.8945 14.3757 1.6
      vertex 48.1013 14.4693 1.6
    endloop
  endfacet
  facet normal -0.412342 0.911029 0
    outer loop
      vertex 47.8945 14.3757 1.6
      vertex 48.1013 14.4693 1.05
      vertex 47.8945 14.3757 1.05
    endloop
  endfacet
  facet normal -0.124823 0.992179 0
    outer loop
      vertex 48.3493 14.5005 1.05
      vertex 48.1013 14.4693 1.6
      vertex 48.3493 14.5005 1.6
    endloop
  endfacet
  facet normal -0.124823 0.992179 0
    outer loop
      vertex 48.1013 14.4693 1.6
      vertex 48.3493 14.5005 1.05
      vertex 48.1013 14.4693 1.05
    endloop
  endfacet
  facet normal 0.124918 0.992167 -0
    outer loop
      vertex 48.5844 14.4709 1.05
      vertex 48.3493 14.5005 1.6
      vertex 48.5844 14.4709 1.6
    endloop
  endfacet
  facet normal 0.124918 0.992167 0
    outer loop
      vertex 48.3493 14.5005 1.6
      vertex 48.5844 14.4709 1.05
      vertex 48.3493 14.5005 1.05
    endloop
  endfacet
  facet normal 0.404997 0.914318 -0
    outer loop
      vertex 48.7851 14.382 1.05
      vertex 48.5844 14.4709 1.6
      vertex 48.7851 14.382 1.6
    endloop
  endfacet
  facet normal 0.404997 0.914318 0
    outer loop
      vertex 48.5844 14.4709 1.6
      vertex 48.7851 14.382 1.05
      vertex 48.5844 14.4709 1.05
    endloop
  endfacet
  facet normal 0.66481 0.747013 -0
    outer loop
      vertex 48.9514 14.234 1.05
      vertex 48.7851 14.382 1.6
      vertex 48.9514 14.234 1.6
    endloop
  endfacet
  facet normal 0.66481 0.747013 0
    outer loop
      vertex 48.7851 14.382 1.6
      vertex 48.9514 14.234 1.05
      vertex 48.7851 14.382 1.05
    endloop
  endfacet
  facet normal 0.850868 0.525379 0
    outer loop
      vertex 49.0794 14.0267 1.6
      vertex 48.9514 14.234 1.05
      vertex 48.9514 14.234 1.6
    endloop
  endfacet
  facet normal 0.850868 0.525379 0
    outer loop
      vertex 48.9514 14.234 1.05
      vertex 49.0794 14.0267 1.6
      vertex 49.0794 14.0267 1.05
    endloop
  endfacet
  facet normal 0.952196 0.305489 0
    outer loop
      vertex 49.1649 13.7602 1.6
      vertex 49.0794 14.0267 1.05
      vertex 49.0794 14.0267 1.6
    endloop
  endfacet
  facet normal 0.952196 0.305489 0
    outer loop
      vertex 49.0794 14.0267 1.05
      vertex 49.1649 13.7602 1.6
      vertex 49.1649 13.7602 1.05
    endloop
  endfacet
  facet normal 0.991437 0.130588 0
    outer loop
      vertex 49.2078 13.4345 1.6
      vertex 49.1649 13.7602 1.05
      vertex 49.1649 13.7602 1.6
    endloop
  endfacet
  facet normal 0.991437 0.130588 0
    outer loop
      vertex 49.1649 13.7602 1.05
      vertex 49.2078 13.4345 1.6
      vertex 49.2078 13.4345 1.05
    endloop
  endfacet
  facet normal 0 -1 0
    outer loop
      vertex 47.4989 13.4345 1.05
      vertex 49.2078 13.4345 1.6
      vertex 47.4989 13.4345 1.6
    endloop
  endfacet
  facet normal 0 -1 -0
    outer loop
      vertex 49.2078 13.4345 1.6
      vertex 47.4989 13.4345 1.05
      vertex 49.2078 13.4345 1.05
    endloop
  endfacet
  facet normal 0.841192 0.540736 0
    outer loop
      vertex 44.7713 10.7369 1.6
      vertex 43.746 12.3319 1.05
      vertex 43.746 12.3319 1.6
    endloop
  endfacet
  facet normal 0.841192 0.540736 0
    outer loop
      vertex 43.746 12.3319 1.05
      vertex 44.7713 10.7369 1.6
      vertex 44.7713 10.7369 1.05
    endloop
  endfacet
  facet normal 0 1 -0
    outer loop
      vertex 46.0123 10.7369 1.05
      vertex 44.7713 10.7369 1.6
      vertex 46.0123 10.7369 1.6
    endloop
  endfacet
  facet normal 0 1 0
    outer loop
      vertex 44.7713 10.7369 1.6
      vertex 46.0123 10.7369 1.05
      vertex 44.7713 10.7369 1.05
    endloop
  endfacet
  facet normal -0.815397 -0.578902 0
    outer loop
      vertex 46.0123 10.7369 1.05
      vertex 44.3889 13.0235 1.6
      vertex 44.3889 13.0235 1.05
    endloop
  endfacet
  facet normal -0.815397 -0.578902 0
    outer loop
      vertex 44.3889 13.0235 1.6
      vertex 46.0123 10.7369 1.05
      vertex 46.0123 10.7369 1.6
    endloop
  endfacet
  facet normal -0.809607 0.586972 0
    outer loop
      vertex 44.3889 13.0235 1.05
      vertex 45.9228 15.1392 1.6
      vertex 45.9228 15.1392 1.05
    endloop
  endfacet
  facet normal -0.809607 0.586972 0
    outer loop
      vertex 45.9228 15.1392 1.6
      vertex 44.3889 13.0235 1.05
      vertex 44.3889 13.0235 1.6
    endloop
  endfacet
  facet normal 0 -1 0
    outer loop
      vertex 44.6819 15.1392 1.05
      vertex 45.9228 15.1392 1.6
      vertex 44.6819 15.1392 1.6
    endloop
  endfacet
  facet normal 0 -1 -0
    outer loop
      vertex 45.9228 15.1392 1.6
      vertex 44.6819 15.1392 1.05
      vertex 45.9228 15.1392 1.05
    endloop
  endfacet
  facet normal 0.838522 -0.544868 0
    outer loop
      vertex 43.746 13.6989 1.6
      vertex 44.6819 15.1392 1.05
      vertex 44.6819 15.1392 1.6
    endloop
  endfacet
  facet normal 0.838522 -0.544868 0
    outer loop
      vertex 44.6819 15.1392 1.05
      vertex 43.746 13.6989 1.6
      vertex 43.746 13.6989 1.05
    endloop
  endfacet
  facet normal -0.837458 -0.546502 0
    outer loop
      vertex 43.746 13.6989 1.05
      vertex 42.8061 15.1392 1.6
      vertex 42.8061 15.1392 1.05
    endloop
  endfacet
  facet normal -0.837458 -0.546502 0
    outer loop
      vertex 42.8061 15.1392 1.6
      vertex 43.746 13.6989 1.05
      vertex 43.746 13.6989 1.6
    endloop
  endfacet
  facet normal 0 -1 0
    outer loop
      vertex 41.5733 15.1392 1.05
      vertex 42.8061 15.1392 1.6
      vertex 41.5733 15.1392 1.6
    endloop
  endfacet
  facet normal 0 -1 -0
    outer loop
      vertex 42.8061 15.1392 1.6
      vertex 41.5733 15.1392 1.05
      vertex 42.8061 15.1392 1.05
    endloop
  endfacet
  facet normal 0.811207 0.58476 0
    outer loop
      vertex 43.1072 13.0113 1.6
      vertex 41.5733 15.1392 1.05
      vertex 41.5733 15.1392 1.6
    endloop
  endfacet
  facet normal 0.811207 0.58476 0
    outer loop
      vertex 41.5733 15.1392 1.05
      vertex 43.1072 13.0113 1.6
      vertex 43.1072 13.0113 1.05
    endloop
  endfacet
  facet normal 0.815996 -0.578057 0
    outer loop
      vertex 41.496 10.7369 1.6
      vertex 43.1072 13.0113 1.05
      vertex 43.1072 13.0113 1.6
    endloop
  endfacet
  facet normal 0.815996 -0.578057 0
    outer loop
      vertex 43.1072 13.0113 1.05
      vertex 41.496 10.7369 1.6
      vertex 41.496 10.7369 1.05
    endloop
  endfacet
  facet normal 0 1 -0
    outer loop
      vertex 42.7126 10.7369 1.05
      vertex 41.496 10.7369 1.6
      vertex 42.7126 10.7369 1.6
    endloop
  endfacet
  facet normal 0 1 0
    outer loop
      vertex 41.496 10.7369 1.6
      vertex 42.7126 10.7369 1.05
      vertex 41.496 10.7369 1.05
    endloop
  endfacet
  facet normal -0.839248 0.543749 0
    outer loop
      vertex 42.7126 10.7369 1.05
      vertex 43.746 12.3319 1.6
      vertex 43.746 12.3319 1.05
    endloop
  endfacet
  facet normal -0.839248 0.543749 0
    outer loop
      vertex 43.746 12.3319 1.6
      vertex 42.7126 10.7369 1.05
      vertex 42.7126 10.7369 1.6
    endloop
  endfacet
  facet normal -0 0 1
    outer loop
      vertex 74.5264 5.98991 1.25
      vertex 74.8981 5.47455 1.25
      vertex 74.936 5.98991 1.25
    endloop
  endfacet
  facet normal 0 0 1
    outer loop
      vertex 74.8981 5.47455 1.25
      vertex 74.5264 5.98991 1.25
      vertex 74.5264 5.47455 1.25
    endloop
  endfacet
  facet normal -0 0 1
    outer loop
      vertex 75.1748 6.67891 1.25
      vertex 75.6521 5.98991 1.25
      vertex 75.6521 6.67891 1.25
    endloop
  endfacet
  facet normal 0 0 1
    outer loop
      vertex 75.6521 5.98991 1.25
      vertex 74.936 5.98991 1.25
      vertex 75.6521 5.47455 1.25
    endloop
  endfacet
  facet normal 0 0 1
    outer loop
      vertex 75.6521 5.47455 1.25
      vertex 74.8981 5.47455 1.25
      vertex 75.6521 3.95012 1.25
    endloop
  endfacet
  facet normal 0 0 1
    outer loop
      vertex 74.8981 3.74396 1.25
      vertex 75.6521 3.95012 1.25
      vertex 74.8981 5.47455 1.25
    endloop
  endfacet
  facet normal 0 0 1
    outer loop
      vertex 75.6521 5.98991 1.25
      vertex 75.1748 6.67891 1.25
      vertex 74.936 5.98991 1.25
    endloop
  endfacet
  facet normal 0 -0 1
    outer loop
      vertex 74.9435 3.41948 1.25
      vertex 75.6521 3.95012 1.25
      vertex 74.8981 3.74396 1.25
    endloop
  endfacet
  facet normal 0 -0 1
    outer loop
      vertex 75.0798 3.18924 1.25
      vertex 75.6521 3.95012 1.25
      vertex 74.9435 3.41948 1.25
    endloop
  endfacet
  facet normal 0 0 1
    outer loop
      vertex 75.6521 5.47455 1.25
      vertex 74.936 5.98991 1.25
      vertex 74.8981 5.47455 1.25
    endloop
  endfacet
  facet normal 0 0 1
    outer loop
      vertex 75.6521 3.95012 1.25
      vertex 75.3002 3.05193 1.25
      vertex 75.5979 3.00615 1.25
    endloop
  endfacet
  facet normal 0 0 1
    outer loop
      vertex 75.6521 3.95012 1.25
      vertex 75.0798 3.18924 1.25
      vertex 75.3002 3.05193 1.25
    endloop
  endfacet
  facet normal -0 0 1
    outer loop
      vertex 75.6521 5.98991 1.25
      vertex 76.2082 5.47455 1.25
      vertex 76.2082 5.98991 1.25
    endloop
  endfacet
  facet normal 0 0 1
    outer loop
      vertex 76.2082 5.47455 1.25
      vertex 75.6521 5.98991 1.25
      vertex 75.6521 5.47455 1.25
    endloop
  endfacet
  facet normal -0 0 1
    outer loop
      vertex 76.0943 3.54189 1.25
      vertex 76.2407 3.09839 1.25
      vertex 76.2407 3.57036 1.25
    endloop
  endfacet
  facet normal -0 0 1
    outer loop
      vertex 75.9857 3.53239 1.25
      vertex 76.2407 3.09839 1.25
      vertex 76.0943 3.54189 1.25
    endloop
  endfacet
  facet normal 0 0 1
    outer loop
      vertex 75.9857 3.53239 1.25
      vertex 75.939 3.02921 1.25
      vertex 76.2407 3.09839 1.25
    endloop
  endfacet
  facet normal 0 0 1
    outer loop
      vertex 75.8372 3.55782 1.25
      vertex 75.939 3.02921 1.25
      vertex 75.9857 3.53239 1.25
    endloop
  endfacet
  facet normal 0 0 1
    outer loop
      vertex 75.5979 3.00615 1.25
      vertex 75.8372 3.55782 1.25
      vertex 75.7335 3.63411 1.25
    endloop
  endfacet
  facet normal 0 0 1
    outer loop
      vertex 75.5979 3.00615 1.25
      vertex 75.7335 3.63411 1.25
      vertex 75.6725 3.76398 1.25
    endloop
  endfacet
  facet normal 0 0 1
    outer loop
      vertex 75.8372 3.55782 1.25
      vertex 75.5979 3.00615 1.25
      vertex 75.939 3.02921 1.25
    endloop
  endfacet
  facet normal 0 0 1
    outer loop
      vertex 75.5979 3.00615 1.25
      vertex 75.6725 3.76398 1.25
      vertex 75.6521 3.95012 1.25
    endloop
  endfacet
  facet normal 0 0 1
    outer loop
      vertex 64.7284 5.40671 1.25
      vertex 63.9862 5.54811 1.25
      vertex 63.9879 5.33351 1.25
    endloop
  endfacet
  facet normal 0 0 1
    outer loop
      vertex 64.7026 5.89532 1.25
      vertex 63.9811 5.71999 1.25
      vertex 63.9862 5.54811 1.25
    endloop
  endfacet
  facet normal 0 0 1
    outer loop
      vertex 64.7026 5.89532 1.25
      vertex 63.974 5.86275 1.25
      vertex 63.9811 5.71999 1.25
    endloop
  endfacet
  facet normal 0 -0 1
    outer loop
      vertex 63.974 5.86275 1.25
      vertex 64.6931 5.98991 1.25
      vertex 63.9662 5.98991 1.25
    endloop
  endfacet
  facet normal 0 0 1
    outer loop
      vertex 66.5183 5.00224 1.25
      vertex 65.6045 5.28128 1.25
      vertex 65.7158 4.70148 1.25
    endloop
  endfacet
  facet normal 0 0 1
    outer loop
      vertex 65.5937 6.04688 1.25
      vertex 65.6045 5.28128 1.25
      vertex 66.1341 5.88683 1.25
    endloop
  endfacet
  facet normal 0 0 1
    outer loop
      vertex 65.2709 5.47455 1.25
      vertex 65.5937 6.04688 1.25
      vertex 65.3214 6.0089 1.25
    endloop
  endfacet
  facet normal 0 0 1
    outer loop
      vertex 65.5937 6.04688 1.25
      vertex 65.2709 5.47455 1.25
      vertex 65.6045 5.28128 1.25
    endloop
  endfacet
  facet normal -0 0 1
    outer loop
      vertex 65.0905 5.89496 1.25
      vertex 65.2709 5.47455 1.25
      vertex 65.3214 6.0089 1.25
    endloop
  endfacet
  facet normal -0 0 1
    outer loop
      vertex 64.8976 5.69695 1.25
      vertex 65.2709 5.47455 1.25
      vertex 65.0905 5.89496 1.25
    endloop
  endfacet
  facet normal 0 0 1
    outer loop
      vertex 65.2709 5.47455 1.25
      vertex 64.8976 5.69695 1.25
      vertex 65.0617 5.41556 1.25
    endloop
  endfacet
  facet normal 0 0 1
    outer loop
      vertex 64.7392 5.40671 1.25
      vertex 65.0617 5.41556 1.25
      vertex 64.8976 5.69695 1.25
    endloop
  endfacet
  facet normal 0 0 1
    outer loop
      vertex 65.0617 5.41556 1.25
      vertex 64.7392 5.40671 1.25
      vertex 64.8952 5.23856 1.25
    endloop
  endfacet
  facet normal -0 0 1
    outer loop
      vertex 64.7284 5.40671 1.25
      vertex 64.8952 5.23856 1.25
      vertex 64.7392 5.40671 1.25
    endloop
  endfacet
  facet normal 0 0 1
    outer loop
      vertex 64.8952 5.23856 1.25
      vertex 64.7284 5.40671 1.25
      vertex 64.7864 4.96797 1.25
    endloop
  endfacet
  facet normal -0 0 1
    outer loop
      vertex 63.9879 5.33351 1.25
      vertex 64.7864 4.96797 1.25
      vertex 64.7284 5.40671 1.25
    endloop
  endfacet
  facet normal 0 0 1
    outer loop
      vertex 64.7864 4.96797 1.25
      vertex 63.9879 5.33351 1.25
      vertex 64.7501 4.62823 1.25
    endloop
  endfacet
  facet normal 0 0 1
    outer loop
      vertex 63.9862 5.54811 1.25
      vertex 64.7284 5.40671 1.25
      vertex 64.725 5.52574 1.25
    endloop
  endfacet
  facet normal -0 0 1
    outer loop
      vertex 63.9862 5.54811 1.25
      vertex 64.725 5.52574 1.25
      vertex 64.7148 5.7146 1.25
    endloop
  endfacet
  facet normal 0 0 1
    outer loop
      vertex 63.9862 5.54811 1.25
      vertex 64.7148 5.7146 1.25
      vertex 64.7026 5.89532 1.25
    endloop
  endfacet
  facet normal 0 0 1
    outer loop
      vertex 63.974 5.86275 1.25
      vertex 64.7026 5.89532 1.25
      vertex 64.6931 5.98991 1.25
    endloop
  endfacet
  facet normal 0 0 1
    outer loop
      vertex 63.9879 3.05499 1.25
      vertex 64.7501 4.62823 1.25
      vertex 63.9879 5.33351 1.25
    endloop
  endfacet
  facet normal 0 0 1
    outer loop
      vertex 64.7501 4.62823 1.25
      vertex 63.9879 3.05499 1.25
      vertex 64.7501 3.05499 1.25
    endloop
  endfacet
  facet normal 0 0 1
    outer loop
      vertex 68.195 4.91847 1.25
      vertex 67.327 5.28128 1.25
      vertex 67.4382 4.70148 1.25
    endloop
  endfacet
  facet normal 0 0 1
    outer loop
      vertex 67.3161 6.04688 1.25
      vertex 67.327 5.28128 1.25
      vertex 67.6938 5.97397 1.25
    endloop
  endfacet
  facet normal 0 0 1
    outer loop
      vertex 66.9933 5.47455 1.25
      vertex 67.3161 6.04688 1.25
      vertex 67.0218 6.00957 1.25
    endloop
  endfacet
  facet normal 0 0 1
    outer loop
      vertex 67.3161 6.04688 1.25
      vertex 66.9933 5.47455 1.25
      vertex 67.327 5.28128 1.25
    endloop
  endfacet
  facet normal -0 0 1
    outer loop
      vertex 66.7844 5.89767 1.25
      vertex 66.9933 5.47455 1.25
      vertex 67.0218 6.00957 1.25
    endloop
  endfacet
  facet normal 0 0 1
    outer loop
      vertex 66.9933 5.47455 1.25
      vertex 66.7844 5.89767 1.25
      vertex 66.7909 5.42064 1.25
    endloop
  endfacet
  facet normal -0 0 1
    outer loop
      vertex 66.5905 5.70035 1.25
      vertex 66.7909 5.42064 1.25
      vertex 66.7844 5.89767 1.25
    endloop
  endfacet
  facet normal 0 0 1
    outer loop
      vertex 66.4264 5.40671 1.25
      vertex 66.7909 5.42064 1.25
      vertex 66.5905 5.70035 1.25
    endloop
  endfacet
  facet normal 0 0 1
    outer loop
      vertex 66.7909 5.42064 1.25
      vertex 66.4264 5.40671 1.25
      vertex 66.6285 5.25891 1.25
    endloop
  endfacet
  facet normal 0 0 1
    outer loop
      vertex 66.6285 5.25891 1.25
      vertex 66.4264 5.40671 1.25
      vertex 66.5183 5.00224 1.25
    endloop
  endfacet
  facet normal -0 0 1
    outer loop
      vertex 66.4101 5.40671 1.25
      vertex 66.5183 5.00224 1.25
      vertex 66.4264 5.40671 1.25
    endloop
  endfacet
  facet normal -0 0 1
    outer loop
      vertex 65.6045 5.28128 1.25
      vertex 66.5183 5.00224 1.25
      vertex 66.4101 5.40671 1.25
    endloop
  endfacet
  facet normal 0 0 1
    outer loop
      vertex 66.5183 5.00224 1.25
      vertex 65.7158 4.70148 1.25
      vertex 66.4725 4.66351 1.25
    endloop
  endfacet
  facet normal 0 0 1
    outer loop
      vertex 65.6045 5.28128 1.25
      vertex 66.4101 5.40671 1.25
      vertex 66.1341 5.88683 1.25
    endloop
  endfacet
  facet normal 0 0 1
    outer loop
      vertex 65.7158 3.05499 1.25
      vertex 66.4725 4.66351 1.25
      vertex 65.7158 4.70148 1.25
    endloop
  endfacet
  facet normal 0 0 1
    outer loop
      vertex 66.4725 4.66351 1.25
      vertex 65.7158 3.05499 1.25
      vertex 66.4725 3.05499 1.25
    endloop
  endfacet
  facet normal -0 0 1
    outer loop
      vertex 67.327 5.28128 1.25
      vertex 68.195 4.91847 1.25
      vertex 68.1387 5.4003 1.25
    endloop
  endfacet
  facet normal 0 0 1
    outer loop
      vertex 67.327 5.28128 1.25
      vertex 68.1387 5.4003 1.25
      vertex 67.9698 5.75528 1.25
    endloop
  endfacet
  facet normal 0 0 1
    outer loop
      vertex 67.327 5.28128 1.25
      vertex 67.9698 5.75528 1.25
      vertex 67.6938 5.97397 1.25
    endloop
  endfacet
  facet normal 0 0 1
    outer loop
      vertex 68.195 4.91847 1.25
      vertex 67.4382 4.70148 1.25
      vertex 68.195 3.05499 1.25
    endloop
  endfacet
  facet normal 0 0 1
    outer loop
      vertex 68.195 3.05499 1.25
      vertex 67.4382 4.70148 1.25
      vertex 67.4382 3.05499 1.25
    endloop
  endfacet
  facet normal 0 0 1
    outer loop
      vertex 73.5035 5.34061 1.25
      vertex 74.0965 5.59456 1.25
      vertex 73.8378 5.84343 1.25
    endloop
  endfacet
  facet normal 0 -0 1
    outer loop
      vertex 73.5598 5.18431 1.25
      vertex 74.0965 5.59456 1.25
      vertex 73.5035 5.34061 1.25
    endloop
  endfacet
  facet normal 0 0 1
    outer loop
      vertex 74.0965 5.59456 1.25
      vertex 73.5598 5.18431 1.25
      vertex 74.2352 5.25484 1.25
    endloop
  endfacet
  facet normal 0 0 1
    outer loop
      vertex 73.3997 5.45148 1.25
      vertex 73.8378 5.84343 1.25
      vertex 73.4679 5.99602 1.25
    endloop
  endfacet
  facet normal 0 0 1
    outer loop
      vertex 73.8378 5.84343 1.25
      vertex 73.3997 5.45148 1.25
      vertex 73.5035 5.34061 1.25
    endloop
  endfacet
  facet normal 0 0 1
    outer loop
      vertex 73.4679 5.99602 1.25
      vertex 73.2349 5.51759 1.25
      vertex 73.3997 5.45148 1.25
    endloop
  endfacet
  facet normal 0 0 1
    outer loop
      vertex 72.9956 6.04688 1.25
      vertex 73.2349 5.51759 1.25
      vertex 73.4679 5.99602 1.25
    endloop
  endfacet
  facet normal 0 0 1
    outer loop
      vertex 72.9956 6.04688 1.25
      vertex 72.9956 5.53963 1.25
      vertex 73.2349 5.51759 1.25
    endloop
  endfacet
  facet normal 0 0 1
    outer loop
      vertex 72.9956 6.04688 1.25
      vertex 72.7582 5.52234 1.25
      vertex 72.9956 5.53963 1.25
    endloop
  endfacet
  facet normal -0 0 1
    outer loop
      vertex 72.469 5.9882 1.25
      vertex 72.7582 5.52234 1.25
      vertex 72.9956 6.04688 1.25
    endloop
  endfacet
  facet normal 0 0 1
    outer loop
      vertex 72.7582 5.52234 1.25
      vertex 72.469 5.9882 1.25
      vertex 72.5887 5.47047 1.25
    endloop
  endfacet
  facet normal -0 0 1
    outer loop
      vertex 72.0774 5.81223 1.25
      vertex 72.5887 5.47047 1.25
      vertex 72.469 5.9882 1.25
    endloop
  endfacet
  facet normal 0 0 1
    outer loop
      vertex 72.5887 5.47047 1.25
      vertex 72.0774 5.81223 1.25
      vertex 72.487 5.37791 1.25
    endloop
  endfacet
  facet normal -0 0 1
    outer loop
      vertex 71.8343 5.53117 1.25
      vertex 72.487 5.37791 1.25
      vertex 72.0774 5.81223 1.25
    endloop
  endfacet
  facet normal 0 0 1
    outer loop
      vertex 72.487 5.37791 1.25
      vertex 71.8343 5.53117 1.25
      vertex 72.4531 5.23856 1.25
    endloop
  endfacet
  facet normal 0 -0 1
    outer loop
      vertex 71.7827 4.9222 1.25
      vertex 72.4531 5.23856 1.25
      vertex 71.7532 5.1572 1.25
    endloop
  endfacet
  facet normal 0 0 1
    outer loop
      vertex 72.4531 5.23856 1.25
      vertex 72.016 4.56857 1.25
      vertex 72.2144 4.44243 1.25
    endloop
  endfacet
  facet normal 0 0 1
    outer loop
      vertex 72.4531 5.23856 1.25
      vertex 71.8343 5.53117 1.25
      vertex 71.7532 5.1572 1.25
    endloop
  endfacet
  facet normal 0 -0 1
    outer loop
      vertex 71.8712 4.72723 1.25
      vertex 72.4531 5.23856 1.25
      vertex 71.7827 4.9222 1.25
    endloop
  endfacet
  facet normal 0 0 1
    outer loop
      vertex 72.4531 5.23856 1.25
      vertex 71.8712 4.72723 1.25
      vertex 72.016 4.56857 1.25
    endloop
  endfacet
  facet normal 0 0 1
    outer loop
      vertex 74.2789 4.14168 1.25
      vertex 73.5737 3.96809 1.25
      vertex 73.6032 3.84163 1.25
    endloop
  endfacet
  facet normal 0 0 1
    outer loop
      vertex 73.3262 4.14168 1.25
      vertex 73.7612 4.68622 1.25
      vertex 73.5204 4.76791 1.25
    endloop
  endfacet
  facet normal 0 0 1
    outer loop
      vertex 73.949 4.59027 1.25
      vertex 73.4852 4.0654 1.25
      vertex 73.5737 3.96809 1.25
    endloop
  endfacet
  facet normal 0 0 1
    outer loop
      vertex 73.7612 4.68622 1.25
      vertex 73.3262 4.14168 1.25
      vertex 73.4852 4.0654 1.25
    endloop
  endfacet
  facet normal 0 0 1
    outer loop
      vertex 73.234 4.84151 1.25
      vertex 73.3262 4.14168 1.25
      vertex 73.5204 4.76791 1.25
    endloop
  endfacet
  facet normal 0 0 1
    outer loop
      vertex 73.234 4.84151 1.25
      vertex 73.0851 4.20511 1.25
      vertex 73.3262 4.14168 1.25
    endloop
  endfacet
  facet normal 0 0 1
    outer loop
      vertex 72.9088 4.91307 1.25
      vertex 73.0851 4.20511 1.25
      vertex 73.234 4.84151 1.25
    endloop
  endfacet
  facet normal 0 0 1
    outer loop
      vertex 72.5446 4.32819 1.25
      vertex 72.9088 4.91307 1.25
      vertex 72.6976 4.96832 1.25
    endloop
  endfacet
  facet normal 0 0 1
    outer loop
      vertex 72.2144 4.44243 1.25
      vertex 72.6976 4.96832 1.25
      vertex 72.5575 5.03647 1.25
    endloop
  endfacet
  facet normal 0 0 1
    outer loop
      vertex 72.9088 4.91307 1.25
      vertex 72.5446 4.32819 1.25
      vertex 73.0851 4.20511 1.25
    endloop
  endfacet
  facet normal 0 0 1
    outer loop
      vertex 72.2144 4.44243 1.25
      vertex 72.5575 5.03647 1.25
      vertex 72.4792 5.1243 1.25
    endloop
  endfacet
  facet normal 0 0 1
    outer loop
      vertex 72.2144 4.44243 1.25
      vertex 72.4792 5.1243 1.25
      vertex 72.4531 5.23856 1.25
    endloop
  endfacet
  facet normal 0 0 1
    outer loop
      vertex 72.6976 4.96832 1.25
      vertex 72.2144 4.44243 1.25
      vertex 72.5446 4.32819 1.25
    endloop
  endfacet
  facet normal 0 0 1
    outer loop
      vertex 73.6032 3.84163 1.25
      vertex 74.303 3.91216 1.25
      vertex 74.2789 4.14168 1.25
    endloop
  endfacet
  facet normal 0 0 1
    outer loop
      vertex 73.5737 3.96809 1.25
      vertex 74.2789 4.14168 1.25
      vertex 74.2067 4.32579 1.25
    endloop
  endfacet
  facet normal 0 0 1
    outer loop
      vertex 73.5737 3.96809 1.25
      vertex 74.2067 4.32579 1.25
      vertex 74.0942 4.47261 1.25
    endloop
  endfacet
  facet normal 0 0 1
    outer loop
      vertex 74.303 3.91216 1.25
      vertex 73.6032 3.84163 1.25
      vertex 74.2159 3.53206 1.25
    endloop
  endfacet
  facet normal 0 0 1
    outer loop
      vertex 73.5737 3.96809 1.25
      vertex 74.0942 4.47261 1.25
      vertex 73.949 4.59027 1.25
    endloop
  endfacet
  facet normal 0 0 1
    outer loop
      vertex 73.4852 4.0654 1.25
      vertex 73.949 4.59027 1.25
      vertex 73.7612 4.68622 1.25
    endloop
  endfacet
  facet normal -0 0 1
    outer loop
      vertex 73.5666 3.69109 1.25
      vertex 74.2159 3.53206 1.25
      vertex 73.6032 3.84163 1.25
    endloop
  endfacet
  facet normal 0 0 1
    outer loop
      vertex 74.2159 3.53206 1.25
      vertex 73.5666 3.69109 1.25
      vertex 73.9544 3.24352 1.25
    endloop
  endfacet
  facet normal -0 0 1
    outer loop
      vertex 73.4567 3.58664 1.25
      vertex 73.9544 3.24352 1.25
      vertex 73.5666 3.69109 1.25
    endloop
  endfacet
  facet normal 0 0 1
    outer loop
      vertex 73.9544 3.24352 1.25
      vertex 73.4567 3.58664 1.25
      vertex 73.5391 3.06145 1.25
    endloop
  endfacet
  facet normal -0 0 1
    outer loop
      vertex 73.2668 3.52562 1.25
      vertex 73.5391 3.06145 1.25
      vertex 73.4567 3.58664 1.25
    endloop
  endfacet
  facet normal 0 0 1
    outer loop
      vertex 72.9902 3.00075 1.25
      vertex 73.2668 3.52562 1.25
      vertex 72.9902 3.50528 1.25
    endloop
  endfacet
  facet normal 0 0 1
    outer loop
      vertex 73.2668 3.52562 1.25
      vertex 72.9902 3.00075 1.25
      vertex 73.5391 3.06145 1.25
    endloop
  endfacet
  facet normal 0 0 1
    outer loop
      vertex 72.6948 3.52698 1.25
      vertex 72.9902 3.00075 1.25
      vertex 72.9902 3.50528 1.25
    endloop
  endfacet
  facet normal 0 0 1
    outer loop
      vertex 72.4561 3.04855 1.25
      vertex 72.6948 3.52698 1.25
      vertex 72.5032 3.59207 1.25
    endloop
  endfacet
  facet normal 0 0 1
    outer loop
      vertex 72.6948 3.52698 1.25
      vertex 72.4561 3.04855 1.25
      vertex 72.9902 3.00075 1.25
    endloop
  endfacet
  facet normal 0 0 1
    outer loop
      vertex 72.0638 3.19196 1.25
      vertex 72.5032 3.59207 1.25
      vertex 72.3842 3.70938 1.25
    endloop
  endfacet
  facet normal 0 0 1
    outer loop
      vertex 71.7963 3.43642 1.25
      vertex 72.3842 3.70938 1.25
      vertex 72.3066 3.88771 1.25
    endloop
  endfacet
  facet normal 0 0 1
    outer loop
      vertex 72.5032 3.59207 1.25
      vertex 72.0638 3.19196 1.25
      vertex 72.4561 3.04855 1.25
    endloop
  endfacet
  facet normal 0 0 1
    outer loop
      vertex 72.3842 3.70938 1.25
      vertex 71.7963 3.43642 1.25
      vertex 72.0638 3.19196 1.25
    endloop
  endfacet
  facet normal 0 -0 1
    outer loop
      vertex 71.7963 3.43642 1.25
      vertex 72.3066 3.88771 1.25
      vertex 71.6366 3.78735 1.25
    endloop
  endfacet
  facet normal -0 0 1
    outer loop
      vertex 70.5859 5.98991 1.25
      vertex 70.3906 4.57944 1.25
      vertex 71.4132 5.98991 1.25
    endloop
  endfacet
  facet normal 0 -0 1
    outer loop
      vertex 70.3906 4.57944 1.25
      vertex 70.5859 5.98991 1.25
      vertex 69.962 5.02971 1.25
    endloop
  endfacet
  facet normal 0 0 1
    outer loop
      vertex 70.3906 4.57944 1.25
      vertex 70.6455 3.05499 1.25
      vertex 71.4728 3.05499 1.25
    endloop
  endfacet
  facet normal 0 0 1
    outer loop
      vertex 69.5361 4.57127 1.25
      vertex 70.3906 4.57944 1.25
      vertex 69.962 5.02971 1.25
    endloop
  endfacet
  facet normal 0 0 1
    outer loop
      vertex 70.3906 4.57944 1.25
      vertex 69.962 4.11832 1.25
      vertex 70.6455 3.05499 1.25
    endloop
  endfacet
  facet normal 0 0 1
    outer loop
      vertex 70.3906 4.57944 1.25
      vertex 69.5361 4.57127 1.25
      vertex 69.962 4.11832 1.25
    endloop
  endfacet
  facet normal 0 0 1
    outer loop
      vertex 69.3354 5.98991 1.25
      vertex 69.5361 4.57127 1.25
      vertex 69.962 5.02971 1.25
    endloop
  endfacet
  facet normal 0 0 1
    outer loop
      vertex 69.5361 4.57127 1.25
      vertex 69.3354 5.98991 1.25
      vertex 68.5135 5.98991 1.25
    endloop
  endfacet
  facet normal 0 0 1
    outer loop
      vertex 69.5361 4.57127 1.25
      vertex 69.273 3.05499 1.25
      vertex 69.962 4.11832 1.25
    endloop
  endfacet
  facet normal 0 -0 1
    outer loop
      vertex 69.273 3.05499 1.25
      vertex 69.5361 4.57127 1.25
      vertex 68.462 3.05499 1.25
    endloop
  endfacet
  facet normal 0 0 1
    outer loop
      vertex 80.4076 5.48642 1.25
      vertex 79.6688 5.52235 1.25
      vertex 79.6705 5.30095 1.25
    endloop
  endfacet
  facet normal 0 0 1
    outer loop
      vertex 80.3852 5.89127 1.25
      vertex 79.6637 5.70375 1.25
      vertex 79.6688 5.52235 1.25
    endloop
  endfacet
  facet normal 0 0 1
    outer loop
      vertex 80.3852 5.89127 1.25
      vertex 79.6566 5.85599 1.25
      vertex 79.6637 5.70375 1.25
    endloop
  endfacet
  facet normal 0 -0 1
    outer loop
      vertex 79.6566 5.85599 1.25
      vertex 80.3757 5.98991 1.25
      vertex 79.6488 5.98991 1.25
    endloop
  endfacet
  facet normal 0 0 1
    outer loop
      vertex 81.1868 5.39926 1.25
      vertex 81.3604 6.0062 1.25
      vertex 81.2566 6.0367 1.25
    endloop
  endfacet
  facet normal 0 0 1
    outer loop
      vertex 81.3604 6.0062 1.25
      vertex 81.1868 5.39926 1.25
      vertex 81.3604 5.36876 1.25
    endloop
  endfacet
  facet normal 0 0 1
    outer loop
      vertex 81.1244 6.04688 1.25
      vertex 81.1868 5.39926 1.25
      vertex 81.2566 6.0367 1.25
    endloop
  endfacet
  facet normal 0 0 1
    outer loop
      vertex 81.1244 6.04688 1.25
      vertex 81.0349 5.40944 1.25
      vertex 81.1868 5.39926 1.25
    endloop
  endfacet
  facet normal -0 0 1
    outer loop
      vertex 80.9603 6.03162 1.25
      vertex 81.0349 5.40944 1.25
      vertex 81.1244 6.04688 1.25
    endloop
  endfacet
  facet normal -0 0 1
    outer loop
      vertex 80.826 5.98584 1.25
      vertex 81.0349 5.40944 1.25
      vertex 80.9603 6.03162 1.25
    endloop
  endfacet
  facet normal -0 0 1
    outer loop
      vertex 80.7148 5.90854 1.25
      vertex 81.0349 5.40944 1.25
      vertex 80.826 5.98584 1.25
    endloop
  endfacet
  facet normal -0 0 1
    outer loop
      vertex 80.6199 5.79868 1.25
      vertex 81.0349 5.40944 1.25
      vertex 80.7148 5.90854 1.25
    endloop
  endfacet
  facet normal 0 0 1
    outer loop
      vertex 81.0349 5.40944 1.25
      vertex 80.6199 5.79868 1.25
      vertex 80.7816 5.35179 1.25
    endloop
  endfacet
  facet normal -0 0 1
    outer loop
      vertex 80.527 5.62677 1.25
      vertex 80.7816 5.35179 1.25
      vertex 80.6199 5.79868 1.25
    endloop
  endfacet
  facet normal -0 0 1
    outer loop
      vertex 80.4219 5.36331 1.25
      vertex 80.7816 5.35179 1.25
      vertex 80.527 5.62677 1.25
    endloop
  endfacet
  facet normal 0 0 1
    outer loop
      vertex 80.7816 5.35179 1.25
      vertex 80.4219 5.36331 1.25
      vertex 80.5914 5.17888 1.25
    endloop
  endfacet
  facet normal -0 0 1
    outer loop
      vertex 80.411 5.36331 1.25
      vertex 80.5914 5.17888 1.25
      vertex 80.4219 5.36331 1.25
    endloop
  endfacet
  facet normal 0 0 1
    outer loop
      vertex 80.5914 5.17888 1.25
      vertex 80.411 5.36331 1.25
      vertex 80.4724 4.8927 1.25
    endloop
  endfacet
  facet normal -0 0 1
    outer loop
      vertex 79.6705 5.30095 1.25
      vertex 80.4724 4.8927 1.25
      vertex 80.411 5.36331 1.25
    endloop
  endfacet
  facet normal 0 0 1
    outer loop
      vertex 80.4724 4.8927 1.25
      vertex 79.6705 5.30095 1.25
      vertex 80.4327 4.49532 1.25
    endloop
  endfacet
  facet normal 0 0 1
    outer loop
      vertex 79.6705 5.30095 1.25
      vertex 80.411 5.36331 1.25
      vertex 80.4076 5.48642 1.25
    endloop
  endfacet
  facet normal -0 0 1
    outer loop
      vertex 79.6688 5.52235 1.25
      vertex 80.4076 5.48642 1.25
      vertex 80.3975 5.69292 1.25
    endloop
  endfacet
  facet normal 0 0 1
    outer loop
      vertex 79.6688 5.52235 1.25
      vertex 80.3975 5.69292 1.25
      vertex 80.3852 5.89127 1.25
    endloop
  endfacet
  facet normal 0 0 1
    outer loop
      vertex 79.6566 5.85599 1.25
      vertex 80.3852 5.89127 1.25
      vertex 80.3757 5.98991 1.25
    endloop
  endfacet
  facet normal 0 0 1
    outer loop
      vertex 79.6705 3.05499 1.25
      vertex 80.4327 4.49532 1.25
      vertex 79.6705 5.30095 1.25
    endloop
  endfacet
  facet normal 0 0 1
    outer loop
      vertex 80.4327 4.49532 1.25
      vertex 79.6705 3.05499 1.25
      vertex 80.4327 3.05499 1.25
    endloop
  endfacet
  facet normal 0 0 1
    outer loop
      vertex 78.2563 5.3864 1.25
      vertex 78.8313 5.62508 1.25
      vertex 78.4231 5.93938 1.25
    endloop
  endfacet
  facet normal 0 0 1
    outer loop
      vertex 78.8313 5.62508 1.25
      vertex 78.3736 5.16431 1.25
      vertex 78.4272 4.85339 1.25
    endloop
  endfacet
  facet normal 0 0 1
    outer loop
      vertex 78.8313 5.62508 1.25
      vertex 78.2563 5.3864 1.25
      vertex 78.3736 5.16431 1.25
    endloop
  endfacet
  facet normal 0 0 1
    outer loop
      vertex 78.4231 5.93938 1.25
      vertex 78.0813 5.51965 1.25
      vertex 78.2563 5.3864 1.25
    endloop
  endfacet
  facet normal 0 0 1
    outer loop
      vertex 77.8657 6.04416 1.25
      vertex 78.0813 5.51965 1.25
      vertex 78.4231 5.93938 1.25
    endloop
  endfacet
  facet normal 0 0 1
    outer loop
      vertex 77.8657 6.04416 1.25
      vertex 77.8548 5.56407 1.25
      vertex 78.0813 5.51965 1.25
    endloop
  endfacet
  facet normal 0 0 1
    outer loop
      vertex 77.8657 6.04416 1.25
      vertex 77.6171 5.51727 1.25
      vertex 77.8548 5.56407 1.25
    endloop
  endfacet
  facet normal -0 0 1
    outer loop
      vertex 77.2791 5.9465 1.25
      vertex 77.6171 5.51727 1.25
      vertex 77.8657 6.04416 1.25
    endloop
  endfacet
  facet normal -0 0 1
    outer loop
      vertex 76.5725 5.17888 1.25
      vertex 77.3303 5.15242 1.25
      vertex 76.8431 5.65355 1.25
    endloop
  endfacet
  facet normal 0 0 1
    outer loop
      vertex 77.4412 5.37688 1.25
      vertex 76.8431 5.65355 1.25
      vertex 77.3303 5.15242 1.25
    endloop
  endfacet
  facet normal -0 0 1
    outer loop
      vertex 76.8431 5.65355 1.25
      vertex 77.4412 5.37688 1.25
      vertex 77.2791 5.9465 1.25
    endloop
  endfacet
  facet normal 0 0 1
    outer loop
      vertex 77.6171 5.51727 1.25
      vertex 77.2791 5.9465 1.25
      vertex 77.4412 5.37688 1.25
    endloop
  endfacet
  facet normal -0 0 1
    outer loop
      vertex 78.4272 4.85339 1.25
      vertex 79.165 4.39767 1.25
      vertex 79.0816 5.10869 1.25
    endloop
  endfacet
  facet normal 0 0 1
    outer loop
      vertex 78.4272 4.85339 1.25
      vertex 79.0816 5.10869 1.25
      vertex 78.8313 5.62508 1.25
    endloop
  endfacet
  facet normal 0 0 1
    outer loop
      vertex 79.165 4.39767 1.25
      vertex 78.4272 4.85339 1.25
      vertex 79.165 4.37599 1.25
    endloop
  endfacet
  facet normal 0 0 1
    outer loop
      vertex 77.2825 4.37599 1.25
      vertex 78.4272 4.85339 1.25
      vertex 77.2879 4.85339 1.25
    endloop
  endfacet
  facet normal 0 0 1
    outer loop
      vertex 78.4272 4.85339 1.25
      vertex 77.2825 4.37599 1.25
      vertex 79.165 4.37599 1.25
    endloop
  endfacet
  facet normal 0 0 1
    outer loop
      vertex 78.4027 3.8606 1.25
      vertex 78.6489 3.20012 1.25
      vertex 79.1216 3.79823 1.25
    endloop
  endfacet
  facet normal -0 0 1
    outer loop
      vertex 78.2224 3.59818 1.25
      vertex 78.6489 3.20012 1.25
      vertex 78.4027 3.8606 1.25
    endloop
  endfacet
  facet normal 0 0 1
    outer loop
      vertex 77.8548 3.00075 1.25
      vertex 78.2224 3.59818 1.25
      vertex 77.8928 3.51071 1.25
    endloop
  endfacet
  facet normal 0 0 1
    outer loop
      vertex 78.2224 3.59818 1.25
      vertex 77.8548 3.00075 1.25
      vertex 78.6489 3.20012 1.25
    endloop
  endfacet
  facet normal 0 0 1
    outer loop
      vertex 77.6334 3.56529 1.25
      vertex 77.8548 3.00075 1.25
      vertex 77.8928 3.51071 1.25
    endloop
  endfacet
  facet normal 0 0 1
    outer loop
      vertex 77.2696 3.09874 1.25
      vertex 77.6334 3.56529 1.25
      vertex 77.4412 3.72903 1.25
    endloop
  endfacet
  facet normal 0 0 1
    outer loop
      vertex 77.6334 3.56529 1.25
      vertex 77.2696 3.09874 1.25
      vertex 77.8548 3.00075 1.25
    endloop
  endfacet
  facet normal 0 0 1
    outer loop
      vertex 76.8376 3.39272 1.25
      vertex 77.4412 3.72903 1.25
      vertex 77.3222 3.99995 1.25
    endloop
  endfacet
  facet normal 0 0 1
    outer loop
      vertex 76.5711 3.87453 1.25
      vertex 77.3222 3.99995 1.25
      vertex 77.2825 4.37599 1.25
    endloop
  endfacet
  facet normal 0 0 1
    outer loop
      vertex 77.3303 5.15242 1.25
      vertex 76.5725 5.17888 1.25
      vertex 77.2879 4.85339 1.25
    endloop
  endfacet
  facet normal 0 0 1
    outer loop
      vertex 76.4823 4.53603 1.25
      vertex 77.2879 4.85339 1.25
      vertex 76.5725 5.17888 1.25
    endloop
  endfacet
  facet normal 0 -0 1
    outer loop
      vertex 76.5711 3.87453 1.25
      vertex 77.2825 4.37599 1.25
      vertex 76.4823 4.53603 1.25
    endloop
  endfacet
  facet normal 0 0 1
    outer loop
      vertex 77.2879 4.85339 1.25
      vertex 76.4823 4.53603 1.25
      vertex 77.2825 4.37599 1.25
    endloop
  endfacet
  facet normal 0 0 1
    outer loop
      vertex 77.3222 3.99995 1.25
      vertex 76.5711 3.87453 1.25
      vertex 76.8376 3.39272 1.25
    endloop
  endfacet
  facet normal 0 0 1
    outer loop
      vertex 77.4412 3.72903 1.25
      vertex 76.8376 3.39272 1.25
      vertex 77.2696 3.09874 1.25
    endloop
  endfacet
  facet normal -0.2235 0.974704 0
    outer loop
      vertex 76.2407 3.09839 1.25
      vertex 75.939 3.02921 1.6
      vertex 76.2407 3.09839 1.6
    endloop
  endfacet
  facet normal -0.2235 0.974704 0
    outer loop
      vertex 75.939 3.02921 1.6
      vertex 76.2407 3.09839 1.25
      vertex 75.939 3.02921 1.25
    endloop
  endfacet
  facet normal -1 0 0
    outer loop
      vertex 76.2407 3.09839 1.25
      vertex 76.2407 3.57036 1.6
      vertex 76.2407 3.57036 1.25
    endloop
  endfacet
  facet normal -1 -0 0
    outer loop
      vertex 76.2407 3.57036 1.6
      vertex 76.2407 3.09839 1.25
      vertex 76.2407 3.09839 1.6
    endloop
  endfacet
  facet normal 0.190891 -0.981611 0
    outer loop
      vertex 76.0943 3.54189 1.25
      vertex 76.2407 3.57036 1.6
      vertex 76.0943 3.54189 1.6
    endloop
  endfacet
  facet normal 0.190891 -0.981611 0
    outer loop
      vertex 76.2407 3.57036 1.6
      vertex 76.0943 3.54189 1.25
      vertex 76.2407 3.57036 1.25
    endloop
  endfacet
  facet normal 0.0871442 -0.996196 0
    outer loop
      vertex 75.9857 3.53239 1.25
      vertex 76.0943 3.54189 1.6
      vertex 75.9857 3.53239 1.6
    endloop
  endfacet
  facet normal 0.0871442 -0.996196 0
    outer loop
      vertex 76.0943 3.54189 1.6
      vertex 75.9857 3.53239 1.25
      vertex 76.0943 3.54189 1.25
    endloop
  endfacet
  facet normal -0.168789 -0.985652 0
    outer loop
      vertex 75.8372 3.55782 1.25
      vertex 75.9857 3.53239 1.6
      vertex 75.8372 3.55782 1.6
    endloop
  endfacet
  facet normal -0.168789 -0.985652 -0
    outer loop
      vertex 75.9857 3.53239 1.6
      vertex 75.8372 3.55782 1.25
      vertex 75.9857 3.53239 1.25
    endloop
  endfacet
  facet normal -0.592592 -0.805503 0
    outer loop
      vertex 75.7335 3.63411 1.25
      vertex 75.8372 3.55782 1.6
      vertex 75.7335 3.63411 1.6
    endloop
  endfacet
  facet normal -0.592592 -0.805503 -0
    outer loop
      vertex 75.8372 3.55782 1.6
      vertex 75.7335 3.63411 1.25
      vertex 75.8372 3.55782 1.25
    endloop
  endfacet
  facet normal -0.905128 -0.425139 0
    outer loop
      vertex 75.7335 3.63411 1.25
      vertex 75.6725 3.76398 1.6
      vertex 75.6725 3.76398 1.25
    endloop
  endfacet
  facet normal -0.905128 -0.425139 0
    outer loop
      vertex 75.6725 3.76398 1.6
      vertex 75.7335 3.63411 1.25
      vertex 75.7335 3.63411 1.6
    endloop
  endfacet
  facet normal -0.994048 -0.108943 0
    outer loop
      vertex 75.6725 3.76398 1.25
      vertex 75.6521 3.95012 1.6
      vertex 75.6521 3.95012 1.25
    endloop
  endfacet
  facet normal -0.994048 -0.108943 0
    outer loop
      vertex 75.6521 3.95012 1.6
      vertex 75.6725 3.76398 1.25
      vertex 75.6725 3.76398 1.6
    endloop
  endfacet
  facet normal -1 0 0
    outer loop
      vertex 75.6521 3.95012 1.25
      vertex 75.6521 5.47455 1.6
      vertex 75.6521 5.47455 1.25
    endloop
  endfacet
  facet normal -1 -0 0
    outer loop
      vertex 75.6521 5.47455 1.6
      vertex 75.6521 3.95012 1.25
      vertex 75.6521 3.95012 1.6
    endloop
  endfacet
  facet normal 0 1 -0
    outer loop
      vertex 76.2082 5.47455 1.25
      vertex 75.6521 5.47455 1.6
      vertex 76.2082 5.47455 1.6
    endloop
  endfacet
  facet normal 0 1 0
    outer loop
      vertex 75.6521 5.47455 1.6
      vertex 76.2082 5.47455 1.25
      vertex 75.6521 5.47455 1.25
    endloop
  endfacet
  facet normal -1 0 0
    outer loop
      vertex 76.2082 5.47455 1.25
      vertex 76.2082 5.98991 1.6
      vertex 76.2082 5.98991 1.25
    endloop
  endfacet
  facet normal -1 -0 0
    outer loop
      vertex 76.2082 5.98991 1.6
      vertex 76.2082 5.47455 1.25
      vertex 76.2082 5.47455 1.6
    endloop
  endfacet
  facet normal 0 -1 0
    outer loop
      vertex 75.6521 5.98991 1.25
      vertex 76.2082 5.98991 1.6
      vertex 75.6521 5.98991 1.6
    endloop
  endfacet
  facet normal 0 -1 -0
    outer loop
      vertex 76.2082 5.98991 1.6
      vertex 75.6521 5.98991 1.25
      vertex 76.2082 5.98991 1.25
    endloop
  endfacet
  facet normal -1 0 0
    outer loop
      vertex 75.6521 5.98991 1.25
      vertex 75.6521 6.67891 1.6
      vertex 75.6521 6.67891 1.25
    endloop
  endfacet
  facet normal -1 -0 0
    outer loop
      vertex 75.6521 6.67891 1.6
      vertex 75.6521 5.98991 1.25
      vertex 75.6521 5.98991 1.6
    endloop
  endfacet
  facet normal 0 -1 0
    outer loop
      vertex 75.1748 6.67891 1.25
      vertex 75.6521 6.67891 1.6
      vertex 75.1748 6.67891 1.6
    endloop
  endfacet
  facet normal 0 -1 -0
    outer loop
      vertex 75.6521 6.67891 1.6
      vertex 75.1748 6.67891 1.25
      vertex 75.6521 6.67891 1.25
    endloop
  endfacet
  facet normal 0.944859 -0.327478 0
    outer loop
      vertex 74.936 5.98991 1.6
      vertex 75.1748 6.67891 1.25
      vertex 75.1748 6.67891 1.6
    endloop
  endfacet
  facet normal 0.944859 -0.327478 0
    outer loop
      vertex 75.1748 6.67891 1.25
      vertex 74.936 5.98991 1.6
      vertex 74.936 5.98991 1.25
    endloop
  endfacet
  facet normal 0 -1 0
    outer loop
      vertex 74.5264 5.98991 1.25
      vertex 74.936 5.98991 1.6
      vertex 74.5264 5.98991 1.6
    endloop
  endfacet
  facet normal 0 -1 -0
    outer loop
      vertex 74.936 5.98991 1.6
      vertex 74.5264 5.98991 1.25
      vertex 74.936 5.98991 1.25
    endloop
  endfacet
  facet normal 1 -0 0
    outer loop
      vertex 74.5264 5.47455 1.6
      vertex 74.5264 5.98991 1.25
      vertex 74.5264 5.98991 1.6
    endloop
  endfacet
  facet normal 1 0 0
    outer loop
      vertex 74.5264 5.98991 1.25
      vertex 74.5264 5.47455 1.6
      vertex 74.5264 5.47455 1.25
    endloop
  endfacet
  facet normal 0 1 -0
    outer loop
      vertex 74.8981 5.47455 1.25
      vertex 74.5264 5.47455 1.6
      vertex 74.8981 5.47455 1.6
    endloop
  endfacet
  facet normal 0 1 0
    outer loop
      vertex 74.5264 5.47455 1.6
      vertex 74.8981 5.47455 1.25
      vertex 74.5264 5.47455 1.25
    endloop
  endfacet
  facet normal 1 -0 0
    outer loop
      vertex 74.8981 3.74396 1.6
      vertex 74.8981 5.47455 1.25
      vertex 74.8981 5.47455 1.6
    endloop
  endfacet
  facet normal 1 0 0
    outer loop
      vertex 74.8981 5.47455 1.25
      vertex 74.8981 3.74396 1.6
      vertex 74.8981 3.74396 1.25
    endloop
  endfacet
  facet normal 0.990353 0.138566 0
    outer loop
      vertex 74.9435 3.41948 1.6
      vertex 74.8981 3.74396 1.25
      vertex 74.8981 3.74396 1.6
    endloop
  endfacet
  facet normal 0.990353 0.138566 0
    outer loop
      vertex 74.8981 3.74396 1.25
      vertex 74.9435 3.41948 1.6
      vertex 74.9435 3.41948 1.25
    endloop
  endfacet
  facet normal 0.860519 0.509419 0
    outer loop
      vertex 75.0798 3.18924 1.6
      vertex 74.9435 3.41948 1.25
      vertex 74.9435 3.41948 1.6
    endloop
  endfacet
  facet normal 0.860519 0.509419 0
    outer loop
      vertex 74.9435 3.41948 1.25
      vertex 75.0798 3.18924 1.6
      vertex 75.0798 3.18924 1.25
    endloop
  endfacet
  facet normal 0.52878 0.848759 -0
    outer loop
      vertex 75.3002 3.05193 1.25
      vertex 75.0798 3.18924 1.6
      vertex 75.3002 3.05193 1.6
    endloop
  endfacet
  facet normal 0.52878 0.848759 0
    outer loop
      vertex 75.0798 3.18924 1.6
      vertex 75.3002 3.05193 1.25
      vertex 75.0798 3.18924 1.25
    endloop
  endfacet
  facet normal 0.151992 0.988382 -0
    outer loop
      vertex 75.5979 3.00615 1.25
      vertex 75.3002 3.05193 1.6
      vertex 75.5979 3.00615 1.6
    endloop
  endfacet
  facet normal 0.151992 0.988382 0
    outer loop
      vertex 75.3002 3.05193 1.6
      vertex 75.5979 3.00615 1.25
      vertex 75.3002 3.05193 1.25
    endloop
  endfacet
  facet normal -0.0674508 0.997723 0
    outer loop
      vertex 75.939 3.02921 1.25
      vertex 75.5979 3.00615 1.6
      vertex 75.939 3.02921 1.6
    endloop
  endfacet
  facet normal -0.0674508 0.997723 0
    outer loop
      vertex 75.5979 3.00615 1.6
      vertex 75.939 3.02921 1.25
      vertex 75.5979 3.00615 1.25
    endloop
  endfacet
  facet normal -0.99434 0.106242 0
    outer loop
      vertex 64.7501 4.62823 1.25
      vertex 64.7864 4.96797 1.6
      vertex 64.7864 4.96797 1.25
    endloop
  endfacet
  facet normal -0.99434 0.106242 0
    outer loop
      vertex 64.7864 4.96797 1.6
      vertex 64.7501 4.62823 1.25
      vertex 64.7501 4.62823 1.6
    endloop
  endfacet
  facet normal -0.927808 0.373057 0
    outer loop
      vertex 64.7864 4.96797 1.25
      vertex 64.8952 5.23856 1.6
      vertex 64.8952 5.23856 1.25
    endloop
  endfacet
  facet normal -0.927808 0.373057 0
    outer loop
      vertex 64.8952 5.23856 1.6
      vertex 64.7864 4.96797 1.25
      vertex 64.7864 4.96797 1.6
    endloop
  endfacet
  facet normal -0.728381 0.685172 0
    outer loop
      vertex 64.8952 5.23856 1.25
      vertex 65.0617 5.41556 1.6
      vertex 65.0617 5.41556 1.25
    endloop
  endfacet
  facet normal -0.728381 0.685172 0
    outer loop
      vertex 65.0617 5.41556 1.6
      vertex 64.8952 5.23856 1.25
      vertex 64.8952 5.23856 1.6
    endloop
  endfacet
  facet normal -0.271396 0.962468 0
    outer loop
      vertex 65.2709 5.47455 1.25
      vertex 65.0617 5.41556 1.6
      vertex 65.2709 5.47455 1.6
    endloop
  endfacet
  facet normal -0.271396 0.962468 0
    outer loop
      vertex 65.0617 5.41556 1.6
      vertex 65.2709 5.47455 1.25
      vertex 65.0617 5.41556 1.25
    endloop
  endfacet
  facet normal 0.501295 0.865276 -0
    outer loop
      vertex 65.6045 5.28128 1.25
      vertex 65.2709 5.47455 1.6
      vertex 65.6045 5.28128 1.6
    endloop
  endfacet
  facet normal 0.501295 0.865276 0
    outer loop
      vertex 65.2709 5.47455 1.6
      vertex 65.6045 5.28128 1.25
      vertex 65.2709 5.47455 1.25
    endloop
  endfacet
  facet normal 0.982069 0.188521 0
    outer loop
      vertex 65.7158 4.70148 1.6
      vertex 65.6045 5.28128 1.25
      vertex 65.6045 5.28128 1.6
    endloop
  endfacet
  facet normal 0.982069 0.188521 0
    outer loop
      vertex 65.6045 5.28128 1.25
      vertex 65.7158 4.70148 1.6
      vertex 65.7158 4.70148 1.25
    endloop
  endfacet
  facet normal 1 -0 0
    outer loop
      vertex 65.7158 3.05499 1.6
      vertex 65.7158 4.70148 1.25
      vertex 65.7158 4.70148 1.6
    endloop
  endfacet
  facet normal 1 0 0
    outer loop
      vertex 65.7158 4.70148 1.25
      vertex 65.7158 3.05499 1.6
      vertex 65.7158 3.05499 1.25
    endloop
  endfacet
  facet normal 0 1 -0
    outer loop
      vertex 66.4725 3.05499 1.25
      vertex 65.7158 3.05499 1.6
      vertex 66.4725 3.05499 1.6
    endloop
  endfacet
  facet normal 0 1 0
    outer loop
      vertex 65.7158 3.05499 1.6
      vertex 66.4725 3.05499 1.25
      vertex 65.7158 3.05499 1.25
    endloop
  endfacet
  facet normal -1 0 0
    outer loop
      vertex 66.4725 3.05499 1.25
      vertex 66.4725 4.66351 1.6
      vertex 66.4725 4.66351 1.25
    endloop
  endfacet
  facet normal -1 -0 0
    outer loop
      vertex 66.4725 4.66351 1.6
      vertex 66.4725 3.05499 1.25
      vertex 66.4725 3.05499 1.6
    endloop
  endfacet
  facet normal -0.990982 0.133992 0
    outer loop
      vertex 66.4725 4.66351 1.25
      vertex 66.5183 5.00224 1.6
      vertex 66.5183 5.00224 1.25
    endloop
  endfacet
  facet normal -0.990982 0.133992 0
    outer loop
      vertex 66.5183 5.00224 1.6
      vertex 66.4725 4.66351 1.25
      vertex 66.4725 4.66351 1.6
    endloop
  endfacet
  facet normal -0.918887 0.39452 0
    outer loop
      vertex 66.5183 5.00224 1.25
      vertex 66.6285 5.25891 1.6
      vertex 66.6285 5.25891 1.25
    endloop
  endfacet
  facet normal -0.918887 0.39452 0
    outer loop
      vertex 66.6285 5.25891 1.6
      vertex 66.5183 5.00224 1.25
      vertex 66.5183 5.00224 1.6
    endloop
  endfacet
  facet normal -0.705644 0.708567 0
    outer loop
      vertex 66.7909 5.42064 1.25
      vertex 66.6285 5.25891 1.6
      vertex 66.7909 5.42064 1.6
    endloop
  endfacet
  facet normal -0.705644 0.708567 0
    outer loop
      vertex 66.6285 5.25891 1.6
      vertex 66.7909 5.42064 1.25
      vertex 66.6285 5.25891 1.25
    endloop
  endfacet
  facet normal -0.25738 0.96631 0
    outer loop
      vertex 66.9933 5.47455 1.25
      vertex 66.7909 5.42064 1.6
      vertex 66.9933 5.47455 1.6
    endloop
  endfacet
  facet normal -0.25738 0.96631 0
    outer loop
      vertex 66.7909 5.42064 1.6
      vertex 66.9933 5.47455 1.25
      vertex 66.7909 5.42064 1.25
    endloop
  endfacet
  facet normal 0.501182 0.865342 -0
    outer loop
      vertex 67.327 5.28128 1.25
      vertex 66.9933 5.47455 1.6
      vertex 67.327 5.28128 1.6
    endloop
  endfacet
  facet normal 0.501182 0.865342 0
    outer loop
      vertex 66.9933 5.47455 1.6
      vertex 67.327 5.28128 1.25
      vertex 66.9933 5.47455 1.25
    endloop
  endfacet
  facet normal 0.982101 0.188357 0
    outer loop
      vertex 67.4382 4.70148 1.6
      vertex 67.327 5.28128 1.25
      vertex 67.327 5.28128 1.6
    endloop
  endfacet
  facet normal 0.982101 0.188357 0
    outer loop
      vertex 67.327 5.28128 1.25
      vertex 67.4382 4.70148 1.6
      vertex 67.4382 4.70148 1.25
    endloop
  endfacet
  facet normal 1 -0 0
    outer loop
      vertex 67.4382 3.05499 1.6
      vertex 67.4382 4.70148 1.25
      vertex 67.4382 4.70148 1.6
    endloop
  endfacet
  facet normal 1 0 0
    outer loop
      vertex 67.4382 4.70148 1.25
      vertex 67.4382 3.05499 1.6
      vertex 67.4382 3.05499 1.25
    endloop
  endfacet
  facet normal 0 1 -0
    outer loop
      vertex 68.195 3.05499 1.25
      vertex 67.4382 3.05499 1.6
      vertex 68.195 3.05499 1.6
    endloop
  endfacet
  facet normal 0 1 0
    outer loop
      vertex 67.4382 3.05499 1.6
      vertex 68.195 3.05499 1.25
      vertex 67.4382 3.05499 1.25
    endloop
  endfacet
  facet normal -1 0 0
    outer loop
      vertex 68.195 3.05499 1.25
      vertex 68.195 4.91847 1.6
      vertex 68.195 4.91847 1.25
    endloop
  endfacet
  facet normal -1 -0 0
    outer loop
      vertex 68.195 4.91847 1.6
      vertex 68.195 3.05499 1.25
      vertex 68.195 3.05499 1.6
    endloop
  endfacet
  facet normal -0.993243 -0.116057 0
    outer loop
      vertex 68.195 4.91847 1.25
      vertex 68.1387 5.4003 1.6
      vertex 68.1387 5.4003 1.25
    endloop
  endfacet
  facet normal -0.993243 -0.116057 0
    outer loop
      vertex 68.1387 5.4003 1.6
      vertex 68.195 4.91847 1.25
      vertex 68.195 4.91847 1.6
    endloop
  endfacet
  facet normal -0.902997 -0.429647 0
    outer loop
      vertex 68.1387 5.4003 1.25
      vertex 67.9698 5.75528 1.6
      vertex 67.9698 5.75528 1.25
    endloop
  endfacet
  facet normal -0.902997 -0.429647 0
    outer loop
      vertex 67.9698 5.75528 1.6
      vertex 68.1387 5.4003 1.25
      vertex 68.1387 5.4003 1.6
    endloop
  endfacet
  facet normal -0.621035 -0.783783 0
    outer loop
      vertex 67.6938 5.97397 1.25
      vertex 67.9698 5.75528 1.6
      vertex 67.6938 5.97397 1.6
    endloop
  endfacet
  facet normal -0.621035 -0.783783 -0
    outer loop
      vertex 67.9698 5.75528 1.6
      vertex 67.6938 5.97397 1.25
      vertex 67.9698 5.75528 1.25
    endloop
  endfacet
  facet normal -0.189538 -0.981873 0
    outer loop
      vertex 67.3161 6.04688 1.25
      vertex 67.6938 5.97397 1.6
      vertex 67.3161 6.04688 1.6
    endloop
  endfacet
  facet normal -0.189538 -0.981873 -0
    outer loop
      vertex 67.6938 5.97397 1.6
      vertex 67.3161 6.04688 1.25
      vertex 67.6938 5.97397 1.25
    endloop
  endfacet
  facet normal 0.125769 -0.99206 0
    outer loop
      vertex 67.0218 6.00957 1.25
      vertex 67.3161 6.04688 1.6
      vertex 67.0218 6.00957 1.6
    endloop
  endfacet
  facet normal 0.125769 -0.99206 0
    outer loop
      vertex 67.3161 6.04688 1.6
      vertex 67.0218 6.00957 1.25
      vertex 67.3161 6.04688 1.25
    endloop
  endfacet
  facet normal 0.426366 -0.904551 0
    outer loop
      vertex 66.7844 5.89767 1.25
      vertex 67.0218 6.00957 1.6
      vertex 66.7844 5.89767 1.6
    endloop
  endfacet
  facet normal 0.426366 -0.904551 0
    outer loop
      vertex 67.0218 6.00957 1.6
      vertex 66.7844 5.89767 1.25
      vertex 67.0218 6.00957 1.25
    endloop
  endfacet
  facet normal 0.713261 -0.700899 0
    outer loop
      vertex 66.5905 5.70035 1.6
      vertex 66.7844 5.89767 1.25
      vertex 66.7844 5.89767 1.6
    endloop
  endfacet
  facet normal 0.713261 -0.700899 0
    outer loop
      vertex 66.7844 5.89767 1.25
      vertex 66.5905 5.70035 1.6
      vertex 66.5905 5.70035 1.25
    endloop
  endfacet
  facet normal 0.872935 -0.487837 0
    outer loop
      vertex 66.4264 5.40671 1.6
      vertex 66.5905 5.70035 1.25
      vertex 66.5905 5.70035 1.6
    endloop
  endfacet
  facet normal 0.872935 -0.487837 0
    outer loop
      vertex 66.5905 5.70035 1.25
      vertex 66.4264 5.40671 1.6
      vertex 66.4264 5.40671 1.25
    endloop
  endfacet
  facet normal 0 -1 0
    outer loop
      vertex 66.4101 5.40671 1.25
      vertex 66.4264 5.40671 1.6
      vertex 66.4101 5.40671 1.6
    endloop
  endfacet
  facet normal 0 -1 -0
    outer loop
      vertex 66.4264 5.40671 1.6
      vertex 66.4101 5.40671 1.25
      vertex 66.4264 5.40671 1.25
    endloop
  endfacet
  facet normal -0.86696 -0.498377 0
    outer loop
      vertex 66.4101 5.40671 1.25
      vertex 66.1341 5.88683 1.6
      vertex 66.1341 5.88683 1.25
    endloop
  endfacet
  facet normal -0.86696 -0.498377 0
    outer loop
      vertex 66.1341 5.88683 1.6
      vertex 66.4101 5.40671 1.25
      vertex 66.4101 5.40671 1.6
    endloop
  endfacet
  facet normal -0.283977 -0.958831 0
    outer loop
      vertex 65.5937 6.04688 1.25
      vertex 66.1341 5.88683 1.6
      vertex 65.5937 6.04688 1.6
    endloop
  endfacet
  facet normal -0.283977 -0.958831 -0
    outer loop
      vertex 66.1341 5.88683 1.6
      vertex 65.5937 6.04688 1.25
      vertex 66.1341 5.88683 1.25
    endloop
  endfacet
  facet normal 0.138141 -0.990413 0
    outer loop
      vertex 65.3214 6.0089 1.25
      vertex 65.5937 6.04688 1.6
      vertex 65.3214 6.0089 1.6
    endloop
  endfacet
  facet normal 0.138141 -0.990413 0
    outer loop
      vertex 65.5937 6.04688 1.6
      vertex 65.3214 6.0089 1.25
      vertex 65.5937 6.04688 1.25
    endloop
  endfacet
  facet normal 0.442516 -0.896761 0
    outer loop
      vertex 65.0905 5.89496 1.25
      vertex 65.3214 6.0089 1.6
      vertex 65.0905 5.89496 1.6
    endloop
  endfacet
  facet normal 0.442516 -0.896761 0
    outer loop
      vertex 65.3214 6.0089 1.6
      vertex 65.0905 5.89496 1.25
      vertex 65.3214 6.0089 1.25
    endloop
  endfacet
  facet normal 0.716289 -0.697804 0
    outer loop
      vertex 64.8976 5.69695 1.6
      vertex 65.0905 5.89496 1.25
      vertex 65.0905 5.89496 1.6
    endloop
  endfacet
  facet normal 0.716289 -0.697804 0
    outer loop
      vertex 65.0905 5.89496 1.25
      vertex 64.8976 5.69695 1.6
      vertex 64.8976 5.69695 1.25
    endloop
  endfacet
  facet normal 0.877785 -0.479056 0
    outer loop
      vertex 64.7392 5.40671 1.6
      vertex 64.8976 5.69695 1.25
      vertex 64.8976 5.69695 1.6
    endloop
  endfacet
  facet normal 0.877785 -0.479056 0
    outer loop
      vertex 64.8976 5.69695 1.25
      vertex 64.7392 5.40671 1.6
      vertex 64.7392 5.40671 1.25
    endloop
  endfacet
  facet normal 0 -1 0
    outer loop
      vertex 64.7284 5.40671 1.25
      vertex 64.7392 5.40671 1.6
      vertex 64.7284 5.40671 1.6
    endloop
  endfacet
  facet normal 0 -1 -0
    outer loop
      vertex 64.7392 5.40671 1.6
      vertex 64.7284 5.40671 1.25
      vertex 64.7392 5.40671 1.25
    endloop
  endfacet
  facet normal -0.999592 -0.0285526 0
    outer loop
      vertex 64.7284 5.40671 1.25
      vertex 64.725 5.52574 1.6
      vertex 64.725 5.52574 1.25
    endloop
  endfacet
  facet normal -0.999592 -0.0285526 0
    outer loop
      vertex 64.725 5.52574 1.6
      vertex 64.7284 5.40671 1.25
      vertex 64.7284 5.40671 1.6
    endloop
  endfacet
  facet normal -0.998545 -0.0539297 0
    outer loop
      vertex 64.725 5.52574 1.25
      vertex 64.7148 5.7146 1.6
      vertex 64.7148 5.7146 1.25
    endloop
  endfacet
  facet normal -0.998545 -0.0539297 0
    outer loop
      vertex 64.7148 5.7146 1.6
      vertex 64.725 5.52574 1.25
      vertex 64.725 5.52574 1.6
    endloop
  endfacet
  facet normal -0.997729 -0.0673544 0
    outer loop
      vertex 64.7148 5.7146 1.25
      vertex 64.7026 5.89532 1.6
      vertex 64.7026 5.89532 1.25
    endloop
  endfacet
  facet normal -0.997729 -0.0673544 0
    outer loop
      vertex 64.7026 5.89532 1.6
      vertex 64.7148 5.7146 1.25
      vertex 64.7148 5.7146 1.6
    endloop
  endfacet
  facet normal -0.994994 -0.0999307 0
    outer loop
      vertex 64.7026 5.89532 1.25
      vertex 64.6931 5.98991 1.6
      vertex 64.6931 5.98991 1.25
    endloop
  endfacet
  facet normal -0.994994 -0.0999307 0
    outer loop
      vertex 64.6931 5.98991 1.6
      vertex 64.7026 5.89532 1.25
      vertex 64.7026 5.89532 1.6
    endloop
  endfacet
  facet normal 0 -1 0
    outer loop
      vertex 63.9662 5.98991 1.25
      vertex 64.6931 5.98991 1.6
      vertex 63.9662 5.98991 1.6
    endloop
  endfacet
  facet normal 0 -1 -0
    outer loop
      vertex 64.6931 5.98991 1.6
      vertex 63.9662 5.98991 1.25
      vertex 64.6931 5.98991 1.25
    endloop
  endfacet
  facet normal 0.998124 0.061225 0
    outer loop
      vertex 63.974 5.86275 1.6
      vertex 63.9662 5.98991 1.25
      vertex 63.9662 5.98991 1.6
    endloop
  endfacet
  facet normal 0.998124 0.061225 0
    outer loop
      vertex 63.9662 5.98991 1.25
      vertex 63.974 5.86275 1.6
      vertex 63.974 5.86275 1.25
    endloop
  endfacet
  facet normal 0.998766 0.0496724 0
    outer loop
      vertex 63.9811 5.71999 1.6
      vertex 63.974 5.86275 1.25
      vertex 63.974 5.86275 1.6
    endloop
  endfacet
  facet normal 0.998766 0.0496724 0
    outer loop
      vertex 63.974 5.86275 1.25
      vertex 63.9811 5.71999 1.6
      vertex 63.9811 5.71999 1.25
    endloop
  endfacet
  facet normal 0.99956 0.0296588 0
    outer loop
      vertex 63.9862 5.54811 1.6
      vertex 63.9811 5.71999 1.25
      vertex 63.9811 5.71999 1.6
    endloop
  endfacet
  facet normal 0.99956 0.0296588 0
    outer loop
      vertex 63.9811 5.71999 1.25
      vertex 63.9862 5.54811 1.6
      vertex 63.9862 5.54811 1.25
    endloop
  endfacet
  facet normal 0.999969 0.00792147 0
    outer loop
      vertex 63.9879 5.33351 1.6
      vertex 63.9862 5.54811 1.25
      vertex 63.9862 5.54811 1.6
    endloop
  endfacet
  facet normal 0.999969 0.00792147 0
    outer loop
      vertex 63.9862 5.54811 1.25
      vertex 63.9879 5.33351 1.6
      vertex 63.9879 5.33351 1.25
    endloop
  endfacet
  facet normal 1 -0 0
    outer loop
      vertex 63.9879 3.05499 1.6
      vertex 63.9879 5.33351 1.25
      vertex 63.9879 5.33351 1.6
    endloop
  endfacet
  facet normal 1 0 0
    outer loop
      vertex 63.9879 5.33351 1.25
      vertex 63.9879 3.05499 1.6
      vertex 63.9879 3.05499 1.25
    endloop
  endfacet
  facet normal 0 1 -0
    outer loop
      vertex 64.7501 3.05499 1.25
      vertex 63.9879 3.05499 1.6
      vertex 64.7501 3.05499 1.6
    endloop
  endfacet
  facet normal 0 1 0
    outer loop
      vertex 63.9879 3.05499 1.6
      vertex 64.7501 3.05499 1.25
      vertex 63.9879 3.05499 1.25
    endloop
  endfacet
  facet normal -1 0 0
    outer loop
      vertex 64.7501 3.05499 1.25
      vertex 64.7501 4.62823 1.6
      vertex 64.7501 4.62823 1.25
    endloop
  endfacet
  facet normal -1 -0 0
    outer loop
      vertex 64.7501 4.62823 1.6
      vertex 64.7501 3.05499 1.25
      vertex 64.7501 3.05499 1.6
    endloop
  endfacet
  facet normal -0.401515 0.915852 0
    outer loop
      vertex 73.9544 3.24352 1.25
      vertex 73.5391 3.06145 1.6
      vertex 73.9544 3.24352 1.6
    endloop
  endfacet
  facet normal -0.401515 0.915852 0
    outer loop
      vertex 73.5391 3.06145 1.6
      vertex 73.9544 3.24352 1.25
      vertex 73.5391 3.06145 1.25
    endloop
  endfacet
  facet normal -0.740973 0.671534 0
    outer loop
      vertex 73.9544 3.24352 1.25
      vertex 74.2159 3.53206 1.6
      vertex 74.2159 3.53206 1.25
    endloop
  endfacet
  facet normal -0.740973 0.671534 0
    outer loop
      vertex 74.2159 3.53206 1.6
      vertex 73.9544 3.24352 1.25
      vertex 73.9544 3.24352 1.6
    endloop
  endfacet
  facet normal -0.974736 0.223361 0
    outer loop
      vertex 74.2159 3.53206 1.25
      vertex 74.303 3.91216 1.6
      vertex 74.303 3.91216 1.25
    endloop
  endfacet
  facet normal -0.974736 0.223361 0
    outer loop
      vertex 74.303 3.91216 1.6
      vertex 74.2159 3.53206 1.25
      vertex 74.2159 3.53206 1.6
    endloop
  endfacet
  facet normal -0.994532 -0.104428 0
    outer loop
      vertex 74.303 3.91216 1.25
      vertex 74.2789 4.14168 1.6
      vertex 74.2789 4.14168 1.25
    endloop
  endfacet
  facet normal -0.994532 -0.104428 0
    outer loop
      vertex 74.2789 4.14168 1.6
      vertex 74.303 3.91216 1.25
      vertex 74.303 3.91216 1.6
    endloop
  endfacet
  facet normal -0.930973 -0.365088 0
    outer loop
      vertex 74.2789 4.14168 1.25
      vertex 74.2067 4.32579 1.6
      vertex 74.2067 4.32579 1.25
    endloop
  endfacet
  facet normal -0.930973 -0.365088 0
    outer loop
      vertex 74.2067 4.32579 1.6
      vertex 74.2789 4.14168 1.25
      vertex 74.2789 4.14168 1.6
    endloop
  endfacet
  facet normal -0.793768 -0.60822 0
    outer loop
      vertex 74.2067 4.32579 1.25
      vertex 74.0942 4.47261 1.6
      vertex 74.0942 4.47261 1.25
    endloop
  endfacet
  facet normal -0.793768 -0.60822 0
    outer loop
      vertex 74.0942 4.47261 1.6
      vertex 74.2067 4.32579 1.25
      vertex 74.2067 4.32579 1.6
    endloop
  endfacet
  facet normal -0.629577 -0.776938 0
    outer loop
      vertex 73.949 4.59027 1.25
      vertex 74.0942 4.47261 1.6
      vertex 73.949 4.59027 1.6
    endloop
  endfacet
  facet normal -0.629577 -0.776938 -0
    outer loop
      vertex 74.0942 4.47261 1.6
      vertex 73.949 4.59027 1.25
      vertex 74.0942 4.47261 1.25
    endloop
  endfacet
  facet normal -0.454973 -0.890505 0
    outer loop
      vertex 73.7612 4.68622 1.25
      vertex 73.949 4.59027 1.6
      vertex 73.7612 4.68622 1.6
    endloop
  endfacet
  facet normal -0.454973 -0.890505 -0
    outer loop
      vertex 73.949 4.59027 1.6
      vertex 73.7612 4.68622 1.25
      vertex 73.949 4.59027 1.25
    endloop
  endfacet
  facet normal -0.321261 -0.946991 0
    outer loop
      vertex 73.5204 4.76791 1.25
      vertex 73.7612 4.68622 1.6
      vertex 73.5204 4.76791 1.6
    endloop
  endfacet
  facet normal -0.321261 -0.946991 -0
    outer loop
      vertex 73.7612 4.68622 1.6
      vertex 73.5204 4.76791 1.25
      vertex 73.7612 4.68622 1.25
    endloop
  endfacet
  facet normal -0.248896 -0.96853 0
    outer loop
      vertex 73.234 4.84151 1.25
      vertex 73.5204 4.76791 1.6
      vertex 73.234 4.84151 1.6
    endloop
  endfacet
  facet normal -0.248896 -0.96853 -0
    outer loop
      vertex 73.5204 4.76791 1.6
      vertex 73.234 4.84151 1.25
      vertex 73.5204 4.76791 1.25
    endloop
  endfacet
  facet normal -0.214908 -0.976634 0
    outer loop
      vertex 72.9088 4.91307 1.25
      vertex 73.234 4.84151 1.6
      vertex 72.9088 4.91307 1.6
    endloop
  endfacet
  facet normal -0.214908 -0.976634 -0
    outer loop
      vertex 73.234 4.84151 1.6
      vertex 72.9088 4.91307 1.25
      vertex 73.234 4.84151 1.25
    endloop
  endfacet
  facet normal -0.253084 -0.967444 0
    outer loop
      vertex 72.6976 4.96832 1.25
      vertex 72.9088 4.91307 1.6
      vertex 72.6976 4.96832 1.6
    endloop
  endfacet
  facet normal -0.253084 -0.967444 -0
    outer loop
      vertex 72.9088 4.91307 1.6
      vertex 72.6976 4.96832 1.25
      vertex 72.9088 4.91307 1.25
    endloop
  endfacet
  facet normal -0.437431 -0.899252 0
    outer loop
      vertex 72.5575 5.03647 1.25
      vertex 72.6976 4.96832 1.6
      vertex 72.5575 5.03647 1.6
    endloop
  endfacet
  facet normal -0.437431 -0.899252 -0
    outer loop
      vertex 72.6976 4.96832 1.6
      vertex 72.5575 5.03647 1.25
      vertex 72.6976 4.96832 1.25
    endloop
  endfacet
  facet normal -0.746443 -0.66545 0
    outer loop
      vertex 72.5575 5.03647 1.25
      vertex 72.4792 5.1243 1.6
      vertex 72.4792 5.1243 1.25
    endloop
  endfacet
  facet normal -0.746443 -0.66545 0
    outer loop
      vertex 72.4792 5.1243 1.6
      vertex 72.5575 5.03647 1.25
      vertex 72.5575 5.03647 1.6
    endloop
  endfacet
  facet normal -0.974889 -0.22269 0
    outer loop
      vertex 72.4792 5.1243 1.25
      vertex 72.4531 5.23856 1.6
      vertex 72.4531 5.23856 1.25
    endloop
  endfacet
  facet normal -0.974889 -0.22269 0
    outer loop
      vertex 72.4531 5.23856 1.6
      vertex 72.4792 5.1243 1.25
      vertex 72.4792 5.1243 1.6
    endloop
  endfacet
  facet normal -0.971661 0.236378 0
    outer loop
      vertex 72.4531 5.23856 1.25
      vertex 72.487 5.37791 1.6
      vertex 72.487 5.37791 1.25
    endloop
  endfacet
  facet normal -0.971661 0.236378 0
    outer loop
      vertex 72.487 5.37791 1.6
      vertex 72.4531 5.23856 1.25
      vertex 72.4531 5.23856 1.6
    endloop
  endfacet
  facet normal -0.673093 0.739558 0
    outer loop
      vertex 72.5887 5.47047 1.25
      vertex 72.487 5.37791 1.6
      vertex 72.5887 5.47047 1.6
    endloop
  endfacet
  facet normal -0.673093 0.739558 0
    outer loop
      vertex 72.487 5.37791 1.6
      vertex 72.5887 5.47047 1.25
      vertex 72.487 5.37791 1.25
    endloop
  endfacet
  facet normal -0.292623 0.956228 0
    outer loop
      vertex 72.7582 5.52234 1.25
      vertex 72.5887 5.47047 1.6
      vertex 72.7582 5.52234 1.6
    endloop
  endfacet
  facet normal -0.292623 0.956228 0
    outer loop
      vertex 72.5887 5.47047 1.6
      vertex 72.7582 5.52234 1.25
      vertex 72.5887 5.47047 1.25
    endloop
  endfacet
  facet normal -0.0726383 0.997358 0
    outer loop
      vertex 72.9956 5.53963 1.25
      vertex 72.7582 5.52234 1.6
      vertex 72.9956 5.53963 1.6
    endloop
  endfacet
  facet normal -0.0726383 0.997358 0
    outer loop
      vertex 72.7582 5.52234 1.6
      vertex 72.9956 5.53963 1.25
      vertex 72.7582 5.52234 1.25
    endloop
  endfacet
  facet normal 0.0917138 0.995785 -0
    outer loop
      vertex 73.2349 5.51759 1.25
      vertex 72.9956 5.53963 1.6
      vertex 73.2349 5.51759 1.6
    endloop
  endfacet
  facet normal 0.0917138 0.995785 0
    outer loop
      vertex 72.9956 5.53963 1.6
      vertex 73.2349 5.51759 1.25
      vertex 72.9956 5.53963 1.25
    endloop
  endfacet
  facet normal 0.372313 0.928107 -0
    outer loop
      vertex 73.3997 5.45148 1.25
      vertex 73.2349 5.51759 1.6
      vertex 73.3997 5.45148 1.6
    endloop
  endfacet
  facet normal 0.372313 0.928107 0
    outer loop
      vertex 73.2349 5.51759 1.6
      vertex 73.3997 5.45148 1.25
      vertex 73.2349 5.51759 1.25
    endloop
  endfacet
  facet normal 0.729999 0.683448 0
    outer loop
      vertex 73.5035 5.34061 1.6
      vertex 73.3997 5.45148 1.25
      vertex 73.3997 5.45148 1.6
    endloop
  endfacet
  facet normal 0.729999 0.683448 0
    outer loop
      vertex 73.3997 5.45148 1.25
      vertex 73.5035 5.34061 1.6
      vertex 73.5035 5.34061 1.25
    endloop
  endfacet
  facet normal 0.940826 0.33889 0
    outer loop
      vertex 73.5598 5.18431 1.6
      vertex 73.5035 5.34061 1.25
      vertex 73.5035 5.34061 1.6
    endloop
  endfacet
  facet normal 0.940826 0.33889 0
    outer loop
      vertex 73.5035 5.34061 1.25
      vertex 73.5598 5.18431 1.6
      vertex 73.5598 5.18431 1.25
    endloop
  endfacet
  facet normal -0.103862 0.994592 0
    outer loop
      vertex 74.2352 5.25484 1.25
      vertex 73.5598 5.18431 1.6
      vertex 74.2352 5.25484 1.6
    endloop
  endfacet
  facet normal -0.103862 0.994592 0
    outer loop
      vertex 73.5598 5.18431 1.6
      vertex 74.2352 5.25484 1.25
      vertex 73.5598 5.18431 1.25
    endloop
  endfacet
  facet normal -0.925811 -0.377988 0
    outer loop
      vertex 74.2352 5.25484 1.25
      vertex 74.0965 5.59456 1.6
      vertex 74.0965 5.59456 1.25
    endloop
  endfacet
  facet normal -0.925811 -0.377988 0
    outer loop
      vertex 74.0965 5.59456 1.6
      vertex 74.2352 5.25484 1.25
      vertex 74.2352 5.25484 1.6
    endloop
  endfacet
  facet normal -0.693282 -0.720666 0
    outer loop
      vertex 73.8378 5.84343 1.25
      vertex 74.0965 5.59456 1.6
      vertex 73.8378 5.84343 1.6
    endloop
  endfacet
  facet normal -0.693282 -0.720666 -0
    outer loop
      vertex 74.0965 5.59456 1.6
      vertex 73.8378 5.84343 1.25
      vertex 74.0965 5.59456 1.25
    endloop
  endfacet
  facet normal -0.381344 -0.924433 0
    outer loop
      vertex 73.4679 5.99602 1.25
      vertex 73.8378 5.84343 1.6
      vertex 73.4679 5.99602 1.6
    endloop
  endfacet
  facet normal -0.381344 -0.924433 -0
    outer loop
      vertex 73.8378 5.84343 1.6
      vertex 73.4679 5.99602 1.25
      vertex 73.8378 5.84343 1.25
    endloop
  endfacet
  facet normal -0.107067 -0.994252 0
    outer loop
      vertex 72.9956 6.04688 1.25
      vertex 73.4679 5.99602 1.6
      vertex 72.9956 6.04688 1.6
    endloop
  endfacet
  facet normal -0.107067 -0.994252 -0
    outer loop
      vertex 73.4679 5.99602 1.6
      vertex 72.9956 6.04688 1.25
      vertex 73.4679 5.99602 1.25
    endloop
  endfacet
  facet normal 0.110746 -0.993849 0
    outer loop
      vertex 72.469 5.9882 1.25
      vertex 72.9956 6.04688 1.6
      vertex 72.469 5.9882 1.6
    endloop
  endfacet
  facet normal 0.110746 -0.993849 0
    outer loop
      vertex 72.9956 6.04688 1.6
      vertex 72.469 5.9882 1.25
      vertex 72.9956 6.04688 1.25
    endloop
  endfacet
  facet normal 0.40988 -0.912139 0
    outer loop
      vertex 72.0774 5.81223 1.25
      vertex 72.469 5.9882 1.6
      vertex 72.0774 5.81223 1.6
    endloop
  endfacet
  facet normal 0.40988 -0.912139 0
    outer loop
      vertex 72.469 5.9882 1.6
      vertex 72.0774 5.81223 1.25
      vertex 72.469 5.9882 1.25
    endloop
  endfacet
  facet normal 0.756335 -0.654184 0
    outer loop
      vertex 71.8343 5.53117 1.6
      vertex 72.0774 5.81223 1.25
      vertex 72.0774 5.81223 1.6
    endloop
  endfacet
  facet normal 0.756335 -0.654184 0
    outer loop
      vertex 72.0774 5.81223 1.25
      vertex 71.8343 5.53117 1.6
      vertex 71.8343 5.53117 1.25
    endloop
  endfacet
  facet normal 0.977284 -0.211936 0
    outer loop
      vertex 71.7532 5.1572 1.6
      vertex 71.8343 5.53117 1.25
      vertex 71.8343 5.53117 1.6
    endloop
  endfacet
  facet normal 0.977284 -0.211936 0
    outer loop
      vertex 71.8343 5.53117 1.25
      vertex 71.7532 5.1572 1.6
      vertex 71.7532 5.1572 1.25
    endloop
  endfacet
  facet normal 0.992213 0.124554 0
    outer loop
      vertex 71.7827 4.9222 1.6
      vertex 71.7532 5.1572 1.25
      vertex 71.7532 5.1572 1.6
    endloop
  endfacet
  facet normal 0.992213 0.124554 0
    outer loop
      vertex 71.7532 5.1572 1.25
      vertex 71.7827 4.9222 1.6
      vertex 71.7827 4.9222 1.25
    endloop
  endfacet
  facet normal 0.910582 0.413328 0
    outer loop
      vertex 71.8712 4.72723 1.6
      vertex 71.7827 4.9222 1.25
      vertex 71.7827 4.9222 1.6
    endloop
  endfacet
  facet normal 0.910582 0.413328 0
    outer loop
      vertex 71.7827 4.9222 1.25
      vertex 71.8712 4.72723 1.6
      vertex 71.8712 4.72723 1.25
    endloop
  endfacet
  facet normal 0.738633 0.674108 0
    outer loop
      vertex 72.016 4.56857 1.6
      vertex 71.8712 4.72723 1.25
      vertex 71.8712 4.72723 1.6
    endloop
  endfacet
  facet normal 0.738633 0.674108 0
    outer loop
      vertex 71.8712 4.72723 1.25
      vertex 72.016 4.56857 1.6
      vertex 72.016 4.56857 1.25
    endloop
  endfacet
  facet normal 0.536529 0.843882 -0
    outer loop
      vertex 72.2144 4.44243 1.25
      vertex 72.016 4.56857 1.6
      vertex 72.2144 4.44243 1.6
    endloop
  endfacet
  facet normal 0.536529 0.843882 0
    outer loop
      vertex 72.016 4.56857 1.6
      vertex 72.2144 4.44243 1.25
      vertex 72.016 4.56857 1.25
    endloop
  endfacet
  facet normal 0.326957 0.945039 -0
    outer loop
      vertex 72.5446 4.32819 1.25
      vertex 72.2144 4.44243 1.6
      vertex 72.5446 4.32819 1.6
    endloop
  endfacet
  facet normal 0.326957 0.945039 0
    outer loop
      vertex 72.2144 4.44243 1.6
      vertex 72.5446 4.32819 1.25
      vertex 72.2144 4.44243 1.25
    endloop
  endfacet
  facet normal 0.222031 0.97504 -0
    outer loop
      vertex 73.0851 4.20511 1.25
      vertex 72.5446 4.32819 1.6
      vertex 73.0851 4.20511 1.6
    endloop
  endfacet
  facet normal 0.222031 0.97504 0
    outer loop
      vertex 72.5446 4.32819 1.6
      vertex 73.0851 4.20511 1.25
      vertex 72.5446 4.32819 1.25
    endloop
  endfacet
  facet normal 0.254428 0.967092 -0
    outer loop
      vertex 73.3262 4.14168 1.25
      vertex 73.0851 4.20511 1.6
      vertex 73.3262 4.14168 1.6
    endloop
  endfacet
  facet normal 0.254428 0.967092 0
    outer loop
      vertex 73.0851 4.20511 1.6
      vertex 73.3262 4.14168 1.25
      vertex 73.0851 4.20511 1.25
    endloop
  endfacet
  facet normal 0.432547 0.901612 -0
    outer loop
      vertex 73.4852 4.0654 1.25
      vertex 73.3262 4.14168 1.6
      vertex 73.4852 4.0654 1.6
    endloop
  endfacet
  facet normal 0.432547 0.901612 0
    outer loop
      vertex 73.3262 4.14168 1.6
      vertex 73.4852 4.0654 1.25
      vertex 73.3262 4.14168 1.25
    endloop
  endfacet
  facet normal 0.739802 0.672824 0
    outer loop
      vertex 73.5737 3.96809 1.6
      vertex 73.4852 4.0654 1.25
      vertex 73.4852 4.0654 1.6
    endloop
  endfacet
  facet normal 0.739802 0.672824 0
    outer loop
      vertex 73.4852 4.0654 1.25
      vertex 73.5737 3.96809 1.6
      vertex 73.5737 3.96809 1.25
    endloop
  endfacet
  facet normal 0.973854 0.227176 0
    outer loop
      vertex 73.6032 3.84163 1.6
      vertex 73.5737 3.96809 1.25
      vertex 73.5737 3.96809 1.6
    endloop
  endfacet
  facet normal 0.973854 0.227176 0
    outer loop
      vertex 73.5737 3.96809 1.25
      vertex 73.6032 3.84163 1.6
      vertex 73.6032 3.84163 1.25
    endloop
  endfacet
  facet normal 0.971694 -0.236243 0
    outer loop
      vertex 73.5666 3.69109 1.6
      vertex 73.6032 3.84163 1.25
      vertex 73.6032 3.84163 1.6
    endloop
  endfacet
  facet normal 0.971694 -0.236243 0
    outer loop
      vertex 73.6032 3.84163 1.25
      vertex 73.5666 3.69109 1.6
      vertex 73.5666 3.69109 1.25
    endloop
  endfacet
  facet normal 0.688905 -0.724851 0
    outer loop
      vertex 73.4567 3.58664 1.25
      vertex 73.5666 3.69109 1.6
      vertex 73.4567 3.58664 1.6
    endloop
  endfacet
  facet normal 0.688905 -0.724851 0
    outer loop
      vertex 73.5666 3.69109 1.6
      vertex 73.4567 3.58664 1.25
      vertex 73.5666 3.69109 1.25
    endloop
  endfacet
  facet normal 0.305922 -0.952057 0
    outer loop
      vertex 73.2668 3.52562 1.25
      vertex 73.4567 3.58664 1.6
      vertex 73.2668 3.52562 1.6
    endloop
  endfacet
  facet normal 0.305922 -0.952057 0
    outer loop
      vertex 73.4567 3.58664 1.6
      vertex 73.2668 3.52562 1.25
      vertex 73.4567 3.58664 1.25
    endloop
  endfacet
  facet normal 0.0733378 -0.997307 0
    outer loop
      vertex 72.9902 3.50528 1.25
      vertex 73.2668 3.52562 1.6
      vertex 72.9902 3.50528 1.6
    endloop
  endfacet
  facet normal 0.0733378 -0.997307 0
    outer loop
      vertex 73.2668 3.52562 1.6
      vertex 72.9902 3.50528 1.25
      vertex 73.2668 3.52562 1.25
    endloop
  endfacet
  facet normal -0.0732623 -0.997313 0
    outer loop
      vertex 72.6948 3.52698 1.25
      vertex 72.9902 3.50528 1.6
      vertex 72.6948 3.52698 1.6
    endloop
  endfacet
  facet normal -0.0732623 -0.997313 -0
    outer loop
      vertex 72.9902 3.50528 1.6
      vertex 72.6948 3.52698 1.25
      vertex 72.9902 3.50528 1.25
    endloop
  endfacet
  facet normal -0.321664 -0.946854 0
    outer loop
      vertex 72.5032 3.59207 1.25
      vertex 72.6948 3.52698 1.6
      vertex 72.5032 3.59207 1.6
    endloop
  endfacet
  facet normal -0.321664 -0.946854 -0
    outer loop
      vertex 72.6948 3.52698 1.6
      vertex 72.5032 3.59207 1.25
      vertex 72.6948 3.52698 1.25
    endloop
  endfacet
  facet normal -0.702032 -0.712146 0
    outer loop
      vertex 72.3842 3.70938 1.25
      vertex 72.5032 3.59207 1.6
      vertex 72.3842 3.70938 1.6
    endloop
  endfacet
  facet normal -0.702032 -0.712146 -0
    outer loop
      vertex 72.5032 3.59207 1.6
      vertex 72.3842 3.70938 1.25
      vertex 72.5032 3.59207 1.25
    endloop
  endfacet
  facet normal -0.916947 -0.399008 0
    outer loop
      vertex 72.3842 3.70938 1.25
      vertex 72.3066 3.88771 1.6
      vertex 72.3066 3.88771 1.25
    endloop
  endfacet
  facet normal -0.916947 -0.399008 0
    outer loop
      vertex 72.3066 3.88771 1.6
      vertex 72.3842 3.70938 1.25
      vertex 72.3842 3.70938 1.6
    endloop
  endfacet
  facet normal 0.148138 -0.988967 0
    outer loop
      vertex 71.6366 3.78735 1.25
      vertex 72.3066 3.88771 1.6
      vertex 71.6366 3.78735 1.6
    endloop
  endfacet
  facet normal 0.148138 -0.988967 0
    outer loop
      vertex 72.3066 3.88771 1.6
      vertex 71.6366 3.78735 1.25
      vertex 72.3066 3.88771 1.25
    endloop
  endfacet
  facet normal 0.910184 0.414203 0
    outer loop
      vertex 71.7963 3.43642 1.6
      vertex 71.6366 3.78735 1.25
      vertex 71.6366 3.78735 1.6
    endloop
  endfacet
  facet normal 0.910184 0.414203 0
    outer loop
      vertex 71.6366 3.78735 1.25
      vertex 71.7963 3.43642 1.6
      vertex 71.7963 3.43642 1.25
    endloop
  endfacet
  facet normal 0.674602 0.738182 -0
    outer loop
      vertex 72.0638 3.19196 1.25
      vertex 71.7963 3.43642 1.6
      vertex 72.0638 3.19196 1.6
    endloop
  endfacet
  facet normal 0.674602 0.738182 0
    outer loop
      vertex 71.7963 3.43642 1.6
      vertex 72.0638 3.19196 1.25
      vertex 71.7963 3.43642 1.25
    endloop
  endfacet
  facet normal 0.34334 0.939211 -0
    outer loop
      vertex 72.4561 3.04855 1.25
      vertex 72.0638 3.19196 1.6
      vertex 72.4561 3.04855 1.6
    endloop
  endfacet
  facet normal 0.34334 0.939211 0
    outer loop
      vertex 72.0638 3.19196 1.6
      vertex 72.4561 3.04855 1.25
      vertex 72.0638 3.19196 1.25
    endloop
  endfacet
  facet normal 0.0891401 0.996019 -0
    outer loop
      vertex 72.9902 3.00075 1.25
      vertex 72.4561 3.04855 1.6
      vertex 72.9902 3.00075 1.6
    endloop
  endfacet
  facet normal 0.0891401 0.996019 0
    outer loop
      vertex 72.4561 3.04855 1.6
      vertex 72.9902 3.00075 1.25
      vertex 72.4561 3.04855 1.25
    endloop
  endfacet
  facet normal -0.109915 0.993941 0
    outer loop
      vertex 73.5391 3.06145 1.25
      vertex 72.9902 3.00075 1.6
      vertex 73.5391 3.06145 1.6
    endloop
  endfacet
  facet normal -0.109915 0.993941 0
    outer loop
      vertex 72.9902 3.00075 1.6
      vertex 73.5391 3.06145 1.25
      vertex 72.9902 3.00075 1.25
    endloop
  endfacet
  facet normal -0.995047 0.0994095 0
    outer loop
      vertex 80.4327 4.49532 1.25
      vertex 80.4724 4.8927 1.6
      vertex 80.4724 4.8927 1.25
    endloop
  endfacet
  facet normal -0.995047 0.0994095 0
    outer loop
      vertex 80.4724 4.8927 1.6
      vertex 80.4327 4.49532 1.25
      vertex 80.4327 4.49532 1.6
    endloop
  endfacet
  facet normal -0.923354 0.383951 0
    outer loop
      vertex 80.4724 4.8927 1.25
      vertex 80.5914 5.17888 1.6
      vertex 80.5914 5.17888 1.25
    endloop
  endfacet
  facet normal -0.923354 0.383951 0
    outer loop
      vertex 80.5914 5.17888 1.6
      vertex 80.4724 4.8927 1.25
      vertex 80.4724 4.8927 1.6
    endloop
  endfacet
  facet normal -0.672675 0.739938 0
    outer loop
      vertex 80.7816 5.35179 1.25
      vertex 80.5914 5.17888 1.6
      vertex 80.7816 5.35179 1.6
    endloop
  endfacet
  facet normal -0.672675 0.739938 0
    outer loop
      vertex 80.5914 5.17888 1.6
      vertex 80.7816 5.35179 1.25
      vertex 80.5914 5.17888 1.25
    endloop
  endfacet
  facet normal -0.221921 0.975065 0
    outer loop
      vertex 81.0349 5.40944 1.25
      vertex 80.7816 5.35179 1.6
      vertex 81.0349 5.40944 1.6
    endloop
  endfacet
  facet normal -0.221921 0.975065 0
    outer loop
      vertex 80.7816 5.35179 1.6
      vertex 81.0349 5.40944 1.25
      vertex 80.7816 5.35179 1.25
    endloop
  endfacet
  facet normal 0.0668678 0.997762 -0
    outer loop
      vertex 81.1868 5.39926 1.25
      vertex 81.0349 5.40944 1.6
      vertex 81.1868 5.39926 1.6
    endloop
  endfacet
  facet normal 0.0668678 0.997762 0
    outer loop
      vertex 81.0349 5.40944 1.6
      vertex 81.1868 5.39926 1.25
      vertex 81.0349 5.40944 1.25
    endloop
  endfacet
  facet normal 0.173041 0.984915 -0
    outer loop
      vertex 81.3604 5.36876 1.25
      vertex 81.1868 5.39926 1.6
      vertex 81.3604 5.36876 1.6
    endloop
  endfacet
  facet normal 0.173041 0.984915 0
    outer loop
      vertex 81.1868 5.39926 1.6
      vertex 81.3604 5.36876 1.25
      vertex 81.1868 5.39926 1.25
    endloop
  endfacet
  facet normal -1 0 0
    outer loop
      vertex 81.3604 5.36876 1.25
      vertex 81.3604 6.0062 1.6
      vertex 81.3604 6.0062 1.25
    endloop
  endfacet
  facet normal -1 -0 0
    outer loop
      vertex 81.3604 6.0062 1.6
      vertex 81.3604 5.36876 1.25
      vertex 81.3604 5.36876 1.6
    endloop
  endfacet
  facet normal -0.281916 -0.959439 0
    outer loop
      vertex 81.2566 6.0367 1.25
      vertex 81.3604 6.0062 1.6
      vertex 81.2566 6.0367 1.6
    endloop
  endfacet
  facet normal -0.281916 -0.959439 -0
    outer loop
      vertex 81.3604 6.0062 1.6
      vertex 81.2566 6.0367 1.25
      vertex 81.3604 6.0062 1.25
    endloop
  endfacet
  facet normal -0.0767772 -0.997048 0
    outer loop
      vertex 81.1244 6.04688 1.25
      vertex 81.2566 6.0367 1.6
      vertex 81.1244 6.04688 1.6
    endloop
  endfacet
  facet normal -0.0767772 -0.997048 -0
    outer loop
      vertex 81.2566 6.0367 1.6
      vertex 81.1244 6.04688 1.25
      vertex 81.2566 6.0367 1.25
    endloop
  endfacet
  facet normal 0.0925926 -0.995704 0
    outer loop
      vertex 80.9603 6.03162 1.25
      vertex 81.1244 6.04688 1.6
      vertex 80.9603 6.03162 1.6
    endloop
  endfacet
  facet normal 0.0925926 -0.995704 0
    outer loop
      vertex 81.1244 6.04688 1.6
      vertex 80.9603 6.03162 1.25
      vertex 81.1244 6.04688 1.25
    endloop
  endfacet
  facet normal 0.322648 -0.946519 0
    outer loop
      vertex 80.826 5.98584 1.25
      vertex 80.9603 6.03162 1.6
      vertex 80.826 5.98584 1.6
    endloop
  endfacet
  facet normal 0.322648 -0.946519 0
    outer loop
      vertex 80.9603 6.03162 1.6
      vertex 80.826 5.98584 1.25
      vertex 80.9603 6.03162 1.25
    endloop
  endfacet
  facet normal 0.570783 -0.821101 0
    outer loop
      vertex 80.7148 5.90854 1.25
      vertex 80.826 5.98584 1.6
      vertex 80.7148 5.90854 1.6
    endloop
  endfacet
  facet normal 0.570783 -0.821101 0
    outer loop
      vertex 80.826 5.98584 1.6
      vertex 80.7148 5.90854 1.25
      vertex 80.826 5.98584 1.25
    endloop
  endfacet
  facet normal 0.756752 -0.653702 0
    outer loop
      vertex 80.6199 5.79868 1.6
      vertex 80.7148 5.90854 1.25
      vertex 80.7148 5.90854 1.6
    endloop
  endfacet
  facet normal 0.756752 -0.653702 0
    outer loop
      vertex 80.7148 5.90854 1.25
      vertex 80.6199 5.79868 1.6
      vertex 80.6199 5.79868 1.25
    endloop
  endfacet
  facet normal 0.879759 -0.475421 0
    outer loop
      vertex 80.527 5.62677 1.6
      vertex 80.6199 5.79868 1.25
      vertex 80.6199 5.79868 1.6
    endloop
  endfacet
  facet normal 0.879759 -0.475421 0
    outer loop
      vertex 80.6199 5.79868 1.25
      vertex 80.527 5.62677 1.6
      vertex 80.527 5.62677 1.25
    endloop
  endfacet
  facet normal 0.928822 -0.370527 0
    outer loop
      vertex 80.4219 5.36331 1.6
      vertex 80.527 5.62677 1.25
      vertex 80.527 5.62677 1.6
    endloop
  endfacet
  facet normal 0.928822 -0.370527 0
    outer loop
      vertex 80.527 5.62677 1.25
      vertex 80.4219 5.36331 1.6
      vertex 80.4219 5.36331 1.25
    endloop
  endfacet
  facet normal 0 -1 0
    outer loop
      vertex 80.411 5.36331 1.25
      vertex 80.4219 5.36331 1.6
      vertex 80.411 5.36331 1.6
    endloop
  endfacet
  facet normal 0 -1 -0
    outer loop
      vertex 80.4219 5.36331 1.6
      vertex 80.411 5.36331 1.25
      vertex 80.4219 5.36331 1.25
    endloop
  endfacet
  facet normal -0.999619 -0.0276071 0
    outer loop
      vertex 80.411 5.36331 1.25
      vertex 80.4076 5.48642 1.6
      vertex 80.4076 5.48642 1.25
    endloop
  endfacet
  facet normal -0.999619 -0.0276071 0
    outer loop
      vertex 80.4076 5.48642 1.6
      vertex 80.411 5.36331 1.25
      vertex 80.411 5.36331 1.6
    endloop
  endfacet
  facet normal -0.998806 -0.048852 0
    outer loop
      vertex 80.4076 5.48642 1.25
      vertex 80.3975 5.69292 1.6
      vertex 80.3975 5.69292 1.25
    endloop
  endfacet
  facet normal -0.998806 -0.048852 0
    outer loop
      vertex 80.3975 5.69292 1.6
      vertex 80.4076 5.48642 1.25
      vertex 80.4076 5.48642 1.6
    endloop
  endfacet
  facet normal -0.998083 -0.0618927 0
    outer loop
      vertex 80.3975 5.69292 1.25
      vertex 80.3852 5.89127 1.6
      vertex 80.3852 5.89127 1.25
    endloop
  endfacet
  facet normal -0.998083 -0.0618927 0
    outer loop
      vertex 80.3852 5.89127 1.6
      vertex 80.3975 5.69292 1.25
      vertex 80.3975 5.69292 1.6
    endloop
  endfacet
  facet normal -0.995394 -0.0958662 0
    outer loop
      vertex 80.3852 5.89127 1.25
      vertex 80.3757 5.98991 1.6
      vertex 80.3757 5.98991 1.25
    endloop
  endfacet
  facet normal -0.995394 -0.0958662 0
    outer loop
      vertex 80.3757 5.98991 1.6
      vertex 80.3852 5.89127 1.25
      vertex 80.3852 5.89127 1.6
    endloop
  endfacet
  facet normal 0 -1 0
    outer loop
      vertex 79.6488 5.98991 1.25
      vertex 80.3757 5.98991 1.6
      vertex 79.6488 5.98991 1.6
    endloop
  endfacet
  facet normal 0 -1 -0
    outer loop
      vertex 80.3757 5.98991 1.6
      vertex 79.6488 5.98991 1.25
      vertex 80.3757 5.98991 1.25
    endloop
  endfacet
  facet normal 0.998308 0.0581452 0
    outer loop
      vertex 79.6566 5.85599 1.6
      vertex 79.6488 5.98991 1.25
      vertex 79.6488 5.98991 1.6
    endloop
  endfacet
  facet normal 0.998308 0.0581452 0
    outer loop
      vertex 79.6488 5.98991 1.25
      vertex 79.6566 5.85599 1.6
      vertex 79.6566 5.85599 1.25
    endloop
  endfacet
  facet normal 0.998914 0.0465863 0
    outer loop
      vertex 79.6637 5.70375 1.6
      vertex 79.6566 5.85599 1.25
      vertex 79.6566 5.85599 1.6
    endloop
  endfacet
  facet normal 0.998914 0.0465863 0
    outer loop
      vertex 79.6566 5.85599 1.25
      vertex 79.6637 5.70375 1.6
      vertex 79.6637 5.70375 1.25
    endloop
  endfacet
  facet normal 0.999605 0.0281036 0
    outer loop
      vertex 79.6688 5.52235 1.6
      vertex 79.6637 5.70375 1.25
      vertex 79.6637 5.70375 1.6
    endloop
  endfacet
  facet normal 0.999605 0.0281036 0
    outer loop
      vertex 79.6637 5.70375 1.25
      vertex 79.6688 5.52235 1.6
      vertex 79.6688 5.52235 1.25
    endloop
  endfacet
  facet normal 0.999971 0.00767818 0
    outer loop
      vertex 79.6705 5.30095 1.6
      vertex 79.6688 5.52235 1.25
      vertex 79.6688 5.52235 1.6
    endloop
  endfacet
  facet normal 0.999971 0.00767818 0
    outer loop
      vertex 79.6688 5.52235 1.25
      vertex 79.6705 5.30095 1.6
      vertex 79.6705 5.30095 1.25
    endloop
  endfacet
  facet normal 1 -0 0
    outer loop
      vertex 79.6705 3.05499 1.6
      vertex 79.6705 5.30095 1.25
      vertex 79.6705 5.30095 1.6
    endloop
  endfacet
  facet normal 1 0 0
    outer loop
      vertex 79.6705 5.30095 1.25
      vertex 79.6705 3.05499 1.6
      vertex 79.6705 3.05499 1.25
    endloop
  endfacet
  facet normal 0 1 -0
    outer loop
      vertex 80.4327 3.05499 1.25
      vertex 79.6705 3.05499 1.6
      vertex 80.4327 3.05499 1.6
    endloop
  endfacet
  facet normal 0 1 0
    outer loop
      vertex 79.6705 3.05499 1.6
      vertex 80.4327 3.05499 1.25
      vertex 79.6705 3.05499 1.25
    endloop
  endfacet
  facet normal -1 0 0
    outer loop
      vertex 80.4327 3.05499 1.25
      vertex 80.4327 4.49532 1.6
      vertex 80.4327 4.49532 1.25
    endloop
  endfacet
  facet normal -1 -0 0
    outer loop
      vertex 80.4327 4.49532 1.6
      vertex 80.4327 3.05499 1.25
      vertex 80.4327 3.05499 1.6
    endloop
  endfacet
  facet normal -0.784559 0.620055 0
    outer loop
      vertex 78.6489 3.20012 1.25
      vertex 79.1216 3.79823 1.6
      vertex 79.1216 3.79823 1.25
    endloop
  endfacet
  facet normal -0.784559 0.620055 0
    outer loop
      vertex 79.1216 3.79823 1.6
      vertex 78.6489 3.20012 1.25
      vertex 78.6489 3.20012 1.6
    endloop
  endfacet
  facet normal -0.0864329 -0.996258 0
    outer loop
      vertex 78.4027 3.8606 1.25
      vertex 79.1216 3.79823 1.6
      vertex 78.4027 3.8606 1.6
    endloop
  endfacet
  facet normal -0.0864329 -0.996258 -0
    outer loop
      vertex 79.1216 3.79823 1.6
      vertex 78.4027 3.8606 1.25
      vertex 79.1216 3.79823 1.25
    endloop
  endfacet
  facet normal 0.824209 -0.566286 0
    outer loop
      vertex 78.2224 3.59818 1.6
      vertex 78.4027 3.8606 1.25
      vertex 78.4027 3.8606 1.6
    endloop
  endfacet
  facet normal 0.824209 -0.566286 0
    outer loop
      vertex 78.4027 3.8606 1.25
      vertex 78.2224 3.59818 1.6
      vertex 78.2224 3.59818 1.25
    endloop
  endfacet
  facet normal 0.256503 -0.966543 0
    outer loop
      vertex 77.8928 3.51071 1.25
      vertex 78.2224 3.59818 1.6
      vertex 77.8928 3.51071 1.6
    endloop
  endfacet
  facet normal 0.256503 -0.966543 0
    outer loop
      vertex 78.2224 3.59818 1.6
      vertex 77.8928 3.51071 1.25
      vertex 78.2224 3.59818 1.25
    endloop
  endfacet
  facet normal -0.2059 -0.978573 0
    outer loop
      vertex 77.6334 3.56529 1.25
      vertex 77.8928 3.51071 1.6
      vertex 77.6334 3.56529 1.6
    endloop
  endfacet
  facet normal -0.2059 -0.978573 -0
    outer loop
      vertex 77.8928 3.51071 1.6
      vertex 77.6334 3.56529 1.25
      vertex 77.8928 3.51071 1.25
    endloop
  endfacet
  facet normal -0.648499 -0.761216 0
    outer loop
      vertex 77.4412 3.72903 1.25
      vertex 77.6334 3.56529 1.6
      vertex 77.4412 3.72903 1.6
    endloop
  endfacet
  facet normal -0.648499 -0.761216 -0
    outer loop
      vertex 77.6334 3.56529 1.6
      vertex 77.4412 3.72903 1.25
      vertex 77.6334 3.56529 1.25
    endloop
  endfacet
  facet normal -0.91557 -0.402159 0
    outer loop
      vertex 77.4412 3.72903 1.25
      vertex 77.3222 3.99995 1.6
      vertex 77.3222 3.99995 1.25
    endloop
  endfacet
  facet normal -0.91557 -0.402159 0
    outer loop
      vertex 77.3222 3.99995 1.6
      vertex 77.4412 3.72903 1.25
      vertex 77.4412 3.72903 1.6
    endloop
  endfacet
  facet normal -0.994473 -0.10499 0
    outer loop
      vertex 77.3222 3.99995 1.25
      vertex 77.2825 4.37599 1.6
      vertex 77.2825 4.37599 1.25
    endloop
  endfacet
  facet normal -0.994473 -0.10499 0
    outer loop
      vertex 77.2825 4.37599 1.6
      vertex 77.3222 3.99995 1.25
      vertex 77.3222 3.99995 1.6
    endloop
  endfacet
  facet normal 0 1 -0
    outer loop
      vertex 79.165 4.37599 1.25
      vertex 77.2825 4.37599 1.6
      vertex 79.165 4.37599 1.6
    endloop
  endfacet
  facet normal 0 1 0
    outer loop
      vertex 77.2825 4.37599 1.6
      vertex 79.165 4.37599 1.25
      vertex 77.2825 4.37599 1.25
    endloop
  endfacet
  facet normal -1 0 0
    outer loop
      vertex 79.165 4.37599 1.25
      vertex 79.165 4.39767 1.6
      vertex 79.165 4.39767 1.25
    endloop
  endfacet
  facet normal -1 -0 0
    outer loop
      vertex 79.165 4.39767 1.6
      vertex 79.165 4.37599 1.25
      vertex 79.165 4.37599 1.6
    endloop
  endfacet
  facet normal -0.993191 -0.116498 0
    outer loop
      vertex 79.165 4.39767 1.25
      vertex 79.0816 5.10869 1.6
      vertex 79.0816 5.10869 1.25
    endloop
  endfacet
  facet normal -0.993191 -0.116498 0
    outer loop
      vertex 79.0816 5.10869 1.6
      vertex 79.165 4.39767 1.25
      vertex 79.165 4.39767 1.6
    endloop
  endfacet
  facet normal -0.899863 -0.436173 0
    outer loop
      vertex 79.0816 5.10869 1.25
      vertex 78.8313 5.62508 1.6
      vertex 78.8313 5.62508 1.25
    endloop
  endfacet
  facet normal -0.899863 -0.436173 0
    outer loop
      vertex 78.8313 5.62508 1.6
      vertex 79.0816 5.10869 1.25
      vertex 79.0816 5.10869 1.6
    endloop
  endfacet
  facet normal -0.610077 -0.792342 0
    outer loop
      vertex 78.4231 5.93938 1.25
      vertex 78.8313 5.62508 1.6
      vertex 78.4231 5.93938 1.6
    endloop
  endfacet
  facet normal -0.610077 -0.792342 -0
    outer loop
      vertex 78.8313 5.62508 1.6
      vertex 78.4231 5.93938 1.25
      vertex 78.8313 5.62508 1.25
    endloop
  endfacet
  facet normal -0.184744 -0.982787 0
    outer loop
      vertex 77.8657 6.04416 1.25
      vertex 78.4231 5.93938 1.6
      vertex 77.8657 6.04416 1.6
    endloop
  endfacet
  facet normal -0.184744 -0.982787 -0
    outer loop
      vertex 78.4231 5.93938 1.6
      vertex 77.8657 6.04416 1.25
      vertex 78.4231 5.93938 1.25
    endloop
  endfacet
  facet normal 0.164224 -0.986423 0
    outer loop
      vertex 77.2791 5.9465 1.25
      vertex 77.8657 6.04416 1.6
      vertex 77.2791 5.9465 1.6
    endloop
  endfacet
  facet normal 0.164224 -0.986423 0
    outer loop
      vertex 77.8657 6.04416 1.6
      vertex 77.2791 5.9465 1.25
      vertex 77.8657 6.04416 1.25
    endloop
  endfacet
  facet normal 0.557706 -0.830039 0
    outer loop
      vertex 76.8431 5.65355 1.25
      vertex 77.2791 5.9465 1.6
      vertex 76.8431 5.65355 1.6
    endloop
  endfacet
  facet normal 0.557706 -0.830039 0
    outer loop
      vertex 77.2791 5.9465 1.6
      vertex 76.8431 5.65355 1.25
      vertex 77.2791 5.9465 1.25
    endloop
  endfacet
  facet normal 0.868747 -0.495256 0
    outer loop
      vertex 76.5725 5.17888 1.6
      vertex 76.8431 5.65355 1.25
      vertex 76.8431 5.65355 1.6
    endloop
  endfacet
  facet normal 0.868747 -0.495256 0
    outer loop
      vertex 76.8431 5.65355 1.25
      vertex 76.5725 5.17888 1.6
      vertex 76.5725 5.17888 1.25
    endloop
  endfacet
  facet normal 0.990299 -0.138952 0
    outer loop
      vertex 76.4823 4.53603 1.6
      vertex 76.5725 5.17888 1.25
      vertex 76.5725 5.17888 1.6
    endloop
  endfacet
  facet normal 0.990299 -0.138952 0
    outer loop
      vertex 76.5725 5.17888 1.25
      vertex 76.4823 4.53603 1.6
      vertex 76.4823 4.53603 1.25
    endloop
  endfacet
  facet normal 0.99111 0.133047 0
    outer loop
      vertex 76.5711 3.87453 1.6
      vertex 76.4823 4.53603 1.25
      vertex 76.4823 4.53603 1.6
    endloop
  endfacet
  facet normal 0.99111 0.133047 0
    outer loop
      vertex 76.4823 4.53603 1.25
      vertex 76.5711 3.87453 1.6
      vertex 76.5711 3.87453 1.25
    endloop
  endfacet
  facet normal 0.87506 0.484015 0
    outer loop
      vertex 76.8376 3.39272 1.6
      vertex 76.5711 3.87453 1.25
      vertex 76.5711 3.87453 1.6
    endloop
  endfacet
  facet normal 0.87506 0.484015 0
    outer loop
      vertex 76.5711 3.87453 1.25
      vertex 76.8376 3.39272 1.6
      vertex 76.8376 3.39272 1.25
    endloop
  endfacet
  facet normal 0.562598 0.826731 -0
    outer loop
      vertex 77.2696 3.09874 1.25
      vertex 76.8376 3.39272 1.6
      vertex 77.2696 3.09874 1.6
    endloop
  endfacet
  facet normal 0.562598 0.826731 0
    outer loop
      vertex 76.8376 3.39272 1.6
      vertex 77.2696 3.09874 1.25
      vertex 76.8376 3.39272 1.25
    endloop
  endfacet
  facet normal 0.165148 0.986269 -0
    outer loop
      vertex 77.8548 3.00075 1.25
      vertex 77.2696 3.09874 1.6
      vertex 77.8548 3.00075 1.6
    endloop
  endfacet
  facet normal 0.165148 0.986269 0
    outer loop
      vertex 77.2696 3.09874 1.6
      vertex 77.8548 3.00075 1.25
      vertex 77.2696 3.09874 1.25
    endloop
  endfacet
  facet normal -0.243507 0.969899 0
    outer loop
      vertex 78.6489 3.20012 1.25
      vertex 77.8548 3.00075 1.6
      vertex 78.6489 3.20012 1.6
    endloop
  endfacet
  facet normal -0.243507 0.969899 0
    outer loop
      vertex 77.8548 3.00075 1.6
      vertex 78.6489 3.20012 1.25
      vertex 77.8548 3.00075 1.25
    endloop
  endfacet
  facet normal -0.990097 0.140388 0
    outer loop
      vertex 77.2879 4.85339 1.25
      vertex 77.3303 5.15242 1.6
      vertex 77.3303 5.15242 1.25
    endloop
  endfacet
  facet normal -0.990097 0.140388 0
    outer loop
      vertex 77.3303 5.15242 1.6
      vertex 77.2879 4.85339 1.25
      vertex 77.2879 4.85339 1.6
    endloop
  endfacet
  facet normal -0.896542 0.442959 0
    outer loop
      vertex 77.3303 5.15242 1.25
      vertex 77.4412 5.37688 1.6
      vertex 77.4412 5.37688 1.25
    endloop
  endfacet
  facet normal -0.896542 0.442959 0
    outer loop
      vertex 77.4412 5.37688 1.6
      vertex 77.3303 5.15242 1.25
      vertex 77.3303 5.15242 1.6
    endloop
  endfacet
  facet normal -0.623801 0.781584 0
    outer loop
      vertex 77.6171 5.51727 1.25
      vertex 77.4412 5.37688 1.6
      vertex 77.6171 5.51727 1.6
    endloop
  endfacet
  facet normal -0.623801 0.781584 0
    outer loop
      vertex 77.4412 5.37688 1.6
      vertex 77.6171 5.51727 1.25
      vertex 77.4412 5.37688 1.25
    endloop
  endfacet
  facet normal -0.193178 0.981164 0
    outer loop
      vertex 77.8548 5.56407 1.25
      vertex 77.6171 5.51727 1.6
      vertex 77.8548 5.56407 1.6
    endloop
  endfacet
  facet normal -0.193178 0.981164 0
    outer loop
      vertex 77.6171 5.51727 1.6
      vertex 77.8548 5.56407 1.25
      vertex 77.6171 5.51727 1.25
    endloop
  endfacet
  facet normal 0.192449 0.981307 -0
    outer loop
      vertex 78.0813 5.51965 1.25
      vertex 77.8548 5.56407 1.6
      vertex 78.0813 5.51965 1.6
    endloop
  endfacet
  facet normal 0.192449 0.981307 0
    outer loop
      vertex 77.8548 5.56407 1.6
      vertex 78.0813 5.51965 1.25
      vertex 77.8548 5.56407 1.25
    endloop
  endfacet
  facet normal 0.605803 0.795614 -0
    outer loop
      vertex 78.2563 5.3864 1.25
      vertex 78.0813 5.51965 1.6
      vertex 78.2563 5.3864 1.6
    endloop
  endfacet
  facet normal 0.605803 0.795614 0
    outer loop
      vertex 78.0813 5.51965 1.6
      vertex 78.2563 5.3864 1.25
      vertex 78.0813 5.51965 1.25
    endloop
  endfacet
  facet normal 0.884244 0.467026 0
    outer loop
      vertex 78.3736 5.16431 1.6
      vertex 78.2563 5.3864 1.25
      vertex 78.2563 5.3864 1.6
    endloop
  endfacet
  facet normal 0.884244 0.467026 0
    outer loop
      vertex 78.2563 5.3864 1.25
      vertex 78.3736 5.16431 1.6
      vertex 78.3736 5.16431 1.25
    endloop
  endfacet
  facet normal 0.985464 0.169886 0
    outer loop
      vertex 78.4272 4.85339 1.6
      vertex 78.3736 5.16431 1.25
      vertex 78.3736 5.16431 1.6
    endloop
  endfacet
  facet normal 0.985464 0.169886 0
    outer loop
      vertex 78.3736 5.16431 1.25
      vertex 78.4272 4.85339 1.6
      vertex 78.4272 4.85339 1.25
    endloop
  endfacet
  facet normal 0 -1 0
    outer loop
      vertex 77.2879 4.85339 1.25
      vertex 78.4272 4.85339 1.6
      vertex 77.2879 4.85339 1.6
    endloop
  endfacet
  facet normal 0 -1 -0
    outer loop
      vertex 78.4272 4.85339 1.6
      vertex 77.2879 4.85339 1.25
      vertex 78.4272 4.85339 1.25
    endloop
  endfacet
  facet normal 0.841203 0.540719 0
    outer loop
      vertex 70.6455 3.05499 1.6
      vertex 69.962 4.11832 1.25
      vertex 69.962 4.11832 1.6
    endloop
  endfacet
  facet normal 0.841203 0.540719 0
    outer loop
      vertex 69.962 4.11832 1.25
      vertex 70.6455 3.05499 1.6
      vertex 70.6455 3.05499 1.25
    endloop
  endfacet
  facet normal 0 1 -0
    outer loop
      vertex 71.4728 3.05499 1.25
      vertex 70.6455 3.05499 1.6
      vertex 71.4728 3.05499 1.6
    endloop
  endfacet
  facet normal 0 1 0
    outer loop
      vertex 70.6455 3.05499 1.6
      vertex 71.4728 3.05499 1.25
      vertex 70.6455 3.05499 1.25
    endloop
  endfacet
  facet normal -0.815423 -0.578865 0
    outer loop
      vertex 71.4728 3.05499 1.25
      vertex 70.3906 4.57944 1.6
      vertex 70.3906 4.57944 1.25
    endloop
  endfacet
  facet normal -0.815423 -0.578865 0
    outer loop
      vertex 70.3906 4.57944 1.6
      vertex 71.4728 3.05499 1.25
      vertex 71.4728 3.05499 1.6
    endloop
  endfacet
  facet normal -0.809608 0.586971 0
    outer loop
      vertex 70.3906 4.57944 1.25
      vertex 71.4132 5.98991 1.6
      vertex 71.4132 5.98991 1.25
    endloop
  endfacet
  facet normal -0.809608 0.586971 0
    outer loop
      vertex 71.4132 5.98991 1.6
      vertex 70.3906 4.57944 1.25
      vertex 70.3906 4.57944 1.6
    endloop
  endfacet
  facet normal 0 -1 0
    outer loop
      vertex 70.5859 5.98991 1.25
      vertex 71.4132 5.98991 1.6
      vertex 70.5859 5.98991 1.6
    endloop
  endfacet
  facet normal 0 -1 -0
    outer loop
      vertex 71.4132 5.98991 1.6
      vertex 70.5859 5.98991 1.25
      vertex 71.4132 5.98991 1.25
    endloop
  endfacet
  facet normal 0.838535 -0.544847 0
    outer loop
      vertex 69.962 5.02971 1.6
      vertex 70.5859 5.98991 1.25
      vertex 70.5859 5.98991 1.6
    endloop
  endfacet
  facet normal 0.838535 -0.544847 0
    outer loop
      vertex 70.5859 5.98991 1.25
      vertex 69.962 5.02971 1.6
      vertex 69.962 5.02971 1.25
    endloop
  endfacet
  facet normal -0.837458 -0.546502 0
    outer loop
      vertex 69.962 5.02971 1.25
      vertex 69.3354 5.98991 1.6
      vertex 69.3354 5.98991 1.25
    endloop
  endfacet
  facet normal -0.837458 -0.546502 0
    outer loop
      vertex 69.3354 5.98991 1.6
      vertex 69.962 5.02971 1.25
      vertex 69.962 5.02971 1.6
    endloop
  endfacet
  facet normal 0 -1 0
    outer loop
      vertex 68.5135 5.98991 1.25
      vertex 69.3354 5.98991 1.6
      vertex 68.5135 5.98991 1.6
    endloop
  endfacet
  facet normal 0 -1 -0
    outer loop
      vertex 69.3354 5.98991 1.6
      vertex 68.5135 5.98991 1.25
      vertex 69.3354 5.98991 1.25
    endloop
  endfacet
  facet normal 0.811214 0.584749 0
    outer loop
      vertex 69.5361 4.57127 1.6
      vertex 68.5135 5.98991 1.25
      vertex 68.5135 5.98991 1.6
    endloop
  endfacet
  facet normal 0.811214 0.584749 0
    outer loop
      vertex 68.5135 5.98991 1.25
      vertex 69.5361 4.57127 1.6
      vertex 69.5361 4.57127 1.25
    endloop
  endfacet
  facet normal 0.816007 -0.578042 0
    outer loop
      vertex 68.462 3.05499 1.6
      vertex 69.5361 4.57127 1.25
      vertex 69.5361 4.57127 1.6
    endloop
  endfacet
  facet normal 0.816007 -0.578042 0
    outer loop
      vertex 69.5361 4.57127 1.25
      vertex 68.462 3.05499 1.6
      vertex 68.462 3.05499 1.25
    endloop
  endfacet
  facet normal 0 1 -0
    outer loop
      vertex 69.273 3.05499 1.25
      vertex 68.462 3.05499 1.6
      vertex 69.273 3.05499 1.6
    endloop
  endfacet
  facet normal 0 1 0
    outer loop
      vertex 68.462 3.05499 1.6
      vertex 69.273 3.05499 1.25
      vertex 68.462 3.05499 1.25
    endloop
  endfacet
  facet normal -0.839223 0.543787 0
    outer loop
      vertex 69.273 3.05499 1.25
      vertex 69.962 4.11832 1.6
      vertex 69.962 4.11832 1.25
    endloop
  endfacet
  facet normal -0.839223 0.543787 0
    outer loop
      vertex 69.962 4.11832 1.6
      vertex 69.273 3.05499 1.25
      vertex 69.273 3.05499 1.6
    endloop
  endfacet
endsolid OpenSCAD_Model
