solid OpenSCAD_Model
  facet normal 0 0 -1
    outer loop
      vertex 30.32 4.91 0.579999
      vertex 29.36 5.87 0.579999
      vertex 30.32 14.51 0.579999
    endloop
  endfacet
  facet normal 0 0 -1
    outer loop
      vertex 30.32 4.91 0.579999
      vertex 21.68 5.87 0.579999
      vertex 29.36 5.87 0.579999
    endloop
  endfacet
  facet normal -0 0 -1
    outer loop
      vertex 21.68 5.87 0.579999
      vertex 20.72 4.91 0.579999
      vertex 21.68 13.55 0.579999
    endloop
  endfacet
  facet normal 0 0 -1
    outer loop
      vertex 20.72 4.91 0.579999
      vertex 21.68 5.87 0.579999
      vertex 30.32 4.91 0.579999
    endloop
  endfacet
  facet normal 0 0 -1
    outer loop
      vertex 29.36 13.55 0.579999
      vertex 30.32 14.51 0.579999
      vertex 29.36 5.87 0.579999
    endloop
  endfacet
  facet normal 0 0 -1
    outer loop
      vertex 21.68 13.55 0.579999
      vertex 30.32 14.51 0.579999
      vertex 29.36 13.55 0.579999
    endloop
  endfacet
  facet normal 0 0 -1
    outer loop
      vertex 21.68 13.55 0.579999
      vertex 20.72 14.51 0.579999
      vertex 30.32 14.51 0.579999
    endloop
  endfacet
  facet normal 0 0 -1
    outer loop
      vertex 20.72 14.51 0.579999
      vertex 21.68 13.55 0.579999
      vertex 20.72 4.91 0.579999
    endloop
  endfacet
  facet normal 1 -0 0
    outer loop
      vertex 20.72 4.91 0.579999
      vertex 20.72 14.51 0
      vertex 20.72 14.51 0.579999
    endloop
  endfacet
  facet normal 1 0 0
    outer loop
      vertex 20.72 14.51 0
      vertex 20.72 4.91 0.579999
      vertex 20.72 4.91 0
    endloop
  endfacet
  facet normal 0 -1 0
    outer loop
      vertex 21.68 5.87 0
      vertex 29.36 5.87 0.579999
      vertex 21.68 5.87 0.579999
    endloop
  endfacet
  facet normal 0 -1 -0
    outer loop
      vertex 29.36 5.87 0.579999
      vertex 21.68 5.87 0
      vertex 29.36 5.87 0
    endloop
  endfacet
  facet normal 0 1 -0
    outer loop
      vertex 30.32 4.91 0
      vertex 20.72 4.91 0.579999
      vertex 30.32 4.91 0.579999
    endloop
  endfacet
  facet normal 0 1 0
    outer loop
      vertex 20.72 4.91 0.579999
      vertex 30.32 4.91 0
      vertex 20.72 4.91 0
    endloop
  endfacet
  facet normal -1 0 0
    outer loop
      vertex 30.32 4.91 0
      vertex 30.32 14.51 0.579999
      vertex 30.32 14.51 0
    endloop
  endfacet
  facet normal -1 -0 0
    outer loop
      vertex 30.32 14.51 0.579999
      vertex 30.32 4.91 0
      vertex 30.32 4.91 0.579999
    endloop
  endfacet
  facet normal 0 0 -1
    outer loop
      vertex 31.28 4.91 0.579999
      vertex 33.2 7.79 0.579999
      vertex 33.2 4.91 0.579999
    endloop
  endfacet
  facet normal -0 0 -1
    outer loop
      vertex 33.2 7.79 0.579999
      vertex 31.28 4.91 0.579999
      vertex 31.28 7.79 0.579999
    endloop
  endfacet
  facet normal 1 -0 0
    outer loop
      vertex 31.28 4.91 0.579999
      vertex 31.28 7.79 0
      vertex 31.28 7.79 0.579999
    endloop
  endfacet
  facet normal 1 0 0
    outer loop
      vertex 31.28 7.79 0
      vertex 31.28 4.91 0.579999
      vertex 31.28 4.91 0
    endloop
  endfacet
  facet normal 0 1 -0
    outer loop
      vertex 33.2 4.91 0
      vertex 31.28 4.91 0.579999
      vertex 33.2 4.91 0.579999
    endloop
  endfacet
  facet normal 0 1 0
    outer loop
      vertex 31.28 4.91 0.579999
      vertex 33.2 4.91 0
      vertex 31.28 4.91 0
    endloop
  endfacet
  facet normal -1 0 0
    outer loop
      vertex 33.2 4.91 0
      vertex 33.2 7.79 0.579999
      vertex 33.2 7.79 0
    endloop
  endfacet
  facet normal -1 -0 0
    outer loop
      vertex 33.2 7.79 0.579999
      vertex 33.2 4.91 0
      vertex 33.2 4.91 0.579999
    endloop
  endfacet
  facet normal -1 0 0
    outer loop
      vertex 43.76 4.91 0
      vertex 43.76 8.75 0.579999
      vertex 43.76 8.75 0
    endloop
  endfacet
  facet normal -1 -0 0
    outer loop
      vertex 43.76 8.75 0.579999
      vertex 43.76 4.91 0
      vertex 43.76 4.91 0.579999
    endloop
  endfacet
  facet normal 0 0 -1
    outer loop
      vertex 42.8 7.79 0.579999
      vertex 43.76 4.91 0.579999
      vertex 42.8 4.91 0.579999
    endloop
  endfacet
  facet normal 0 0 -1
    outer loop
      vertex 43.76 4.91 0.579999
      vertex 42.8 7.79 0.579999
      vertex 43.76 8.75 0.579999
    endloop
  endfacet
  facet normal 0 0 -1
    outer loop
      vertex 42.8 7.79 0.579999
      vertex 42.8 8.75 0.579999
      vertex 43.76 8.75 0.579999
    endloop
  endfacet
  facet normal 0 0 -1
    outer loop
      vertex 40.88 8.75 0.579999
      vertex 42.8 8.75 0.579999
      vertex 42.8 7.79 0.579999
    endloop
  endfacet
  facet normal 0 0 -1
    outer loop
      vertex 40.88 8.75 0.579999
      vertex 42.8 7.79 0.579999
      vertex 40.88 7.79 0.579999
    endloop
  endfacet
  facet normal 0 0 -1
    outer loop
      vertex 42.8 8.75 0.579999
      vertex 40.88 8.75 0.579999
      vertex 42.8 10.67 0.579999
    endloop
  endfacet
  facet normal -0 0 -1
    outer loop
      vertex 42.8 10.67 0.579999
      vertex 40.88 8.75 0.579999
      vertex 40.88 10.67 0.579999
    endloop
  endfacet
  facet normal 0 0 -1
    outer loop
      vertex 39.92 7.79 0.579999
      vertex 40.88 7.79 0.579999
      vertex 40.88 5.87 0.579999
    endloop
  endfacet
  facet normal 0 0 -1
    outer loop
      vertex 39.92 7.79 0.579999
      vertex 40.88 5.87 0.579999
      vertex 39.92 5.87 0.579999
    endloop
  endfacet
  facet normal 0 0 -1
    outer loop
      vertex 40.88 7.79 0.579999
      vertex 39.92 7.79 0.579999
      vertex 40.88 8.75 0.579999
    endloop
  endfacet
  facet normal 0 0 -1
    outer loop
      vertex 38 8.75 0.579999
      vertex 39.92 7.79 0.579999
      vertex 38 7.79 0.579999
    endloop
  endfacet
  facet normal 0 0 -1
    outer loop
      vertex 39.92 7.79 0.579999
      vertex 38 8.75 0.579999
      vertex 40.88 8.75 0.579999
    endloop
  endfacet
  facet normal 1 -0 0
    outer loop
      vertex 42.8 4.91 0.579999
      vertex 42.8 7.79 0
      vertex 42.8 7.79 0.579999
    endloop
  endfacet
  facet normal 1 0 0
    outer loop
      vertex 42.8 7.79 0
      vertex 42.8 4.91 0.579999
      vertex 42.8 4.91 0
    endloop
  endfacet
  facet normal 0 1 -0
    outer loop
      vertex 43.76 4.91 0
      vertex 42.8 4.91 0.579999
      vertex 43.76 4.91 0.579999
    endloop
  endfacet
  facet normal 0 1 0
    outer loop
      vertex 42.8 4.91 0.579999
      vertex 43.76 4.91 0
      vertex 42.8 4.91 0
    endloop
  endfacet
  facet normal 0 0 -1
    outer loop
      vertex 50.48 7.79 0.579999
      vertex 53.36 7.79 0.579999
      vertex 53.36 4.91 0.579999
    endloop
  endfacet
  facet normal 0 0 -1
    outer loop
      vertex 53.36 7.79 0.579999
      vertex 52.4 8.75 0.579999
      vertex 53.36 8.75 0.579999
    endloop
  endfacet
  facet normal 0 0 -1
    outer loop
      vertex 53.36 8.75 0.579999
      vertex 52.4 8.75 0.579999
      vertex 53.36 10.67 0.579999
    endloop
  endfacet
  facet normal 0 0 -1
    outer loop
      vertex 53.36 7.79 0.579999
      vertex 50.48 7.79 0.579999
      vertex 52.4 8.75 0.579999
    endloop
  endfacet
  facet normal 0 0 -1
    outer loop
      vertex 47.6 5.87 0.579999
      vertex 50.48 7.79 0.579999
      vertex 53.36 4.91 0.579999
    endloop
  endfacet
  facet normal 0 0 -1
    outer loop
      vertex 47.6 8.75 0.579999
      vertex 49.52 7.79 0.579999
      vertex 47.6 5.87 0.579999
    endloop
  endfacet
  facet normal -0 0 -1
    outer loop
      vertex 50.48 7.79 0.579999
      vertex 47.6 5.87 0.579999
      vertex 49.52 7.79 0.579999
    endloop
  endfacet
  facet normal 0 0 -1
    outer loop
      vertex 45.68 4.91 0.579999
      vertex 47.6 5.87 0.579999
      vertex 53.36 4.91 0.579999
    endloop
  endfacet
  facet normal -0 0 -1
    outer loop
      vertex 47.6 5.87 0.579999
      vertex 45.68 4.91 0.579999
      vertex 45.68 5.87 0.579999
    endloop
  endfacet
  facet normal 0 0 -1
    outer loop
      vertex 53.36 7.79 0.579999
      vertex 55.28 8.75 0.579999
      vertex 55.28 7.79 0.579999
    endloop
  endfacet
  facet normal -0 0 -1
    outer loop
      vertex 55.28 8.75 0.579999
      vertex 53.36 7.79 0.579999
      vertex 53.36 8.75 0.579999
    endloop
  endfacet
  facet normal -0 0 -1
    outer loop
      vertex 53.36 10.67 0.579999
      vertex 52.4 8.75 0.579999
      vertex 52.4 10.67 0.579999
    endloop
  endfacet
  facet normal -0 0 -1
    outer loop
      vertex 52.4 8.75 0.579999
      vertex 50.48 7.79 0.579999
      vertex 50.48 8.75 0.579999
    endloop
  endfacet
  facet normal 0 0 -1
    outer loop
      vertex 49.52 7.79 0.579999
      vertex 47.6 8.75 0.579999
      vertex 49.52 11.63 0.579999
    endloop
  endfacet
  facet normal 0 0 -1
    outer loop
      vertex 47.6 8.75 0.579999
      vertex 47.6 11.63 0.579999
      vertex 49.52 11.63 0.579999
    endloop
  endfacet
  facet normal 0 0 -1
    outer loop
      vertex 46.64 10.67 0.579999
      vertex 47.6 11.63 0.579999
      vertex 47.6 8.75 0.579999
    endloop
  endfacet
  facet normal 0 0 -1
    outer loop
      vertex 46.64 13.55 0.579999
      vertex 47.6 11.63 0.579999
      vertex 46.64 10.67 0.579999
    endloop
  endfacet
  facet normal 0 0 -1
    outer loop
      vertex 45.68 8.75 0.579999
      vertex 46.64 10.67 0.579999
      vertex 47.6 8.75 0.579999
    endloop
  endfacet
  facet normal -0 0 -1
    outer loop
      vertex 46.64 10.67 0.579999
      vertex 45.68 8.75 0.579999
      vertex 45.68 10.67 0.579999
    endloop
  endfacet
  facet normal 0 0 -1
    outer loop
      vertex 47.6 11.63 0.579999
      vertex 46.64 13.55 0.579999
      vertex 47.6 13.55 0.579999
    endloop
  endfacet
  facet normal 1 -0 0
    outer loop
      vertex 45.68 4.91 0.579999
      vertex 45.68 5.87 0
      vertex 45.68 5.87 0.579999
    endloop
  endfacet
  facet normal 1 0 0
    outer loop
      vertex 45.68 5.87 0
      vertex 45.68 4.91 0.579999
      vertex 45.68 4.91 0
    endloop
  endfacet
  facet normal 0 -1 0
    outer loop
      vertex 45.68 5.87 0
      vertex 47.6 5.87 0.579999
      vertex 45.68 5.87 0.579999
    endloop
  endfacet
  facet normal 0 -1 -0
    outer loop
      vertex 47.6 5.87 0.579999
      vertex 45.68 5.87 0
      vertex 47.6 5.87 0
    endloop
  endfacet
  facet normal 0 1 -0
    outer loop
      vertex 53.36 4.91 0
      vertex 45.68 4.91 0.579999
      vertex 53.36 4.91 0.579999
    endloop
  endfacet
  facet normal 0 1 0
    outer loop
      vertex 45.68 4.91 0.579999
      vertex 53.36 4.91 0
      vertex 45.68 4.91 0
    endloop
  endfacet
  facet normal 1 -0 0
    outer loop
      vertex 47.6 5.87 0.579999
      vertex 47.6 8.75 0
      vertex 47.6 8.75 0.579999
    endloop
  endfacet
  facet normal 1 0 0
    outer loop
      vertex 47.6 8.75 0
      vertex 47.6 5.87 0.579999
      vertex 47.6 5.87 0
    endloop
  endfacet
  facet normal 1 -0 0
    outer loop
      vertex 50.48 7.79 0.579999
      vertex 50.48 8.75 0
      vertex 50.48 8.75 0.579999
    endloop
  endfacet
  facet normal 1 0 0
    outer loop
      vertex 50.48 8.75 0
      vertex 50.48 7.79 0.579999
      vertex 50.48 7.79 0
    endloop
  endfacet
  facet normal -1 0 0
    outer loop
      vertex 53.36 4.91 0
      vertex 53.36 7.79 0.579999
      vertex 53.36 7.79 0
    endloop
  endfacet
  facet normal -1 -0 0
    outer loop
      vertex 53.36 7.79 0.579999
      vertex 53.36 4.91 0
      vertex 53.36 4.91 0.579999
    endloop
  endfacet
  facet normal 0 0 -1
    outer loop
      vertex 65.84 4.91 0.579999
      vertex 64.88 5.87 0.579999
      vertex 65.84 14.51 0.579999
    endloop
  endfacet
  facet normal 0 0 -1
    outer loop
      vertex 65.84 4.91 0.579999
      vertex 57.2 5.87 0.579999
      vertex 64.88 5.87 0.579999
    endloop
  endfacet
  facet normal -0 0 -1
    outer loop
      vertex 57.2 5.87 0.579999
      vertex 56.24 4.91 0.579999
      vertex 57.2 13.55 0.579999
    endloop
  endfacet
  facet normal 0 0 -1
    outer loop
      vertex 56.24 4.91 0.579999
      vertex 57.2 5.87 0.579999
      vertex 65.84 4.91 0.579999
    endloop
  endfacet
  facet normal 0 0 -1
    outer loop
      vertex 64.88 13.55 0.579999
      vertex 65.84 14.51 0.579999
      vertex 64.88 5.87 0.579999
    endloop
  endfacet
  facet normal 0 0 -1
    outer loop
      vertex 57.2 13.55 0.579999
      vertex 65.84 14.51 0.579999
      vertex 64.88 13.55 0.579999
    endloop
  endfacet
  facet normal 0 0 -1
    outer loop
      vertex 57.2 13.55 0.579999
      vertex 56.24 14.51 0.579999
      vertex 65.84 14.51 0.579999
    endloop
  endfacet
  facet normal 0 0 -1
    outer loop
      vertex 56.24 14.51 0.579999
      vertex 57.2 13.55 0.579999
      vertex 56.24 4.91 0.579999
    endloop
  endfacet
  facet normal 1 -0 0
    outer loop
      vertex 56.24 4.91 0.579999
      vertex 56.24 14.51 0
      vertex 56.24 14.51 0.579999
    endloop
  endfacet
  facet normal 1 0 0
    outer loop
      vertex 56.24 14.51 0
      vertex 56.24 4.91 0.579999
      vertex 56.24 4.91 0
    endloop
  endfacet
  facet normal 0 1 -0
    outer loop
      vertex 65.84 4.91 0
      vertex 56.24 4.91 0.579999
      vertex 65.84 4.91 0.579999
    endloop
  endfacet
  facet normal 0 1 0
    outer loop
      vertex 56.24 4.91 0.579999
      vertex 65.84 4.91 0
      vertex 56.24 4.91 0
    endloop
  endfacet
  facet normal 0 -1 0
    outer loop
      vertex 57.2 5.87 0
      vertex 64.88 5.87 0.579999
      vertex 57.2 5.87 0.579999
    endloop
  endfacet
  facet normal 0 -1 -0
    outer loop
      vertex 64.88 5.87 0.579999
      vertex 57.2 5.87 0
      vertex 64.88 5.87 0
    endloop
  endfacet
  facet normal -1 0 0
    outer loop
      vertex 65.84 4.91 0
      vertex 65.84 14.51 0.579999
      vertex 65.84 14.51 0
    endloop
  endfacet
  facet normal -1 -0 0
    outer loop
      vertex 65.84 14.51 0.579999
      vertex 65.84 4.91 0
      vertex 65.84 4.91 0.579999
    endloop
  endfacet
  facet normal -1 0 0
    outer loop
      vertex 21.68 5.87 0
      vertex 21.68 13.55 0.579999
      vertex 21.68 13.55 0
    endloop
  endfacet
  facet normal -1 -0 0
    outer loop
      vertex 21.68 13.55 0.579999
      vertex 21.68 5.87 0
      vertex 21.68 5.87 0.579999
    endloop
  endfacet
  facet normal 1 -0 0
    outer loop
      vertex 29.36 5.87 0.579999
      vertex 29.36 13.55 0
      vertex 29.36 13.55 0.579999
    endloop
  endfacet
  facet normal 1 0 0
    outer loop
      vertex 29.36 13.55 0
      vertex 29.36 5.87 0.579999
      vertex 29.36 5.87 0
    endloop
  endfacet
  facet normal -1 0 0
    outer loop
      vertex 38 5.87 0
      vertex 38 7.79 0.579999
      vertex 38 7.79 0
    endloop
  endfacet
  facet normal -1 -0 0
    outer loop
      vertex 38 7.79 0.579999
      vertex 38 5.87 0
      vertex 38 5.87 0.579999
    endloop
  endfacet
  facet normal 0 0 -1
    outer loop
      vertex 37.04 5.87 0.579999
      vertex 38 7.79 0.579999
      vertex 38 5.87 0.579999
    endloop
  endfacet
  facet normal -0 0 -1
    outer loop
      vertex 38 7.79 0.579999
      vertex 37.04 5.87 0.579999
      vertex 37.04 7.79 0.579999
    endloop
  endfacet
  facet normal 1 -0 0
    outer loop
      vertex 37.04 5.87 0.579999
      vertex 37.04 7.79 0
      vertex 37.04 7.79 0.579999
    endloop
  endfacet
  facet normal 1 0 0
    outer loop
      vertex 37.04 7.79 0
      vertex 37.04 5.87 0.579999
      vertex 37.04 5.87 0
    endloop
  endfacet
  facet normal 0 1 -0
    outer loop
      vertex 38 5.87 0
      vertex 37.04 5.87 0.579999
      vertex 38 5.87 0.579999
    endloop
  endfacet
  facet normal 0 1 0
    outer loop
      vertex 37.04 5.87 0.579999
      vertex 38 5.87 0
      vertex 37.04 5.87 0
    endloop
  endfacet
  facet normal -1 0 0
    outer loop
      vertex 40.88 5.87 0
      vertex 40.88 7.79 0.579999
      vertex 40.88 7.79 0
    endloop
  endfacet
  facet normal -1 -0 0
    outer loop
      vertex 40.88 7.79 0.579999
      vertex 40.88 5.87 0
      vertex 40.88 5.87 0.579999
    endloop
  endfacet
  facet normal 1 -0 0
    outer loop
      vertex 39.92 5.87 0.579999
      vertex 39.92 7.79 0
      vertex 39.92 7.79 0.579999
    endloop
  endfacet
  facet normal 1 0 0
    outer loop
      vertex 39.92 7.79 0
      vertex 39.92 5.87 0.579999
      vertex 39.92 5.87 0
    endloop
  endfacet
  facet normal 0 1 -0
    outer loop
      vertex 40.88 5.87 0
      vertex 39.92 5.87 0.579999
      vertex 40.88 5.87 0.579999
    endloop
  endfacet
  facet normal 0 1 0
    outer loop
      vertex 39.92 5.87 0.579999
      vertex 40.88 5.87 0
      vertex 39.92 5.87 0
    endloop
  endfacet
  facet normal -1 0 0
    outer loop
      vertex 57.2 5.87 0
      vertex 57.2 13.55 0.579999
      vertex 57.2 13.55 0
    endloop
  endfacet
  facet normal -1 -0 0
    outer loop
      vertex 57.2 13.55 0.579999
      vertex 57.2 5.87 0
      vertex 57.2 5.87 0.579999
    endloop
  endfacet
  facet normal 1 -0 0
    outer loop
      vertex 64.88 5.87 0.579999
      vertex 64.88 13.55 0
      vertex 64.88 13.55 0.579999
    endloop
  endfacet
  facet normal 1 0 0
    outer loop
      vertex 64.88 13.55 0
      vertex 64.88 5.87 0.579999
      vertex 64.88 5.87 0
    endloop
  endfacet
  facet normal 0 -1 0
    outer loop
      vertex 31.28 7.79 0
      vertex 33.2 7.79 0.579999
      vertex 31.28 7.79 0.579999
    endloop
  endfacet
  facet normal 0 -1 -0
    outer loop
      vertex 33.2 7.79 0.579999
      vertex 31.28 7.79 0
      vertex 33.2 7.79 0
    endloop
  endfacet
  facet normal 0 -1 0
    outer loop
      vertex 37.04 7.79 0
      vertex 38 7.79 0.579999
      vertex 37.04 7.79 0.579999
    endloop
  endfacet
  facet normal 0 -1 -0
    outer loop
      vertex 38 7.79 0.579999
      vertex 37.04 7.79 0
      vertex 38 7.79 0
    endloop
  endfacet
  facet normal 0 -1 0
    outer loop
      vertex 49.52 7.79 0
      vertex 50.48 7.79 0.579999
      vertex 49.52 7.79 0.579999
    endloop
  endfacet
  facet normal 0 -1 -0
    outer loop
      vertex 50.48 7.79 0.579999
      vertex 49.52 7.79 0
      vertex 50.48 7.79 0
    endloop
  endfacet
  facet normal 1 -0 0
    outer loop
      vertex 52.4 8.75 0.579999
      vertex 52.4 10.67 0
      vertex 52.4 10.67 0.579999
    endloop
  endfacet
  facet normal 1 0 0
    outer loop
      vertex 52.4 10.67 0
      vertex 52.4 8.75 0.579999
      vertex 52.4 8.75 0
    endloop
  endfacet
  facet normal 0 1 -0
    outer loop
      vertex 55.28 7.79 0
      vertex 53.36 7.79 0.579999
      vertex 55.28 7.79 0.579999
    endloop
  endfacet
  facet normal 0 1 0
    outer loop
      vertex 53.36 7.79 0.579999
      vertex 55.28 7.79 0
      vertex 53.36 7.79 0
    endloop
  endfacet
  facet normal 0 0 -1
    outer loop
      vertex 23.6 7.79 0.579999
      vertex 27.44 11.63 0.579999
      vertex 27.44 7.79 0.579999
    endloop
  endfacet
  facet normal -0 0 -1
    outer loop
      vertex 27.44 11.63 0.579999
      vertex 23.6 7.79 0.579999
      vertex 23.6 11.63 0.579999
    endloop
  endfacet
  facet normal 1 -0 0
    outer loop
      vertex 23.6 7.79 0.579999
      vertex 23.6 11.63 0
      vertex 23.6 11.63 0.579999
    endloop
  endfacet
  facet normal 1 0 0
    outer loop
      vertex 23.6 11.63 0
      vertex 23.6 7.79 0.579999
      vertex 23.6 7.79 0
    endloop
  endfacet
  facet normal 0 1 -0
    outer loop
      vertex 27.44 7.79 0
      vertex 23.6 7.79 0.579999
      vertex 27.44 7.79 0.579999
    endloop
  endfacet
  facet normal 0 1 0
    outer loop
      vertex 23.6 7.79 0.579999
      vertex 27.44 7.79 0
      vertex 23.6 7.79 0
    endloop
  endfacet
  facet normal -1 0 0
    outer loop
      vertex 27.44 7.79 0
      vertex 27.44 11.63 0.579999
      vertex 27.44 11.63 0
    endloop
  endfacet
  facet normal -1 -0 0
    outer loop
      vertex 27.44 11.63 0.579999
      vertex 27.44 7.79 0
      vertex 27.44 7.79 0.579999
    endloop
  endfacet
  facet normal -1 0 0
    outer loop
      vertex 37.04 7.79 0
      vertex 37.04 11.63 0.579999
      vertex 37.04 11.63 0
    endloop
  endfacet
  facet normal -1 -0 0
    outer loop
      vertex 37.04 11.63 0.579999
      vertex 37.04 7.79 0
      vertex 37.04 7.79 0.579999
    endloop
  endfacet
  facet normal 0 0 -1
    outer loop
      vertex 36.08 10.67 0.579999
      vertex 37.04 7.79 0.579999
      vertex 36.08 7.79 0.579999
    endloop
  endfacet
  facet normal 0 0 -1
    outer loop
      vertex 37.04 7.79 0.579999
      vertex 36.08 10.67 0.579999
      vertex 37.04 11.63 0.579999
    endloop
  endfacet
  facet normal 0 0 -1
    outer loop
      vertex 33.2 11.63 0.579999
      vertex 36.08 10.67 0.579999
      vertex 33.2 10.67 0.579999
    endloop
  endfacet
  facet normal 0 0 -1
    outer loop
      vertex 36.08 10.67 0.579999
      vertex 33.2 11.63 0.579999
      vertex 37.04 11.63 0.579999
    endloop
  endfacet
  facet normal 1 -0 0
    outer loop
      vertex 36.08 7.79 0.579999
      vertex 36.08 10.67 0
      vertex 36.08 10.67 0.579999
    endloop
  endfacet
  facet normal 1 0 0
    outer loop
      vertex 36.08 10.67 0
      vertex 36.08 7.79 0.579999
      vertex 36.08 7.79 0
    endloop
  endfacet
  facet normal 0 1 -0
    outer loop
      vertex 37.04 7.79 0
      vertex 36.08 7.79 0.579999
      vertex 37.04 7.79 0.579999
    endloop
  endfacet
  facet normal 0 1 0
    outer loop
      vertex 36.08 7.79 0.579999
      vertex 37.04 7.79 0
      vertex 36.08 7.79 0
    endloop
  endfacet
  facet normal 1 -0 0
    outer loop
      vertex 38 7.79 0.579999
      vertex 38 8.75 0
      vertex 38 8.75 0.579999
    endloop
  endfacet
  facet normal 1 0 0
    outer loop
      vertex 38 8.75 0
      vertex 38 7.79 0.579999
      vertex 38 7.79 0
    endloop
  endfacet
  facet normal 0 -1 0
    outer loop
      vertex 38 8.75 0
      vertex 40.88 8.75 0.579999
      vertex 38 8.75 0.579999
    endloop
  endfacet
  facet normal 0 -1 -0
    outer loop
      vertex 40.88 8.75 0.579999
      vertex 38 8.75 0
      vertex 40.88 8.75 0
    endloop
  endfacet
  facet normal 0 1 -0
    outer loop
      vertex 39.92 7.79 0
      vertex 38 7.79 0.579999
      vertex 39.92 7.79 0.579999
    endloop
  endfacet
  facet normal 0 1 0
    outer loop
      vertex 38 7.79 0.579999
      vertex 39.92 7.79 0
      vertex 38 7.79 0
    endloop
  endfacet
  facet normal 0 1 -0
    outer loop
      vertex 42.8 7.79 0
      vertex 40.88 7.79 0.579999
      vertex 42.8 7.79 0.579999
    endloop
  endfacet
  facet normal 0 1 0
    outer loop
      vertex 40.88 7.79 0.579999
      vertex 42.8 7.79 0
      vertex 40.88 7.79 0
    endloop
  endfacet
  facet normal 0 -1 0
    outer loop
      vertex 42.8 8.75 0
      vertex 43.76 8.75 0.579999
      vertex 42.8 8.75 0.579999
    endloop
  endfacet
  facet normal 0 -1 -0
    outer loop
      vertex 43.76 8.75 0.579999
      vertex 42.8 8.75 0
      vertex 43.76 8.75 0
    endloop
  endfacet
  facet normal -1 0 0
    outer loop
      vertex 49.52 7.79 0
      vertex 49.52 11.63 0.579999
      vertex 49.52 11.63 0
    endloop
  endfacet
  facet normal -1 -0 0
    outer loop
      vertex 49.52 11.63 0.579999
      vertex 49.52 7.79 0
      vertex 49.52 7.79 0.579999
    endloop
  endfacet
  facet normal 0 -1 0
    outer loop
      vertex 50.48 8.75 0
      vertex 52.4 8.75 0.579999
      vertex 50.48 8.75 0.579999
    endloop
  endfacet
  facet normal 0 -1 -0
    outer loop
      vertex 52.4 8.75 0.579999
      vertex 50.48 8.75 0
      vertex 52.4 8.75 0
    endloop
  endfacet
  facet normal 0 -1 0
    outer loop
      vertex 53.36 8.75 0
      vertex 55.28 8.75 0.579999
      vertex 53.36 8.75 0.579999
    endloop
  endfacet
  facet normal 0 -1 -0
    outer loop
      vertex 55.28 8.75 0.579999
      vertex 53.36 8.75 0
      vertex 55.28 8.75 0
    endloop
  endfacet
  facet normal -1 0 0
    outer loop
      vertex 55.28 7.79 0
      vertex 55.28 8.75 0.579999
      vertex 55.28 8.75 0
    endloop
  endfacet
  facet normal -1 -0 0
    outer loop
      vertex 55.28 8.75 0.579999
      vertex 55.28 7.79 0
      vertex 55.28 7.79 0.579999
    endloop
  endfacet
  facet normal 0 0 -1
    outer loop
      vertex 59.12 7.79 0.579999
      vertex 62.96 11.63 0.579999
      vertex 62.96 7.79 0.579999
    endloop
  endfacet
  facet normal -0 0 -1
    outer loop
      vertex 62.96 11.63 0.579999
      vertex 59.12 7.79 0.579999
      vertex 59.12 11.63 0.579999
    endloop
  endfacet
  facet normal 1 -0 0
    outer loop
      vertex 59.12 7.79 0.579999
      vertex 59.12 11.63 0
      vertex 59.12 11.63 0.579999
    endloop
  endfacet
  facet normal 1 0 0
    outer loop
      vertex 59.12 11.63 0
      vertex 59.12 7.79 0.579999
      vertex 59.12 7.79 0
    endloop
  endfacet
  facet normal 0 1 -0
    outer loop
      vertex 62.96 7.79 0
      vertex 59.12 7.79 0.579999
      vertex 62.96 7.79 0.579999
    endloop
  endfacet
  facet normal 0 1 0
    outer loop
      vertex 59.12 7.79 0.579999
      vertex 62.96 7.79 0
      vertex 59.12 7.79 0
    endloop
  endfacet
  facet normal -1 0 0
    outer loop
      vertex 62.96 7.79 0
      vertex 62.96 11.63 0.579999
      vertex 62.96 11.63 0
    endloop
  endfacet
  facet normal -1 -0 0
    outer loop
      vertex 62.96 11.63 0.579999
      vertex 62.96 7.79 0
      vertex 62.96 7.79 0.579999
    endloop
  endfacet
  facet normal 0 0 -1
    outer loop
      vertex 31.28 8.75 0.579999
      vertex 33.2 10.67 0.579999
      vertex 33.2 8.75 0.579999
    endloop
  endfacet
  facet normal -0 0 -1
    outer loop
      vertex 33.2 10.67 0.579999
      vertex 31.28 8.75 0.579999
      vertex 31.28 10.67 0.579999
    endloop
  endfacet
  facet normal 1 -0 0
    outer loop
      vertex 31.28 8.75 0.579999
      vertex 31.28 10.67 0
      vertex 31.28 10.67 0.579999
    endloop
  endfacet
  facet normal 1 0 0
    outer loop
      vertex 31.28 10.67 0
      vertex 31.28 8.75 0.579999
      vertex 31.28 8.75 0
    endloop
  endfacet
  facet normal 0 1 -0
    outer loop
      vertex 33.2 8.75 0
      vertex 31.28 8.75 0.579999
      vertex 33.2 8.75 0.579999
    endloop
  endfacet
  facet normal 0 1 0
    outer loop
      vertex 31.28 8.75 0.579999
      vertex 33.2 8.75 0
      vertex 31.28 8.75 0
    endloop
  endfacet
  facet normal -1 0 0
    outer loop
      vertex 33.2 8.75 0
      vertex 33.2 10.67 0.579999
      vertex 33.2 10.67 0
    endloop
  endfacet
  facet normal -1 -0 0
    outer loop
      vertex 33.2 10.67 0.579999
      vertex 33.2 8.75 0
      vertex 33.2 8.75 0.579999
    endloop
  endfacet
  facet normal 1 -0 0
    outer loop
      vertex 40.88 8.75 0.579999
      vertex 40.88 10.67 0
      vertex 40.88 10.67 0.579999
    endloop
  endfacet
  facet normal 1 0 0
    outer loop
      vertex 40.88 10.67 0
      vertex 40.88 8.75 0.579999
      vertex 40.88 8.75 0
    endloop
  endfacet
  facet normal -1 0 0
    outer loop
      vertex 42.8 8.75 0
      vertex 42.8 10.67 0.579999
      vertex 42.8 10.67 0
    endloop
  endfacet
  facet normal -1 -0 0
    outer loop
      vertex 42.8 10.67 0.579999
      vertex 42.8 8.75 0
      vertex 42.8 8.75 0.579999
    endloop
  endfacet
  facet normal 1 -0 0
    outer loop
      vertex 45.68 8.75 0.579999
      vertex 45.68 10.67 0
      vertex 45.68 10.67 0.579999
    endloop
  endfacet
  facet normal 1 0 0
    outer loop
      vertex 45.68 10.67 0
      vertex 45.68 8.75 0.579999
      vertex 45.68 8.75 0
    endloop
  endfacet
  facet normal 0 1 -0
    outer loop
      vertex 47.6 8.75 0
      vertex 45.68 8.75 0.579999
      vertex 47.6 8.75 0.579999
    endloop
  endfacet
  facet normal 0 1 0
    outer loop
      vertex 45.68 8.75 0.579999
      vertex 47.6 8.75 0
      vertex 45.68 8.75 0
    endloop
  endfacet
  facet normal -1 0 0
    outer loop
      vertex 53.36 8.75 0
      vertex 53.36 10.67 0.579999
      vertex 53.36 10.67 0
    endloop
  endfacet
  facet normal -1 -0 0
    outer loop
      vertex 53.36 10.67 0.579999
      vertex 53.36 8.75 0
      vertex 53.36 8.75 0.579999
    endloop
  endfacet
  facet normal 0 -1 0
    outer loop
      vertex 31.28 10.67 0
      vertex 33.2 10.67 0.579999
      vertex 31.28 10.67 0.579999
    endloop
  endfacet
  facet normal 0 -1 -0
    outer loop
      vertex 33.2 10.67 0.579999
      vertex 31.28 10.67 0
      vertex 33.2 10.67 0
    endloop
  endfacet
  facet normal 0 1 -0
    outer loop
      vertex 36.08 10.67 0
      vertex 33.2 10.67 0.579999
      vertex 36.08 10.67 0.579999
    endloop
  endfacet
  facet normal 0 1 0
    outer loop
      vertex 33.2 10.67 0.579999
      vertex 36.08 10.67 0
      vertex 33.2 10.67 0
    endloop
  endfacet
  facet normal 0 -1 0
    outer loop
      vertex 40.88 10.67 0
      vertex 42.8 10.67 0.579999
      vertex 40.88 10.67 0.579999
    endloop
  endfacet
  facet normal 0 -1 -0
    outer loop
      vertex 42.8 10.67 0.579999
      vertex 40.88 10.67 0
      vertex 42.8 10.67 0
    endloop
  endfacet
  facet normal 0 -1 0
    outer loop
      vertex 45.68 10.67 0
      vertex 46.64 10.67 0.579999
      vertex 45.68 10.67 0.579999
    endloop
  endfacet
  facet normal 0 -1 -0
    outer loop
      vertex 46.64 10.67 0.579999
      vertex 45.68 10.67 0
      vertex 46.64 10.67 0
    endloop
  endfacet
  facet normal 0 -1 0
    outer loop
      vertex 52.4 10.67 0
      vertex 53.36 10.67 0.579999
      vertex 52.4 10.67 0.579999
    endloop
  endfacet
  facet normal 0 -1 -0
    outer loop
      vertex 53.36 10.67 0.579999
      vertex 52.4 10.67 0
      vertex 53.36 10.67 0
    endloop
  endfacet
  facet normal 0 -1 0
    outer loop
      vertex 23.6 11.63 0
      vertex 27.44 11.63 0.579999
      vertex 23.6 11.63 0.579999
    endloop
  endfacet
  facet normal 0 -1 -0
    outer loop
      vertex 27.44 11.63 0.579999
      vertex 23.6 11.63 0
      vertex 27.44 11.63 0
    endloop
  endfacet
  facet normal 1 -0 0
    outer loop
      vertex 33.2 10.67 0.579999
      vertex 33.2 11.63 0
      vertex 33.2 11.63 0.579999
    endloop
  endfacet
  facet normal 1 0 0
    outer loop
      vertex 33.2 11.63 0
      vertex 33.2 10.67 0.579999
      vertex 33.2 10.67 0
    endloop
  endfacet
  facet normal 0 -1 0
    outer loop
      vertex 33.2 11.63 0
      vertex 37.04 11.63 0.579999
      vertex 33.2 11.63 0.579999
    endloop
  endfacet
  facet normal 0 -1 -0
    outer loop
      vertex 37.04 11.63 0.579999
      vertex 33.2 11.63 0
      vertex 37.04 11.63 0
    endloop
  endfacet
  facet normal 0 0 -1
    outer loop
      vertex 38 10.67 0.579999
      vertex 39.92 11.63 0.579999
      vertex 39.92 10.67 0.579999
    endloop
  endfacet
  facet normal -0 0 -1
    outer loop
      vertex 39.92 11.63 0.579999
      vertex 38 10.67 0.579999
      vertex 38 11.63 0.579999
    endloop
  endfacet
  facet normal 1 -0 0
    outer loop
      vertex 38 10.67 0.579999
      vertex 38 11.63 0
      vertex 38 11.63 0.579999
    endloop
  endfacet
  facet normal 1 0 0
    outer loop
      vertex 38 11.63 0
      vertex 38 10.67 0.579999
      vertex 38 10.67 0
    endloop
  endfacet
  facet normal 0 -1 0
    outer loop
      vertex 38 11.63 0
      vertex 39.92 11.63 0.579999
      vertex 38 11.63 0.579999
    endloop
  endfacet
  facet normal 0 -1 -0
    outer loop
      vertex 39.92 11.63 0.579999
      vertex 38 11.63 0
      vertex 39.92 11.63 0
    endloop
  endfacet
  facet normal 0 1 -0
    outer loop
      vertex 39.92 10.67 0
      vertex 38 10.67 0.579999
      vertex 39.92 10.67 0.579999
    endloop
  endfacet
  facet normal 0 1 0
    outer loop
      vertex 38 10.67 0.579999
      vertex 39.92 10.67 0
      vertex 38 10.67 0
    endloop
  endfacet
  facet normal -1 0 0
    outer loop
      vertex 39.92 10.67 0
      vertex 39.92 11.63 0.579999
      vertex 39.92 11.63 0
    endloop
  endfacet
  facet normal -1 -0 0
    outer loop
      vertex 39.92 11.63 0.579999
      vertex 39.92 10.67 0
      vertex 39.92 10.67 0.579999
    endloop
  endfacet
  facet normal 0 0 -1
    outer loop
      vertex 40.88 14.51 0.579999
      vertex 42.8 17.39 0.579999
      vertex 42.8 14.51 0.579999
    endloop
  endfacet
  facet normal -0 0 -1
    outer loop
      vertex 42.8 17.39 0.579999
      vertex 40.88 14.51 0.579999
      vertex 40.88 17.39 0.579999
    endloop
  endfacet
  facet normal 0 0 -1
    outer loop
      vertex 40.88 11.63 0.579999
      vertex 42.8 13.55 0.579999
      vertex 42.8 11.63 0.579999
    endloop
  endfacet
  facet normal -0 0 -1
    outer loop
      vertex 42.8 13.55 0.579999
      vertex 40.88 11.63 0.579999
      vertex 40.88 13.55 0.579999
    endloop
  endfacet
  facet normal 0 0 -1
    outer loop
      vertex 45.68 10.67 0.579999
      vertex 43.76 13.55 0.579999
      vertex 45.68 13.55 0.579999
    endloop
  endfacet
  facet normal 0 0 -1
    outer loop
      vertex 42.8 14.51 0.579999
      vertex 43.76 14.51 0.579999
      vertex 43.76 13.55 0.579999
    endloop
  endfacet
  facet normal 0 0 -1
    outer loop
      vertex 43.76 14.51 0.579999
      vertex 42.8 17.39 0.579999
      vertex 43.76 18.35 0.579999
    endloop
  endfacet
  facet normal -0 0 -1
    outer loop
      vertex 43.76 18.35 0.579999
      vertex 42.8 17.39 0.579999
      vertex 43.76 20.27 0.579999
    endloop
  endfacet
  facet normal 0 0 -1
    outer loop
      vertex 42.8 21.23 0.579999
      vertex 43.76 20.27 0.579999
      vertex 42.8 17.39 0.579999
    endloop
  endfacet
  facet normal 0 0 -1
    outer loop
      vertex 42.8 11.63 0.579999
      vertex 45.68 10.67 0.579999
      vertex 42.8 10.67 0.579999
    endloop
  endfacet
  facet normal 0 0 -1
    outer loop
      vertex 45.68 10.67 0.579999
      vertex 42.8 11.63 0.579999
      vertex 43.76 13.55 0.579999
    endloop
  endfacet
  facet normal 0 0 -1
    outer loop
      vertex 42.8 13.55 0.579999
      vertex 43.76 13.55 0.579999
      vertex 42.8 11.63 0.579999
    endloop
  endfacet
  facet normal 0 0 -1
    outer loop
      vertex 42.8 14.51 0.579999
      vertex 43.76 13.55 0.579999
      vertex 42.8 13.55 0.579999
    endloop
  endfacet
  facet normal 0 0 -1
    outer loop
      vertex 43.76 14.51 0.579999
      vertex 42.8 14.51 0.579999
      vertex 42.8 17.39 0.579999
    endloop
  endfacet
  facet normal 0 0 -1
    outer loop
      vertex 43.76 20.27 0.579999
      vertex 42.8 21.23 0.579999
      vertex 43.76 21.23 0.579999
    endloop
  endfacet
  facet normal 0 0 -1
    outer loop
      vertex 43.76 21.23 0.579999
      vertex 42.8 21.23 0.579999
      vertex 43.76 22.19 0.579999
    endloop
  endfacet
  facet normal 0 0 -1
    outer loop
      vertex 42.8 21.23 0.579999
      vertex 40.88 22.19 0.579999
      vertex 43.76 22.19 0.579999
    endloop
  endfacet
  facet normal 0 0 -1
    outer loop
      vertex 39.92 21.23 0.579999
      vertex 40.88 22.19 0.579999
      vertex 42.8 21.23 0.579999
    endloop
  endfacet
  facet normal 0 0 -1
    outer loop
      vertex 39.92 24.11 0.579999
      vertex 40.88 22.19 0.579999
      vertex 39.92 21.23 0.579999
    endloop
  endfacet
  facet normal 0 0 -1
    outer loop
      vertex 40.88 22.19 0.579999
      vertex 39.92 24.11 0.579999
      vertex 40.88 24.11 0.579999
    endloop
  endfacet
  facet normal 0 0 -1
    outer loop
      vertex 43.76 14.51 0.579999
      vertex 45.68 18.35 0.579999
      vertex 45.68 14.51 0.579999
    endloop
  endfacet
  facet normal -0 0 -1
    outer loop
      vertex 45.68 18.35 0.579999
      vertex 43.76 14.51 0.579999
      vertex 43.76 18.35 0.579999
    endloop
  endfacet
  facet normal 0 0 -1
    outer loop
      vertex 45.68 14.51 0.579999
      vertex 46.64 14.51 0.579999
      vertex 46.64 13.55 0.579999
    endloop
  endfacet
  facet normal 0 0 -1
    outer loop
      vertex 46.64 14.51 0.579999
      vertex 45.68 14.51 0.579999
      vertex 46.64 18.35 0.579999
    endloop
  endfacet
  facet normal 0 0 -1
    outer loop
      vertex 45.68 14.51 0.579999
      vertex 46.64 13.55 0.579999
      vertex 45.68 13.55 0.579999
    endloop
  endfacet
  facet normal -0 0 -1
    outer loop
      vertex 46.64 18.35 0.579999
      vertex 45.68 14.51 0.579999
      vertex 45.68 18.35 0.579999
    endloop
  endfacet
  facet normal 0 0 -1
    outer loop
      vertex 46.64 18.35 0.579999
      vertex 45.68 18.35 0.579999
      vertex 46.64 20.27 0.579999
    endloop
  endfacet
  facet normal -0 0 -1
    outer loop
      vertex 46.64 20.27 0.579999
      vertex 45.68 18.35 0.579999
      vertex 45.68 20.27 0.579999
    endloop
  endfacet
  facet normal 0 0 -1
    outer loop
      vertex 46.64 14.51 0.579999
      vertex 47.6 18.35 0.579999
      vertex 47.6 14.51 0.579999
    endloop
  endfacet
  facet normal -0 0 -1
    outer loop
      vertex 47.6 18.35 0.579999
      vertex 46.64 14.51 0.579999
      vertex 46.64 18.35 0.579999
    endloop
  endfacet
  facet normal 0 0 -1
    outer loop
      vertex 43.76 20.27 0.579999
      vertex 45.68 21.23 0.579999
      vertex 45.68 20.27 0.579999
    endloop
  endfacet
  facet normal -0 0 -1
    outer loop
      vertex 45.68 21.23 0.579999
      vertex 43.76 20.27 0.579999
      vertex 43.76 21.23 0.579999
    endloop
  endfacet
  facet normal 1 -0 0
    outer loop
      vertex 42.8 10.67 0.579999
      vertex 42.8 11.63 0
      vertex 42.8 11.63 0.579999
    endloop
  endfacet
  facet normal 1 0 0
    outer loop
      vertex 42.8 11.63 0
      vertex 42.8 10.67 0.579999
      vertex 42.8 10.67 0
    endloop
  endfacet
  facet normal 0 1 -0
    outer loop
      vertex 45.68 10.67 0
      vertex 42.8 10.67 0.579999
      vertex 45.68 10.67 0.579999
    endloop
  endfacet
  facet normal 0 1 0
    outer loop
      vertex 42.8 10.67 0.579999
      vertex 45.68 10.67 0
      vertex 42.8 10.67 0
    endloop
  endfacet
  facet normal -1 0 0
    outer loop
      vertex 45.68 10.67 0
      vertex 45.68 13.55 0.579999
      vertex 45.68 13.55 0
    endloop
  endfacet
  facet normal -1 -0 0
    outer loop
      vertex 45.68 13.55 0.579999
      vertex 45.68 10.67 0
      vertex 45.68 10.67 0.579999
    endloop
  endfacet
  facet normal 1 -0 0
    outer loop
      vertex 46.64 10.67 0.579999
      vertex 46.64 13.55 0
      vertex 46.64 13.55 0.579999
    endloop
  endfacet
  facet normal 1 0 0
    outer loop
      vertex 46.64 13.55 0
      vertex 46.64 10.67 0.579999
      vertex 46.64 10.67 0
    endloop
  endfacet
  facet normal 0 -1 0
    outer loop
      vertex 47.6 11.63 0
      vertex 49.52 11.63 0.579999
      vertex 47.6 11.63 0.579999
    endloop
  endfacet
  facet normal 0 -1 -0
    outer loop
      vertex 49.52 11.63 0.579999
      vertex 47.6 11.63 0
      vertex 49.52 11.63 0
    endloop
  endfacet
  facet normal 0 0 -1
    outer loop
      vertex 50.48 11.63 0.579999
      vertex 52.4 10.67 0.579999
      vertex 50.48 10.67 0.579999
    endloop
  endfacet
  facet normal 0 0 -1
    outer loop
      vertex 52.4 14.51 0.579999
      vertex 53.36 15.47 0.579999
      vertex 53.36 14.51 0.579999
    endloop
  endfacet
  facet normal 0 0 -1
    outer loop
      vertex 52.4 10.67 0.579999
      vertex 50.48 11.63 0.579999
      vertex 52.4 14.51 0.579999
    endloop
  endfacet
  facet normal 0 0 -1
    outer loop
      vertex 50.48 13.55 0.579999
      vertex 52.4 14.51 0.579999
      vertex 50.48 11.63 0.579999
    endloop
  endfacet
  facet normal 0 0 -1
    outer loop
      vertex 50.48 15.47 0.579999
      vertex 52.4 14.51 0.579999
      vertex 50.48 13.55 0.579999
    endloop
  endfacet
  facet normal 0 0 -1
    outer loop
      vertex 52.4 14.51 0.579999
      vertex 50.48 15.47 0.579999
      vertex 53.36 15.47 0.579999
    endloop
  endfacet
  facet normal 0 0 -1
    outer loop
      vertex 49.52 11.63 0.579999
      vertex 50.48 13.55 0.579999
      vertex 50.48 11.63 0.579999
    endloop
  endfacet
  facet normal -0 0 -1
    outer loop
      vertex 50.48 13.55 0.579999
      vertex 49.52 11.63 0.579999
      vertex 49.52 13.55 0.579999
    endloop
  endfacet
  facet normal 1 -0 0
    outer loop
      vertex 50.48 10.67 0.579999
      vertex 50.48 11.63 0
      vertex 50.48 11.63 0.579999
    endloop
  endfacet
  facet normal 1 0 0
    outer loop
      vertex 50.48 11.63 0
      vertex 50.48 10.67 0.579999
      vertex 50.48 10.67 0
    endloop
  endfacet
  facet normal 0 1 -0
    outer loop
      vertex 52.4 10.67 0
      vertex 50.48 10.67 0.579999
      vertex 52.4 10.67 0.579999
    endloop
  endfacet
  facet normal 0 1 0
    outer loop
      vertex 50.48 10.67 0.579999
      vertex 52.4 10.67 0
      vertex 50.48 10.67 0
    endloop
  endfacet
  facet normal -1 0 0
    outer loop
      vertex 52.4 10.67 0
      vertex 52.4 14.51 0.579999
      vertex 52.4 14.51 0
    endloop
  endfacet
  facet normal -1 -0 0
    outer loop
      vertex 52.4 14.51 0.579999
      vertex 52.4 10.67 0
      vertex 52.4 10.67 0.579999
    endloop
  endfacet
  facet normal 0 -1 0
    outer loop
      vertex 59.12 11.63 0
      vertex 62.96 11.63 0.579999
      vertex 59.12 11.63 0.579999
    endloop
  endfacet
  facet normal 0 -1 -0
    outer loop
      vertex 62.96 11.63 0.579999
      vertex 59.12 11.63 0
      vertex 62.96 11.63 0
    endloop
  endfacet
  facet normal -1 0 0
    outer loop
      vertex 38 11.63 0
      vertex 38 14.51 0.579999
      vertex 38 14.51 0
    endloop
  endfacet
  facet normal -1 -0 0
    outer loop
      vertex 38 14.51 0.579999
      vertex 38 11.63 0
      vertex 38 11.63 0.579999
    endloop
  endfacet
  facet normal 0 0 -1
    outer loop
      vertex 37.04 11.63 0.579999
      vertex 38 14.51 0.579999
      vertex 38 11.63 0.579999
    endloop
  endfacet
  facet normal -0 0 -1
    outer loop
      vertex 38 14.51 0.579999
      vertex 37.04 11.63 0.579999
      vertex 37.04 14.51 0.579999
    endloop
  endfacet
  facet normal 1 -0 0
    outer loop
      vertex 37.04 11.63 0.579999
      vertex 37.04 14.51 0
      vertex 37.04 14.51 0.579999
    endloop
  endfacet
  facet normal 1 0 0
    outer loop
      vertex 37.04 14.51 0
      vertex 37.04 11.63 0.579999
      vertex 37.04 11.63 0
    endloop
  endfacet
  facet normal 0 1 -0
    outer loop
      vertex 38 11.63 0
      vertex 37.04 11.63 0.579999
      vertex 38 11.63 0.579999
    endloop
  endfacet
  facet normal 0 1 0
    outer loop
      vertex 37.04 11.63 0.579999
      vertex 38 11.63 0
      vertex 37.04 11.63 0
    endloop
  endfacet
  facet normal 1 -0 0
    outer loop
      vertex 40.88 11.63 0.579999
      vertex 40.88 13.55 0
      vertex 40.88 13.55 0.579999
    endloop
  endfacet
  facet normal 1 0 0
    outer loop
      vertex 40.88 13.55 0
      vertex 40.88 11.63 0.579999
      vertex 40.88 11.63 0
    endloop
  endfacet
  facet normal 0 1 -0
    outer loop
      vertex 42.8 11.63 0
      vertex 40.88 11.63 0.579999
      vertex 42.8 11.63 0.579999
    endloop
  endfacet
  facet normal 0 1 0
    outer loop
      vertex 40.88 11.63 0.579999
      vertex 42.8 11.63 0
      vertex 40.88 11.63 0
    endloop
  endfacet
  facet normal -1 0 0
    outer loop
      vertex 47.6 11.63 0
      vertex 47.6 13.55 0.579999
      vertex 47.6 13.55 0
    endloop
  endfacet
  facet normal -1 -0 0
    outer loop
      vertex 47.6 13.55 0.579999
      vertex 47.6 11.63 0
      vertex 47.6 11.63 0.579999
    endloop
  endfacet
  facet normal 1 -0 0
    outer loop
      vertex 49.52 11.63 0.579999
      vertex 49.52 13.55 0
      vertex 49.52 13.55 0.579999
    endloop
  endfacet
  facet normal 1 0 0
    outer loop
      vertex 49.52 13.55 0
      vertex 49.52 11.63 0.579999
      vertex 49.52 11.63 0
    endloop
  endfacet
  facet normal 0 1 -0
    outer loop
      vertex 50.48 11.63 0
      vertex 49.52 11.63 0.579999
      vertex 50.48 11.63 0.579999
    endloop
  endfacet
  facet normal 0 1 0
    outer loop
      vertex 49.52 11.63 0.579999
      vertex 50.48 11.63 0
      vertex 49.52 11.63 0
    endloop
  endfacet
  facet normal 0 0 -1
    outer loop
      vertex 53.36 11.63 0.579999
      vertex 55.28 14.51 0.579999
      vertex 55.28 11.63 0.579999
    endloop
  endfacet
  facet normal -0 0 -1
    outer loop
      vertex 55.28 14.51 0.579999
      vertex 53.36 11.63 0.579999
      vertex 53.36 14.51 0.579999
    endloop
  endfacet
  facet normal 1 -0 0
    outer loop
      vertex 53.36 11.63 0.579999
      vertex 53.36 14.51 0
      vertex 53.36 14.51 0.579999
    endloop
  endfacet
  facet normal 1 0 0
    outer loop
      vertex 53.36 14.51 0
      vertex 53.36 11.63 0.579999
      vertex 53.36 11.63 0
    endloop
  endfacet
  facet normal 0 1 -0
    outer loop
      vertex 55.28 11.63 0
      vertex 53.36 11.63 0.579999
      vertex 55.28 11.63 0.579999
    endloop
  endfacet
  facet normal 0 1 0
    outer loop
      vertex 53.36 11.63 0.579999
      vertex 55.28 11.63 0
      vertex 53.36 11.63 0
    endloop
  endfacet
  facet normal -1 0 0
    outer loop
      vertex 55.28 11.63 0
      vertex 55.28 14.51 0.579999
      vertex 55.28 14.51 0
    endloop
  endfacet
  facet normal -1 -0 0
    outer loop
      vertex 55.28 14.51 0.579999
      vertex 55.28 11.63 0
      vertex 55.28 11.63 0.579999
    endloop
  endfacet
  facet normal 0 1 -0
    outer loop
      vertex 29.36 13.55 0
      vertex 21.68 13.55 0.579999
      vertex 29.36 13.55 0.579999
    endloop
  endfacet
  facet normal 0 1 0
    outer loop
      vertex 21.68 13.55 0.579999
      vertex 29.36 13.55 0
      vertex 21.68 13.55 0
    endloop
  endfacet
  facet normal 0 -1 0
    outer loop
      vertex 40.88 13.55 0
      vertex 42.8 13.55 0.579999
      vertex 40.88 13.55 0.579999
    endloop
  endfacet
  facet normal 0 -1 -0
    outer loop
      vertex 42.8 13.55 0.579999
      vertex 40.88 13.55 0
      vertex 42.8 13.55 0
    endloop
  endfacet
  facet normal 0 -1 0
    outer loop
      vertex 43.76 13.55 0
      vertex 45.68 13.55 0.579999
      vertex 43.76 13.55 0.579999
    endloop
  endfacet
  facet normal 0 -1 -0
    outer loop
      vertex 45.68 13.55 0.579999
      vertex 43.76 13.55 0
      vertex 45.68 13.55 0
    endloop
  endfacet
  facet normal 0 -1 0
    outer loop
      vertex 46.64 13.55 0
      vertex 47.6 13.55 0.579999
      vertex 46.64 13.55 0.579999
    endloop
  endfacet
  facet normal 0 -1 -0
    outer loop
      vertex 47.6 13.55 0.579999
      vertex 46.64 13.55 0
      vertex 47.6 13.55 0
    endloop
  endfacet
  facet normal 0 -1 0
    outer loop
      vertex 49.52 13.55 0
      vertex 50.48 13.55 0.579999
      vertex 49.52 13.55 0.579999
    endloop
  endfacet
  facet normal 0 -1 -0
    outer loop
      vertex 50.48 13.55 0.579999
      vertex 49.52 13.55 0
      vertex 50.48 13.55 0
    endloop
  endfacet
  facet normal 0 1 -0
    outer loop
      vertex 64.88 13.55 0
      vertex 57.2 13.55 0.579999
      vertex 64.88 13.55 0.579999
    endloop
  endfacet
  facet normal 0 1 0
    outer loop
      vertex 57.2 13.55 0.579999
      vertex 64.88 13.55 0
      vertex 57.2 13.55 0
    endloop
  endfacet
  facet normal 0 -1 0
    outer loop
      vertex 20.72 14.51 0
      vertex 30.32 14.51 0.579999
      vertex 20.72 14.51 0.579999
    endloop
  endfacet
  facet normal 0 -1 -0
    outer loop
      vertex 30.32 14.51 0.579999
      vertex 20.72 14.51 0
      vertex 30.32 14.51 0
    endloop
  endfacet
  facet normal 0 0 -1
    outer loop
      vertex 33.2 15.47 0.579999
      vertex 34.16 14.51 0.579999
      vertex 33.2 14.51 0.579999
    endloop
  endfacet
  facet normal 0 0 -1
    outer loop
      vertex 34.16 14.51 0.579999
      vertex 33.2 15.47 0.579999
      vertex 34.16 17.39 0.579999
    endloop
  endfacet
  facet normal -0 0 -1
    outer loop
      vertex 34.16 17.39 0.579999
      vertex 33.2 15.47 0.579999
      vertex 33.2 17.39 0.579999
    endloop
  endfacet
  facet normal 0 0 -1
    outer loop
      vertex 31.28 13.55 0.579999
      vertex 33.2 14.51 0.579999
      vertex 33.2 13.55 0.579999
    endloop
  endfacet
  facet normal 0 0 -1
    outer loop
      vertex 31.28 15.47 0.579999
      vertex 33.2 14.51 0.579999
      vertex 31.28 13.55 0.579999
    endloop
  endfacet
  facet normal 0 0 -1
    outer loop
      vertex 33.2 14.51 0.579999
      vertex 31.28 15.47 0.579999
      vertex 33.2 15.47 0.579999
    endloop
  endfacet
  facet normal 1 -0 0
    outer loop
      vertex 31.28 13.55 0.579999
      vertex 31.28 15.47 0
      vertex 31.28 15.47 0.579999
    endloop
  endfacet
  facet normal 1 0 0
    outer loop
      vertex 31.28 15.47 0
      vertex 31.28 13.55 0.579999
      vertex 31.28 13.55 0
    endloop
  endfacet
  facet normal 0 1 -0
    outer loop
      vertex 33.2 13.55 0
      vertex 31.28 13.55 0.579999
      vertex 33.2 13.55 0.579999
    endloop
  endfacet
  facet normal 0 1 0
    outer loop
      vertex 31.28 13.55 0.579999
      vertex 33.2 13.55 0
      vertex 31.28 13.55 0
    endloop
  endfacet
  facet normal -1 0 0
    outer loop
      vertex 33.2 13.55 0
      vertex 33.2 14.51 0.579999
      vertex 33.2 14.51 0
    endloop
  endfacet
  facet normal -1 -0 0
    outer loop
      vertex 33.2 14.51 0.579999
      vertex 33.2 13.55 0
      vertex 33.2 13.55 0.579999
    endloop
  endfacet
  facet normal 0 0 -1
    outer loop
      vertex 34.16 13.55 0.579999
      vertex 36.08 14.51 0.579999
      vertex 36.08 13.55 0.579999
    endloop
  endfacet
  facet normal -0 0 -1
    outer loop
      vertex 36.08 14.51 0.579999
      vertex 34.16 13.55 0.579999
      vertex 34.16 14.51 0.579999
    endloop
  endfacet
  facet normal 1 -0 0
    outer loop
      vertex 34.16 13.55 0.579999
      vertex 34.16 14.51 0
      vertex 34.16 14.51 0.579999
    endloop
  endfacet
  facet normal 1 0 0
    outer loop
      vertex 34.16 14.51 0
      vertex 34.16 13.55 0.579999
      vertex 34.16 13.55 0
    endloop
  endfacet
  facet normal 0 -1 0
    outer loop
      vertex 34.16 14.51 0
      vertex 36.08 14.51 0.579999
      vertex 34.16 14.51 0.579999
    endloop
  endfacet
  facet normal 0 -1 -0
    outer loop
      vertex 36.08 14.51 0.579999
      vertex 34.16 14.51 0
      vertex 36.08 14.51 0
    endloop
  endfacet
  facet normal 0 1 -0
    outer loop
      vertex 36.08 13.55 0
      vertex 34.16 13.55 0.579999
      vertex 36.08 13.55 0.579999
    endloop
  endfacet
  facet normal 0 1 0
    outer loop
      vertex 34.16 13.55 0.579999
      vertex 36.08 13.55 0
      vertex 34.16 13.55 0
    endloop
  endfacet
  facet normal -1 0 0
    outer loop
      vertex 36.08 13.55 0
      vertex 36.08 14.51 0.579999
      vertex 36.08 14.51 0
    endloop
  endfacet
  facet normal -1 -0 0
    outer loop
      vertex 36.08 14.51 0.579999
      vertex 36.08 13.55 0
      vertex 36.08 13.55 0.579999
    endloop
  endfacet
  facet normal 0 -1 0
    outer loop
      vertex 37.04 14.51 0
      vertex 38 14.51 0.579999
      vertex 37.04 14.51 0.579999
    endloop
  endfacet
  facet normal 0 -1 -0
    outer loop
      vertex 38 14.51 0.579999
      vertex 37.04 14.51 0
      vertex 38 14.51 0
    endloop
  endfacet
  facet normal -1 0 0
    outer loop
      vertex 40.88 13.55 0
      vertex 40.88 14.51 0.579999
      vertex 40.88 14.51 0
    endloop
  endfacet
  facet normal -1 -0 0
    outer loop
      vertex 40.88 14.51 0.579999
      vertex 40.88 13.55 0
      vertex 40.88 13.55 0.579999
    endloop
  endfacet
  facet normal 0 0 -1
    outer loop
      vertex 39.92 13.55 0.579999
      vertex 40.88 14.51 0.579999
      vertex 40.88 13.55 0.579999
    endloop
  endfacet
  facet normal -0 0 -1
    outer loop
      vertex 40.88 14.51 0.579999
      vertex 39.92 13.55 0.579999
      vertex 39.92 14.51 0.579999
    endloop
  endfacet
  facet normal 1 -0 0
    outer loop
      vertex 39.92 13.55 0.579999
      vertex 39.92 14.51 0
      vertex 39.92 14.51 0.579999
    endloop
  endfacet
  facet normal 1 0 0
    outer loop
      vertex 39.92 14.51 0
      vertex 39.92 13.55 0.579999
      vertex 39.92 13.55 0
    endloop
  endfacet
  facet normal 0 -1 0
    outer loop
      vertex 39.92 14.51 0
      vertex 40.88 14.51 0.579999
      vertex 39.92 14.51 0.579999
    endloop
  endfacet
  facet normal 0 -1 -0
    outer loop
      vertex 40.88 14.51 0.579999
      vertex 39.92 14.51 0
      vertex 40.88 14.51 0
    endloop
  endfacet
  facet normal 0 1 -0
    outer loop
      vertex 40.88 13.55 0
      vertex 39.92 13.55 0.579999
      vertex 40.88 13.55 0.579999
    endloop
  endfacet
  facet normal 0 1 0
    outer loop
      vertex 39.92 13.55 0.579999
      vertex 40.88 13.55 0
      vertex 39.92 13.55 0
    endloop
  endfacet
  facet normal -1 0 0
    outer loop
      vertex 43.76 13.55 0
      vertex 43.76 14.51 0.579999
      vertex 43.76 14.51 0
    endloop
  endfacet
  facet normal -1 -0 0
    outer loop
      vertex 43.76 14.51 0.579999
      vertex 43.76 13.55 0
      vertex 43.76 13.55 0.579999
    endloop
  endfacet
  facet normal 1 -0 0
    outer loop
      vertex 42.8 13.55 0.579999
      vertex 42.8 14.51 0
      vertex 42.8 14.51 0.579999
    endloop
  endfacet
  facet normal 1 0 0
    outer loop
      vertex 42.8 14.51 0
      vertex 42.8 13.55 0.579999
      vertex 42.8 13.55 0
    endloop
  endfacet
  facet normal 0 1 -0
    outer loop
      vertex 45.68 14.51 0
      vertex 43.76 14.51 0.579999
      vertex 45.68 14.51 0.579999
    endloop
  endfacet
  facet normal 0 1 0
    outer loop
      vertex 43.76 14.51 0.579999
      vertex 45.68 14.51 0
      vertex 43.76 14.51 0
    endloop
  endfacet
  facet normal 0 1 -0
    outer loop
      vertex 42.8 14.51 0
      vertex 40.88 14.51 0.579999
      vertex 42.8 14.51 0.579999
    endloop
  endfacet
  facet normal 0 1 0
    outer loop
      vertex 40.88 14.51 0.579999
      vertex 42.8 14.51 0
      vertex 40.88 14.51 0
    endloop
  endfacet
  facet normal -1 0 0
    outer loop
      vertex 46.64 13.55 0
      vertex 46.64 14.51 0.579999
      vertex 46.64 14.51 0
    endloop
  endfacet
  facet normal -1 -0 0
    outer loop
      vertex 46.64 14.51 0.579999
      vertex 46.64 13.55 0
      vertex 46.64 13.55 0.579999
    endloop
  endfacet
  facet normal 1 -0 0
    outer loop
      vertex 45.68 13.55 0.579999
      vertex 45.68 14.51 0
      vertex 45.68 14.51 0.579999
    endloop
  endfacet
  facet normal 1 0 0
    outer loop
      vertex 45.68 14.51 0
      vertex 45.68 13.55 0.579999
      vertex 45.68 13.55 0
    endloop
  endfacet
  facet normal 0 1 -0
    outer loop
      vertex 46.64 13.55 0
      vertex 45.68 13.55 0.579999
      vertex 46.64 13.55 0.579999
    endloop
  endfacet
  facet normal 0 1 0
    outer loop
      vertex 45.68 13.55 0.579999
      vertex 46.64 13.55 0
      vertex 45.68 13.55 0
    endloop
  endfacet
  facet normal 0 0 -1
    outer loop
      vertex 47.6 13.55 0.579999
      vertex 49.52 14.51 0.579999
      vertex 49.52 13.55 0.579999
    endloop
  endfacet
  facet normal -0 0 -1
    outer loop
      vertex 49.52 14.51 0.579999
      vertex 47.6 13.55 0.579999
      vertex 47.6 14.51 0.579999
    endloop
  endfacet
  facet normal 1 -0 0
    outer loop
      vertex 47.6 13.55 0.579999
      vertex 47.6 14.51 0
      vertex 47.6 14.51 0.579999
    endloop
  endfacet
  facet normal 1 0 0
    outer loop
      vertex 47.6 14.51 0
      vertex 47.6 13.55 0.579999
      vertex 47.6 13.55 0
    endloop
  endfacet
  facet normal 0 -1 0
    outer loop
      vertex 47.6 14.51 0
      vertex 49.52 14.51 0.579999
      vertex 47.6 14.51 0.579999
    endloop
  endfacet
  facet normal 0 -1 -0
    outer loop
      vertex 49.52 14.51 0.579999
      vertex 47.6 14.51 0
      vertex 49.52 14.51 0
    endloop
  endfacet
  facet normal 0 1 -0
    outer loop
      vertex 49.52 13.55 0
      vertex 47.6 13.55 0.579999
      vertex 49.52 13.55 0.579999
    endloop
  endfacet
  facet normal 0 1 0
    outer loop
      vertex 47.6 13.55 0.579999
      vertex 49.52 13.55 0
      vertex 47.6 13.55 0
    endloop
  endfacet
  facet normal -1 0 0
    outer loop
      vertex 49.52 13.55 0
      vertex 49.52 14.51 0.579999
      vertex 49.52 14.51 0
    endloop
  endfacet
  facet normal -1 -0 0
    outer loop
      vertex 49.52 14.51 0.579999
      vertex 49.52 13.55 0
      vertex 49.52 13.55 0.579999
    endloop
  endfacet
  facet normal 1 -0 0
    outer loop
      vertex 50.48 13.55 0.579999
      vertex 50.48 15.47 0
      vertex 50.48 15.47 0.579999
    endloop
  endfacet
  facet normal 1 0 0
    outer loop
      vertex 50.48 15.47 0
      vertex 50.48 13.55 0.579999
      vertex 50.48 13.55 0
    endloop
  endfacet
  facet normal 0 -1 0
    outer loop
      vertex 53.36 14.51 0
      vertex 55.28 14.51 0.579999
      vertex 53.36 14.51 0.579999
    endloop
  endfacet
  facet normal 0 -1 -0
    outer loop
      vertex 55.28 14.51 0.579999
      vertex 53.36 14.51 0
      vertex 55.28 14.51 0
    endloop
  endfacet
  facet normal 0 -1 0
    outer loop
      vertex 56.24 14.51 0
      vertex 65.84 14.51 0.579999
      vertex 56.24 14.51 0.579999
    endloop
  endfacet
  facet normal 0 -1 -0
    outer loop
      vertex 65.84 14.51 0.579999
      vertex 56.24 14.51 0
      vertex 65.84 14.51 0
    endloop
  endfacet
  facet normal 0 -1 0
    outer loop
      vertex 31.28 15.47 0
      vertex 33.2 15.47 0.579999
      vertex 31.28 15.47 0.579999
    endloop
  endfacet
  facet normal 0 -1 -0
    outer loop
      vertex 33.2 15.47 0.579999
      vertex 31.28 15.47 0
      vertex 33.2 15.47 0
    endloop
  endfacet
  facet normal 1 -0 0
    outer loop
      vertex 33.2 15.47 0.579999
      vertex 33.2 17.39 0
      vertex 33.2 17.39 0.579999
    endloop
  endfacet
  facet normal 1 0 0
    outer loop
      vertex 33.2 17.39 0
      vertex 33.2 15.47 0.579999
      vertex 33.2 15.47 0
    endloop
  endfacet
  facet normal -1 0 0
    outer loop
      vertex 34.16 14.51 0
      vertex 34.16 17.39 0.579999
      vertex 34.16 17.39 0
    endloop
  endfacet
  facet normal -1 -0 0
    outer loop
      vertex 34.16 17.39 0.579999
      vertex 34.16 14.51 0
      vertex 34.16 14.51 0.579999
    endloop
  endfacet
  facet normal 0 1 -0
    outer loop
      vertex 34.16 14.51 0
      vertex 33.2 14.51 0.579999
      vertex 34.16 14.51 0.579999
    endloop
  endfacet
  facet normal 0 1 0
    outer loop
      vertex 33.2 14.51 0.579999
      vertex 34.16 14.51 0
      vertex 33.2 14.51 0
    endloop
  endfacet
  facet normal 1 -0 0
    outer loop
      vertex 40.88 14.51 0.579999
      vertex 40.88 17.39 0
      vertex 40.88 17.39 0.579999
    endloop
  endfacet
  facet normal 1 0 0
    outer loop
      vertex 40.88 17.39 0
      vertex 40.88 14.51 0.579999
      vertex 40.88 14.51 0
    endloop
  endfacet
  facet normal -1 0 0
    outer loop
      vertex 47.6 14.51 0
      vertex 47.6 18.35 0.579999
      vertex 47.6 18.35 0
    endloop
  endfacet
  facet normal -1 -0 0
    outer loop
      vertex 47.6 18.35 0.579999
      vertex 47.6 14.51 0
      vertex 47.6 14.51 0.579999
    endloop
  endfacet
  facet normal 0 1 -0
    outer loop
      vertex 47.6 14.51 0
      vertex 46.64 14.51 0.579999
      vertex 47.6 14.51 0.579999
    endloop
  endfacet
  facet normal 0 1 0
    outer loop
      vertex 46.64 14.51 0.579999
      vertex 47.6 14.51 0
      vertex 46.64 14.51 0
    endloop
  endfacet
  facet normal 0 -1 0
    outer loop
      vertex 50.48 15.47 0
      vertex 53.36 15.47 0.579999
      vertex 50.48 15.47 0.579999
    endloop
  endfacet
  facet normal 0 -1 -0
    outer loop
      vertex 53.36 15.47 0.579999
      vertex 50.48 15.47 0
      vertex 53.36 15.47 0
    endloop
  endfacet
  facet normal -1 0 0
    outer loop
      vertex 53.36 14.51 0
      vertex 53.36 15.47 0.579999
      vertex 53.36 15.47 0
    endloop
  endfacet
  facet normal -1 -0 0
    outer loop
      vertex 53.36 15.47 0.579999
      vertex 53.36 14.51 0
      vertex 53.36 14.51 0.579999
    endloop
  endfacet
  facet normal 0 1 -0
    outer loop
      vertex 53.36 14.51 0
      vertex 52.4 14.51 0.579999
      vertex 53.36 14.51 0.579999
    endloop
  endfacet
  facet normal 0 1 0
    outer loop
      vertex 52.4 14.51 0.579999
      vertex 53.36 14.51 0
      vertex 52.4 14.51 0
    endloop
  endfacet
  facet normal -1 0 0
    outer loop
      vertex 21.68 15.47 0
      vertex 21.68 20.27 0.579999
      vertex 21.68 20.27 0
    endloop
  endfacet
  facet normal -1 -0 0
    outer loop
      vertex 21.68 20.27 0.579999
      vertex 21.68 15.47 0
      vertex 21.68 15.47 0.579999
    endloop
  endfacet
  facet normal 0 0 -1
    outer loop
      vertex 21.68 15.47 0.579999
      vertex 20.72 15.47 0.579999
      vertex 21.68 20.27 0.579999
    endloop
  endfacet
  facet normal 0 0 -1
    outer loop
      vertex 21.68 20.27 0.579999
      vertex 23.6 21.23 0.579999
      vertex 23.6 20.27 0.579999
    endloop
  endfacet
  facet normal 0 0 -1
    outer loop
      vertex 21.68 20.27 0.579999
      vertex 20.72 21.23 0.579999
      vertex 23.6 21.23 0.579999
    endloop
  endfacet
  facet normal 0 0 -1
    outer loop
      vertex 20.72 21.23 0.579999
      vertex 21.68 20.27 0.579999
      vertex 20.72 15.47 0.579999
    endloop
  endfacet
  facet normal 1 -0 0
    outer loop
      vertex 20.72 15.47 0.579999
      vertex 20.72 21.23 0
      vertex 20.72 21.23 0.579999
    endloop
  endfacet
  facet normal 1 0 0
    outer loop
      vertex 20.72 21.23 0
      vertex 20.72 15.47 0.579999
      vertex 20.72 15.47 0
    endloop
  endfacet
  facet normal 0 1 -0
    outer loop
      vertex 21.68 15.47 0
      vertex 20.72 15.47 0.579999
      vertex 21.68 15.47 0.579999
    endloop
  endfacet
  facet normal 0 1 0
    outer loop
      vertex 20.72 15.47 0.579999
      vertex 21.68 15.47 0
      vertex 20.72 15.47 0
    endloop
  endfacet
  facet normal 0 0 -1
    outer loop
      vertex 26.48 15.47 0.579999
      vertex 24.56 17.39 0.579999
      vertex 26.48 17.39 0.579999
    endloop
  endfacet
  facet normal 0 0 -1
    outer loop
      vertex 23.6 15.47 0.579999
      vertex 24.56 17.39 0.579999
      vertex 26.48 15.47 0.579999
    endloop
  endfacet
  facet normal 0 0 -1
    outer loop
      vertex 23.6 20.27 0.579999
      vertex 24.56 17.39 0.579999
      vertex 23.6 15.47 0.579999
    endloop
  endfacet
  facet normal 0 0 -1
    outer loop
      vertex 24.56 17.39 0.579999
      vertex 23.6 20.27 0.579999
      vertex 24.56 20.27 0.579999
    endloop
  endfacet
  facet normal 1 -0 0
    outer loop
      vertex 23.6 15.47 0.579999
      vertex 23.6 20.27 0
      vertex 23.6 20.27 0.579999
    endloop
  endfacet
  facet normal 1 0 0
    outer loop
      vertex 23.6 20.27 0
      vertex 23.6 15.47 0.579999
      vertex 23.6 15.47 0
    endloop
  endfacet
  facet normal 0 1 -0
    outer loop
      vertex 26.48 15.47 0
      vertex 23.6 15.47 0.579999
      vertex 26.48 15.47 0.579999
    endloop
  endfacet
  facet normal 0 1 0
    outer loop
      vertex 23.6 15.47 0.579999
      vertex 26.48 15.47 0
      vertex 23.6 15.47 0
    endloop
  endfacet
  facet normal -1 0 0
    outer loop
      vertex 26.48 15.47 0
      vertex 26.48 17.39 0.579999
      vertex 26.48 17.39 0
    endloop
  endfacet
  facet normal -1 -0 0
    outer loop
      vertex 26.48 17.39 0.579999
      vertex 26.48 15.47 0
      vertex 26.48 15.47 0.579999
    endloop
  endfacet
  facet normal 0 0 -1
    outer loop
      vertex 27.44 15.47 0.579999
      vertex 31.28 17.39 0.579999
      vertex 31.28 15.47 0.579999
    endloop
  endfacet
  facet normal -0 0 -1
    outer loop
      vertex 31.28 17.39 0.579999
      vertex 27.44 15.47 0.579999
      vertex 27.44 17.39 0.579999
    endloop
  endfacet
  facet normal 1 -0 0
    outer loop
      vertex 27.44 15.47 0.579999
      vertex 27.44 17.39 0
      vertex 27.44 17.39 0.579999
    endloop
  endfacet
  facet normal 1 0 0
    outer loop
      vertex 27.44 17.39 0
      vertex 27.44 15.47 0.579999
      vertex 27.44 15.47 0
    endloop
  endfacet
  facet normal 0 1 -0
    outer loop
      vertex 31.28 15.47 0
      vertex 27.44 15.47 0.579999
      vertex 31.28 15.47 0.579999
    endloop
  endfacet
  facet normal 0 1 0
    outer loop
      vertex 27.44 15.47 0.579999
      vertex 31.28 15.47 0
      vertex 27.44 15.47 0
    endloop
  endfacet
  facet normal -1 0 0
    outer loop
      vertex 31.28 15.47 0
      vertex 31.28 17.39 0.579999
      vertex 31.28 17.39 0
    endloop
  endfacet
  facet normal -1 -0 0
    outer loop
      vertex 31.28 17.39 0.579999
      vertex 31.28 15.47 0
      vertex 31.28 15.47 0.579999
    endloop
  endfacet
  facet normal -1 0 0
    outer loop
      vertex 37.04 15.47 0
      vertex 37.04 17.39 0.579999
      vertex 37.04 17.39 0
    endloop
  endfacet
  facet normal -1 -0 0
    outer loop
      vertex 37.04 17.39 0.579999
      vertex 37.04 15.47 0
      vertex 37.04 15.47 0.579999
    endloop
  endfacet
  facet normal 0 0 -1
    outer loop
      vertex 36.08 15.47 0.579999
      vertex 37.04 17.39 0.579999
      vertex 37.04 15.47 0.579999
    endloop
  endfacet
  facet normal -0 0 -1
    outer loop
      vertex 37.04 17.39 0.579999
      vertex 36.08 15.47 0.579999
      vertex 36.08 17.39 0.579999
    endloop
  endfacet
  facet normal 1 -0 0
    outer loop
      vertex 36.08 15.47 0.579999
      vertex 36.08 17.39 0
      vertex 36.08 17.39 0.579999
    endloop
  endfacet
  facet normal 1 0 0
    outer loop
      vertex 36.08 17.39 0
      vertex 36.08 15.47 0.579999
      vertex 36.08 15.47 0
    endloop
  endfacet
  facet normal 0 1 -0
    outer loop
      vertex 37.04 15.47 0
      vertex 36.08 15.47 0.579999
      vertex 37.04 15.47 0.579999
    endloop
  endfacet
  facet normal 0 1 0
    outer loop
      vertex 36.08 15.47 0.579999
      vertex 37.04 15.47 0
      vertex 36.08 15.47 0
    endloop
  endfacet
  facet normal -1 0 0
    outer loop
      vertex 50.48 15.47 0
      vertex 50.48 17.39 0.579999
      vertex 50.48 17.39 0
    endloop
  endfacet
  facet normal -1 -0 0
    outer loop
      vertex 50.48 17.39 0.579999
      vertex 50.48 15.47 0
      vertex 50.48 15.47 0.579999
    endloop
  endfacet
  facet normal 0 0 -1
    outer loop
      vertex 49.52 15.47 0.579999
      vertex 50.48 17.39 0.579999
      vertex 50.48 15.47 0.579999
    endloop
  endfacet
  facet normal -0 0 -1
    outer loop
      vertex 50.48 17.39 0.579999
      vertex 49.52 15.47 0.579999
      vertex 50.48 18.35 0.579999
    endloop
  endfacet
  facet normal 0 0 -1
    outer loop
      vertex 49.52 20.27 0.579999
      vertex 50.48 18.35 0.579999
      vertex 49.52 15.47 0.579999
    endloop
  endfacet
  facet normal 0 0 -1
    outer loop
      vertex 50.48 18.35 0.579999
      vertex 49.52 20.27 0.579999
      vertex 50.48 20.27 0.579999
    endloop
  endfacet
  facet normal 0 0 -1
    outer loop
      vertex 50.48 21.23 0.579999
      vertex 52.4 22.19 0.579999
      vertex 52.4 21.23 0.579999
    endloop
  endfacet
  facet normal -0 0 -1
    outer loop
      vertex 52.4 22.19 0.579999
      vertex 50.48 21.23 0.579999
      vertex 50.48 22.19 0.579999
    endloop
  endfacet
  facet normal 0 0 -1
    outer loop
      vertex 55.28 17.39 0.579999
      vertex 53.36 18.35 0.579999
      vertex 55.28 18.35 0.579999
    endloop
  endfacet
  facet normal 0 0 -1
    outer loop
      vertex 52.4 18.35 0.579999
      vertex 53.36 20.27 0.579999
      vertex 53.36 18.35 0.579999
    endloop
  endfacet
  facet normal 0 0 -1
    outer loop
      vertex 53.36 20.27 0.579999
      vertex 52.4 21.23 0.579999
      vertex 53.36 21.23 0.579999
    endloop
  endfacet
  facet normal -0 0 -1
    outer loop
      vertex 53.36 20.27 0.579999
      vertex 52.4 18.35 0.579999
      vertex 52.4 21.23 0.579999
    endloop
  endfacet
  facet normal 0 0 -1
    outer loop
      vertex 55.28 17.39 0.579999
      vertex 52.4 18.35 0.579999
      vertex 53.36 18.35 0.579999
    endloop
  endfacet
  facet normal 0 0 -1
    outer loop
      vertex 50.48 17.39 0.579999
      vertex 52.4 18.35 0.579999
      vertex 55.28 17.39 0.579999
    endloop
  endfacet
  facet normal -0 0 -1
    outer loop
      vertex 52.4 18.35 0.579999
      vertex 50.48 17.39 0.579999
      vertex 50.48 18.35 0.579999
    endloop
  endfacet
  facet normal 0 0 -1
    outer loop
      vertex 53.36 20.27 0.579999
      vertex 55.28 21.23 0.579999
      vertex 55.28 20.27 0.579999
    endloop
  endfacet
  facet normal -0 0 -1
    outer loop
      vertex 55.28 21.23 0.579999
      vertex 53.36 20.27 0.579999
      vertex 53.36 21.23 0.579999
    endloop
  endfacet
  facet normal 0 0 -1
    outer loop
      vertex 53.36 22.19 0.579999
      vertex 56.24 24.11 0.579999
      vertex 56.24 22.19 0.579999
    endloop
  endfacet
  facet normal 0 0 -1
    outer loop
      vertex 53.36 21.23 0.579999
      vertex 52.4 21.23 0.579999
      vertex 53.36 22.19 0.579999
    endloop
  endfacet
  facet normal 0 0 -1
    outer loop
      vertex 52.4 22.19 0.579999
      vertex 53.36 22.19 0.579999
      vertex 52.4 21.23 0.579999
    endloop
  endfacet
  facet normal 0 0 -1
    outer loop
      vertex 52.4 24.11 0.579999
      vertex 53.36 22.19 0.579999
      vertex 52.4 22.19 0.579999
    endloop
  endfacet
  facet normal 0 0 -1
    outer loop
      vertex 53.36 22.19 0.579999
      vertex 52.4 24.11 0.579999
      vertex 56.24 24.11 0.579999
    endloop
  endfacet
  facet normal 1 -0 0
    outer loop
      vertex 49.52 15.47 0.579999
      vertex 49.52 20.27 0
      vertex 49.52 20.27 0.579999
    endloop
  endfacet
  facet normal 1 0 0
    outer loop
      vertex 49.52 20.27 0
      vertex 49.52 15.47 0.579999
      vertex 49.52 15.47 0
    endloop
  endfacet
  facet normal 0 1 -0
    outer loop
      vertex 50.48 15.47 0
      vertex 49.52 15.47 0.579999
      vertex 50.48 15.47 0.579999
    endloop
  endfacet
  facet normal 0 1 0
    outer loop
      vertex 49.52 15.47 0.579999
      vertex 50.48 15.47 0
      vertex 49.52 15.47 0
    endloop
  endfacet
  facet normal -1 0 0
    outer loop
      vertex 57.2 15.47 0
      vertex 57.2 17.39 0.579999
      vertex 57.2 17.39 0
    endloop
  endfacet
  facet normal -1 -0 0
    outer loop
      vertex 57.2 17.39 0.579999
      vertex 57.2 15.47 0
      vertex 57.2 15.47 0.579999
    endloop
  endfacet
  facet normal 0 0 -1
    outer loop
      vertex 56.24 20.27 0.579999
      vertex 57.2 21.23 0.579999
      vertex 57.2 20.27 0.579999
    endloop
  endfacet
  facet normal -0 0 -1
    outer loop
      vertex 57.2 21.23 0.579999
      vertex 56.24 20.27 0.579999
      vertex 56.24 21.23 0.579999
    endloop
  endfacet
  facet normal 0 0 -1
    outer loop
      vertex 57.2 18.35 0.579999
      vertex 59.12 18.35 0.579999
      vertex 59.12 17.39 0.579999
    endloop
  endfacet
  facet normal 0 0 -1
    outer loop
      vertex 59.12 18.35 0.579999
      vertex 57.2 18.35 0.579999
      vertex 59.12 20.27 0.579999
    endloop
  endfacet
  facet normal 0 0 -1
    outer loop
      vertex 59.12 20.27 0.579999
      vertex 57.2 20.27 0.579999
      vertex 59.12 21.23 0.579999
    endloop
  endfacet
  facet normal 0 0 -1
    outer loop
      vertex 57.2 21.23 0.579999
      vertex 59.12 21.23 0.579999
      vertex 57.2 20.27 0.579999
    endloop
  endfacet
  facet normal 0 0 -1
    outer loop
      vertex 57.2 18.35 0.579999
      vertex 59.12 17.39 0.579999
      vertex 57.2 17.39 0.579999
    endloop
  endfacet
  facet normal -0 0 -1
    outer loop
      vertex 59.12 20.27 0.579999
      vertex 57.2 18.35 0.579999
      vertex 57.2 20.27 0.579999
    endloop
  endfacet
  facet normal 0 0 -1
    outer loop
      vertex 59.12 21.23 0.579999
      vertex 57.2 21.23 0.579999
      vertex 59.12 22.19 0.579999
    endloop
  endfacet
  facet normal 0 0 -1
    outer loop
      vertex 57.2 24.11 0.579999
      vertex 59.12 22.19 0.579999
      vertex 57.2 21.23 0.579999
    endloop
  endfacet
  facet normal 0 0 -1
    outer loop
      vertex 59.12 22.19 0.579999
      vertex 57.2 24.11 0.579999
      vertex 59.12 24.11 0.579999
    endloop
  endfacet
  facet normal 0 0 -1
    outer loop
      vertex 59.12 21.23 0.579999
      vertex 60.08 22.19 0.579999
      vertex 60.08 21.23 0.579999
    endloop
  endfacet
  facet normal -0 0 -1
    outer loop
      vertex 60.08 22.19 0.579999
      vertex 59.12 21.23 0.579999
      vertex 59.12 22.19 0.579999
    endloop
  endfacet
  facet normal 0 0 -1
    outer loop
      vertex 59.12 18.35 0.579999
      vertex 60.08 20.27 0.579999
      vertex 60.08 18.35 0.579999
    endloop
  endfacet
  facet normal -0 0 -1
    outer loop
      vertex 60.08 20.27 0.579999
      vertex 59.12 18.35 0.579999
      vertex 59.12 20.27 0.579999
    endloop
  endfacet
  facet normal 0 0 -1
    outer loop
      vertex 60.08 15.47 0.579999
      vertex 62 17.39 0.579999
      vertex 62 15.47 0.579999
    endloop
  endfacet
  facet normal 0 0 -1
    outer loop
      vertex 62 17.39 0.579999
      vertex 60.08 18.35 0.579999
      vertex 62 18.35 0.579999
    endloop
  endfacet
  facet normal -0 0 -1
    outer loop
      vertex 62 17.39 0.579999
      vertex 60.08 15.47 0.579999
      vertex 60.08 18.35 0.579999
    endloop
  endfacet
  facet normal 0 0 -1
    outer loop
      vertex 62 18.35 0.579999
      vertex 60.08 18.35 0.579999
      vertex 60.08 20.27 0.579999
    endloop
  endfacet
  facet normal 0 0 -1
    outer loop
      vertex 60.08 21.23 0.579999
      vertex 62 18.35 0.579999
      vertex 60.08 20.27 0.579999
    endloop
  endfacet
  facet normal 0 0 -1
    outer loop
      vertex 62 18.35 0.579999
      vertex 60.08 21.23 0.579999
      vertex 62 24.11 0.579999
    endloop
  endfacet
  facet normal 0 0 -1
    outer loop
      vertex 60.08 22.19 0.579999
      vertex 62 24.11 0.579999
      vertex 60.08 21.23 0.579999
    endloop
  endfacet
  facet normal -0 0 -1
    outer loop
      vertex 62 24.11 0.579999
      vertex 60.08 22.19 0.579999
      vertex 60.08 24.11 0.579999
    endloop
  endfacet
  facet normal 0 0 -1
    outer loop
      vertex 62 17.39 0.579999
      vertex 62.96 18.35 0.579999
      vertex 62.96 17.39 0.579999
    endloop
  endfacet
  facet normal -0 0 -1
    outer loop
      vertex 62.96 18.35 0.579999
      vertex 62 17.39 0.579999
      vertex 62 18.35 0.579999
    endloop
  endfacet
  facet normal 0 0 -1
    outer loop
      vertex 65.84 15.47 0.579999
      vertex 64.88 21.23 0.579999
      vertex 65.84 22.19 0.579999
    endloop
  endfacet
  facet normal 0 0 -1
    outer loop
      vertex 62.96 17.39 0.579999
      vertex 65.84 15.47 0.579999
      vertex 62.96 15.47 0.579999
    endloop
  endfacet
  facet normal 0 0 -1
    outer loop
      vertex 62.96 18.35 0.579999
      vertex 65.84 15.47 0.579999
      vertex 62.96 17.39 0.579999
    endloop
  endfacet
  facet normal 0 0 -1
    outer loop
      vertex 65.84 15.47 0.579999
      vertex 62.96 18.35 0.579999
      vertex 64.88 21.23 0.579999
    endloop
  endfacet
  facet normal -0 0 -1
    outer loop
      vertex 64.88 21.23 0.579999
      vertex 62.96 18.35 0.579999
      vertex 62.96 21.23 0.579999
    endloop
  endfacet
  facet normal -0 0 -1
    outer loop
      vertex 65.84 22.19 0.579999
      vertex 64.88 21.23 0.579999
      vertex 64.88 22.19 0.579999
    endloop
  endfacet
  facet normal 0 0 -1
    outer loop
      vertex 56.24 15.47 0.579999
      vertex 57.2 17.39 0.579999
      vertex 57.2 15.47 0.579999
    endloop
  endfacet
  facet normal 0 0 -1
    outer loop
      vertex 56.24 18.35 0.579999
      vertex 57.2 17.39 0.579999
      vertex 56.24 15.47 0.579999
    endloop
  endfacet
  facet normal 0 0 -1
    outer loop
      vertex 57.2 17.39 0.579999
      vertex 56.24 18.35 0.579999
      vertex 57.2 18.35 0.579999
    endloop
  endfacet
  facet normal 1 -0 0
    outer loop
      vertex 56.24 15.47 0.579999
      vertex 56.24 18.35 0
      vertex 56.24 18.35 0.579999
    endloop
  endfacet
  facet normal 1 0 0
    outer loop
      vertex 56.24 18.35 0
      vertex 56.24 15.47 0.579999
      vertex 56.24 15.47 0
    endloop
  endfacet
  facet normal 0 1 -0
    outer loop
      vertex 57.2 15.47 0
      vertex 56.24 15.47 0.579999
      vertex 57.2 15.47 0.579999
    endloop
  endfacet
  facet normal 0 1 0
    outer loop
      vertex 56.24 15.47 0.579999
      vertex 57.2 15.47 0
      vertex 56.24 15.47 0
    endloop
  endfacet
  facet normal 1 -0 0
    outer loop
      vertex 60.08 15.47 0.579999
      vertex 60.08 18.35 0
      vertex 60.08 18.35 0.579999
    endloop
  endfacet
  facet normal 1 0 0
    outer loop
      vertex 60.08 18.35 0
      vertex 60.08 15.47 0.579999
      vertex 60.08 15.47 0
    endloop
  endfacet
  facet normal 0 1 -0
    outer loop
      vertex 62 15.47 0
      vertex 60.08 15.47 0.579999
      vertex 62 15.47 0.579999
    endloop
  endfacet
  facet normal 0 1 0
    outer loop
      vertex 60.08 15.47 0.579999
      vertex 62 15.47 0
      vertex 60.08 15.47 0
    endloop
  endfacet
  facet normal -1 0 0
    outer loop
      vertex 62 15.47 0
      vertex 62 17.39 0.579999
      vertex 62 17.39 0
    endloop
  endfacet
  facet normal -1 -0 0
    outer loop
      vertex 62 17.39 0.579999
      vertex 62 15.47 0
      vertex 62 15.47 0.579999
    endloop
  endfacet
  facet normal 1 -0 0
    outer loop
      vertex 62.96 15.47 0.579999
      vertex 62.96 17.39 0
      vertex 62.96 17.39 0.579999
    endloop
  endfacet
  facet normal 1 0 0
    outer loop
      vertex 62.96 17.39 0
      vertex 62.96 15.47 0.579999
      vertex 62.96 15.47 0
    endloop
  endfacet
  facet normal 0 1 -0
    outer loop
      vertex 65.84 15.47 0
      vertex 62.96 15.47 0.579999
      vertex 65.84 15.47 0.579999
    endloop
  endfacet
  facet normal 0 1 0
    outer loop
      vertex 62.96 15.47 0.579999
      vertex 65.84 15.47 0
      vertex 62.96 15.47 0
    endloop
  endfacet
  facet normal -1 0 0
    outer loop
      vertex 65.84 15.47 0
      vertex 65.84 22.19 0.579999
      vertex 65.84 22.19 0
    endloop
  endfacet
  facet normal -1 -0 0
    outer loop
      vertex 65.84 22.19 0.579999
      vertex 65.84 15.47 0
      vertex 65.84 15.47 0.579999
    endloop
  endfacet
  facet normal -1 0 0
    outer loop
      vertex 24.56 17.39 0
      vertex 24.56 20.27 0.579999
      vertex 24.56 20.27 0
    endloop
  endfacet
  facet normal -1 -0 0
    outer loop
      vertex 24.56 20.27 0.579999
      vertex 24.56 17.39 0
      vertex 24.56 17.39 0.579999
    endloop
  endfacet
  facet normal 0 -1 0
    outer loop
      vertex 24.56 17.39 0
      vertex 26.48 17.39 0.579999
      vertex 24.56 17.39 0.579999
    endloop
  endfacet
  facet normal 0 -1 -0
    outer loop
      vertex 26.48 17.39 0.579999
      vertex 24.56 17.39 0
      vertex 26.48 17.39 0
    endloop
  endfacet
  facet normal 0 -1 0
    outer loop
      vertex 27.44 17.39 0
      vertex 31.28 17.39 0.579999
      vertex 27.44 17.39 0.579999
    endloop
  endfacet
  facet normal 0 -1 -0
    outer loop
      vertex 31.28 17.39 0.579999
      vertex 27.44 17.39 0
      vertex 31.28 17.39 0
    endloop
  endfacet
  facet normal 0 -1 0
    outer loop
      vertex 33.2 17.39 0
      vertex 34.16 17.39 0.579999
      vertex 33.2 17.39 0.579999
    endloop
  endfacet
  facet normal 0 -1 -0
    outer loop
      vertex 34.16 17.39 0.579999
      vertex 33.2 17.39 0
      vertex 34.16 17.39 0
    endloop
  endfacet
  facet normal 0 -1 0
    outer loop
      vertex 36.08 17.39 0
      vertex 37.04 17.39 0.579999
      vertex 36.08 17.39 0.579999
    endloop
  endfacet
  facet normal 0 -1 -0
    outer loop
      vertex 37.04 17.39 0.579999
      vertex 36.08 17.39 0
      vertex 37.04 17.39 0
    endloop
  endfacet
  facet normal 0 -1 0
    outer loop
      vertex 40.88 17.39 0
      vertex 42.8 17.39 0.579999
      vertex 40.88 17.39 0.579999
    endloop
  endfacet
  facet normal 0 -1 -0
    outer loop
      vertex 42.8 17.39 0.579999
      vertex 40.88 17.39 0
      vertex 42.8 17.39 0
    endloop
  endfacet
  facet normal 0 1 -0
    outer loop
      vertex 62.96 17.39 0
      vertex 62 17.39 0.579999
      vertex 62.96 17.39 0.579999
    endloop
  endfacet
  facet normal 0 1 0
    outer loop
      vertex 62 17.39 0.579999
      vertex 62.96 17.39 0
      vertex 62 17.39 0
    endloop
  endfacet
  facet normal -1 0 0
    outer loop
      vertex 27.44 17.39 0
      vertex 27.44 18.35 0.579999
      vertex 27.44 18.35 0
    endloop
  endfacet
  facet normal -1 -0 0
    outer loop
      vertex 27.44 18.35 0.579999
      vertex 27.44 17.39 0
      vertex 27.44 17.39 0.579999
    endloop
  endfacet
  facet normal 0 0 -1
    outer loop
      vertex 26.48 17.39 0.579999
      vertex 27.44 18.35 0.579999
      vertex 27.44 17.39 0.579999
    endloop
  endfacet
  facet normal -0 0 -1
    outer loop
      vertex 27.44 18.35 0.579999
      vertex 26.48 17.39 0.579999
      vertex 26.48 18.35 0.579999
    endloop
  endfacet
  facet normal 1 -0 0
    outer loop
      vertex 26.48 17.39 0.579999
      vertex 26.48 18.35 0
      vertex 26.48 18.35 0.579999
    endloop
  endfacet
  facet normal 1 0 0
    outer loop
      vertex 26.48 18.35 0
      vertex 26.48 17.39 0.579999
      vertex 26.48 17.39 0
    endloop
  endfacet
  facet normal 0 -1 0
    outer loop
      vertex 26.48 18.35 0
      vertex 27.44 18.35 0.579999
      vertex 26.48 18.35 0.579999
    endloop
  endfacet
  facet normal 0 -1 -0
    outer loop
      vertex 27.44 18.35 0.579999
      vertex 26.48 18.35 0
      vertex 27.44 18.35 0
    endloop
  endfacet
  facet normal 0 1 -0
    outer loop
      vertex 27.44 17.39 0
      vertex 26.48 17.39 0.579999
      vertex 27.44 17.39 0.579999
    endloop
  endfacet
  facet normal 0 1 0
    outer loop
      vertex 26.48 17.39 0.579999
      vertex 27.44 17.39 0
      vertex 26.48 17.39 0
    endloop
  endfacet
  facet normal 0 0 -1
    outer loop
      vertex 34.16 17.39 0.579999
      vertex 36.08 18.35 0.579999
      vertex 36.08 17.39 0.579999
    endloop
  endfacet
  facet normal -0 0 -1
    outer loop
      vertex 36.08 18.35 0.579999
      vertex 34.16 17.39 0.579999
      vertex 34.16 18.35 0.579999
    endloop
  endfacet
  facet normal 1 -0 0
    outer loop
      vertex 34.16 17.39 0.579999
      vertex 34.16 18.35 0
      vertex 34.16 18.35 0.579999
    endloop
  endfacet
  facet normal 1 0 0
    outer loop
      vertex 34.16 18.35 0
      vertex 34.16 17.39 0.579999
      vertex 34.16 17.39 0
    endloop
  endfacet
  facet normal 0 -1 0
    outer loop
      vertex 34.16 18.35 0
      vertex 36.08 18.35 0.579999
      vertex 34.16 18.35 0.579999
    endloop
  endfacet
  facet normal 0 -1 -0
    outer loop
      vertex 36.08 18.35 0.579999
      vertex 34.16 18.35 0
      vertex 36.08 18.35 0
    endloop
  endfacet
  facet normal 0 1 -0
    outer loop
      vertex 36.08 17.39 0
      vertex 34.16 17.39 0.579999
      vertex 36.08 17.39 0.579999
    endloop
  endfacet
  facet normal 0 1 0
    outer loop
      vertex 34.16 17.39 0.579999
      vertex 36.08 17.39 0
      vertex 34.16 17.39 0
    endloop
  endfacet
  facet normal -1 0 0
    outer loop
      vertex 36.08 17.39 0
      vertex 36.08 18.35 0.579999
      vertex 36.08 18.35 0
    endloop
  endfacet
  facet normal -1 -0 0
    outer loop
      vertex 36.08 18.35 0.579999
      vertex 36.08 17.39 0
      vertex 36.08 17.39 0.579999
    endloop
  endfacet
  facet normal 0 0 -1
    outer loop
      vertex 38 17.39 0.579999
      vertex 39.92 20.27 0.579999
      vertex 39.92 17.39 0.579999
    endloop
  endfacet
  facet normal -0 0 -1
    outer loop
      vertex 39.92 20.27 0.579999
      vertex 38 17.39 0.579999
      vertex 38 20.27 0.579999
    endloop
  endfacet
  facet normal 1 -0 0
    outer loop
      vertex 38 17.39 0.579999
      vertex 38 20.27 0
      vertex 38 20.27 0.579999
    endloop
  endfacet
  facet normal 1 0 0
    outer loop
      vertex 38 20.27 0
      vertex 38 17.39 0.579999
      vertex 38 17.39 0
    endloop
  endfacet
  facet normal 0 1 -0
    outer loop
      vertex 39.92 17.39 0
      vertex 38 17.39 0.579999
      vertex 39.92 17.39 0.579999
    endloop
  endfacet
  facet normal 0 1 0
    outer loop
      vertex 38 17.39 0.579999
      vertex 39.92 17.39 0
      vertex 38 17.39 0
    endloop
  endfacet
  facet normal -1 0 0
    outer loop
      vertex 39.92 17.39 0
      vertex 39.92 20.27 0.579999
      vertex 39.92 20.27 0
    endloop
  endfacet
  facet normal -1 -0 0
    outer loop
      vertex 39.92 20.27 0.579999
      vertex 39.92 17.39 0
      vertex 39.92 17.39 0.579999
    endloop
  endfacet
  facet normal 1 -0 0
    outer loop
      vertex 42.8 17.39 0.579999
      vertex 42.8 21.23 0
      vertex 42.8 21.23 0.579999
    endloop
  endfacet
  facet normal 1 0 0
    outer loop
      vertex 42.8 21.23 0
      vertex 42.8 17.39 0.579999
      vertex 42.8 17.39 0
    endloop
  endfacet
  facet normal 0 -1 0
    outer loop
      vertex 43.76 18.35 0
      vertex 45.68 18.35 0.579999
      vertex 43.76 18.35 0.579999
    endloop
  endfacet
  facet normal 0 -1 -0
    outer loop
      vertex 45.68 18.35 0.579999
      vertex 43.76 18.35 0
      vertex 45.68 18.35 0
    endloop
  endfacet
  facet normal 1 -0 0
    outer loop
      vertex 45.68 18.35 0.579999
      vertex 45.68 20.27 0
      vertex 45.68 20.27 0.579999
    endloop
  endfacet
  facet normal 1 0 0
    outer loop
      vertex 45.68 20.27 0
      vertex 45.68 18.35 0.579999
      vertex 45.68 18.35 0
    endloop
  endfacet
  facet normal -1 0 0
    outer loop
      vertex 46.64 18.35 0
      vertex 46.64 20.27 0.579999
      vertex 46.64 20.27 0
    endloop
  endfacet
  facet normal -1 -0 0
    outer loop
      vertex 46.64 20.27 0.579999
      vertex 46.64 18.35 0
      vertex 46.64 18.35 0.579999
    endloop
  endfacet
  facet normal 0 -1 0
    outer loop
      vertex 46.64 18.35 0
      vertex 47.6 18.35 0.579999
      vertex 46.64 18.35 0.579999
    endloop
  endfacet
  facet normal 0 -1 -0
    outer loop
      vertex 47.6 18.35 0.579999
      vertex 46.64 18.35 0
      vertex 47.6 18.35 0
    endloop
  endfacet
  facet normal 0 -1 0
    outer loop
      vertex 50.48 18.35 0
      vertex 52.4 18.35 0.579999
      vertex 50.48 18.35 0.579999
    endloop
  endfacet
  facet normal 0 -1 -0
    outer loop
      vertex 52.4 18.35 0.579999
      vertex 50.48 18.35 0
      vertex 52.4 18.35 0
    endloop
  endfacet
  facet normal 0 -1 0
    outer loop
      vertex 53.36 18.35 0
      vertex 55.28 18.35 0.579999
      vertex 53.36 18.35 0.579999
    endloop
  endfacet
  facet normal 0 -1 -0
    outer loop
      vertex 55.28 18.35 0.579999
      vertex 53.36 18.35 0
      vertex 55.28 18.35 0
    endloop
  endfacet
  facet normal 0 1 -0
    outer loop
      vertex 55.28 17.39 0
      vertex 50.48 17.39 0.579999
      vertex 55.28 17.39 0.579999
    endloop
  endfacet
  facet normal 0 1 0
    outer loop
      vertex 50.48 17.39 0.579999
      vertex 55.28 17.39 0
      vertex 50.48 17.39 0
    endloop
  endfacet
  facet normal -1 0 0
    outer loop
      vertex 55.28 17.39 0
      vertex 55.28 18.35 0.579999
      vertex 55.28 18.35 0
    endloop
  endfacet
  facet normal -1 -0 0
    outer loop
      vertex 55.28 18.35 0.579999
      vertex 55.28 17.39 0
      vertex 55.28 17.39 0.579999
    endloop
  endfacet
  facet normal 1 -0 0
    outer loop
      vertex 57.2 18.35 0.579999
      vertex 57.2 20.27 0
      vertex 57.2 20.27 0.579999
    endloop
  endfacet
  facet normal 1 0 0
    outer loop
      vertex 57.2 20.27 0
      vertex 57.2 18.35 0.579999
      vertex 57.2 18.35 0
    endloop
  endfacet
  facet normal 0 -1 0
    outer loop
      vertex 56.24 18.35 0
      vertex 57.2 18.35 0.579999
      vertex 56.24 18.35 0.579999
    endloop
  endfacet
  facet normal 0 -1 -0
    outer loop
      vertex 57.2 18.35 0.579999
      vertex 56.24 18.35 0
      vertex 57.2 18.35 0
    endloop
  endfacet
  facet normal 0 1 -0
    outer loop
      vertex 59.12 17.39 0
      vertex 57.2 17.39 0.579999
      vertex 59.12 17.39 0.579999
    endloop
  endfacet
  facet normal 0 1 0
    outer loop
      vertex 57.2 17.39 0.579999
      vertex 59.12 17.39 0
      vertex 57.2 17.39 0
    endloop
  endfacet
  facet normal -1 0 0
    outer loop
      vertex 59.12 17.39 0
      vertex 59.12 18.35 0.579999
      vertex 59.12 18.35 0
    endloop
  endfacet
  facet normal -1 -0 0
    outer loop
      vertex 59.12 18.35 0.579999
      vertex 59.12 17.39 0
      vertex 59.12 17.39 0.579999
    endloop
  endfacet
  facet normal 0 1 -0
    outer loop
      vertex 60.08 18.35 0
      vertex 59.12 18.35 0.579999
      vertex 60.08 18.35 0.579999
    endloop
  endfacet
  facet normal 0 1 0
    outer loop
      vertex 59.12 18.35 0.579999
      vertex 60.08 18.35 0
      vertex 59.12 18.35 0
    endloop
  endfacet
  facet normal 0 -1 0
    outer loop
      vertex 62 18.35 0
      vertex 62.96 18.35 0.579999
      vertex 62 18.35 0.579999
    endloop
  endfacet
  facet normal 0 -1 -0
    outer loop
      vertex 62.96 18.35 0.579999
      vertex 62 18.35 0
      vertex 62.96 18.35 0
    endloop
  endfacet
  facet normal 0 0 -1
    outer loop
      vertex 34.16 18.35 0.579999
      vertex 31.28 20.27 0.579999
      vertex 34.16 20.27 0.579999
    endloop
  endfacet
  facet normal 0 0 -1
    outer loop
      vertex 31.28 20.27 0.579999
      vertex 30.32 20.27 0.579999
      vertex 31.28 21.23 0.579999
    endloop
  endfacet
  facet normal 0 0 -1
    outer loop
      vertex 34.16 18.35 0.579999
      vertex 30.32 20.27 0.579999
      vertex 31.28 20.27 0.579999
    endloop
  endfacet
  facet normal 0 0 -1
    outer loop
      vertex 27.44 18.35 0.579999
      vertex 30.32 20.27 0.579999
      vertex 34.16 18.35 0.579999
    endloop
  endfacet
  facet normal -0 0 -1
    outer loop
      vertex 30.32 20.27 0.579999
      vertex 27.44 18.35 0.579999
      vertex 29.36 20.27 0.579999
    endloop
  endfacet
  facet normal 0 0 -1
    outer loop
      vertex 27.44 20.27 0.579999
      vertex 29.36 20.27 0.579999
      vertex 27.44 18.35 0.579999
    endloop
  endfacet
  facet normal 0 0 -1
    outer loop
      vertex 29.36 20.27 0.579999
      vertex 27.44 20.27 0.579999
      vertex 29.36 21.23 0.579999
    endloop
  endfacet
  facet normal 0 0 -1
    outer loop
      vertex 27.44 20.27 0.579999
      vertex 26.48 21.23 0.579999
      vertex 29.36 21.23 0.579999
    endloop
  endfacet
  facet normal 0 0 -1
    outer loop
      vertex 24.56 20.27 0.579999
      vertex 26.48 21.23 0.579999
      vertex 27.44 20.27 0.579999
    endloop
  endfacet
  facet normal 0 0 -1
    outer loop
      vertex 24.56 21.23 0.579999
      vertex 26.48 21.23 0.579999
      vertex 24.56 20.27 0.579999
    endloop
  endfacet
  facet normal 0 0 -1
    outer loop
      vertex 26.48 21.23 0.579999
      vertex 24.56 21.23 0.579999
      vertex 26.48 22.19 0.579999
    endloop
  endfacet
  facet normal 0 0 -1
    outer loop
      vertex 24.56 21.23 0.579999
      vertex 24.56 22.19 0.579999
      vertex 26.48 22.19 0.579999
    endloop
  endfacet
  facet normal 0 0 -1
    outer loop
      vertex 23.6 22.19 0.579999
      vertex 24.56 22.19 0.579999
      vertex 24.56 21.23 0.579999
    endloop
  endfacet
  facet normal 0 0 -1
    outer loop
      vertex 23.6 22.19 0.579999
      vertex 24.56 21.23 0.579999
      vertex 23.6 21.23 0.579999
    endloop
  endfacet
  facet normal -0 0 -1
    outer loop
      vertex 31.28 21.23 0.579999
      vertex 30.32 20.27 0.579999
      vertex 30.32 21.23 0.579999
    endloop
  endfacet
  facet normal 0 0 -1
    outer loop
      vertex 24.56 25.07 0.579999
      vertex 26.48 26.99 0.579999
      vertex 26.48 25.07 0.579999
    endloop
  endfacet
  facet normal 0 0 -1
    outer loop
      vertex 24.56 22.19 0.579999
      vertex 23.6 22.19 0.579999
      vertex 24.56 25.07 0.579999
    endloop
  endfacet
  facet normal 0 0 -1
    outer loop
      vertex 23.6 25.07 0.579999
      vertex 24.56 25.07 0.579999
      vertex 23.6 22.19 0.579999
    endloop
  endfacet
  facet normal 0 0 -1
    outer loop
      vertex 23.6 26.99 0.579999
      vertex 24.56 25.07 0.579999
      vertex 23.6 25.07 0.579999
    endloop
  endfacet
  facet normal 0 0 -1
    outer loop
      vertex 24.56 25.07 0.579999
      vertex 23.6 26.99 0.579999
      vertex 26.48 26.99 0.579999
    endloop
  endfacet
  facet normal 0 0 -1
    outer loop
      vertex 21.68 22.19 0.579999
      vertex 23.6 25.07 0.579999
      vertex 23.6 22.19 0.579999
    endloop
  endfacet
  facet normal -0 0 -1
    outer loop
      vertex 23.6 25.07 0.579999
      vertex 21.68 22.19 0.579999
      vertex 21.68 25.07 0.579999
    endloop
  endfacet
  facet normal 1 -0 0
    outer loop
      vertex 27.44 18.35 0.579999
      vertex 27.44 20.27 0
      vertex 27.44 20.27 0.579999
    endloop
  endfacet
  facet normal 1 0 0
    outer loop
      vertex 27.44 20.27 0
      vertex 27.44 18.35 0.579999
      vertex 27.44 18.35 0
    endloop
  endfacet
  facet normal 0 1 -0
    outer loop
      vertex 34.16 18.35 0
      vertex 27.44 18.35 0.579999
      vertex 34.16 18.35 0.579999
    endloop
  endfacet
  facet normal 0 1 0
    outer loop
      vertex 27.44 18.35 0.579999
      vertex 34.16 18.35 0
      vertex 27.44 18.35 0
    endloop
  endfacet
  facet normal -1 0 0
    outer loop
      vertex 29.36 20.27 0
      vertex 29.36 21.23 0.579999
      vertex 29.36 21.23 0
    endloop
  endfacet
  facet normal -1 -0 0
    outer loop
      vertex 29.36 21.23 0.579999
      vertex 29.36 20.27 0
      vertex 29.36 20.27 0.579999
    endloop
  endfacet
  facet normal -1 0 0
    outer loop
      vertex 34.16 18.35 0
      vertex 34.16 20.27 0.579999
      vertex 34.16 20.27 0
    endloop
  endfacet
  facet normal -1 -0 0
    outer loop
      vertex 34.16 20.27 0.579999
      vertex 34.16 18.35 0
      vertex 34.16 18.35 0.579999
    endloop
  endfacet
  facet normal -1 0 0
    outer loop
      vertex 37.04 18.35 0
      vertex 37.04 21.23 0.579999
      vertex 37.04 21.23 0
    endloop
  endfacet
  facet normal -1 -0 0
    outer loop
      vertex 37.04 21.23 0.579999
      vertex 37.04 18.35 0
      vertex 37.04 18.35 0.579999
    endloop
  endfacet
  facet normal 0 0 -1
    outer loop
      vertex 36.08 20.27 0.579999
      vertex 37.04 18.35 0.579999
      vertex 36.08 18.35 0.579999
    endloop
  endfacet
  facet normal 0 0 -1
    outer loop
      vertex 37.04 21.23 0.579999
      vertex 38 24.11 0.579999
      vertex 38 21.23 0.579999
    endloop
  endfacet
  facet normal 0 0 -1
    outer loop
      vertex 37.04 18.35 0.579999
      vertex 36.08 20.27 0.579999
      vertex 37.04 21.23 0.579999
    endloop
  endfacet
  facet normal 0 0 -1
    outer loop
      vertex 36.08 21.23 0.579999
      vertex 37.04 21.23 0.579999
      vertex 36.08 20.27 0.579999
    endloop
  endfacet
  facet normal 0 0 -1
    outer loop
      vertex 36.08 24.11 0.579999
      vertex 37.04 21.23 0.579999
      vertex 36.08 21.23 0.579999
    endloop
  endfacet
  facet normal 0 0 -1
    outer loop
      vertex 37.04 21.23 0.579999
      vertex 36.08 24.11 0.579999
      vertex 38 24.11 0.579999
    endloop
  endfacet
  facet normal 0 0 -1
    outer loop
      vertex 34.16 20.27 0.579999
      vertex 36.08 21.23 0.579999
      vertex 36.08 20.27 0.579999
    endloop
  endfacet
  facet normal -0 0 -1
    outer loop
      vertex 36.08 21.23 0.579999
      vertex 34.16 20.27 0.579999
      vertex 34.16 21.23 0.579999
    endloop
  endfacet
  facet normal 1 -0 0
    outer loop
      vertex 36.08 18.35 0.579999
      vertex 36.08 20.27 0
      vertex 36.08 20.27 0.579999
    endloop
  endfacet
  facet normal 1 0 0
    outer loop
      vertex 36.08 20.27 0
      vertex 36.08 18.35 0.579999
      vertex 36.08 18.35 0
    endloop
  endfacet
  facet normal 0 1 -0
    outer loop
      vertex 37.04 18.35 0
      vertex 36.08 18.35 0.579999
      vertex 37.04 18.35 0.579999
    endloop
  endfacet
  facet normal 0 1 0
    outer loop
      vertex 36.08 18.35 0.579999
      vertex 37.04 18.35 0
      vertex 36.08 18.35 0
    endloop
  endfacet
  facet normal -1 0 0
    outer loop
      vertex 43.76 18.35 0
      vertex 43.76 20.27 0.579999
      vertex 43.76 20.27 0
    endloop
  endfacet
  facet normal -1 -0 0
    outer loop
      vertex 43.76 20.27 0.579999
      vertex 43.76 18.35 0
      vertex 43.76 18.35 0.579999
    endloop
  endfacet
  facet normal -1 0 0
    outer loop
      vertex 50.48 18.35 0
      vertex 50.48 20.27 0.579999
      vertex 50.48 20.27 0
    endloop
  endfacet
  facet normal -1 -0 0
    outer loop
      vertex 50.48 20.27 0.579999
      vertex 50.48 18.35 0
      vertex 50.48 18.35 0.579999
    endloop
  endfacet
  facet normal -1 0 0
    outer loop
      vertex 53.36 18.35 0
      vertex 53.36 20.27 0.579999
      vertex 53.36 20.27 0
    endloop
  endfacet
  facet normal -1 -0 0
    outer loop
      vertex 53.36 20.27 0.579999
      vertex 53.36 18.35 0
      vertex 53.36 18.35 0.579999
    endloop
  endfacet
  facet normal 1 -0 0
    outer loop
      vertex 52.4 18.35 0.579999
      vertex 52.4 21.23 0
      vertex 52.4 21.23 0.579999
    endloop
  endfacet
  facet normal 1 0 0
    outer loop
      vertex 52.4 21.23 0
      vertex 52.4 18.35 0.579999
      vertex 52.4 18.35 0
    endloop
  endfacet
  facet normal -1 0 0
    outer loop
      vertex 62 18.35 0
      vertex 62 24.11 0.579999
      vertex 62 24.11 0
    endloop
  endfacet
  facet normal -1 -0 0
    outer loop
      vertex 62 24.11 0.579999
      vertex 62 18.35 0
      vertex 62 18.35 0.579999
    endloop
  endfacet
  facet normal 1 -0 0
    outer loop
      vertex 62.96 18.35 0.579999
      vertex 62.96 21.23 0
      vertex 62.96 21.23 0.579999
    endloop
  endfacet
  facet normal 1 0 0
    outer loop
      vertex 62.96 21.23 0
      vertex 62.96 18.35 0.579999
      vertex 62.96 18.35 0
    endloop
  endfacet
  facet normal 0 -1 0
    outer loop
      vertex 23.6 20.27 0
      vertex 24.56 20.27 0.579999
      vertex 23.6 20.27 0.579999
    endloop
  endfacet
  facet normal 0 -1 -0
    outer loop
      vertex 24.56 20.27 0.579999
      vertex 23.6 20.27 0
      vertex 24.56 20.27 0
    endloop
  endfacet
  facet normal 1 -0 0
    outer loop
      vertex 30.32 20.27 0.579999
      vertex 30.32 21.23 0
      vertex 30.32 21.23 0.579999
    endloop
  endfacet
  facet normal 1 0 0
    outer loop
      vertex 30.32 21.23 0
      vertex 30.32 20.27 0.579999
      vertex 30.32 20.27 0
    endloop
  endfacet
  facet normal 0 -1 0
    outer loop
      vertex 29.36 20.27 0
      vertex 30.32 20.27 0.579999
      vertex 29.36 20.27 0.579999
    endloop
  endfacet
  facet normal 0 -1 -0
    outer loop
      vertex 30.32 20.27 0.579999
      vertex 29.36 20.27 0
      vertex 30.32 20.27 0
    endloop
  endfacet
  facet normal -1 0 0
    outer loop
      vertex 31.28 20.27 0
      vertex 31.28 21.23 0.579999
      vertex 31.28 21.23 0
    endloop
  endfacet
  facet normal -1 -0 0
    outer loop
      vertex 31.28 21.23 0.579999
      vertex 31.28 20.27 0
      vertex 31.28 20.27 0.579999
    endloop
  endfacet
  facet normal 0 -1 0
    outer loop
      vertex 31.28 20.27 0
      vertex 34.16 20.27 0.579999
      vertex 31.28 20.27 0.579999
    endloop
  endfacet
  facet normal 0 -1 -0
    outer loop
      vertex 34.16 20.27 0.579999
      vertex 31.28 20.27 0
      vertex 34.16 20.27 0
    endloop
  endfacet
  facet normal 0 -1 0
    outer loop
      vertex 38 20.27 0
      vertex 39.92 20.27 0.579999
      vertex 38 20.27 0.579999
    endloop
  endfacet
  facet normal 0 -1 -0
    outer loop
      vertex 39.92 20.27 0.579999
      vertex 38 20.27 0
      vertex 39.92 20.27 0
    endloop
  endfacet
  facet normal 0 -1 0
    outer loop
      vertex 45.68 20.27 0
      vertex 46.64 20.27 0.579999
      vertex 45.68 20.27 0.579999
    endloop
  endfacet
  facet normal 0 -1 -0
    outer loop
      vertex 46.64 20.27 0.579999
      vertex 45.68 20.27 0
      vertex 46.64 20.27 0
    endloop
  endfacet
  facet normal 0 -1 0
    outer loop
      vertex 49.52 20.27 0
      vertex 50.48 20.27 0.579999
      vertex 49.52 20.27 0.579999
    endloop
  endfacet
  facet normal 0 -1 -0
    outer loop
      vertex 50.48 20.27 0.579999
      vertex 49.52 20.27 0
      vertex 50.48 20.27 0
    endloop
  endfacet
  facet normal 0 1 -0
    outer loop
      vertex 55.28 20.27 0
      vertex 53.36 20.27 0.579999
      vertex 55.28 20.27 0.579999
    endloop
  endfacet
  facet normal 0 1 0
    outer loop
      vertex 53.36 20.27 0.579999
      vertex 55.28 20.27 0
      vertex 53.36 20.27 0
    endloop
  endfacet
  facet normal 0 -1 0
    outer loop
      vertex 59.12 20.27 0
      vertex 60.08 20.27 0.579999
      vertex 59.12 20.27 0.579999
    endloop
  endfacet
  facet normal 0 -1 -0
    outer loop
      vertex 60.08 20.27 0.579999
      vertex 59.12 20.27 0
      vertex 60.08 20.27 0
    endloop
  endfacet
  facet normal 0 -1 0
    outer loop
      vertex 20.72 21.23 0
      vertex 23.6 21.23 0.579999
      vertex 20.72 21.23 0.579999
    endloop
  endfacet
  facet normal 0 -1 -0
    outer loop
      vertex 23.6 21.23 0.579999
      vertex 20.72 21.23 0
      vertex 23.6 21.23 0
    endloop
  endfacet
  facet normal 0 1 -0
    outer loop
      vertex 23.6 20.27 0
      vertex 21.68 20.27 0.579999
      vertex 23.6 20.27 0.579999
    endloop
  endfacet
  facet normal 0 1 0
    outer loop
      vertex 21.68 20.27 0.579999
      vertex 23.6 20.27 0
      vertex 21.68 20.27 0
    endloop
  endfacet
  facet normal -1 0 0
    outer loop
      vertex 23.6 20.27 0
      vertex 23.6 21.23 0.579999
      vertex 23.6 21.23 0
    endloop
  endfacet
  facet normal -1 -0 0
    outer loop
      vertex 23.6 21.23 0.579999
      vertex 23.6 20.27 0
      vertex 23.6 20.27 0.579999
    endloop
  endfacet
  facet normal 1 -0 0
    outer loop
      vertex 24.56 20.27 0.579999
      vertex 24.56 21.23 0
      vertex 24.56 21.23 0.579999
    endloop
  endfacet
  facet normal 1 0 0
    outer loop
      vertex 24.56 21.23 0
      vertex 24.56 20.27 0.579999
      vertex 24.56 20.27 0
    endloop
  endfacet
  facet normal 0 1 -0
    outer loop
      vertex 27.44 20.27 0
      vertex 24.56 20.27 0.579999
      vertex 27.44 20.27 0.579999
    endloop
  endfacet
  facet normal 0 1 0
    outer loop
      vertex 24.56 20.27 0.579999
      vertex 27.44 20.27 0
      vertex 24.56 20.27 0
    endloop
  endfacet
  facet normal -1 0 0
    outer loop
      vertex 26.48 21.23 0
      vertex 26.48 22.19 0.579999
      vertex 26.48 22.19 0
    endloop
  endfacet
  facet normal -1 -0 0
    outer loop
      vertex 26.48 22.19 0.579999
      vertex 26.48 21.23 0
      vertex 26.48 21.23 0.579999
    endloop
  endfacet
  facet normal 0 -1 0
    outer loop
      vertex 26.48 21.23 0
      vertex 29.36 21.23 0.579999
      vertex 26.48 21.23 0.579999
    endloop
  endfacet
  facet normal 0 -1 -0
    outer loop
      vertex 29.36 21.23 0.579999
      vertex 26.48 21.23 0
      vertex 29.36 21.23 0
    endloop
  endfacet
  facet normal 0 -1 0
    outer loop
      vertex 30.32 21.23 0
      vertex 31.28 21.23 0.579999
      vertex 30.32 21.23 0.579999
    endloop
  endfacet
  facet normal 0 -1 -0
    outer loop
      vertex 31.28 21.23 0.579999
      vertex 30.32 21.23 0
      vertex 31.28 21.23 0
    endloop
  endfacet
  facet normal 1 -0 0
    outer loop
      vertex 34.16 20.27 0.579999
      vertex 34.16 21.23 0
      vertex 34.16 21.23 0.579999
    endloop
  endfacet
  facet normal 1 0 0
    outer loop
      vertex 34.16 21.23 0
      vertex 34.16 20.27 0.579999
      vertex 34.16 20.27 0
    endloop
  endfacet
  facet normal 0 -1 0
    outer loop
      vertex 34.16 21.23 0
      vertex 36.08 21.23 0.579999
      vertex 34.16 21.23 0.579999
    endloop
  endfacet
  facet normal 0 -1 -0
    outer loop
      vertex 36.08 21.23 0.579999
      vertex 34.16 21.23 0
      vertex 36.08 21.23 0
    endloop
  endfacet
  facet normal 0 1 -0
    outer loop
      vertex 36.08 20.27 0
      vertex 34.16 20.27 0.579999
      vertex 36.08 20.27 0.579999
    endloop
  endfacet
  facet normal 0 1 0
    outer loop
      vertex 34.16 20.27 0.579999
      vertex 36.08 20.27 0
      vertex 34.16 20.27 0
    endloop
  endfacet
  facet normal 0 1 -0
    outer loop
      vertex 38 21.23 0
      vertex 37.04 21.23 0.579999
      vertex 38 21.23 0.579999
    endloop
  endfacet
  facet normal 0 1 0
    outer loop
      vertex 37.04 21.23 0.579999
      vertex 38 21.23 0
      vertex 37.04 21.23 0
    endloop
  endfacet
  facet normal 0 1 -0
    outer loop
      vertex 42.8 21.23 0
      vertex 39.92 21.23 0.579999
      vertex 42.8 21.23 0.579999
    endloop
  endfacet
  facet normal 0 1 0
    outer loop
      vertex 39.92 21.23 0.579999
      vertex 42.8 21.23 0
      vertex 39.92 21.23 0
    endloop
  endfacet
  facet normal 0 -1 0
    outer loop
      vertex 43.76 21.23 0
      vertex 45.68 21.23 0.579999
      vertex 43.76 21.23 0.579999
    endloop
  endfacet
  facet normal 0 -1 -0
    outer loop
      vertex 45.68 21.23 0.579999
      vertex 43.76 21.23 0
      vertex 45.68 21.23 0
    endloop
  endfacet
  facet normal 0 1 -0
    outer loop
      vertex 45.68 20.27 0
      vertex 43.76 20.27 0.579999
      vertex 45.68 20.27 0.579999
    endloop
  endfacet
  facet normal 0 1 0
    outer loop
      vertex 43.76 20.27 0.579999
      vertex 45.68 20.27 0
      vertex 43.76 20.27 0
    endloop
  endfacet
  facet normal -1 0 0
    outer loop
      vertex 45.68 20.27 0
      vertex 45.68 21.23 0.579999
      vertex 45.68 21.23 0
    endloop
  endfacet
  facet normal -1 -0 0
    outer loop
      vertex 45.68 21.23 0.579999
      vertex 45.68 20.27 0
      vertex 45.68 20.27 0.579999
    endloop
  endfacet
  facet normal -1 0 0
    outer loop
      vertex 47.6 20.27 0
      vertex 47.6 21.23 0.579999
      vertex 47.6 21.23 0
    endloop
  endfacet
  facet normal -1 -0 0
    outer loop
      vertex 47.6 21.23 0.579999
      vertex 47.6 20.27 0
      vertex 47.6 20.27 0.579999
    endloop
  endfacet
  facet normal 0 0 -1
    outer loop
      vertex 47.6 20.27 0.579999
      vertex 46.64 20.27 0.579999
      vertex 47.6 21.23 0.579999
    endloop
  endfacet
  facet normal 0 0 -1
    outer loop
      vertex 47.6 21.23 0.579999
      vertex 49.52 22.19 0.579999
      vertex 49.52 21.23 0.579999
    endloop
  endfacet
  facet normal 0 0 -1
    outer loop
      vertex 47.6 21.23 0.579999
      vertex 46.64 22.19 0.579999
      vertex 49.52 22.19 0.579999
    endloop
  endfacet
  facet normal 0 0 -1
    outer loop
      vertex 46.64 22.19 0.579999
      vertex 47.6 21.23 0.579999
      vertex 46.64 20.27 0.579999
    endloop
  endfacet
  facet normal 1 -0 0
    outer loop
      vertex 46.64 20.27 0.579999
      vertex 46.64 22.19 0
      vertex 46.64 22.19 0.579999
    endloop
  endfacet
  facet normal 1 0 0
    outer loop
      vertex 46.64 22.19 0
      vertex 46.64 20.27 0.579999
      vertex 46.64 20.27 0
    endloop
  endfacet
  facet normal 0 1 -0
    outer loop
      vertex 47.6 20.27 0
      vertex 46.64 20.27 0.579999
      vertex 47.6 20.27 0.579999
    endloop
  endfacet
  facet normal 0 1 0
    outer loop
      vertex 46.64 20.27 0.579999
      vertex 47.6 20.27 0
      vertex 46.64 20.27 0
    endloop
  endfacet
  facet normal 0 -1 0
    outer loop
      vertex 53.36 21.23 0
      vertex 55.28 21.23 0.579999
      vertex 53.36 21.23 0.579999
    endloop
  endfacet
  facet normal 0 -1 -0
    outer loop
      vertex 55.28 21.23 0.579999
      vertex 53.36 21.23 0
      vertex 55.28 21.23 0
    endloop
  endfacet
  facet normal 0 1 -0
    outer loop
      vertex 52.4 21.23 0
      vertex 50.48 21.23 0.579999
      vertex 52.4 21.23 0.579999
    endloop
  endfacet
  facet normal 0 1 0
    outer loop
      vertex 50.48 21.23 0.579999
      vertex 52.4 21.23 0
      vertex 50.48 21.23 0
    endloop
  endfacet
  facet normal -1 0 0
    outer loop
      vertex 55.28 20.27 0
      vertex 55.28 21.23 0.579999
      vertex 55.28 21.23 0
    endloop
  endfacet
  facet normal -1 -0 0
    outer loop
      vertex 55.28 21.23 0.579999
      vertex 55.28 20.27 0
      vertex 55.28 20.27 0.579999
    endloop
  endfacet
  facet normal 1 -0 0
    outer loop
      vertex 56.24 20.27 0.579999
      vertex 56.24 21.23 0
      vertex 56.24 21.23 0.579999
    endloop
  endfacet
  facet normal 1 0 0
    outer loop
      vertex 56.24 21.23 0
      vertex 56.24 20.27 0.579999
      vertex 56.24 20.27 0
    endloop
  endfacet
  facet normal 0 -1 0
    outer loop
      vertex 56.24 21.23 0
      vertex 57.2 21.23 0.579999
      vertex 56.24 21.23 0.579999
    endloop
  endfacet
  facet normal 0 -1 -0
    outer loop
      vertex 57.2 21.23 0.579999
      vertex 56.24 21.23 0
      vertex 57.2 21.23 0
    endloop
  endfacet
  facet normal 0 1 -0
    outer loop
      vertex 57.2 20.27 0
      vertex 56.24 20.27 0.579999
      vertex 57.2 20.27 0.579999
    endloop
  endfacet
  facet normal 0 1 0
    outer loop
      vertex 56.24 20.27 0.579999
      vertex 57.2 20.27 0
      vertex 56.24 20.27 0
    endloop
  endfacet
  facet normal -1 0 0
    outer loop
      vertex 59.12 20.27 0
      vertex 59.12 21.23 0.579999
      vertex 59.12 21.23 0
    endloop
  endfacet
  facet normal -1 -0 0
    outer loop
      vertex 59.12 21.23 0.579999
      vertex 59.12 20.27 0
      vertex 59.12 20.27 0.579999
    endloop
  endfacet
  facet normal 1 -0 0
    outer loop
      vertex 60.08 20.27 0.579999
      vertex 60.08 21.23 0
      vertex 60.08 21.23 0.579999
    endloop
  endfacet
  facet normal 1 0 0
    outer loop
      vertex 60.08 21.23 0
      vertex 60.08 20.27 0.579999
      vertex 60.08 20.27 0
    endloop
  endfacet
  facet normal 0 1 -0
    outer loop
      vertex 60.08 21.23 0
      vertex 59.12 21.23 0.579999
      vertex 60.08 21.23 0.579999
    endloop
  endfacet
  facet normal 0 1 0
    outer loop
      vertex 59.12 21.23 0.579999
      vertex 60.08 21.23 0
      vertex 59.12 21.23 0
    endloop
  endfacet
  facet normal 0 -1 0
    outer loop
      vertex 62.96 21.23 0
      vertex 64.88 21.23 0.579999
      vertex 62.96 21.23 0.579999
    endloop
  endfacet
  facet normal 0 -1 -0
    outer loop
      vertex 64.88 21.23 0.579999
      vertex 62.96 21.23 0
      vertex 64.88 21.23 0
    endloop
  endfacet
  facet normal 1 -0 0
    outer loop
      vertex 64.88 21.23 0.579999
      vertex 64.88 22.19 0
      vertex 64.88 22.19 0.579999
    endloop
  endfacet
  facet normal 1 0 0
    outer loop
      vertex 64.88 22.19 0
      vertex 64.88 21.23 0.579999
      vertex 64.88 21.23 0
    endloop
  endfacet
  facet normal -1 0 0
    outer loop
      vertex 24.56 22.19 0
      vertex 24.56 25.07 0.579999
      vertex 24.56 25.07 0
    endloop
  endfacet
  facet normal -1 -0 0
    outer loop
      vertex 24.56 25.07 0.579999
      vertex 24.56 22.19 0
      vertex 24.56 22.19 0.579999
    endloop
  endfacet
  facet normal 1 -0 0
    outer loop
      vertex 23.6 21.23 0.579999
      vertex 23.6 22.19 0
      vertex 23.6 22.19 0.579999
    endloop
  endfacet
  facet normal 1 0 0
    outer loop
      vertex 23.6 22.19 0
      vertex 23.6 21.23 0.579999
      vertex 23.6 21.23 0
    endloop
  endfacet
  facet normal 0 1 -0
    outer loop
      vertex 23.6 22.19 0
      vertex 21.68 22.19 0.579999
      vertex 23.6 22.19 0.579999
    endloop
  endfacet
  facet normal 0 1 0
    outer loop
      vertex 21.68 22.19 0.579999
      vertex 23.6 22.19 0
      vertex 21.68 22.19 0
    endloop
  endfacet
  facet normal 0 1 -0
    outer loop
      vertex 24.56 21.23 0
      vertex 23.6 21.23 0.579999
      vertex 24.56 21.23 0.579999
    endloop
  endfacet
  facet normal 0 1 0
    outer loop
      vertex 23.6 21.23 0.579999
      vertex 24.56 21.23 0
      vertex 23.6 21.23 0
    endloop
  endfacet
  facet normal 0 -1 0
    outer loop
      vertex 24.56 22.19 0
      vertex 26.48 22.19 0.579999
      vertex 24.56 22.19 0.579999
    endloop
  endfacet
  facet normal 0 -1 -0
    outer loop
      vertex 26.48 22.19 0.579999
      vertex 24.56 22.19 0
      vertex 26.48 22.19 0
    endloop
  endfacet
  facet normal -1 0 0
    outer loop
      vertex 30.32 21.23 0
      vertex 30.32 22.19 0.579999
      vertex 30.32 22.19 0
    endloop
  endfacet
  facet normal -1 -0 0
    outer loop
      vertex 30.32 22.19 0.579999
      vertex 30.32 21.23 0
      vertex 30.32 21.23 0.579999
    endloop
  endfacet
  facet normal 0 0 -1
    outer loop
      vertex 29.36 21.23 0.579999
      vertex 30.32 22.19 0.579999
      vertex 30.32 21.23 0.579999
    endloop
  endfacet
  facet normal -0 0 -1
    outer loop
      vertex 30.32 22.19 0.579999
      vertex 29.36 21.23 0.579999
      vertex 29.36 22.19 0.579999
    endloop
  endfacet
  facet normal 1 -0 0
    outer loop
      vertex 29.36 21.23 0.579999
      vertex 29.36 22.19 0
      vertex 29.36 22.19 0.579999
    endloop
  endfacet
  facet normal 1 0 0
    outer loop
      vertex 29.36 22.19 0
      vertex 29.36 21.23 0.579999
      vertex 29.36 21.23 0
    endloop
  endfacet
  facet normal 0 -1 0
    outer loop
      vertex 29.36 22.19 0
      vertex 30.32 22.19 0.579999
      vertex 29.36 22.19 0.579999
    endloop
  endfacet
  facet normal 0 -1 -0
    outer loop
      vertex 30.32 22.19 0.579999
      vertex 29.36 22.19 0
      vertex 30.32 22.19 0
    endloop
  endfacet
  facet normal 0 1 -0
    outer loop
      vertex 30.32 21.23 0
      vertex 29.36 21.23 0.579999
      vertex 30.32 21.23 0.579999
    endloop
  endfacet
  facet normal 0 1 0
    outer loop
      vertex 29.36 21.23 0.579999
      vertex 30.32 21.23 0
      vertex 29.36 21.23 0
    endloop
  endfacet
  facet normal 0 0 -1
    outer loop
      vertex 31.28 21.23 0.579999
      vertex 34.16 22.19 0.579999
      vertex 34.16 21.23 0.579999
    endloop
  endfacet
  facet normal -0 0 -1
    outer loop
      vertex 34.16 22.19 0.579999
      vertex 31.28 21.23 0.579999
      vertex 31.28 22.19 0.579999
    endloop
  endfacet
  facet normal 1 -0 0
    outer loop
      vertex 31.28 21.23 0.579999
      vertex 31.28 22.19 0
      vertex 31.28 22.19 0.579999
    endloop
  endfacet
  facet normal 1 0 0
    outer loop
      vertex 31.28 22.19 0
      vertex 31.28 21.23 0.579999
      vertex 31.28 21.23 0
    endloop
  endfacet
  facet normal 0 -1 0
    outer loop
      vertex 31.28 22.19 0
      vertex 34.16 22.19 0.579999
      vertex 31.28 22.19 0.579999
    endloop
  endfacet
  facet normal 0 -1 -0
    outer loop
      vertex 34.16 22.19 0.579999
      vertex 31.28 22.19 0
      vertex 34.16 22.19 0
    endloop
  endfacet
  facet normal 0 1 -0
    outer loop
      vertex 34.16 21.23 0
      vertex 31.28 21.23 0.579999
      vertex 34.16 21.23 0.579999
    endloop
  endfacet
  facet normal 0 1 0
    outer loop
      vertex 31.28 21.23 0.579999
      vertex 34.16 21.23 0
      vertex 31.28 21.23 0
    endloop
  endfacet
  facet normal -1 0 0
    outer loop
      vertex 34.16 21.23 0
      vertex 34.16 22.19 0.579999
      vertex 34.16 22.19 0
    endloop
  endfacet
  facet normal -1 -0 0
    outer loop
      vertex 34.16 22.19 0.579999
      vertex 34.16 21.23 0
      vertex 34.16 21.23 0.579999
    endloop
  endfacet
  facet normal 1 -0 0
    outer loop
      vertex 36.08 21.23 0.579999
      vertex 36.08 24.11 0
      vertex 36.08 24.11 0.579999
    endloop
  endfacet
  facet normal 1 0 0
    outer loop
      vertex 36.08 24.11 0
      vertex 36.08 21.23 0.579999
      vertex 36.08 21.23 0
    endloop
  endfacet
  facet normal -1 0 0
    outer loop
      vertex 38 21.23 0
      vertex 38 24.11 0.579999
      vertex 38 24.11 0
    endloop
  endfacet
  facet normal -1 -0 0
    outer loop
      vertex 38 24.11 0.579999
      vertex 38 21.23 0
      vertex 38 21.23 0.579999
    endloop
  endfacet
  facet normal 1 -0 0
    outer loop
      vertex 39.92 21.23 0.579999
      vertex 39.92 24.11 0
      vertex 39.92 24.11 0.579999
    endloop
  endfacet
  facet normal 1 0 0
    outer loop
      vertex 39.92 24.11 0
      vertex 39.92 21.23 0.579999
      vertex 39.92 21.23 0
    endloop
  endfacet
  facet normal 0 -1 0
    outer loop
      vertex 40.88 22.19 0
      vertex 43.76 22.19 0.579999
      vertex 40.88 22.19 0.579999
    endloop
  endfacet
  facet normal 0 -1 -0
    outer loop
      vertex 43.76 22.19 0.579999
      vertex 40.88 22.19 0
      vertex 43.76 22.19 0
    endloop
  endfacet
  facet normal -1 0 0
    outer loop
      vertex 43.76 21.23 0
      vertex 43.76 22.19 0.579999
      vertex 43.76 22.19 0
    endloop
  endfacet
  facet normal -1 -0 0
    outer loop
      vertex 43.76 22.19 0.579999
      vertex 43.76 21.23 0
      vertex 43.76 21.23 0.579999
    endloop
  endfacet
  facet normal 0 -1 0
    outer loop
      vertex 46.64 22.19 0
      vertex 49.52 22.19 0.579999
      vertex 46.64 22.19 0.579999
    endloop
  endfacet
  facet normal 0 -1 -0
    outer loop
      vertex 49.52 22.19 0.579999
      vertex 46.64 22.19 0
      vertex 49.52 22.19 0
    endloop
  endfacet
  facet normal 0 1 -0
    outer loop
      vertex 49.52 21.23 0
      vertex 47.6 21.23 0.579999
      vertex 49.52 21.23 0.579999
    endloop
  endfacet
  facet normal 0 1 0
    outer loop
      vertex 47.6 21.23 0.579999
      vertex 49.52 21.23 0
      vertex 47.6 21.23 0
    endloop
  endfacet
  facet normal -1 0 0
    outer loop
      vertex 49.52 21.23 0
      vertex 49.52 22.19 0.579999
      vertex 49.52 22.19 0
    endloop
  endfacet
  facet normal -1 -0 0
    outer loop
      vertex 49.52 22.19 0.579999
      vertex 49.52 21.23 0
      vertex 49.52 21.23 0.579999
    endloop
  endfacet
  facet normal 1 -0 0
    outer loop
      vertex 50.48 21.23 0.579999
      vertex 50.48 22.19 0
      vertex 50.48 22.19 0.579999
    endloop
  endfacet
  facet normal 1 0 0
    outer loop
      vertex 50.48 22.19 0
      vertex 50.48 21.23 0.579999
      vertex 50.48 21.23 0
    endloop
  endfacet
  facet normal 0 -1 0
    outer loop
      vertex 50.48 22.19 0
      vertex 52.4 22.19 0.579999
      vertex 50.48 22.19 0.579999
    endloop
  endfacet
  facet normal 0 -1 -0
    outer loop
      vertex 52.4 22.19 0.579999
      vertex 50.48 22.19 0
      vertex 52.4 22.19 0
    endloop
  endfacet
  facet normal -1 0 0
    outer loop
      vertex 53.36 21.23 0
      vertex 53.36 22.19 0.579999
      vertex 53.36 22.19 0
    endloop
  endfacet
  facet normal -1 -0 0
    outer loop
      vertex 53.36 22.19 0.579999
      vertex 53.36 21.23 0
      vertex 53.36 21.23 0.579999
    endloop
  endfacet
  facet normal 1 -0 0
    outer loop
      vertex 57.2 21.23 0.579999
      vertex 57.2 24.11 0
      vertex 57.2 24.11 0.579999
    endloop
  endfacet
  facet normal 1 0 0
    outer loop
      vertex 57.2 24.11 0
      vertex 57.2 21.23 0.579999
      vertex 57.2 21.23 0
    endloop
  endfacet
  facet normal 0 -1 0
    outer loop
      vertex 59.12 22.19 0
      vertex 60.08 22.19 0.579999
      vertex 59.12 22.19 0.579999
    endloop
  endfacet
  facet normal 0 -1 -0
    outer loop
      vertex 60.08 22.19 0.579999
      vertex 59.12 22.19 0
      vertex 60.08 22.19 0
    endloop
  endfacet
  facet normal 0 -1 0
    outer loop
      vertex 64.88 22.19 0
      vertex 65.84 22.19 0.579999
      vertex 64.88 22.19 0.579999
    endloop
  endfacet
  facet normal 0 -1 -0
    outer loop
      vertex 65.84 22.19 0.579999
      vertex 64.88 22.19 0
      vertex 65.84 22.19 0
    endloop
  endfacet
  facet normal 1 -0 0
    outer loop
      vertex 21.68 22.19 0.579999
      vertex 21.68 25.07 0
      vertex 21.68 25.07 0.579999
    endloop
  endfacet
  facet normal 1 0 0
    outer loop
      vertex 21.68 25.07 0
      vertex 21.68 22.19 0.579999
      vertex 21.68 22.19 0
    endloop
  endfacet
  facet normal 0 0 -1
    outer loop
      vertex 27.44 22.19 0.579999
      vertex 29.36 24.11 0.579999
      vertex 29.36 22.19 0.579999
    endloop
  endfacet
  facet normal -0 0 -1
    outer loop
      vertex 29.36 24.11 0.579999
      vertex 27.44 22.19 0.579999
      vertex 27.44 24.11 0.579999
    endloop
  endfacet
  facet normal 1 -0 0
    outer loop
      vertex 27.44 22.19 0.579999
      vertex 27.44 24.11 0
      vertex 27.44 24.11 0.579999
    endloop
  endfacet
  facet normal 1 0 0
    outer loop
      vertex 27.44 24.11 0
      vertex 27.44 22.19 0.579999
      vertex 27.44 22.19 0
    endloop
  endfacet
  facet normal 0 1 -0
    outer loop
      vertex 29.36 22.19 0
      vertex 27.44 22.19 0.579999
      vertex 29.36 22.19 0.579999
    endloop
  endfacet
  facet normal 0 1 0
    outer loop
      vertex 27.44 22.19 0.579999
      vertex 29.36 22.19 0
      vertex 27.44 22.19 0
    endloop
  endfacet
  facet normal -1 0 0
    outer loop
      vertex 29.36 22.19 0
      vertex 29.36 24.11 0.579999
      vertex 29.36 24.11 0
    endloop
  endfacet
  facet normal -1 -0 0
    outer loop
      vertex 29.36 24.11 0.579999
      vertex 29.36 22.19 0
      vertex 29.36 22.19 0.579999
    endloop
  endfacet
  facet normal -1 0 0
    outer loop
      vertex 40.88 22.19 0
      vertex 40.88 24.11 0.579999
      vertex 40.88 24.11 0
    endloop
  endfacet
  facet normal -1 -0 0
    outer loop
      vertex 40.88 24.11 0.579999
      vertex 40.88 22.19 0
      vertex 40.88 22.19 0.579999
    endloop
  endfacet
  facet normal 1 -0 0
    outer loop
      vertex 52.4 22.19 0.579999
      vertex 52.4 24.11 0
      vertex 52.4 24.11 0.579999
    endloop
  endfacet
  facet normal 1 0 0
    outer loop
      vertex 52.4 24.11 0
      vertex 52.4 22.19 0.579999
      vertex 52.4 22.19 0
    endloop
  endfacet
  facet normal 0 1 -0
    outer loop
      vertex 56.24 22.19 0
      vertex 53.36 22.19 0.579999
      vertex 56.24 22.19 0.579999
    endloop
  endfacet
  facet normal 0 1 0
    outer loop
      vertex 53.36 22.19 0.579999
      vertex 56.24 22.19 0
      vertex 53.36 22.19 0
    endloop
  endfacet
  facet normal -1 0 0
    outer loop
      vertex 56.24 22.19 0
      vertex 56.24 24.11 0.579999
      vertex 56.24 24.11 0
    endloop
  endfacet
  facet normal -1 -0 0
    outer loop
      vertex 56.24 24.11 0.579999
      vertex 56.24 22.19 0
      vertex 56.24 22.19 0.579999
    endloop
  endfacet
  facet normal -1 0 0
    outer loop
      vertex 59.12 22.19 0
      vertex 59.12 24.11 0.579999
      vertex 59.12 24.11 0
    endloop
  endfacet
  facet normal -1 -0 0
    outer loop
      vertex 59.12 24.11 0.579999
      vertex 59.12 22.19 0
      vertex 59.12 22.19 0.579999
    endloop
  endfacet
  facet normal 1 -0 0
    outer loop
      vertex 60.08 22.19 0.579999
      vertex 60.08 24.11 0
      vertex 60.08 24.11 0.579999
    endloop
  endfacet
  facet normal 1 0 0
    outer loop
      vertex 60.08 24.11 0
      vertex 60.08 22.19 0.579999
      vertex 60.08 22.19 0
    endloop
  endfacet
  facet normal 0 0 -1
    outer loop
      vertex 62.96 22.19 0.579999
      vertex 64.88 24.11 0.579999
      vertex 64.88 22.19 0.579999
    endloop
  endfacet
  facet normal -0 0 -1
    outer loop
      vertex 64.88 24.11 0.579999
      vertex 62.96 22.19 0.579999
      vertex 62.96 24.11 0.579999
    endloop
  endfacet
  facet normal 1 -0 0
    outer loop
      vertex 62.96 22.19 0.579999
      vertex 62.96 24.11 0
      vertex 62.96 24.11 0.579999
    endloop
  endfacet
  facet normal 1 0 0
    outer loop
      vertex 62.96 24.11 0
      vertex 62.96 22.19 0.579999
      vertex 62.96 22.19 0
    endloop
  endfacet
  facet normal 0 1 -0
    outer loop
      vertex 64.88 22.19 0
      vertex 62.96 22.19 0.579999
      vertex 64.88 22.19 0.579999
    endloop
  endfacet
  facet normal 0 1 0
    outer loop
      vertex 62.96 22.19 0.579999
      vertex 64.88 22.19 0
      vertex 62.96 22.19 0
    endloop
  endfacet
  facet normal -1 0 0
    outer loop
      vertex 64.88 22.19 0
      vertex 64.88 24.11 0.579999
      vertex 64.88 24.11 0
    endloop
  endfacet
  facet normal -1 -0 0
    outer loop
      vertex 64.88 24.11 0.579999
      vertex 64.88 22.19 0
      vertex 64.88 22.19 0.579999
    endloop
  endfacet
  facet normal 0 -1 0
    outer loop
      vertex 27.44 24.11 0
      vertex 29.36 24.11 0.579999
      vertex 27.44 24.11 0.579999
    endloop
  endfacet
  facet normal 0 -1 -0
    outer loop
      vertex 29.36 24.11 0.579999
      vertex 27.44 24.11 0
      vertex 29.36 24.11 0
    endloop
  endfacet
  facet normal 0 -1 0
    outer loop
      vertex 36.08 24.11 0
      vertex 38 24.11 0.579999
      vertex 36.08 24.11 0.579999
    endloop
  endfacet
  facet normal 0 -1 -0
    outer loop
      vertex 38 24.11 0.579999
      vertex 36.08 24.11 0
      vertex 38 24.11 0
    endloop
  endfacet
  facet normal 0 -1 0
    outer loop
      vertex 39.92 24.11 0
      vertex 40.88 24.11 0.579999
      vertex 39.92 24.11 0.579999
    endloop
  endfacet
  facet normal 0 -1 -0
    outer loop
      vertex 40.88 24.11 0.579999
      vertex 39.92 24.11 0
      vertex 40.88 24.11 0
    endloop
  endfacet
  facet normal 0 -1 0
    outer loop
      vertex 52.4 24.11 0
      vertex 56.24 24.11 0.579999
      vertex 52.4 24.11 0.579999
    endloop
  endfacet
  facet normal 0 -1 -0
    outer loop
      vertex 56.24 24.11 0.579999
      vertex 52.4 24.11 0
      vertex 56.24 24.11 0
    endloop
  endfacet
  facet normal 0 -1 0
    outer loop
      vertex 57.2 24.11 0
      vertex 59.12 24.11 0.579999
      vertex 57.2 24.11 0.579999
    endloop
  endfacet
  facet normal 0 -1 -0
    outer loop
      vertex 59.12 24.11 0.579999
      vertex 57.2 24.11 0
      vertex 59.12 24.11 0
    endloop
  endfacet
  facet normal 0 -1 0
    outer loop
      vertex 60.08 24.11 0
      vertex 62 24.11 0.579999
      vertex 60.08 24.11 0.579999
    endloop
  endfacet
  facet normal 0 -1 -0
    outer loop
      vertex 62 24.11 0.579999
      vertex 60.08 24.11 0
      vertex 62 24.11 0
    endloop
  endfacet
  facet normal 0 -1 0
    outer loop
      vertex 62.96 24.11 0
      vertex 64.88 24.11 0.579999
      vertex 62.96 24.11 0.579999
    endloop
  endfacet
  facet normal 0 -1 -0
    outer loop
      vertex 64.88 24.11 0.579999
      vertex 62.96 24.11 0
      vertex 64.88 24.11 0
    endloop
  endfacet
  facet normal 0 -1 0
    outer loop
      vertex 21.68 25.07 0
      vertex 23.6 25.07 0.579999
      vertex 21.68 25.07 0.579999
    endloop
  endfacet
  facet normal 0 -1 -0
    outer loop
      vertex 23.6 25.07 0.579999
      vertex 21.68 25.07 0
      vertex 23.6 25.07 0
    endloop
  endfacet
  facet normal 1 -0 0
    outer loop
      vertex 23.6 25.07 0.579999
      vertex 23.6 26.99 0
      vertex 23.6 26.99 0.579999
    endloop
  endfacet
  facet normal 1 0 0
    outer loop
      vertex 23.6 26.99 0
      vertex 23.6 25.07 0.579999
      vertex 23.6 25.07 0
    endloop
  endfacet
  facet normal -1 0 0
    outer loop
      vertex 27.44 24.11 0
      vertex 27.44 25.07 0.579999
      vertex 27.44 25.07 0
    endloop
  endfacet
  facet normal -1 -0 0
    outer loop
      vertex 27.44 25.07 0.579999
      vertex 27.44 24.11 0
      vertex 27.44 24.11 0.579999
    endloop
  endfacet
  facet normal 0 0 -1
    outer loop
      vertex 26.48 24.11 0.579999
      vertex 27.44 25.07 0.579999
      vertex 27.44 24.11 0.579999
    endloop
  endfacet
  facet normal -0 0 -1
    outer loop
      vertex 27.44 25.07 0.579999
      vertex 26.48 24.11 0.579999
      vertex 26.48 25.07 0.579999
    endloop
  endfacet
  facet normal 1 -0 0
    outer loop
      vertex 26.48 24.11 0.579999
      vertex 26.48 25.07 0
      vertex 26.48 25.07 0.579999
    endloop
  endfacet
  facet normal 1 0 0
    outer loop
      vertex 26.48 25.07 0
      vertex 26.48 24.11 0.579999
      vertex 26.48 24.11 0
    endloop
  endfacet
  facet normal 0 -1 0
    outer loop
      vertex 26.48 25.07 0
      vertex 27.44 25.07 0.579999
      vertex 26.48 25.07 0.579999
    endloop
  endfacet
  facet normal 0 -1 -0
    outer loop
      vertex 27.44 25.07 0.579999
      vertex 26.48 25.07 0
      vertex 27.44 25.07 0
    endloop
  endfacet
  facet normal 0 1 -0
    outer loop
      vertex 27.44 24.11 0
      vertex 26.48 24.11 0.579999
      vertex 27.44 24.11 0.579999
    endloop
  endfacet
  facet normal 0 1 0
    outer loop
      vertex 26.48 24.11 0.579999
      vertex 27.44 24.11 0
      vertex 26.48 24.11 0
    endloop
  endfacet
  facet normal -1 0 0
    outer loop
      vertex 30.32 24.11 0
      vertex 30.32 25.07 0.579999
      vertex 30.32 25.07 0
    endloop
  endfacet
  facet normal -1 -0 0
    outer loop
      vertex 30.32 25.07 0.579999
      vertex 30.32 24.11 0
      vertex 30.32 24.11 0.579999
    endloop
  endfacet
  facet normal 0 0 -1
    outer loop
      vertex 29.36 24.11 0.579999
      vertex 30.32 25.07 0.579999
      vertex 30.32 24.11 0.579999
    endloop
  endfacet
  facet normal -0 0 -1
    outer loop
      vertex 30.32 25.07 0.579999
      vertex 29.36 24.11 0.579999
      vertex 29.36 25.07 0.579999
    endloop
  endfacet
  facet normal 1 -0 0
    outer loop
      vertex 29.36 24.11 0.579999
      vertex 29.36 25.07 0
      vertex 29.36 25.07 0.579999
    endloop
  endfacet
  facet normal 1 0 0
    outer loop
      vertex 29.36 25.07 0
      vertex 29.36 24.11 0.579999
      vertex 29.36 24.11 0
    endloop
  endfacet
  facet normal 0 -1 0
    outer loop
      vertex 29.36 25.07 0
      vertex 30.32 25.07 0.579999
      vertex 29.36 25.07 0.579999
    endloop
  endfacet
  facet normal 0 -1 -0
    outer loop
      vertex 30.32 25.07 0.579999
      vertex 29.36 25.07 0
      vertex 30.32 25.07 0
    endloop
  endfacet
  facet normal 0 1 -0
    outer loop
      vertex 30.32 24.11 0
      vertex 29.36 24.11 0.579999
      vertex 30.32 24.11 0.579999
    endloop
  endfacet
  facet normal 0 1 0
    outer loop
      vertex 29.36 24.11 0.579999
      vertex 30.32 24.11 0
      vertex 29.36 24.11 0
    endloop
  endfacet
  facet normal 0 0 -1
    outer loop
      vertex 31.28 24.11 0.579999
      vertex 33.2 25.07 0.579999
      vertex 33.2 24.11 0.579999
    endloop
  endfacet
  facet normal -0 0 -1
    outer loop
      vertex 33.2 25.07 0.579999
      vertex 31.28 24.11 0.579999
      vertex 31.28 25.07 0.579999
    endloop
  endfacet
  facet normal 1 -0 0
    outer loop
      vertex 31.28 24.11 0.579999
      vertex 31.28 25.07 0
      vertex 31.28 25.07 0.579999
    endloop
  endfacet
  facet normal 1 0 0
    outer loop
      vertex 31.28 25.07 0
      vertex 31.28 24.11 0.579999
      vertex 31.28 24.11 0
    endloop
  endfacet
  facet normal 0 -1 0
    outer loop
      vertex 31.28 25.07 0
      vertex 33.2 25.07 0.579999
      vertex 31.28 25.07 0.579999
    endloop
  endfacet
  facet normal 0 -1 -0
    outer loop
      vertex 33.2 25.07 0.579999
      vertex 31.28 25.07 0
      vertex 33.2 25.07 0
    endloop
  endfacet
  facet normal 0 1 -0
    outer loop
      vertex 33.2 24.11 0
      vertex 31.28 24.11 0.579999
      vertex 33.2 24.11 0.579999
    endloop
  endfacet
  facet normal 0 1 0
    outer loop
      vertex 31.28 24.11 0.579999
      vertex 33.2 24.11 0
      vertex 31.28 24.11 0
    endloop
  endfacet
  facet normal -1 0 0
    outer loop
      vertex 33.2 24.11 0
      vertex 33.2 25.07 0.579999
      vertex 33.2 25.07 0
    endloop
  endfacet
  facet normal -1 -0 0
    outer loop
      vertex 33.2 25.07 0.579999
      vertex 33.2 24.11 0
      vertex 33.2 24.11 0.579999
    endloop
  endfacet
  facet normal 0 0 -1
    outer loop
      vertex 34.16 24.11 0.579999
      vertex 36.08 25.07 0.579999
      vertex 36.08 24.11 0.579999
    endloop
  endfacet
  facet normal -0 0 -1
    outer loop
      vertex 36.08 25.07 0.579999
      vertex 34.16 24.11 0.579999
      vertex 34.16 25.07 0.579999
    endloop
  endfacet
  facet normal 1 -0 0
    outer loop
      vertex 34.16 24.11 0.579999
      vertex 34.16 25.07 0
      vertex 34.16 25.07 0.579999
    endloop
  endfacet
  facet normal 1 0 0
    outer loop
      vertex 34.16 25.07 0
      vertex 34.16 24.11 0.579999
      vertex 34.16 24.11 0
    endloop
  endfacet
  facet normal 0 -1 0
    outer loop
      vertex 34.16 25.07 0
      vertex 36.08 25.07 0.579999
      vertex 34.16 25.07 0.579999
    endloop
  endfacet
  facet normal 0 -1 -0
    outer loop
      vertex 36.08 25.07 0.579999
      vertex 34.16 25.07 0
      vertex 36.08 25.07 0
    endloop
  endfacet
  facet normal 0 1 -0
    outer loop
      vertex 36.08 24.11 0
      vertex 34.16 24.11 0.579999
      vertex 36.08 24.11 0.579999
    endloop
  endfacet
  facet normal 0 1 0
    outer loop
      vertex 34.16 24.11 0.579999
      vertex 36.08 24.11 0
      vertex 34.16 24.11 0
    endloop
  endfacet
  facet normal -1 0 0
    outer loop
      vertex 36.08 24.11 0
      vertex 36.08 25.07 0.579999
      vertex 36.08 25.07 0
    endloop
  endfacet
  facet normal -1 -0 0
    outer loop
      vertex 36.08 25.07 0.579999
      vertex 36.08 24.11 0
      vertex 36.08 24.11 0.579999
    endloop
  endfacet
  facet normal 0 0 -1
    outer loop
      vertex 50.48 25.07 0.579999
      vertex 49.52 25.07 0.579999
      vertex 50.48 26.99 0.579999
    endloop
  endfacet
  facet normal 0 0 -1
    outer loop
      vertex 52.4 27.95 0.579999
      vertex 55.28 29.87 0.579999
      vertex 55.28 27.95 0.579999
    endloop
  endfacet
  facet normal -0 0 -1
    outer loop
      vertex 55.28 29.87 0.579999
      vertex 52.4 27.95 0.579999
      vertex 52.4 29.87 0.579999
    endloop
  endfacet
  facet normal 0 0 -1
    outer loop
      vertex 56.24 25.07 0.579999
      vertex 57.2 25.07 0.579999
      vertex 57.2 24.11 0.579999
    endloop
  endfacet
  facet normal 0 0 -1
    outer loop
      vertex 57.2 25.07 0.579999
      vertex 56.24 25.07 0.579999
      vertex 57.2 26.99 0.579999
    endloop
  endfacet
  facet normal 0 0 -1
    outer loop
      vertex 56.24 25.07 0.579999
      vertex 57.2 24.11 0.579999
      vertex 56.24 24.11 0.579999
    endloop
  endfacet
  facet normal 0 0 -1
    outer loop
      vertex 55.28 26.99 0.579999
      vertex 57.2 26.99 0.579999
      vertex 56.24 25.07 0.579999
    endloop
  endfacet
  facet normal 0 0 -1
    outer loop
      vertex 55.28 27.95 0.579999
      vertex 57.2 26.99 0.579999
      vertex 55.28 26.99 0.579999
    endloop
  endfacet
  facet normal -0 0 -1
    outer loop
      vertex 57.2 29.87 0.579999
      vertex 55.28 27.95 0.579999
      vertex 56.24 29.87 0.579999
    endloop
  endfacet
  facet normal 0 0 -1
    outer loop
      vertex 57.2 26.99 0.579999
      vertex 55.28 27.95 0.579999
      vertex 57.2 29.87 0.579999
    endloop
  endfacet
  facet normal 0 0 -1
    outer loop
      vertex 52.4 25.07 0.579999
      vertex 55.28 26.99 0.579999
      vertex 56.24 25.07 0.579999
    endloop
  endfacet
  facet normal -0 0 -1
    outer loop
      vertex 55.28 26.99 0.579999
      vertex 52.4 25.07 0.579999
      vertex 52.4 26.99 0.579999
    endloop
  endfacet
  facet normal 0 0 -1
    outer loop
      vertex 57.2 29.87 0.579999
      vertex 59.12 30.83 0.579999
      vertex 59.12 29.87 0.579999
    endloop
  endfacet
  facet normal -0 0 -1
    outer loop
      vertex 59.12 30.83 0.579999
      vertex 57.2 29.87 0.579999
      vertex 57.2 30.83 0.579999
    endloop
  endfacet
  facet normal 0 0 -1
    outer loop
      vertex 62.96 25.07 0.579999
      vertex 62 27.95 0.579999
      vertex 62.96 27.95 0.579999
    endloop
  endfacet
  facet normal 0 0 -1
    outer loop
      vertex 62 27.95 0.579999
      vertex 60.08 29.87 0.579999
      vertex 62 29.87 0.579999
    endloop
  endfacet
  facet normal 0 0 -1
    outer loop
      vertex 59.12 26.99 0.579999
      vertex 62 27.95 0.579999
      vertex 62.96 25.07 0.579999
    endloop
  endfacet
  facet normal 0 0 -1
    outer loop
      vertex 59.12 29.87 0.579999
      vertex 60.08 29.87 0.579999
      vertex 59.12 26.99 0.579999
    endloop
  endfacet
  facet normal -0 0 -1
    outer loop
      vertex 62 27.95 0.579999
      vertex 59.12 26.99 0.579999
      vertex 60.08 29.87 0.579999
    endloop
  endfacet
  facet normal 0 0 -1
    outer loop
      vertex 57.2 25.07 0.579999
      vertex 59.12 26.99 0.579999
      vertex 62.96 25.07 0.579999
    endloop
  endfacet
  facet normal -0 0 -1
    outer loop
      vertex 59.12 26.99 0.579999
      vertex 57.2 25.07 0.579999
      vertex 57.2 26.99 0.579999
    endloop
  endfacet
  facet normal 0 0 -1
    outer loop
      vertex 59.12 30.83 0.579999
      vertex 60.08 29.87 0.579999
      vertex 59.12 29.87 0.579999
    endloop
  endfacet
  facet normal 0 0 -1
    outer loop
      vertex 60.08 29.87 0.579999
      vertex 59.12 30.83 0.579999
      vertex 60.08 31.79 0.579999
    endloop
  endfacet
  facet normal -0 0 -1
    outer loop
      vertex 60.08 31.79 0.579999
      vertex 59.12 30.83 0.579999
      vertex 59.12 31.79 0.579999
    endloop
  endfacet
  facet normal 0 0 -1
    outer loop
      vertex 55.28 29.87 0.579999
      vertex 56.24 29.87 0.579999
      vertex 55.28 27.95 0.579999
    endloop
  endfacet
  facet normal 0 0 -1
    outer loop
      vertex 56.24 29.87 0.579999
      vertex 55.28 29.87 0.579999
      vertex 56.24 30.83 0.579999
    endloop
  endfacet
  facet normal -0 0 -1
    outer loop
      vertex 56.24 30.83 0.579999
      vertex 55.28 29.87 0.579999
      vertex 55.28 30.83 0.579999
    endloop
  endfacet
  facet normal 0 0 -1
    outer loop
      vertex 50.48 26.99 0.579999
      vertex 52.4 27.95 0.579999
      vertex 52.4 26.99 0.579999
    endloop
  endfacet
  facet normal 0 0 -1
    outer loop
      vertex 49.52 27.95 0.579999
      vertex 52.4 27.95 0.579999
      vertex 50.48 26.99 0.579999
    endloop
  endfacet
  facet normal 0 0 -1
    outer loop
      vertex 52.4 27.95 0.579999
      vertex 49.52 27.95 0.579999
      vertex 52.4 29.87 0.579999
    endloop
  endfacet
  facet normal 0 0 -1
    outer loop
      vertex 49.52 26.99 0.579999
      vertex 50.48 26.99 0.579999
      vertex 49.52 25.07 0.579999
    endloop
  endfacet
  facet normal 0 0 -1
    outer loop
      vertex 49.52 27.95 0.579999
      vertex 50.48 26.99 0.579999
      vertex 49.52 26.99 0.579999
    endloop
  endfacet
  facet normal 0 0 -1
    outer loop
      vertex 49.52 29.87 0.579999
      vertex 52.4 29.87 0.579999
      vertex 49.52 27.95 0.579999
    endloop
  endfacet
  facet normal 0 0 -1
    outer loop
      vertex 52.4 29.87 0.579999
      vertex 49.52 29.87 0.579999
      vertex 52.4 30.83 0.579999
    endloop
  endfacet
  facet normal -0 0 -1
    outer loop
      vertex 52.4 30.83 0.579999
      vertex 49.52 29.87 0.579999
      vertex 49.52 30.83 0.579999
    endloop
  endfacet
  facet normal 0 0 -1
    outer loop
      vertex 47.6 27.95 0.579999
      vertex 49.52 29.87 0.579999
      vertex 49.52 27.95 0.579999
    endloop
  endfacet
  facet normal -0 0 -1
    outer loop
      vertex 49.52 29.87 0.579999
      vertex 47.6 27.95 0.579999
      vertex 47.6 29.87 0.579999
    endloop
  endfacet
  facet normal 0 0 -1
    outer loop
      vertex 46.64 25.07 0.579999
      vertex 49.52 25.07 0.579999
      vertex 49.52 24.11 0.579999
    endloop
  endfacet
  facet normal 0 0 -1
    outer loop
      vertex 49.52 25.07 0.579999
      vertex 46.64 25.07 0.579999
      vertex 49.52 26.99 0.579999
    endloop
  endfacet
  facet normal 0 0 -1
    outer loop
      vertex 43.76 24.11 0.579999
      vertex 46.64 25.07 0.579999
      vertex 49.52 24.11 0.579999
    endloop
  endfacet
  facet normal -0 0 -1
    outer loop
      vertex 46.64 25.07 0.579999
      vertex 43.76 24.11 0.579999
      vertex 43.76 25.07 0.579999
    endloop
  endfacet
  facet normal -0 0 -1
    outer loop
      vertex 49.52 26.99 0.579999
      vertex 46.64 25.07 0.579999
      vertex 46.64 26.99 0.579999
    endloop
  endfacet
  facet normal 1 -0 0
    outer loop
      vertex 43.76 24.11 0.579999
      vertex 43.76 25.07 0
      vertex 43.76 25.07 0.579999
    endloop
  endfacet
  facet normal 1 0 0
    outer loop
      vertex 43.76 25.07 0
      vertex 43.76 24.11 0.579999
      vertex 43.76 24.11 0
    endloop
  endfacet
  facet normal 0 -1 0
    outer loop
      vertex 43.76 25.07 0
      vertex 46.64 25.07 0.579999
      vertex 43.76 25.07 0.579999
    endloop
  endfacet
  facet normal 0 -1 -0
    outer loop
      vertex 46.64 25.07 0.579999
      vertex 43.76 25.07 0
      vertex 46.64 25.07 0
    endloop
  endfacet
  facet normal 0 1 -0
    outer loop
      vertex 50.48 25.07 0
      vertex 49.52 25.07 0.579999
      vertex 50.48 25.07 0.579999
    endloop
  endfacet
  facet normal 0 1 0
    outer loop
      vertex 49.52 25.07 0.579999
      vertex 50.48 25.07 0
      vertex 49.52 25.07 0
    endloop
  endfacet
  facet normal 0 1 -0
    outer loop
      vertex 49.52 24.11 0
      vertex 43.76 24.11 0.579999
      vertex 49.52 24.11 0.579999
    endloop
  endfacet
  facet normal 0 1 0
    outer loop
      vertex 43.76 24.11 0.579999
      vertex 49.52 24.11 0
      vertex 43.76 24.11 0
    endloop
  endfacet
  facet normal -1 0 0
    outer loop
      vertex 49.52 24.11 0
      vertex 49.52 25.07 0.579999
      vertex 49.52 25.07 0
    endloop
  endfacet
  facet normal -1 -0 0
    outer loop
      vertex 49.52 25.07 0.579999
      vertex 49.52 24.11 0
      vertex 49.52 24.11 0.579999
    endloop
  endfacet
  facet normal 0 0 -1
    outer loop
      vertex 50.48 24.11 0.579999
      vertex 52.4 25.07 0.579999
      vertex 52.4 24.11 0.579999
    endloop
  endfacet
  facet normal -0 0 -1
    outer loop
      vertex 52.4 25.07 0.579999
      vertex 50.48 24.11 0.579999
      vertex 50.48 25.07 0.579999
    endloop
  endfacet
  facet normal 1 -0 0
    outer loop
      vertex 50.48 24.11 0.579999
      vertex 50.48 25.07 0
      vertex 50.48 25.07 0.579999
    endloop
  endfacet
  facet normal 1 0 0
    outer loop
      vertex 50.48 25.07 0
      vertex 50.48 24.11 0.579999
      vertex 50.48 24.11 0
    endloop
  endfacet
  facet normal 0 -1 0
    outer loop
      vertex 50.48 25.07 0
      vertex 52.4 25.07 0.579999
      vertex 50.48 25.07 0.579999
    endloop
  endfacet
  facet normal 0 -1 -0
    outer loop
      vertex 52.4 25.07 0.579999
      vertex 50.48 25.07 0
      vertex 52.4 25.07 0
    endloop
  endfacet
  facet normal 0 1 -0
    outer loop
      vertex 52.4 24.11 0
      vertex 50.48 24.11 0.579999
      vertex 52.4 24.11 0.579999
    endloop
  endfacet
  facet normal 0 1 0
    outer loop
      vertex 50.48 24.11 0.579999
      vertex 52.4 24.11 0
      vertex 50.48 24.11 0
    endloop
  endfacet
  facet normal -1 0 0
    outer loop
      vertex 52.4 24.11 0
      vertex 52.4 25.07 0.579999
      vertex 52.4 25.07 0
    endloop
  endfacet
  facet normal -1 -0 0
    outer loop
      vertex 52.4 25.07 0.579999
      vertex 52.4 24.11 0
      vertex 52.4 24.11 0.579999
    endloop
  endfacet
  facet normal -1 0 0
    outer loop
      vertex 57.2 24.11 0
      vertex 57.2 25.07 0.579999
      vertex 57.2 25.07 0
    endloop
  endfacet
  facet normal -1 -0 0
    outer loop
      vertex 57.2 25.07 0.579999
      vertex 57.2 24.11 0
      vertex 57.2 24.11 0.579999
    endloop
  endfacet
  facet normal 1 -0 0
    outer loop
      vertex 56.24 24.11 0.579999
      vertex 56.24 25.07 0
      vertex 56.24 25.07 0.579999
    endloop
  endfacet
  facet normal 1 0 0
    outer loop
      vertex 56.24 25.07 0
      vertex 56.24 24.11 0.579999
      vertex 56.24 24.11 0
    endloop
  endfacet
  facet normal 0 1 -0
    outer loop
      vertex 56.24 25.07 0
      vertex 52.4 25.07 0.579999
      vertex 56.24 25.07 0.579999
    endloop
  endfacet
  facet normal 0 1 0
    outer loop
      vertex 52.4 25.07 0.579999
      vertex 56.24 25.07 0
      vertex 52.4 25.07 0
    endloop
  endfacet
  facet normal 0 1 -0
    outer loop
      vertex 57.2 24.11 0
      vertex 56.24 24.11 0.579999
      vertex 57.2 24.11 0.579999
    endloop
  endfacet
  facet normal 0 1 0
    outer loop
      vertex 56.24 24.11 0.579999
      vertex 57.2 24.11 0
      vertex 56.24 24.11 0
    endloop
  endfacet
  facet normal -1 0 0
    outer loop
      vertex 21.68 25.07 0
      vertex 21.68 26.99 0.579999
      vertex 21.68 26.99 0
    endloop
  endfacet
  facet normal -1 -0 0
    outer loop
      vertex 21.68 26.99 0.579999
      vertex 21.68 25.07 0
      vertex 21.68 25.07 0.579999
    endloop
  endfacet
  facet normal 0 0 -1
    outer loop
      vertex 20.72 25.07 0.579999
      vertex 21.68 26.99 0.579999
      vertex 21.68 25.07 0.579999
    endloop
  endfacet
  facet normal -0 0 -1
    outer loop
      vertex 21.68 26.99 0.579999
      vertex 20.72 25.07 0.579999
      vertex 20.72 26.99 0.579999
    endloop
  endfacet
  facet normal 1 -0 0
    outer loop
      vertex 20.72 25.07 0.579999
      vertex 20.72 26.99 0
      vertex 20.72 26.99 0.579999
    endloop
  endfacet
  facet normal 1 0 0
    outer loop
      vertex 20.72 26.99 0
      vertex 20.72 25.07 0.579999
      vertex 20.72 25.07 0
    endloop
  endfacet
  facet normal 0 1 -0
    outer loop
      vertex 21.68 25.07 0
      vertex 20.72 25.07 0.579999
      vertex 21.68 25.07 0.579999
    endloop
  endfacet
  facet normal 0 1 0
    outer loop
      vertex 20.72 25.07 0.579999
      vertex 21.68 25.07 0
      vertex 20.72 25.07 0
    endloop
  endfacet
  facet normal 0 1 -0
    outer loop
      vertex 26.48 25.07 0
      vertex 24.56 25.07 0.579999
      vertex 26.48 25.07 0.579999
    endloop
  endfacet
  facet normal 0 1 0
    outer loop
      vertex 24.56 25.07 0.579999
      vertex 26.48 25.07 0
      vertex 24.56 25.07 0
    endloop
  endfacet
  facet normal -1 0 0
    outer loop
      vertex 26.48 25.07 0
      vertex 26.48 26.99 0.579999
      vertex 26.48 26.99 0
    endloop
  endfacet
  facet normal -1 -0 0
    outer loop
      vertex 26.48 26.99 0.579999
      vertex 26.48 25.07 0
      vertex 26.48 25.07 0.579999
    endloop
  endfacet
  facet normal 0 0 -1
    outer loop
      vertex 26.48 26.99 0.579999
      vertex 27.44 27.95 0.579999
      vertex 27.44 26.99 0.579999
    endloop
  endfacet
  facet normal -0 0 -1
    outer loop
      vertex 27.44 27.95 0.579999
      vertex 26.48 26.99 0.579999
      vertex 26.48 27.95 0.579999
    endloop
  endfacet
  facet normal 0 0 -1
    outer loop
      vertex 27.44 26.99 0.579999
      vertex 29.36 26.99 0.579999
      vertex 29.36 25.07 0.579999
    endloop
  endfacet
  facet normal 0 0 -1
    outer loop
      vertex 29.36 26.99 0.579999
      vertex 27.44 26.99 0.579999
      vertex 29.36 27.95 0.579999
    endloop
  endfacet
  facet normal 0 0 -1
    outer loop
      vertex 27.44 26.99 0.579999
      vertex 29.36 25.07 0.579999
      vertex 27.44 25.07 0.579999
    endloop
  endfacet
  facet normal 0 0 -1
    outer loop
      vertex 27.44 27.95 0.579999
      vertex 29.36 27.95 0.579999
      vertex 27.44 26.99 0.579999
    endloop
  endfacet
  facet normal 0 0 -1
    outer loop
      vertex 29.36 27.95 0.579999
      vertex 27.44 27.95 0.579999
      vertex 29.36 29.87 0.579999
    endloop
  endfacet
  facet normal -0 0 -1
    outer loop
      vertex 29.36 29.87 0.579999
      vertex 27.44 27.95 0.579999
      vertex 27.44 29.87 0.579999
    endloop
  endfacet
  facet normal 0 0 -1
    outer loop
      vertex 30.32 27.95 0.579999
      vertex 31.28 27.95 0.579999
      vertex 31.28 26.99 0.579999
    endloop
  endfacet
  facet normal 0 0 -1
    outer loop
      vertex 31.28 27.95 0.579999
      vertex 30.32 27.95 0.579999
      vertex 31.28 29.87 0.579999
    endloop
  endfacet
  facet normal 0 0 -1
    outer loop
      vertex 30.32 29.87 0.579999
      vertex 31.28 29.87 0.579999
      vertex 30.32 27.95 0.579999
    endloop
  endfacet
  facet normal 0 0 -1
    outer loop
      vertex 29.36 26.99 0.579999
      vertex 30.32 27.95 0.579999
      vertex 31.28 26.99 0.579999
    endloop
  endfacet
  facet normal -0 0 -1
    outer loop
      vertex 30.32 27.95 0.579999
      vertex 29.36 26.99 0.579999
      vertex 29.36 27.95 0.579999
    endloop
  endfacet
  facet normal 0 0 -1
    outer loop
      vertex 31.28 27.95 0.579999
      vertex 33.2 29.87 0.579999
      vertex 33.2 27.95 0.579999
    endloop
  endfacet
  facet normal -0 0 -1
    outer loop
      vertex 33.2 29.87 0.579999
      vertex 31.28 27.95 0.579999
      vertex 31.28 29.87 0.579999
    endloop
  endfacet
  facet normal 0 0 -1
    outer loop
      vertex 31.28 29.87 0.579999
      vertex 30.32 29.87 0.579999
      vertex 31.28 30.83 0.579999
    endloop
  endfacet
  facet normal 0 0 -1
    outer loop
      vertex 29.36 30.83 0.579999
      vertex 30.32 29.87 0.579999
      vertex 29.36 29.87 0.579999
    endloop
  endfacet
  facet normal 0 0 -1
    outer loop
      vertex 30.32 29.87 0.579999
      vertex 29.36 30.83 0.579999
      vertex 31.28 30.83 0.579999
    endloop
  endfacet
  facet normal 1 -0 0
    outer loop
      vertex 27.44 25.07 0.579999
      vertex 27.44 26.99 0
      vertex 27.44 26.99 0.579999
    endloop
  endfacet
  facet normal 1 0 0
    outer loop
      vertex 27.44 26.99 0
      vertex 27.44 25.07 0.579999
      vertex 27.44 25.07 0
    endloop
  endfacet
  facet normal 0 1 -0
    outer loop
      vertex 29.36 25.07 0
      vertex 27.44 25.07 0.579999
      vertex 29.36 25.07 0.579999
    endloop
  endfacet
  facet normal 0 1 0
    outer loop
      vertex 27.44 25.07 0.579999
      vertex 29.36 25.07 0
      vertex 27.44 25.07 0
    endloop
  endfacet
  facet normal -1 0 0
    outer loop
      vertex 29.36 25.07 0
      vertex 29.36 26.99 0.579999
      vertex 29.36 26.99 0
    endloop
  endfacet
  facet normal -1 -0 0
    outer loop
      vertex 29.36 26.99 0.579999
      vertex 29.36 25.07 0
      vertex 29.36 25.07 0.579999
    endloop
  endfacet
  facet normal -1 0 0
    outer loop
      vertex 34.16 25.07 0
      vertex 34.16 26.99 0.579999
      vertex 34.16 26.99 0
    endloop
  endfacet
  facet normal -1 -0 0
    outer loop
      vertex 34.16 26.99 0.579999
      vertex 34.16 25.07 0
      vertex 34.16 25.07 0.579999
    endloop
  endfacet
  facet normal 0 0 -1
    outer loop
      vertex 34.16 25.07 0.579999
      vertex 33.2 25.07 0.579999
      vertex 34.16 26.99 0.579999
    endloop
  endfacet
  facet normal 0 0 -1
    outer loop
      vertex 34.16 26.99 0.579999
      vertex 36.08 27.95 0.579999
      vertex 36.08 26.99 0.579999
    endloop
  endfacet
  facet normal 0 0 -1
    outer loop
      vertex 34.16 26.99 0.579999
      vertex 33.2 27.95 0.579999
      vertex 36.08 27.95 0.579999
    endloop
  endfacet
  facet normal 0 0 -1
    outer loop
      vertex 33.2 27.95 0.579999
      vertex 34.16 26.99 0.579999
      vertex 33.2 25.07 0.579999
    endloop
  endfacet
  facet normal 1 -0 0
    outer loop
      vertex 33.2 25.07 0.579999
      vertex 33.2 27.95 0
      vertex 33.2 27.95 0.579999
    endloop
  endfacet
  facet normal 1 0 0
    outer loop
      vertex 33.2 27.95 0
      vertex 33.2 25.07 0.579999
      vertex 33.2 25.07 0
    endloop
  endfacet
  facet normal 0 1 -0
    outer loop
      vertex 34.16 25.07 0
      vertex 33.2 25.07 0.579999
      vertex 34.16 25.07 0.579999
    endloop
  endfacet
  facet normal 0 1 0
    outer loop
      vertex 33.2 25.07 0.579999
      vertex 34.16 25.07 0
      vertex 33.2 25.07 0
    endloop
  endfacet
  facet normal 0 0 -1
    outer loop
      vertex 39.92 25.07 0.579999
      vertex 38 29.87 0.579999
      vertex 39.92 31.79 0.579999
    endloop
  endfacet
  facet normal 0 0 -1
    outer loop
      vertex 39.92 25.07 0.579999
      vertex 37.04 26.99 0.579999
      vertex 38 29.87 0.579999
    endloop
  endfacet
  facet normal 0 0 -1
    outer loop
      vertex 36.08 25.07 0.579999
      vertex 37.04 26.99 0.579999
      vertex 39.92 25.07 0.579999
    endloop
  endfacet
  facet normal -0 0 -1
    outer loop
      vertex 37.04 26.99 0.579999
      vertex 36.08 25.07 0.579999
      vertex 36.08 26.99 0.579999
    endloop
  endfacet
  facet normal -0 0 -1
    outer loop
      vertex 39.92 31.79 0.579999
      vertex 38 29.87 0.579999
      vertex 38 31.79 0.579999
    endloop
  endfacet
  facet normal -0 0 -1
    outer loop
      vertex 38 29.87 0.579999
      vertex 37.04 26.99 0.579999
      vertex 37.04 29.87 0.579999
    endloop
  endfacet
  facet normal 1 -0 0
    outer loop
      vertex 36.08 25.07 0.579999
      vertex 36.08 26.99 0
      vertex 36.08 26.99 0.579999
    endloop
  endfacet
  facet normal 1 0 0
    outer loop
      vertex 36.08 26.99 0
      vertex 36.08 25.07 0.579999
      vertex 36.08 25.07 0
    endloop
  endfacet
  facet normal 0 1 -0
    outer loop
      vertex 39.92 25.07 0
      vertex 36.08 25.07 0.579999
      vertex 39.92 25.07 0.579999
    endloop
  endfacet
  facet normal 0 1 0
    outer loop
      vertex 36.08 25.07 0.579999
      vertex 39.92 25.07 0
      vertex 36.08 25.07 0
    endloop
  endfacet
  facet normal -1 0 0
    outer loop
      vertex 39.92 25.07 0
      vertex 39.92 31.79 0.579999
      vertex 39.92 31.79 0
    endloop
  endfacet
  facet normal -1 -0 0
    outer loop
      vertex 39.92 31.79 0.579999
      vertex 39.92 25.07 0
      vertex 39.92 25.07 0.579999
    endloop
  endfacet
  facet normal 0 0 -1
    outer loop
      vertex 40.88 25.07 0.579999
      vertex 42.8 26.99 0.579999
      vertex 42.8 25.07 0.579999
    endloop
  endfacet
  facet normal -0 0 -1
    outer loop
      vertex 42.8 26.99 0.579999
      vertex 40.88 25.07 0.579999
      vertex 40.88 26.99 0.579999
    endloop
  endfacet
  facet normal 1 -0 0
    outer loop
      vertex 40.88 25.07 0.579999
      vertex 40.88 26.99 0
      vertex 40.88 26.99 0.579999
    endloop
  endfacet
  facet normal 1 0 0
    outer loop
      vertex 40.88 26.99 0
      vertex 40.88 25.07 0.579999
      vertex 40.88 25.07 0
    endloop
  endfacet
  facet normal 0 1 -0
    outer loop
      vertex 42.8 25.07 0
      vertex 40.88 25.07 0.579999
      vertex 42.8 25.07 0.579999
    endloop
  endfacet
  facet normal 0 1 0
    outer loop
      vertex 40.88 25.07 0.579999
      vertex 42.8 25.07 0
      vertex 40.88 25.07 0
    endloop
  endfacet
  facet normal -1 0 0
    outer loop
      vertex 42.8 25.07 0
      vertex 42.8 26.99 0.579999
      vertex 42.8 26.99 0
    endloop
  endfacet
  facet normal -1 -0 0
    outer loop
      vertex 42.8 26.99 0.579999
      vertex 42.8 25.07 0
      vertex 42.8 25.07 0.579999
    endloop
  endfacet
  facet normal 1 -0 0
    outer loop
      vertex 46.64 25.07 0.579999
      vertex 46.64 26.99 0
      vertex 46.64 26.99 0.579999
    endloop
  endfacet
  facet normal 1 0 0
    outer loop
      vertex 46.64 26.99 0
      vertex 46.64 25.07 0.579999
      vertex 46.64 25.07 0
    endloop
  endfacet
  facet normal -1 0 0
    outer loop
      vertex 50.48 25.07 0
      vertex 50.48 26.99 0.579999
      vertex 50.48 26.99 0
    endloop
  endfacet
  facet normal -1 -0 0
    outer loop
      vertex 50.48 26.99 0.579999
      vertex 50.48 25.07 0
      vertex 50.48 25.07 0.579999
    endloop
  endfacet
  facet normal 1 -0 0
    outer loop
      vertex 52.4 25.07 0.579999
      vertex 52.4 26.99 0
      vertex 52.4 26.99 0.579999
    endloop
  endfacet
  facet normal 1 0 0
    outer loop
      vertex 52.4 26.99 0
      vertex 52.4 25.07 0.579999
      vertex 52.4 25.07 0
    endloop
  endfacet
  facet normal -1 0 0
    outer loop
      vertex 57.2 26.99 0
      vertex 57.2 29.87 0.579999
      vertex 57.2 29.87 0
    endloop
  endfacet
  facet normal -1 -0 0
    outer loop
      vertex 57.2 29.87 0.579999
      vertex 57.2 26.99 0
      vertex 57.2 26.99 0.579999
    endloop
  endfacet
  facet normal 0 1 -0
    outer loop
      vertex 62.96 25.07 0
      vertex 57.2 25.07 0.579999
      vertex 62.96 25.07 0.579999
    endloop
  endfacet
  facet normal 0 1 0
    outer loop
      vertex 57.2 25.07 0.579999
      vertex 62.96 25.07 0
      vertex 57.2 25.07 0
    endloop
  endfacet
  facet normal -1 0 0
    outer loop
      vertex 62.96 25.07 0
      vertex 62.96 27.95 0.579999
      vertex 62.96 27.95 0
    endloop
  endfacet
  facet normal -1 -0 0
    outer loop
      vertex 62.96 27.95 0.579999
      vertex 62.96 25.07 0
      vertex 62.96 25.07 0.579999
    endloop
  endfacet
  facet normal 0 -1 0
    outer loop
      vertex 20.72 26.99 0
      vertex 21.68 26.99 0.579999
      vertex 20.72 26.99 0.579999
    endloop
  endfacet
  facet normal 0 -1 -0
    outer loop
      vertex 21.68 26.99 0.579999
      vertex 20.72 26.99 0
      vertex 21.68 26.99 0
    endloop
  endfacet
  facet normal 0 -1 0
    outer loop
      vertex 23.6 26.99 0
      vertex 26.48 26.99 0.579999
      vertex 23.6 26.99 0.579999
    endloop
  endfacet
  facet normal 0 -1 -0
    outer loop
      vertex 26.48 26.99 0.579999
      vertex 23.6 26.99 0
      vertex 26.48 26.99 0
    endloop
  endfacet
  facet normal 0 1 -0
    outer loop
      vertex 36.08 26.99 0
      vertex 34.16 26.99 0.579999
      vertex 36.08 26.99 0.579999
    endloop
  endfacet
  facet normal 0 1 0
    outer loop
      vertex 34.16 26.99 0.579999
      vertex 36.08 26.99 0
      vertex 34.16 26.99 0
    endloop
  endfacet
  facet normal 1 -0 0
    outer loop
      vertex 37.04 26.99 0.579999
      vertex 37.04 29.87 0
      vertex 37.04 29.87 0.579999
    endloop
  endfacet
  facet normal 1 0 0
    outer loop
      vertex 37.04 29.87 0
      vertex 37.04 26.99 0.579999
      vertex 37.04 26.99 0
    endloop
  endfacet
  facet normal 0 -1 0
    outer loop
      vertex 36.08 26.99 0
      vertex 37.04 26.99 0.579999
      vertex 36.08 26.99 0.579999
    endloop
  endfacet
  facet normal 0 -1 -0
    outer loop
      vertex 37.04 26.99 0.579999
      vertex 36.08 26.99 0
      vertex 37.04 26.99 0
    endloop
  endfacet
  facet normal 0 -1 0
    outer loop
      vertex 40.88 26.99 0
      vertex 42.8 26.99 0.579999
      vertex 40.88 26.99 0.579999
    endloop
  endfacet
  facet normal 0 -1 -0
    outer loop
      vertex 42.8 26.99 0.579999
      vertex 40.88 26.99 0
      vertex 42.8 26.99 0
    endloop
  endfacet
  facet normal 0 -1 0
    outer loop
      vertex 46.64 26.99 0
      vertex 49.52 26.99 0.579999
      vertex 46.64 26.99 0.579999
    endloop
  endfacet
  facet normal 0 -1 -0
    outer loop
      vertex 49.52 26.99 0.579999
      vertex 46.64 26.99 0
      vertex 49.52 26.99 0
    endloop
  endfacet
  facet normal 1 -0 0
    outer loop
      vertex 49.52 26.99 0.579999
      vertex 49.52 27.95 0
      vertex 49.52 27.95 0.579999
    endloop
  endfacet
  facet normal 1 0 0
    outer loop
      vertex 49.52 27.95 0
      vertex 49.52 26.99 0.579999
      vertex 49.52 26.99 0
    endloop
  endfacet
  facet normal 0 -1 0
    outer loop
      vertex 52.4 26.99 0
      vertex 55.28 26.99 0.579999
      vertex 52.4 26.99 0.579999
    endloop
  endfacet
  facet normal 0 -1 -0
    outer loop
      vertex 55.28 26.99 0.579999
      vertex 52.4 26.99 0
      vertex 55.28 26.99 0
    endloop
  endfacet
  facet normal 0 -1 0
    outer loop
      vertex 57.2 26.99 0
      vertex 59.12 26.99 0.579999
      vertex 57.2 26.99 0.579999
    endloop
  endfacet
  facet normal 0 -1 -0
    outer loop
      vertex 59.12 26.99 0.579999
      vertex 57.2 26.99 0
      vertex 59.12 26.99 0
    endloop
  endfacet
  facet normal 0 0 -1
    outer loop
      vertex 21.68 26.99 0.579999
      vertex 23.6 27.95 0.579999
      vertex 23.6 26.99 0.579999
    endloop
  endfacet
  facet normal -0 0 -1
    outer loop
      vertex 23.6 27.95 0.579999
      vertex 21.68 26.99 0.579999
      vertex 21.68 27.95 0.579999
    endloop
  endfacet
  facet normal 1 -0 0
    outer loop
      vertex 21.68 26.99 0.579999
      vertex 21.68 27.95 0
      vertex 21.68 27.95 0.579999
    endloop
  endfacet
  facet normal 1 0 0
    outer loop
      vertex 21.68 27.95 0
      vertex 21.68 26.99 0.579999
      vertex 21.68 26.99 0
    endloop
  endfacet
  facet normal 0 -1 0
    outer loop
      vertex 21.68 27.95 0
      vertex 23.6 27.95 0.579999
      vertex 21.68 27.95 0.579999
    endloop
  endfacet
  facet normal 0 -1 -0
    outer loop
      vertex 23.6 27.95 0.579999
      vertex 21.68 27.95 0
      vertex 23.6 27.95 0
    endloop
  endfacet
  facet normal 0 1 -0
    outer loop
      vertex 23.6 26.99 0
      vertex 21.68 26.99 0.579999
      vertex 23.6 26.99 0.579999
    endloop
  endfacet
  facet normal 0 1 0
    outer loop
      vertex 21.68 26.99 0.579999
      vertex 23.6 26.99 0
      vertex 21.68 26.99 0
    endloop
  endfacet
  facet normal -1 0 0
    outer loop
      vertex 23.6 26.99 0
      vertex 23.6 27.95 0.579999
      vertex 23.6 27.95 0
    endloop
  endfacet
  facet normal -1 -0 0
    outer loop
      vertex 23.6 27.95 0.579999
      vertex 23.6 26.99 0
      vertex 23.6 26.99 0.579999
    endloop
  endfacet
  facet normal 1 -0 0
    outer loop
      vertex 26.48 26.99 0.579999
      vertex 26.48 27.95 0
      vertex 26.48 27.95 0.579999
    endloop
  endfacet
  facet normal 1 0 0
    outer loop
      vertex 26.48 27.95 0
      vertex 26.48 26.99 0.579999
      vertex 26.48 26.99 0
    endloop
  endfacet
  facet normal 0 -1 0
    outer loop
      vertex 26.48 27.95 0
      vertex 27.44 27.95 0.579999
      vertex 26.48 27.95 0.579999
    endloop
  endfacet
  facet normal 0 -1 -0
    outer loop
      vertex 27.44 27.95 0.579999
      vertex 26.48 27.95 0
      vertex 27.44 27.95 0
    endloop
  endfacet
  facet normal 0 1 -0
    outer loop
      vertex 27.44 26.99 0
      vertex 26.48 26.99 0.579999
      vertex 27.44 26.99 0.579999
    endloop
  endfacet
  facet normal 0 1 0
    outer loop
      vertex 26.48 26.99 0.579999
      vertex 27.44 26.99 0
      vertex 26.48 26.99 0
    endloop
  endfacet
  facet normal -1 0 0
    outer loop
      vertex 29.36 27.95 0
      vertex 29.36 29.87 0.579999
      vertex 29.36 29.87 0
    endloop
  endfacet
  facet normal -1 -0 0
    outer loop
      vertex 29.36 29.87 0.579999
      vertex 29.36 27.95 0
      vertex 29.36 27.95 0.579999
    endloop
  endfacet
  facet normal 0 -1 0
    outer loop
      vertex 29.36 27.95 0
      vertex 30.32 27.95 0.579999
      vertex 29.36 27.95 0.579999
    endloop
  endfacet
  facet normal 0 -1 -0
    outer loop
      vertex 30.32 27.95 0.579999
      vertex 29.36 27.95 0
      vertex 30.32 27.95 0
    endloop
  endfacet
  facet normal 0 1 -0
    outer loop
      vertex 31.28 26.99 0
      vertex 29.36 26.99 0.579999
      vertex 31.28 26.99 0.579999
    endloop
  endfacet
  facet normal 0 1 0
    outer loop
      vertex 29.36 26.99 0.579999
      vertex 31.28 26.99 0
      vertex 29.36 26.99 0
    endloop
  endfacet
  facet normal -1 0 0
    outer loop
      vertex 31.28 26.99 0
      vertex 31.28 27.95 0.579999
      vertex 31.28 27.95 0
    endloop
  endfacet
  facet normal -1 -0 0
    outer loop
      vertex 31.28 27.95 0.579999
      vertex 31.28 26.99 0
      vertex 31.28 26.99 0.579999
    endloop
  endfacet
  facet normal 0 1 -0
    outer loop
      vertex 33.2 27.95 0
      vertex 31.28 27.95 0.579999
      vertex 33.2 27.95 0.579999
    endloop
  endfacet
  facet normal 0 1 0
    outer loop
      vertex 31.28 27.95 0.579999
      vertex 33.2 27.95 0
      vertex 31.28 27.95 0
    endloop
  endfacet
  facet normal 0 -1 0
    outer loop
      vertex 33.2 27.95 0
      vertex 36.08 27.95 0.579999
      vertex 33.2 27.95 0.579999
    endloop
  endfacet
  facet normal 0 -1 -0
    outer loop
      vertex 36.08 27.95 0.579999
      vertex 33.2 27.95 0
      vertex 36.08 27.95 0
    endloop
  endfacet
  facet normal -1 0 0
    outer loop
      vertex 36.08 26.99 0
      vertex 36.08 27.95 0.579999
      vertex 36.08 27.95 0
    endloop
  endfacet
  facet normal -1 -0 0
    outer loop
      vertex 36.08 27.95 0.579999
      vertex 36.08 26.99 0
      vertex 36.08 26.99 0.579999
    endloop
  endfacet
  facet normal -1 0 0
    outer loop
      vertex 46.64 26.99 0
      vertex 46.64 27.95 0.579999
      vertex 46.64 27.95 0
    endloop
  endfacet
  facet normal -1 -0 0
    outer loop
      vertex 46.64 27.95 0.579999
      vertex 46.64 26.99 0
      vertex 46.64 26.99 0.579999
    endloop
  endfacet
  facet normal 0 0 -1
    outer loop
      vertex 45.68 26.99 0.579999
      vertex 46.64 27.95 0.579999
      vertex 46.64 26.99 0.579999
    endloop
  endfacet
  facet normal -0 0 -1
    outer loop
      vertex 46.64 27.95 0.579999
      vertex 45.68 26.99 0.579999
      vertex 45.68 27.95 0.579999
    endloop
  endfacet
  facet normal 1 -0 0
    outer loop
      vertex 45.68 26.99 0.579999
      vertex 45.68 27.95 0
      vertex 45.68 27.95 0.579999
    endloop
  endfacet
  facet normal 1 0 0
    outer loop
      vertex 45.68 27.95 0
      vertex 45.68 26.99 0.579999
      vertex 45.68 26.99 0
    endloop
  endfacet
  facet normal 0 -1 0
    outer loop
      vertex 45.68 27.95 0
      vertex 46.64 27.95 0.579999
      vertex 45.68 27.95 0.579999
    endloop
  endfacet
  facet normal 0 -1 -0
    outer loop
      vertex 46.64 27.95 0.579999
      vertex 45.68 27.95 0
      vertex 46.64 27.95 0
    endloop
  endfacet
  facet normal 0 1 -0
    outer loop
      vertex 46.64 26.99 0
      vertex 45.68 26.99 0.579999
      vertex 46.64 26.99 0.579999
    endloop
  endfacet
  facet normal 0 1 0
    outer loop
      vertex 45.68 26.99 0.579999
      vertex 46.64 26.99 0
      vertex 45.68 26.99 0
    endloop
  endfacet
  facet normal 0 1 -0
    outer loop
      vertex 52.4 26.99 0
      vertex 50.48 26.99 0.579999
      vertex 52.4 26.99 0.579999
    endloop
  endfacet
  facet normal 0 1 0
    outer loop
      vertex 50.48 26.99 0.579999
      vertex 52.4 26.99 0
      vertex 50.48 26.99 0
    endloop
  endfacet
  facet normal -1 0 0
    outer loop
      vertex 52.4 26.99 0
      vertex 52.4 27.95 0.579999
      vertex 52.4 27.95 0
    endloop
  endfacet
  facet normal -1 -0 0
    outer loop
      vertex 52.4 27.95 0.579999
      vertex 52.4 26.99 0
      vertex 52.4 26.99 0.579999
    endloop
  endfacet
  facet normal 1 -0 0
    outer loop
      vertex 55.28 26.99 0.579999
      vertex 55.28 27.95 0
      vertex 55.28 27.95 0.579999
    endloop
  endfacet
  facet normal 1 0 0
    outer loop
      vertex 55.28 27.95 0
      vertex 55.28 26.99 0.579999
      vertex 55.28 26.99 0
    endloop
  endfacet
  facet normal 1 -0 0
    outer loop
      vertex 59.12 30.83 0.579999
      vertex 59.12 31.79 0
      vertex 59.12 31.79 0.579999
    endloop
  endfacet
  facet normal 1 0 0
    outer loop
      vertex 59.12 31.79 0
      vertex 59.12 30.83 0.579999
      vertex 59.12 30.83 0
    endloop
  endfacet
  facet normal 1 -0 0
    outer loop
      vertex 59.12 26.99 0.579999
      vertex 59.12 29.87 0
      vertex 59.12 29.87 0.579999
    endloop
  endfacet
  facet normal 1 0 0
    outer loop
      vertex 59.12 29.87 0
      vertex 59.12 26.99 0.579999
      vertex 59.12 26.99 0
    endloop
  endfacet
  facet normal -1 0 0
    outer loop
      vertex 62 27.95 0
      vertex 62 29.87 0.579999
      vertex 62 29.87 0
    endloop
  endfacet
  facet normal -1 -0 0
    outer loop
      vertex 62 29.87 0.579999
      vertex 62 27.95 0
      vertex 62 27.95 0.579999
    endloop
  endfacet
  facet normal 0 -1 0
    outer loop
      vertex 62 27.95 0
      vertex 62.96 27.95 0.579999
      vertex 62 27.95 0.579999
    endloop
  endfacet
  facet normal 0 -1 -0
    outer loop
      vertex 62.96 27.95 0.579999
      vertex 62 27.95 0
      vertex 62.96 27.95 0
    endloop
  endfacet
  facet normal -1 0 0
    outer loop
      vertex 24.56 27.95 0
      vertex 24.56 30.83 0.579999
      vertex 24.56 30.83 0
    endloop
  endfacet
  facet normal -1 -0 0
    outer loop
      vertex 24.56 30.83 0.579999
      vertex 24.56 27.95 0
      vertex 24.56 27.95 0.579999
    endloop
  endfacet
  facet normal 0 0 -1
    outer loop
      vertex 23.6 27.95 0.579999
      vertex 24.56 30.83 0.579999
      vertex 24.56 27.95 0.579999
    endloop
  endfacet
  facet normal -0 0 -1
    outer loop
      vertex 24.56 30.83 0.579999
      vertex 23.6 27.95 0.579999
      vertex 23.6 30.83 0.579999
    endloop
  endfacet
  facet normal 1 -0 0
    outer loop
      vertex 23.6 27.95 0.579999
      vertex 23.6 30.83 0
      vertex 23.6 30.83 0.579999
    endloop
  endfacet
  facet normal 1 0 0
    outer loop
      vertex 23.6 30.83 0
      vertex 23.6 27.95 0.579999
      vertex 23.6 27.95 0
    endloop
  endfacet
  facet normal 0 1 -0
    outer loop
      vertex 24.56 27.95 0
      vertex 23.6 27.95 0.579999
      vertex 24.56 27.95 0.579999
    endloop
  endfacet
  facet normal 0 1 0
    outer loop
      vertex 23.6 27.95 0.579999
      vertex 24.56 27.95 0
      vertex 23.6 27.95 0
    endloop
  endfacet
  facet normal 1 -0 0
    outer loop
      vertex 27.44 27.95 0.579999
      vertex 27.44 29.87 0
      vertex 27.44 29.87 0.579999
    endloop
  endfacet
  facet normal 1 0 0
    outer loop
      vertex 27.44 29.87 0
      vertex 27.44 27.95 0.579999
      vertex 27.44 27.95 0
    endloop
  endfacet
  facet normal 1 -0 0
    outer loop
      vertex 30.32 27.95 0.579999
      vertex 30.32 29.87 0
      vertex 30.32 29.87 0.579999
    endloop
  endfacet
  facet normal 1 0 0
    outer loop
      vertex 30.32 29.87 0
      vertex 30.32 27.95 0.579999
      vertex 30.32 27.95 0
    endloop
  endfacet
  facet normal -1 0 0
    outer loop
      vertex 33.2 27.95 0
      vertex 33.2 29.87 0.579999
      vertex 33.2 29.87 0
    endloop
  endfacet
  facet normal -1 -0 0
    outer loop
      vertex 33.2 29.87 0.579999
      vertex 33.2 27.95 0
      vertex 33.2 27.95 0.579999
    endloop
  endfacet
  facet normal 0 0 -1
    outer loop
      vertex 40.88 27.95 0.579999
      vertex 42.8 31.79 0.579999
      vertex 42.8 27.95 0.579999
    endloop
  endfacet
  facet normal -0 0 -1
    outer loop
      vertex 42.8 31.79 0.579999
      vertex 40.88 27.95 0.579999
      vertex 40.88 31.79 0.579999
    endloop
  endfacet
  facet normal 1 -0 0
    outer loop
      vertex 40.88 27.95 0.579999
      vertex 40.88 31.79 0
      vertex 40.88 31.79 0.579999
    endloop
  endfacet
  facet normal 1 0 0
    outer loop
      vertex 40.88 31.79 0
      vertex 40.88 27.95 0.579999
      vertex 40.88 27.95 0
    endloop
  endfacet
  facet normal 0 1 -0
    outer loop
      vertex 42.8 27.95 0
      vertex 40.88 27.95 0.579999
      vertex 42.8 27.95 0.579999
    endloop
  endfacet
  facet normal 0 1 0
    outer loop
      vertex 40.88 27.95 0.579999
      vertex 42.8 27.95 0
      vertex 40.88 27.95 0
    endloop
  endfacet
  facet normal -1 0 0
    outer loop
      vertex 42.8 27.95 0
      vertex 42.8 31.79 0.579999
      vertex 42.8 31.79 0
    endloop
  endfacet
  facet normal -1 -0 0
    outer loop
      vertex 42.8 31.79 0.579999
      vertex 42.8 27.95 0
      vertex 42.8 27.95 0.579999
    endloop
  endfacet
  facet normal 1 -0 0
    outer loop
      vertex 47.6 27.95 0.579999
      vertex 47.6 29.87 0
      vertex 47.6 29.87 0.579999
    endloop
  endfacet
  facet normal 1 0 0
    outer loop
      vertex 47.6 29.87 0
      vertex 47.6 27.95 0.579999
      vertex 47.6 27.95 0
    endloop
  endfacet
  facet normal 0 1 -0
    outer loop
      vertex 49.52 27.95 0
      vertex 47.6 27.95 0.579999
      vertex 49.52 27.95 0.579999
    endloop
  endfacet
  facet normal 0 1 0
    outer loop
      vertex 47.6 27.95 0.579999
      vertex 49.52 27.95 0
      vertex 47.6 27.95 0
    endloop
  endfacet
  facet normal 0 1 -0
    outer loop
      vertex 55.28 27.95 0
      vertex 52.4 27.95 0.579999
      vertex 55.28 27.95 0.579999
    endloop
  endfacet
  facet normal 0 1 0
    outer loop
      vertex 52.4 27.95 0.579999
      vertex 55.28 27.95 0
      vertex 52.4 27.95 0
    endloop
  endfacet
  facet normal -1 0 0
    outer loop
      vertex 60.08 29.87 0
      vertex 60.08 31.79 0.579999
      vertex 60.08 31.79 0
    endloop
  endfacet
  facet normal -1 -0 0
    outer loop
      vertex 60.08 31.79 0.579999
      vertex 60.08 29.87 0
      vertex 60.08 29.87 0.579999
    endloop
  endfacet
  facet normal 0 0 -1
    outer loop
      vertex 65.84 27.95 0.579999
      vertex 64.88 29.87 0.579999
      vertex 65.84 29.87 0.579999
    endloop
  endfacet
  facet normal 0 0 -1
    outer loop
      vertex 62.96 27.95 0.579999
      vertex 64.88 29.87 0.579999
      vertex 65.84 27.95 0.579999
    endloop
  endfacet
  facet normal 0 0 -1
    outer loop
      vertex 62.96 29.87 0.579999
      vertex 64.88 29.87 0.579999
      vertex 62.96 27.95 0.579999
    endloop
  endfacet
  facet normal 0 0 -1
    outer loop
      vertex 64.88 29.87 0.579999
      vertex 62.96 29.87 0.579999
      vertex 64.88 30.83 0.579999
    endloop
  endfacet
  facet normal 0 0 -1
    outer loop
      vertex 62 30.83 0.579999
      vertex 62.96 29.87 0.579999
      vertex 62 29.87 0.579999
    endloop
  endfacet
  facet normal 0 0 -1
    outer loop
      vertex 62.96 29.87 0.579999
      vertex 62 30.83 0.579999
      vertex 64.88 30.83 0.579999
    endloop
  endfacet
  facet normal 1 -0 0
    outer loop
      vertex 62.96 27.95 0.579999
      vertex 62.96 29.87 0
      vertex 62.96 29.87 0.579999
    endloop
  endfacet
  facet normal 1 0 0
    outer loop
      vertex 62.96 29.87 0
      vertex 62.96 27.95 0.579999
      vertex 62.96 27.95 0
    endloop
  endfacet
  facet normal 0 1 -0
    outer loop
      vertex 65.84 27.95 0
      vertex 62.96 27.95 0.579999
      vertex 65.84 27.95 0.579999
    endloop
  endfacet
  facet normal 0 1 0
    outer loop
      vertex 62.96 27.95 0.579999
      vertex 65.84 27.95 0
      vertex 62.96 27.95 0
    endloop
  endfacet
  facet normal -1 0 0
    outer loop
      vertex 65.84 27.95 0
      vertex 65.84 29.87 0.579999
      vertex 65.84 29.87 0
    endloop
  endfacet
  facet normal -1 -0 0
    outer loop
      vertex 65.84 29.87 0.579999
      vertex 65.84 27.95 0
      vertex 65.84 27.95 0.579999
    endloop
  endfacet
  facet normal 0 -1 0
    outer loop
      vertex 27.44 29.87 0
      vertex 29.36 29.87 0.579999
      vertex 27.44 29.87 0.579999
    endloop
  endfacet
  facet normal 0 -1 -0
    outer loop
      vertex 29.36 29.87 0.579999
      vertex 27.44 29.87 0
      vertex 29.36 29.87 0
    endloop
  endfacet
  facet normal 0 -1 0
    outer loop
      vertex 31.28 29.87 0
      vertex 33.2 29.87 0.579999
      vertex 31.28 29.87 0.579999
    endloop
  endfacet
  facet normal 0 -1 -0
    outer loop
      vertex 33.2 29.87 0.579999
      vertex 31.28 29.87 0
      vertex 33.2 29.87 0
    endloop
  endfacet
  facet normal 0 1 -0
    outer loop
      vertex 30.32 29.87 0
      vertex 29.36 29.87 0.579999
      vertex 30.32 29.87 0.579999
    endloop
  endfacet
  facet normal 0 1 0
    outer loop
      vertex 29.36 29.87 0.579999
      vertex 30.32 29.87 0
      vertex 29.36 29.87 0
    endloop
  endfacet
  facet normal 0 -1 0
    outer loop
      vertex 37.04 29.87 0
      vertex 38 29.87 0.579999
      vertex 37.04 29.87 0.579999
    endloop
  endfacet
  facet normal 0 -1 -0
    outer loop
      vertex 38 29.87 0.579999
      vertex 37.04 29.87 0
      vertex 38 29.87 0
    endloop
  endfacet
  facet normal 0 -1 0
    outer loop
      vertex 47.6 29.87 0
      vertex 49.52 29.87 0.579999
      vertex 47.6 29.87 0.579999
    endloop
  endfacet
  facet normal 0 -1 -0
    outer loop
      vertex 49.52 29.87 0.579999
      vertex 47.6 29.87 0
      vertex 49.52 29.87 0
    endloop
  endfacet
  facet normal 0 -1 0
    outer loop
      vertex 52.4 29.87 0
      vertex 55.28 29.87 0.579999
      vertex 52.4 29.87 0.579999
    endloop
  endfacet
  facet normal 0 -1 -0
    outer loop
      vertex 55.28 29.87 0.579999
      vertex 52.4 29.87 0
      vertex 55.28 29.87 0
    endloop
  endfacet
  facet normal 0 -1 0
    outer loop
      vertex 56.24 29.87 0
      vertex 57.2 29.87 0.579999
      vertex 56.24 29.87 0.579999
    endloop
  endfacet
  facet normal 0 -1 -0
    outer loop
      vertex 57.2 29.87 0.579999
      vertex 56.24 29.87 0
      vertex 57.2 29.87 0
    endloop
  endfacet
  facet normal 0 -1 0
    outer loop
      vertex 60.08 29.87 0
      vertex 62 29.87 0.579999
      vertex 60.08 29.87 0.579999
    endloop
  endfacet
  facet normal 0 -1 -0
    outer loop
      vertex 62 29.87 0.579999
      vertex 60.08 29.87 0
      vertex 62 29.87 0
    endloop
  endfacet
  facet normal -1 0 0
    outer loop
      vertex 64.88 29.87 0
      vertex 64.88 30.83 0.579999
      vertex 64.88 30.83 0
    endloop
  endfacet
  facet normal -1 -0 0
    outer loop
      vertex 64.88 30.83 0.579999
      vertex 64.88 29.87 0
      vertex 64.88 29.87 0.579999
    endloop
  endfacet
  facet normal 0 -1 0
    outer loop
      vertex 64.88 29.87 0
      vertex 65.84 29.87 0.579999
      vertex 64.88 29.87 0.579999
    endloop
  endfacet
  facet normal 0 -1 -0
    outer loop
      vertex 65.84 29.87 0.579999
      vertex 64.88 29.87 0
      vertex 65.84 29.87 0
    endloop
  endfacet
  facet normal -1 0 0
    outer loop
      vertex 21.68 29.87 0
      vertex 21.68 30.83 0.579999
      vertex 21.68 30.83 0
    endloop
  endfacet
  facet normal -1 -0 0
    outer loop
      vertex 21.68 30.83 0.579999
      vertex 21.68 29.87 0
      vertex 21.68 29.87 0.579999
    endloop
  endfacet
  facet normal 0 0 -1
    outer loop
      vertex 20.72 29.87 0.579999
      vertex 21.68 30.83 0.579999
      vertex 21.68 29.87 0.579999
    endloop
  endfacet
  facet normal -0 0 -1
    outer loop
      vertex 21.68 30.83 0.579999
      vertex 20.72 29.87 0.579999
      vertex 20.72 30.83 0.579999
    endloop
  endfacet
  facet normal 1 -0 0
    outer loop
      vertex 20.72 29.87 0.579999
      vertex 20.72 30.83 0
      vertex 20.72 30.83 0.579999
    endloop
  endfacet
  facet normal 1 0 0
    outer loop
      vertex 20.72 30.83 0
      vertex 20.72 29.87 0.579999
      vertex 20.72 29.87 0
    endloop
  endfacet
  facet normal 0 -1 0
    outer loop
      vertex 20.72 30.83 0
      vertex 21.68 30.83 0.579999
      vertex 20.72 30.83 0.579999
    endloop
  endfacet
  facet normal 0 -1 -0
    outer loop
      vertex 21.68 30.83 0.579999
      vertex 20.72 30.83 0
      vertex 21.68 30.83 0
    endloop
  endfacet
  facet normal 0 1 -0
    outer loop
      vertex 21.68 29.87 0
      vertex 20.72 29.87 0.579999
      vertex 21.68 29.87 0.579999
    endloop
  endfacet
  facet normal 0 1 0
    outer loop
      vertex 20.72 29.87 0.579999
      vertex 21.68 29.87 0
      vertex 20.72 29.87 0
    endloop
  endfacet
  facet normal 0 -1 0
    outer loop
      vertex 23.6 30.83 0
      vertex 24.56 30.83 0.579999
      vertex 23.6 30.83 0.579999
    endloop
  endfacet
  facet normal 0 -1 -0
    outer loop
      vertex 24.56 30.83 0.579999
      vertex 23.6 30.83 0
      vertex 24.56 30.83 0
    endloop
  endfacet
  facet normal -1 0 0
    outer loop
      vertex 27.44 29.87 0
      vertex 27.44 30.83 0.579999
      vertex 27.44 30.83 0
    endloop
  endfacet
  facet normal -1 -0 0
    outer loop
      vertex 27.44 30.83 0.579999
      vertex 27.44 29.87 0
      vertex 27.44 29.87 0.579999
    endloop
  endfacet
  facet normal 0 0 -1
    outer loop
      vertex 27.44 29.87 0.579999
      vertex 26.48 29.87 0.579999
      vertex 27.44 30.83 0.579999
    endloop
  endfacet
  facet normal 0 0 -1
    outer loop
      vertex 27.44 30.83 0.579999
      vertex 29.36 31.79 0.579999
      vertex 29.36 30.83 0.579999
    endloop
  endfacet
  facet normal 0 0 -1
    outer loop
      vertex 27.44 30.83 0.579999
      vertex 26.48 31.79 0.579999
      vertex 29.36 31.79 0.579999
    endloop
  endfacet
  facet normal 0 0 -1
    outer loop
      vertex 26.48 31.79 0.579999
      vertex 27.44 30.83 0.579999
      vertex 26.48 29.87 0.579999
    endloop
  endfacet
  facet normal 1 -0 0
    outer loop
      vertex 26.48 29.87 0.579999
      vertex 26.48 31.79 0
      vertex 26.48 31.79 0.579999
    endloop
  endfacet
  facet normal 1 0 0
    outer loop
      vertex 26.48 31.79 0
      vertex 26.48 29.87 0.579999
      vertex 26.48 29.87 0
    endloop
  endfacet
  facet normal 0 1 -0
    outer loop
      vertex 29.36 30.83 0
      vertex 27.44 30.83 0.579999
      vertex 29.36 30.83 0.579999
    endloop
  endfacet
  facet normal 0 1 0
    outer loop
      vertex 27.44 30.83 0.579999
      vertex 29.36 30.83 0
      vertex 27.44 30.83 0
    endloop
  endfacet
  facet normal 0 1 -0
    outer loop
      vertex 27.44 29.87 0
      vertex 26.48 29.87 0.579999
      vertex 27.44 29.87 0.579999
    endloop
  endfacet
  facet normal 0 1 0
    outer loop
      vertex 26.48 29.87 0.579999
      vertex 27.44 29.87 0
      vertex 26.48 29.87 0
    endloop
  endfacet
  facet normal 1 -0 0
    outer loop
      vertex 29.36 29.87 0.579999
      vertex 29.36 30.83 0
      vertex 29.36 30.83 0.579999
    endloop
  endfacet
  facet normal 1 0 0
    outer loop
      vertex 29.36 30.83 0
      vertex 29.36 29.87 0.579999
      vertex 29.36 29.87 0
    endloop
  endfacet
  facet normal 0 -1 0
    outer loop
      vertex 29.36 30.83 0
      vertex 31.28 30.83 0.579999
      vertex 29.36 30.83 0.579999
    endloop
  endfacet
  facet normal 0 -1 -0
    outer loop
      vertex 31.28 30.83 0.579999
      vertex 29.36 30.83 0
      vertex 31.28 30.83 0
    endloop
  endfacet
  facet normal -1 0 0
    outer loop
      vertex 31.28 29.87 0
      vertex 31.28 30.83 0.579999
      vertex 31.28 30.83 0
    endloop
  endfacet
  facet normal -1 -0 0
    outer loop
      vertex 31.28 30.83 0.579999
      vertex 31.28 29.87 0
      vertex 31.28 29.87 0.579999
    endloop
  endfacet
  facet normal 0 0 -1
    outer loop
      vertex 34.16 29.87 0.579999
      vertex 36.08 30.83 0.579999
      vertex 36.08 29.87 0.579999
    endloop
  endfacet
  facet normal -0 0 -1
    outer loop
      vertex 36.08 30.83 0.579999
      vertex 34.16 29.87 0.579999
      vertex 34.16 30.83 0.579999
    endloop
  endfacet
  facet normal 1 -0 0
    outer loop
      vertex 34.16 29.87 0.579999
      vertex 34.16 30.83 0
      vertex 34.16 30.83 0.579999
    endloop
  endfacet
  facet normal 1 0 0
    outer loop
      vertex 34.16 30.83 0
      vertex 34.16 29.87 0.579999
      vertex 34.16 29.87 0
    endloop
  endfacet
  facet normal 0 -1 0
    outer loop
      vertex 34.16 30.83 0
      vertex 36.08 30.83 0.579999
      vertex 34.16 30.83 0.579999
    endloop
  endfacet
  facet normal 0 -1 -0
    outer loop
      vertex 36.08 30.83 0.579999
      vertex 34.16 30.83 0
      vertex 36.08 30.83 0
    endloop
  endfacet
  facet normal 0 1 -0
    outer loop
      vertex 36.08 29.87 0
      vertex 34.16 29.87 0.579999
      vertex 36.08 29.87 0.579999
    endloop
  endfacet
  facet normal 0 1 0
    outer loop
      vertex 34.16 29.87 0.579999
      vertex 36.08 29.87 0
      vertex 34.16 29.87 0
    endloop
  endfacet
  facet normal -1 0 0
    outer loop
      vertex 36.08 29.87 0
      vertex 36.08 30.83 0.579999
      vertex 36.08 30.83 0
    endloop
  endfacet
  facet normal -1 -0 0
    outer loop
      vertex 36.08 30.83 0.579999
      vertex 36.08 29.87 0
      vertex 36.08 29.87 0.579999
    endloop
  endfacet
  facet normal 1 -0 0
    outer loop
      vertex 38 29.87 0.579999
      vertex 38 31.79 0
      vertex 38 31.79 0.579999
    endloop
  endfacet
  facet normal 1 0 0
    outer loop
      vertex 38 31.79 0
      vertex 38 29.87 0.579999
      vertex 38 29.87 0
    endloop
  endfacet
  facet normal -1 0 0
    outer loop
      vertex 46.64 29.87 0
      vertex 46.64 30.83 0.579999
      vertex 46.64 30.83 0
    endloop
  endfacet
  facet normal -1 -0 0
    outer loop
      vertex 46.64 30.83 0.579999
      vertex 46.64 29.87 0
      vertex 46.64 29.87 0.579999
    endloop
  endfacet
  facet normal 0 0 -1
    outer loop
      vertex 46.64 31.79 0.579999
      vertex 47.6 31.79 0.579999
      vertex 47.6 30.83 0.579999
    endloop
  endfacet
  facet normal 0 0 -1
    outer loop
      vertex 47.6 31.79 0.579999
      vertex 46.64 31.79 0.579999
      vertex 47.6 33.71 0.579999
    endloop
  endfacet
  facet normal 0 0 -1
    outer loop
      vertex 46.64 31.79 0.579999
      vertex 47.6 30.83 0.579999
      vertex 46.64 30.83 0.579999
    endloop
  endfacet
  facet normal 0 0 -1
    outer loop
      vertex 46.64 34.67 0.579999
      vertex 47.6 33.71 0.579999
      vertex 46.64 31.79 0.579999
    endloop
  endfacet
  facet normal 0 0 -1
    outer loop
      vertex 47.6 33.71 0.579999
      vertex 46.64 34.67 0.579999
      vertex 47.6 34.67 0.579999
    endloop
  endfacet
  facet normal 0 0 -1
    outer loop
      vertex 47.6 31.79 0.579999
      vertex 50.48 33.71 0.579999
      vertex 50.48 31.79 0.579999
    endloop
  endfacet
  facet normal -0 0 -1
    outer loop
      vertex 50.48 33.71 0.579999
      vertex 47.6 31.79 0.579999
      vertex 47.6 33.71 0.579999
    endloop
  endfacet
  facet normal 0 0 -1
    outer loop
      vertex 45.68 30.83 0.579999
      vertex 46.64 30.83 0.579999
      vertex 46.64 29.87 0.579999
    endloop
  endfacet
  facet normal 0 0 -1
    outer loop
      vertex 45.68 30.83 0.579999
      vertex 46.64 29.87 0.579999
      vertex 45.68 29.87 0.579999
    endloop
  endfacet
  facet normal 0 0 -1
    outer loop
      vertex 46.64 30.83 0.579999
      vertex 45.68 30.83 0.579999
      vertex 46.64 31.79 0.579999
    endloop
  endfacet
  facet normal 0 0 -1
    outer loop
      vertex 43.76 31.79 0.579999
      vertex 45.68 30.83 0.579999
      vertex 43.76 30.83 0.579999
    endloop
  endfacet
  facet normal 0 0 -1
    outer loop
      vertex 45.68 30.83 0.579999
      vertex 43.76 31.79 0.579999
      vertex 46.64 31.79 0.579999
    endloop
  endfacet
  facet normal 1 -0 0
    outer loop
      vertex 45.68 29.87 0.579999
      vertex 45.68 30.83 0
      vertex 45.68 30.83 0.579999
    endloop
  endfacet
  facet normal 1 0 0
    outer loop
      vertex 45.68 30.83 0
      vertex 45.68 29.87 0.579999
      vertex 45.68 29.87 0
    endloop
  endfacet
  facet normal 0 1 -0
    outer loop
      vertex 47.6 30.83 0
      vertex 46.64 30.83 0.579999
      vertex 47.6 30.83 0.579999
    endloop
  endfacet
  facet normal 0 1 0
    outer loop
      vertex 46.64 30.83 0.579999
      vertex 47.6 30.83 0
      vertex 46.64 30.83 0
    endloop
  endfacet
  facet normal 0 1 -0
    outer loop
      vertex 45.68 30.83 0
      vertex 43.76 30.83 0.579999
      vertex 45.68 30.83 0.579999
    endloop
  endfacet
  facet normal 0 1 0
    outer loop
      vertex 43.76 30.83 0.579999
      vertex 45.68 30.83 0
      vertex 43.76 30.83 0
    endloop
  endfacet
  facet normal 0 1 -0
    outer loop
      vertex 46.64 29.87 0
      vertex 45.68 29.87 0.579999
      vertex 46.64 29.87 0.579999
    endloop
  endfacet
  facet normal 0 1 0
    outer loop
      vertex 45.68 29.87 0.579999
      vertex 46.64 29.87 0
      vertex 45.68 29.87 0
    endloop
  endfacet
  facet normal 1 -0 0
    outer loop
      vertex 49.52 29.87 0.579999
      vertex 49.52 30.83 0
      vertex 49.52 30.83 0.579999
    endloop
  endfacet
  facet normal 1 0 0
    outer loop
      vertex 49.52 30.83 0
      vertex 49.52 29.87 0.579999
      vertex 49.52 29.87 0
    endloop
  endfacet
  facet normal 0 -1 0
    outer loop
      vertex 49.52 30.83 0
      vertex 52.4 30.83 0.579999
      vertex 49.52 30.83 0.579999
    endloop
  endfacet
  facet normal 0 -1 -0
    outer loop
      vertex 52.4 30.83 0.579999
      vertex 49.52 30.83 0
      vertex 52.4 30.83 0
    endloop
  endfacet
  facet normal -1 0 0
    outer loop
      vertex 52.4 29.87 0
      vertex 52.4 30.83 0.579999
      vertex 52.4 30.83 0
    endloop
  endfacet
  facet normal -1 -0 0
    outer loop
      vertex 52.4 30.83 0.579999
      vertex 52.4 29.87 0
      vertex 52.4 29.87 0.579999
    endloop
  endfacet
  facet normal -1 0 0
    outer loop
      vertex 56.24 29.87 0
      vertex 56.24 30.83 0.579999
      vertex 56.24 30.83 0
    endloop
  endfacet
  facet normal -1 -0 0
    outer loop
      vertex 56.24 30.83 0.579999
      vertex 56.24 29.87 0
      vertex 56.24 29.87 0.579999
    endloop
  endfacet
  facet normal 1 -0 0
    outer loop
      vertex 55.28 29.87 0.579999
      vertex 55.28 30.83 0
      vertex 55.28 30.83 0.579999
    endloop
  endfacet
  facet normal 1 0 0
    outer loop
      vertex 55.28 30.83 0
      vertex 55.28 29.87 0.579999
      vertex 55.28 29.87 0
    endloop
  endfacet
  facet normal 0 -1 0
    outer loop
      vertex 55.28 30.83 0
      vertex 56.24 30.83 0.579999
      vertex 55.28 30.83 0.579999
    endloop
  endfacet
  facet normal 0 -1 -0
    outer loop
      vertex 56.24 30.83 0.579999
      vertex 55.28 30.83 0
      vertex 56.24 30.83 0
    endloop
  endfacet
  facet normal 1 -0 0
    outer loop
      vertex 57.2 29.87 0.579999
      vertex 57.2 30.83 0
      vertex 57.2 30.83 0.579999
    endloop
  endfacet
  facet normal 1 0 0
    outer loop
      vertex 57.2 30.83 0
      vertex 57.2 29.87 0.579999
      vertex 57.2 29.87 0
    endloop
  endfacet
  facet normal 0 -1 0
    outer loop
      vertex 57.2 30.83 0
      vertex 59.12 30.83 0.579999
      vertex 57.2 30.83 0.579999
    endloop
  endfacet
  facet normal 0 -1 -0
    outer loop
      vertex 59.12 30.83 0.579999
      vertex 57.2 30.83 0
      vertex 59.12 30.83 0
    endloop
  endfacet
  facet normal 0 1 -0
    outer loop
      vertex 59.12 29.87 0
      vertex 57.2 29.87 0.579999
      vertex 59.12 29.87 0.579999
    endloop
  endfacet
  facet normal 0 1 0
    outer loop
      vertex 57.2 29.87 0.579999
      vertex 59.12 29.87 0
      vertex 57.2 29.87 0
    endloop
  endfacet
  facet normal 1 -0 0
    outer loop
      vertex 62 29.87 0.579999
      vertex 62 30.83 0
      vertex 62 30.83 0.579999
    endloop
  endfacet
  facet normal 1 0 0
    outer loop
      vertex 62 30.83 0
      vertex 62 29.87 0.579999
      vertex 62 29.87 0
    endloop
  endfacet
  facet normal 0 -1 0
    outer loop
      vertex 62 30.83 0
      vertex 64.88 30.83 0.579999
      vertex 62 30.83 0.579999
    endloop
  endfacet
  facet normal 0 -1 -0
    outer loop
      vertex 64.88 30.83 0.579999
      vertex 62 30.83 0
      vertex 64.88 30.83 0
    endloop
  endfacet
  facet normal 0 1 -0
    outer loop
      vertex 62.96 29.87 0
      vertex 62 29.87 0.579999
      vertex 62.96 29.87 0.579999
    endloop
  endfacet
  facet normal 0 1 0
    outer loop
      vertex 62 29.87 0.579999
      vertex 62.96 29.87 0
      vertex 62 29.87 0
    endloop
  endfacet
  facet normal 0 0 -1
    outer loop
      vertex 26.48 31.79 0.579999
      vertex 24.56 31.79 0.579999
      vertex 26.48 33.71 0.579999
    endloop
  endfacet
  facet normal 0 0 -1
    outer loop
      vertex 26.48 33.71 0.579999
      vertex 27.44 34.67 0.579999
      vertex 27.44 33.71 0.579999
    endloop
  endfacet
  facet normal 0 0 -1
    outer loop
      vertex 24.56 33.71 0.579999
      vertex 26.48 33.71 0.579999
      vertex 24.56 31.79 0.579999
    endloop
  endfacet
  facet normal 0 0 -1
    outer loop
      vertex 24.56 34.67 0.579999
      vertex 26.48 33.71 0.579999
      vertex 24.56 33.71 0.579999
    endloop
  endfacet
  facet normal 0 0 -1
    outer loop
      vertex 26.48 33.71 0.579999
      vertex 24.56 34.67 0.579999
      vertex 27.44 34.67 0.579999
    endloop
  endfacet
  facet normal 0 0 -1
    outer loop
      vertex 23.6 34.67 0.579999
      vertex 24.56 34.67 0.579999
      vertex 24.56 33.71 0.579999
    endloop
  endfacet
  facet normal 0 0 -1
    outer loop
      vertex 23.6 34.67 0.579999
      vertex 24.56 33.71 0.579999
      vertex 23.6 33.71 0.579999
    endloop
  endfacet
  facet normal 0 0 -1
    outer loop
      vertex 24.56 36.59 0.579999
      vertex 27.44 37.55 0.579999
      vertex 27.44 36.59 0.579999
    endloop
  endfacet
  facet normal 0 0 -1
    outer loop
      vertex 24.56 34.67 0.579999
      vertex 23.6 34.67 0.579999
      vertex 24.56 36.59 0.579999
    endloop
  endfacet
  facet normal 0 0 -1
    outer loop
      vertex 23.6 36.59 0.579999
      vertex 24.56 36.59 0.579999
      vertex 23.6 34.67 0.579999
    endloop
  endfacet
  facet normal 0 0 -1
    outer loop
      vertex 21.68 37.55 0.579999
      vertex 24.56 36.59 0.579999
      vertex 23.6 36.59 0.579999
    endloop
  endfacet
  facet normal 0 0 -1
    outer loop
      vertex 21.68 37.55 0.579999
      vertex 23.6 36.59 0.579999
      vertex 21.68 36.59 0.579999
    endloop
  endfacet
  facet normal 0 0 -1
    outer loop
      vertex 24.56 36.59 0.579999
      vertex 21.68 37.55 0.579999
      vertex 27.44 37.55 0.579999
    endloop
  endfacet
  facet normal 0 0 -1
    outer loop
      vertex 21.68 33.71 0.579999
      vertex 23.6 33.71 0.579999
      vertex 23.6 30.83 0.579999
    endloop
  endfacet
  facet normal 0 0 -1
    outer loop
      vertex 21.68 33.71 0.579999
      vertex 23.6 30.83 0.579999
      vertex 21.68 30.83 0.579999
    endloop
  endfacet
  facet normal 0 0 -1
    outer loop
      vertex 23.6 33.71 0.579999
      vertex 21.68 33.71 0.579999
      vertex 23.6 34.67 0.579999
    endloop
  endfacet
  facet normal 0 0 -1
    outer loop
      vertex 20.72 34.67 0.579999
      vertex 21.68 33.71 0.579999
      vertex 20.72 33.71 0.579999
    endloop
  endfacet
  facet normal 0 0 -1
    outer loop
      vertex 21.68 33.71 0.579999
      vertex 20.72 34.67 0.579999
      vertex 23.6 34.67 0.579999
    endloop
  endfacet
  facet normal 1 -0 0
    outer loop
      vertex 21.68 30.83 0.579999
      vertex 21.68 33.71 0
      vertex 21.68 33.71 0.579999
    endloop
  endfacet
  facet normal 1 0 0
    outer loop
      vertex 21.68 33.71 0
      vertex 21.68 30.83 0.579999
      vertex 21.68 30.83 0
    endloop
  endfacet
  facet normal 0 1 -0
    outer loop
      vertex 23.6 30.83 0
      vertex 21.68 30.83 0.579999
      vertex 23.6 30.83 0.579999
    endloop
  endfacet
  facet normal 0 1 0
    outer loop
      vertex 21.68 30.83 0.579999
      vertex 23.6 30.83 0
      vertex 21.68 30.83 0
    endloop
  endfacet
  facet normal -1 0 0
    outer loop
      vertex 23.6 30.83 0
      vertex 23.6 33.71 0.579999
      vertex 23.6 33.71 0
    endloop
  endfacet
  facet normal -1 -0 0
    outer loop
      vertex 23.6 33.71 0.579999
      vertex 23.6 30.83 0
      vertex 23.6 30.83 0.579999
    endloop
  endfacet
  facet normal 0 -1 0
    outer loop
      vertex 26.48 31.79 0
      vertex 29.36 31.79 0.579999
      vertex 26.48 31.79 0.579999
    endloop
  endfacet
  facet normal 0 -1 -0
    outer loop
      vertex 29.36 31.79 0.579999
      vertex 26.48 31.79 0
      vertex 29.36 31.79 0
    endloop
  endfacet
  facet normal -1 0 0
    outer loop
      vertex 29.36 30.83 0
      vertex 29.36 31.79 0.579999
      vertex 29.36 31.79 0
    endloop
  endfacet
  facet normal -1 -0 0
    outer loop
      vertex 29.36 31.79 0.579999
      vertex 29.36 30.83 0
      vertex 29.36 30.83 0.579999
    endloop
  endfacet
  facet normal -1 0 0
    outer loop
      vertex 34.16 30.83 0
      vertex 34.16 31.79 0.579999
      vertex 34.16 31.79 0
    endloop
  endfacet
  facet normal -1 -0 0
    outer loop
      vertex 34.16 31.79 0.579999
      vertex 34.16 30.83 0
      vertex 34.16 30.83 0.579999
    endloop
  endfacet
  facet normal 0 0 -1
    outer loop
      vertex 33.2 30.83 0.579999
      vertex 34.16 31.79 0.579999
      vertex 34.16 30.83 0.579999
    endloop
  endfacet
  facet normal -0 0 -1
    outer loop
      vertex 34.16 31.79 0.579999
      vertex 33.2 30.83 0.579999
      vertex 33.2 31.79 0.579999
    endloop
  endfacet
  facet normal 1 -0 0
    outer loop
      vertex 33.2 30.83 0.579999
      vertex 33.2 31.79 0
      vertex 33.2 31.79 0.579999
    endloop
  endfacet
  facet normal 1 0 0
    outer loop
      vertex 33.2 31.79 0
      vertex 33.2 30.83 0.579999
      vertex 33.2 30.83 0
    endloop
  endfacet
  facet normal 0 -1 0
    outer loop
      vertex 33.2 31.79 0
      vertex 34.16 31.79 0.579999
      vertex 33.2 31.79 0.579999
    endloop
  endfacet
  facet normal 0 -1 -0
    outer loop
      vertex 34.16 31.79 0.579999
      vertex 33.2 31.79 0
      vertex 34.16 31.79 0
    endloop
  endfacet
  facet normal 0 1 -0
    outer loop
      vertex 34.16 30.83 0
      vertex 33.2 30.83 0.579999
      vertex 34.16 30.83 0.579999
    endloop
  endfacet
  facet normal 0 1 0
    outer loop
      vertex 33.2 30.83 0.579999
      vertex 34.16 30.83 0
      vertex 33.2 30.83 0
    endloop
  endfacet
  facet normal 0 -1 0
    outer loop
      vertex 38 31.79 0
      vertex 39.92 31.79 0.579999
      vertex 38 31.79 0.579999
    endloop
  endfacet
  facet normal 0 -1 -0
    outer loop
      vertex 39.92 31.79 0.579999
      vertex 38 31.79 0
      vertex 39.92 31.79 0
    endloop
  endfacet
  facet normal 0 -1 0
    outer loop
      vertex 40.88 31.79 0
      vertex 42.8 31.79 0.579999
      vertex 40.88 31.79 0.579999
    endloop
  endfacet
  facet normal 0 -1 -0
    outer loop
      vertex 42.8 31.79 0.579999
      vertex 40.88 31.79 0
      vertex 42.8 31.79 0
    endloop
  endfacet
  facet normal 1 -0 0
    outer loop
      vertex 43.76 30.83 0.579999
      vertex 43.76 31.79 0
      vertex 43.76 31.79 0.579999
    endloop
  endfacet
  facet normal 1 0 0
    outer loop
      vertex 43.76 31.79 0
      vertex 43.76 30.83 0.579999
      vertex 43.76 30.83 0
    endloop
  endfacet
  facet normal 0 -1 0
    outer loop
      vertex 43.76 31.79 0
      vertex 46.64 31.79 0.579999
      vertex 43.76 31.79 0.579999
    endloop
  endfacet
  facet normal 0 -1 -0
    outer loop
      vertex 46.64 31.79 0.579999
      vertex 43.76 31.79 0
      vertex 46.64 31.79 0
    endloop
  endfacet
  facet normal 1 -0 0
    outer loop
      vertex 46.64 31.79 0.579999
      vertex 46.64 34.67 0
      vertex 46.64 34.67 0.579999
    endloop
  endfacet
  facet normal 1 0 0
    outer loop
      vertex 46.64 34.67 0
      vertex 46.64 31.79 0.579999
      vertex 46.64 31.79 0
    endloop
  endfacet
  facet normal -1 0 0
    outer loop
      vertex 47.6 30.83 0
      vertex 47.6 31.79 0.579999
      vertex 47.6 31.79 0
    endloop
  endfacet
  facet normal -1 -0 0
    outer loop
      vertex 47.6 31.79 0.579999
      vertex 47.6 30.83 0
      vertex 47.6 30.83 0.579999
    endloop
  endfacet
  facet normal 0 0 -1
    outer loop
      vertex 52.4 30.83 0.579999
      vertex 55.28 31.79 0.579999
      vertex 55.28 30.83 0.579999
    endloop
  endfacet
  facet normal -0 0 -1
    outer loop
      vertex 55.28 31.79 0.579999
      vertex 52.4 30.83 0.579999
      vertex 52.4 31.79 0.579999
    endloop
  endfacet
  facet normal 1 -0 0
    outer loop
      vertex 52.4 30.83 0.579999
      vertex 52.4 31.79 0
      vertex 52.4 31.79 0.579999
    endloop
  endfacet
  facet normal 1 0 0
    outer loop
      vertex 52.4 31.79 0
      vertex 52.4 30.83 0.579999
      vertex 52.4 30.83 0
    endloop
  endfacet
  facet normal 0 -1 0
    outer loop
      vertex 52.4 31.79 0
      vertex 55.28 31.79 0.579999
      vertex 52.4 31.79 0.579999
    endloop
  endfacet
  facet normal 0 -1 -0
    outer loop
      vertex 55.28 31.79 0.579999
      vertex 52.4 31.79 0
      vertex 55.28 31.79 0
    endloop
  endfacet
  facet normal 0 1 -0
    outer loop
      vertex 55.28 30.83 0
      vertex 52.4 30.83 0.579999
      vertex 55.28 30.83 0.579999
    endloop
  endfacet
  facet normal 0 1 0
    outer loop
      vertex 52.4 30.83 0.579999
      vertex 55.28 30.83 0
      vertex 52.4 30.83 0
    endloop
  endfacet
  facet normal -1 0 0
    outer loop
      vertex 55.28 30.83 0
      vertex 55.28 31.79 0.579999
      vertex 55.28 31.79 0
    endloop
  endfacet
  facet normal -1 -0 0
    outer loop
      vertex 55.28 31.79 0.579999
      vertex 55.28 30.83 0
      vertex 55.28 30.83 0.579999
    endloop
  endfacet
  facet normal -1 0 0
    outer loop
      vertex 57.2 30.83 0
      vertex 57.2 31.79 0.579999
      vertex 57.2 31.79 0
    endloop
  endfacet
  facet normal -1 -0 0
    outer loop
      vertex 57.2 31.79 0.579999
      vertex 57.2 30.83 0
      vertex 57.2 30.83 0.579999
    endloop
  endfacet
  facet normal 0 0 -1
    outer loop
      vertex 56.24 30.83 0.579999
      vertex 57.2 31.79 0.579999
      vertex 57.2 30.83 0.579999
    endloop
  endfacet
  facet normal -0 0 -1
    outer loop
      vertex 57.2 31.79 0.579999
      vertex 56.24 30.83 0.579999
      vertex 56.24 31.79 0.579999
    endloop
  endfacet
  facet normal 1 -0 0
    outer loop
      vertex 56.24 30.83 0.579999
      vertex 56.24 31.79 0
      vertex 56.24 31.79 0.579999
    endloop
  endfacet
  facet normal 1 0 0
    outer loop
      vertex 56.24 31.79 0
      vertex 56.24 30.83 0.579999
      vertex 56.24 30.83 0
    endloop
  endfacet
  facet normal 0 -1 0
    outer loop
      vertex 56.24 31.79 0
      vertex 57.2 31.79 0.579999
      vertex 56.24 31.79 0.579999
    endloop
  endfacet
  facet normal 0 -1 -0
    outer loop
      vertex 57.2 31.79 0.579999
      vertex 56.24 31.79 0
      vertex 57.2 31.79 0
    endloop
  endfacet
  facet normal 0 1 -0
    outer loop
      vertex 57.2 30.83 0
      vertex 56.24 30.83 0.579999
      vertex 57.2 30.83 0.579999
    endloop
  endfacet
  facet normal 0 1 0
    outer loop
      vertex 56.24 30.83 0.579999
      vertex 57.2 30.83 0
      vertex 56.24 30.83 0
    endloop
  endfacet
  facet normal 0 -1 0
    outer loop
      vertex 59.12 31.79 0
      vertex 60.08 31.79 0.579999
      vertex 59.12 31.79 0.579999
    endloop
  endfacet
  facet normal 0 -1 -0
    outer loop
      vertex 60.08 31.79 0.579999
      vertex 59.12 31.79 0
      vertex 60.08 31.79 0
    endloop
  endfacet
  facet normal -1 0 0
    outer loop
      vertex 65.84 30.83 0
      vertex 65.84 31.79 0.579999
      vertex 65.84 31.79 0
    endloop
  endfacet
  facet normal -1 -0 0
    outer loop
      vertex 65.84 31.79 0.579999
      vertex 65.84 30.83 0
      vertex 65.84 30.83 0.579999
    endloop
  endfacet
  facet normal 0 0 -1
    outer loop
      vertex 64.88 30.83 0.579999
      vertex 65.84 31.79 0.579999
      vertex 65.84 30.83 0.579999
    endloop
  endfacet
  facet normal -0 0 -1
    outer loop
      vertex 65.84 31.79 0.579999
      vertex 64.88 30.83 0.579999
      vertex 64.88 31.79 0.579999
    endloop
  endfacet
  facet normal 1 -0 0
    outer loop
      vertex 64.88 30.83 0.579999
      vertex 64.88 31.79 0
      vertex 64.88 31.79 0.579999
    endloop
  endfacet
  facet normal 1 0 0
    outer loop
      vertex 64.88 31.79 0
      vertex 64.88 30.83 0.579999
      vertex 64.88 30.83 0
    endloop
  endfacet
  facet normal 0 -1 0
    outer loop
      vertex 64.88 31.79 0
      vertex 65.84 31.79 0.579999
      vertex 64.88 31.79 0.579999
    endloop
  endfacet
  facet normal 0 -1 -0
    outer loop
      vertex 65.84 31.79 0.579999
      vertex 64.88 31.79 0
      vertex 65.84 31.79 0
    endloop
  endfacet
  facet normal 0 1 -0
    outer loop
      vertex 65.84 30.83 0
      vertex 64.88 30.83 0.579999
      vertex 65.84 30.83 0.579999
    endloop
  endfacet
  facet normal 0 1 0
    outer loop
      vertex 64.88 30.83 0.579999
      vertex 65.84 30.83 0
      vertex 64.88 30.83 0
    endloop
  endfacet
  facet normal 1 -0 0
    outer loop
      vertex 24.56 31.79 0.579999
      vertex 24.56 33.71 0
      vertex 24.56 33.71 0.579999
    endloop
  endfacet
  facet normal 1 0 0
    outer loop
      vertex 24.56 33.71 0
      vertex 24.56 31.79 0.579999
      vertex 24.56 31.79 0
    endloop
  endfacet
  facet normal 0 1 -0
    outer loop
      vertex 26.48 31.79 0
      vertex 24.56 31.79 0.579999
      vertex 26.48 31.79 0.579999
    endloop
  endfacet
  facet normal 0 1 0
    outer loop
      vertex 24.56 31.79 0.579999
      vertex 26.48 31.79 0
      vertex 24.56 31.79 0
    endloop
  endfacet
  facet normal -1 0 0
    outer loop
      vertex 26.48 31.79 0
      vertex 26.48 33.71 0.579999
      vertex 26.48 33.71 0
    endloop
  endfacet
  facet normal -1 -0 0
    outer loop
      vertex 26.48 33.71 0.579999
      vertex 26.48 31.79 0
      vertex 26.48 31.79 0.579999
    endloop
  endfacet
  facet normal 0 0 -1
    outer loop
      vertex 29.36 31.79 0.579999
      vertex 31.28 33.71 0.579999
      vertex 31.28 31.79 0.579999
    endloop
  endfacet
  facet normal -0 0 -1
    outer loop
      vertex 31.28 33.71 0.579999
      vertex 29.36 31.79 0.579999
      vertex 29.36 33.71 0.579999
    endloop
  endfacet
  facet normal 1 -0 0
    outer loop
      vertex 29.36 31.79 0.579999
      vertex 29.36 33.71 0
      vertex 29.36 33.71 0.579999
    endloop
  endfacet
  facet normal 1 0 0
    outer loop
      vertex 29.36 33.71 0
      vertex 29.36 31.79 0.579999
      vertex 29.36 31.79 0
    endloop
  endfacet
  facet normal 0 1 -0
    outer loop
      vertex 31.28 31.79 0
      vertex 29.36 31.79 0.579999
      vertex 31.28 31.79 0.579999
    endloop
  endfacet
  facet normal 0 1 0
    outer loop
      vertex 29.36 31.79 0.579999
      vertex 31.28 31.79 0
      vertex 29.36 31.79 0
    endloop
  endfacet
  facet normal -1 0 0
    outer loop
      vertex 31.28 31.79 0
      vertex 31.28 33.71 0.579999
      vertex 31.28 33.71 0
    endloop
  endfacet
  facet normal -1 -0 0
    outer loop
      vertex 31.28 33.71 0.579999
      vertex 31.28 31.79 0
      vertex 31.28 31.79 0.579999
    endloop
  endfacet
  facet normal 0 0 -1
    outer loop
      vertex 38 31.79 0.579999
      vertex 37.04 33.71 0.579999
      vertex 38 33.71 0.579999
    endloop
  endfacet
  facet normal 0 0 -1
    outer loop
      vertex 38 31.79 0.579999
      vertex 36.08 33.71 0.579999
      vertex 37.04 33.71 0.579999
    endloop
  endfacet
  facet normal 0 0 -1
    outer loop
      vertex 34.16 31.79 0.579999
      vertex 36.08 33.71 0.579999
      vertex 38 31.79 0.579999
    endloop
  endfacet
  facet normal 0 0 -1
    outer loop
      vertex 34.16 34.67 0.579999
      vertex 36.08 33.71 0.579999
      vertex 34.16 31.79 0.579999
    endloop
  endfacet
  facet normal 0 0 -1
    outer loop
      vertex 36.08 33.71 0.579999
      vertex 34.16 34.67 0.579999
      vertex 36.08 34.67 0.579999
    endloop
  endfacet
  facet normal 0 0 -1
    outer loop
      vertex 42.8 41.39 0.579999
      vertex 40.88 43.31 0.579999
      vertex 42.8 43.31 0.579999
    endloop
  endfacet
  facet normal 0 0 -1
    outer loop
      vertex 39.92 41.39 0.579999
      vertex 40.88 43.31 0.579999
      vertex 42.8 41.39 0.579999
    endloop
  endfacet
  facet normal 0 0 -1
    outer loop
      vertex 39.92 44.27 0.579999
      vertex 40.88 43.31 0.579999
      vertex 39.92 41.39 0.579999
    endloop
  endfacet
  facet normal 0 0 -1
    outer loop
      vertex 40.88 43.31 0.579999
      vertex 39.92 44.27 0.579999
      vertex 40.88 46.19 0.579999
    endloop
  endfacet
  facet normal 0 0 -1
    outer loop
      vertex 39.92 44.27 0.579999
      vertex 39.92 46.19 0.579999
      vertex 40.88 46.19 0.579999
    endloop
  endfacet
  facet normal 0 0 -1
    outer loop
      vertex 38 46.19 0.579999
      vertex 39.92 46.19 0.579999
      vertex 39.92 44.27 0.579999
    endloop
  endfacet
  facet normal 0 0 -1
    outer loop
      vertex 38 46.19 0.579999
      vertex 39.92 44.27 0.579999
      vertex 38 44.27 0.579999
    endloop
  endfacet
  facet normal 0 0 -1
    outer loop
      vertex 40.88 39.47 0.579999
      vertex 42.8 40.43 0.579999
      vertex 42.8 39.47 0.579999
    endloop
  endfacet
  facet normal -0 0 -1
    outer loop
      vertex 42.8 40.43 0.579999
      vertex 40.88 39.47 0.579999
      vertex 40.88 40.43 0.579999
    endloop
  endfacet
  facet normal 0 0 -1
    outer loop
      vertex 45.68 36.59 0.579999
      vertex 46.64 36.59 0.579999
      vertex 46.64 34.67 0.579999
    endloop
  endfacet
  facet normal 0 0 -1
    outer loop
      vertex 46.64 36.59 0.579999
      vertex 45.68 36.59 0.579999
      vertex 46.64 37.55 0.579999
    endloop
  endfacet
  facet normal 0 0 -1
    outer loop
      vertex 45.68 36.59 0.579999
      vertex 46.64 34.67 0.579999
      vertex 45.68 34.67 0.579999
    endloop
  endfacet
  facet normal 0 0 -1
    outer loop
      vertex 45.68 37.55 0.579999
      vertex 46.64 37.55 0.579999
      vertex 45.68 36.59 0.579999
    endloop
  endfacet
  facet normal 0 0 -1
    outer loop
      vertex 46.64 37.55 0.579999
      vertex 45.68 37.55 0.579999
      vertex 46.64 39.47 0.579999
    endloop
  endfacet
  facet normal 0 0 -1
    outer loop
      vertex 45.68 37.55 0.579999
      vertex 43.76 39.47 0.579999
      vertex 46.64 39.47 0.579999
    endloop
  endfacet
  facet normal 0 0 -1
    outer loop
      vertex 42.8 40.43 0.579999
      vertex 43.76 40.43 0.579999
      vertex 43.76 39.47 0.579999
    endloop
  endfacet
  facet normal 0 0 -1
    outer loop
      vertex 42.8 37.55 0.579999
      vertex 43.76 39.47 0.579999
      vertex 45.68 37.55 0.579999
    endloop
  endfacet
  facet normal 0 0 -1
    outer loop
      vertex 42.8 39.47 0.579999
      vertex 43.76 39.47 0.579999
      vertex 42.8 37.55 0.579999
    endloop
  endfacet
  facet normal 0 0 -1
    outer loop
      vertex 42.8 40.43 0.579999
      vertex 43.76 39.47 0.579999
      vertex 42.8 39.47 0.579999
    endloop
  endfacet
  facet normal 0 0 -1
    outer loop
      vertex 43.76 40.43 0.579999
      vertex 42.8 40.43 0.579999
      vertex 42.8 41.39 0.579999
    endloop
  endfacet
  facet normal 0 0 -1
    outer loop
      vertex 43.76 40.43 0.579999
      vertex 42.8 41.39 0.579999
      vertex 42.8 43.31 0.579999
    endloop
  endfacet
  facet normal 0 0 -1
    outer loop
      vertex 43.76 40.43 0.579999
      vertex 42.8 43.31 0.579999
      vertex 43.76 47.15 0.579999
    endloop
  endfacet
  facet normal 0 0 -1
    outer loop
      vertex 42.8 46.19 0.579999
      vertex 43.76 47.15 0.579999
      vertex 42.8 43.31 0.579999
    endloop
  endfacet
  facet normal 0 0 -1
    outer loop
      vertex 40.88 47.15 0.579999
      vertex 42.8 46.19 0.579999
      vertex 40.88 46.19 0.579999
    endloop
  endfacet
  facet normal 0 0 -1
    outer loop
      vertex 42.8 46.19 0.579999
      vertex 40.88 47.15 0.579999
      vertex 43.76 47.15 0.579999
    endloop
  endfacet
  facet normal 0 0 -1
    outer loop
      vertex 46.64 36.59 0.579999
      vertex 47.6 37.55 0.579999
      vertex 47.6 36.59 0.579999
    endloop
  endfacet
  facet normal -0 0 -1
    outer loop
      vertex 47.6 37.55 0.579999
      vertex 46.64 36.59 0.579999
      vertex 46.64 37.55 0.579999
    endloop
  endfacet
  facet normal 0 0 -1
    outer loop
      vertex 43.76 34.67 0.579999
      vertex 45.68 34.67 0.579999
      vertex 45.68 33.71 0.579999
    endloop
  endfacet
  facet normal 0 0 -1
    outer loop
      vertex 43.76 34.67 0.579999
      vertex 45.68 33.71 0.579999
      vertex 43.76 33.71 0.579999
    endloop
  endfacet
  facet normal 0 0 -1
    outer loop
      vertex 45.68 34.67 0.579999
      vertex 43.76 34.67 0.579999
      vertex 45.68 36.59 0.579999
    endloop
  endfacet
  facet normal -0 0 -1
    outer loop
      vertex 45.68 36.59 0.579999
      vertex 43.76 34.67 0.579999
      vertex 43.76 36.59 0.579999
    endloop
  endfacet
  facet normal 0 0 -1
    outer loop
      vertex 42.8 33.71 0.579999
      vertex 43.76 33.71 0.579999
      vertex 43.76 31.79 0.579999
    endloop
  endfacet
  facet normal 0 0 -1
    outer loop
      vertex 42.8 33.71 0.579999
      vertex 43.76 31.79 0.579999
      vertex 42.8 31.79 0.579999
    endloop
  endfacet
  facet normal 0 0 -1
    outer loop
      vertex 43.76 33.71 0.579999
      vertex 42.8 33.71 0.579999
      vertex 43.76 34.67 0.579999
    endloop
  endfacet
  facet normal 0 0 -1
    outer loop
      vertex 42.8 33.71 0.579999
      vertex 42.8 34.67 0.579999
      vertex 43.76 34.67 0.579999
    endloop
  endfacet
  facet normal 0 0 -1
    outer loop
      vertex 40.88 34.67 0.579999
      vertex 42.8 34.67 0.579999
      vertex 42.8 33.71 0.579999
    endloop
  endfacet
  facet normal 0 0 -1
    outer loop
      vertex 40.88 34.67 0.579999
      vertex 42.8 33.71 0.579999
      vertex 40.88 33.71 0.579999
    endloop
  endfacet
  facet normal 0 0 -1
    outer loop
      vertex 42.8 34.67 0.579999
      vertex 40.88 34.67 0.579999
      vertex 42.8 37.55 0.579999
    endloop
  endfacet
  facet normal -0 0 -1
    outer loop
      vertex 42.8 37.55 0.579999
      vertex 40.88 34.67 0.579999
      vertex 40.88 37.55 0.579999
    endloop
  endfacet
  facet normal 0 0 -1
    outer loop
      vertex 39.92 33.71 0.579999
      vertex 40.88 33.71 0.579999
      vertex 40.88 31.79 0.579999
    endloop
  endfacet
  facet normal 0 0 -1
    outer loop
      vertex 39.92 33.71 0.579999
      vertex 40.88 31.79 0.579999
      vertex 39.92 31.79 0.579999
    endloop
  endfacet
  facet normal 0 0 -1
    outer loop
      vertex 40.88 33.71 0.579999
      vertex 39.92 33.71 0.579999
      vertex 40.88 34.67 0.579999
    endloop
  endfacet
  facet normal 0 0 -1
    outer loop
      vertex 38 33.71 0.579999
      vertex 40.88 34.67 0.579999
      vertex 39.92 33.71 0.579999
    endloop
  endfacet
  facet normal 0 0 -1
    outer loop
      vertex 37.04 34.67 0.579999
      vertex 38 33.71 0.579999
      vertex 37.04 33.71 0.579999
    endloop
  endfacet
  facet normal 0 0 -1
    outer loop
      vertex 38 33.71 0.579999
      vertex 37.04 34.67 0.579999
      vertex 40.88 34.67 0.579999
    endloop
  endfacet
  facet normal 0 0 -1
    outer loop
      vertex 46.64 43.31 0.579999
      vertex 47.6 44.27 0.579999
      vertex 47.6 43.31 0.579999
    endloop
  endfacet
  facet normal -0 0 -1
    outer loop
      vertex 47.6 44.27 0.579999
      vertex 46.64 43.31 0.579999
      vertex 45.68 44.27 0.579999
    endloop
  endfacet
  facet normal 0 0 -1
    outer loop
      vertex 47.6 39.47 0.579999
      vertex 46.64 39.47 0.579999
      vertex 47.6 40.43 0.579999
    endloop
  endfacet
  facet normal 0 0 -1
    outer loop
      vertex 47.6 40.43 0.579999
      vertex 49.52 41.39 0.579999
      vertex 49.52 40.43 0.579999
    endloop
  endfacet
  facet normal 0 0 -1
    outer loop
      vertex 46.64 40.43 0.579999
      vertex 47.6 40.43 0.579999
      vertex 46.64 39.47 0.579999
    endloop
  endfacet
  facet normal 0 0 -1
    outer loop
      vertex 46.64 41.39 0.579999
      vertex 47.6 40.43 0.579999
      vertex 46.64 40.43 0.579999
    endloop
  endfacet
  facet normal 0 0 -1
    outer loop
      vertex 47.6 40.43 0.579999
      vertex 46.64 41.39 0.579999
      vertex 49.52 41.39 0.579999
    endloop
  endfacet
  facet normal 0 0 -1
    outer loop
      vertex 43.76 40.43 0.579999
      vertex 46.64 41.39 0.579999
      vertex 46.64 40.43 0.579999
    endloop
  endfacet
  facet normal -0 0 -1
    outer loop
      vertex 46.64 41.39 0.579999
      vertex 43.76 40.43 0.579999
      vertex 46.64 43.31 0.579999
    endloop
  endfacet
  facet normal 0 0 -1
    outer loop
      vertex 43.76 47.15 0.579999
      vertex 45.68 44.27 0.579999
      vertex 43.76 40.43 0.579999
    endloop
  endfacet
  facet normal -0 0 -1
    outer loop
      vertex 46.64 43.31 0.579999
      vertex 43.76 40.43 0.579999
      vertex 45.68 44.27 0.579999
    endloop
  endfacet
  facet normal 0 0 -1
    outer loop
      vertex 57.2 36.59 0.579999
      vertex 56.24 36.59 0.579999
      vertex 57.2 37.55 0.579999
    endloop
  endfacet
  facet normal 0 0 -1
    outer loop
      vertex 62 49.07 0.579999
      vertex 62.96 50.03 0.579999
      vertex 62.96 49.07 0.579999
    endloop
  endfacet
  facet normal 0 0 -1
    outer loop
      vertex 59.12 49.07 0.579999
      vertex 62 49.07 0.579999
      vertex 59.12 47.15 0.579999
    endloop
  endfacet
  facet normal 0 0 -1
    outer loop
      vertex 59.12 50.03 0.579999
      vertex 62 49.07 0.579999
      vertex 59.12 49.07 0.579999
    endloop
  endfacet
  facet normal 0 0 -1
    outer loop
      vertex 62 49.07 0.579999
      vertex 59.12 50.03 0.579999
      vertex 62.96 50.03 0.579999
    endloop
  endfacet
  facet normal 0 0 -1
    outer loop
      vertex 62 37.55 0.579999
      vertex 60.08 40.43 0.579999
      vertex 62 40.43 0.579999
    endloop
  endfacet
  facet normal 0 0 -1
    outer loop
      vertex 59.12 39.47 0.579999
      vertex 60.08 41.39 0.579999
      vertex 60.08 40.43 0.579999
    endloop
  endfacet
  facet normal 0 0 -1
    outer loop
      vertex 60.08 41.39 0.579999
      vertex 59.12 43.31 0.579999
      vertex 60.08 43.31 0.579999
    endloop
  endfacet
  facet normal -0 0 -1
    outer loop
      vertex 60.08 41.39 0.579999
      vertex 59.12 39.47 0.579999
      vertex 59.12 43.31 0.579999
    endloop
  endfacet
  facet normal 0 0 -1
    outer loop
      vertex 62 37.55 0.579999
      vertex 59.12 39.47 0.579999
      vertex 60.08 40.43 0.579999
    endloop
  endfacet
  facet normal 0 0 -1
    outer loop
      vertex 57.2 37.55 0.579999
      vertex 59.12 39.47 0.579999
      vertex 62 37.55 0.579999
    endloop
  endfacet
  facet normal 0 0 -1
    outer loop
      vertex 56.24 37.55 0.579999
      vertex 57.2 37.55 0.579999
      vertex 56.24 36.59 0.579999
    endloop
  endfacet
  facet normal 0 0 -1
    outer loop
      vertex 55.28 39.47 0.579999
      vertex 57.2 37.55 0.579999
      vertex 56.24 37.55 0.579999
    endloop
  endfacet
  facet normal 0 0 -1
    outer loop
      vertex 55.28 39.47 0.579999
      vertex 56.24 37.55 0.579999
      vertex 55.28 37.55 0.579999
    endloop
  endfacet
  facet normal 0 0 -1
    outer loop
      vertex 57.2 37.55 0.579999
      vertex 55.28 39.47 0.579999
      vertex 59.12 39.47 0.579999
    endloop
  endfacet
  facet normal 0 0 -1
    outer loop
      vertex 62.96 41.39 0.579999
      vertex 64.88 41.39 0.579999
      vertex 64.88 37.55 0.579999
    endloop
  endfacet
  facet normal 0 0 -1
    outer loop
      vertex 64.88 41.39 0.579999
      vertex 62.96 41.39 0.579999
      vertex 64.88 43.31 0.579999
    endloop
  endfacet
  facet normal 0 0 -1
    outer loop
      vertex 62.96 41.39 0.579999
      vertex 64.88 37.55 0.579999
      vertex 62.96 37.55 0.579999
    endloop
  endfacet
  facet normal 0 0 -1
    outer loop
      vertex 62.96 44.27 0.579999
      vertex 64.88 43.31 0.579999
      vertex 62.96 41.39 0.579999
    endloop
  endfacet
  facet normal 0 0 -1
    outer loop
      vertex 64.88 43.31 0.579999
      vertex 62.96 44.27 0.579999
      vertex 64.88 44.27 0.579999
    endloop
  endfacet
  facet normal 0 0 -1
    outer loop
      vertex 62 43.31 0.579999
      vertex 62.96 44.27 0.579999
      vertex 62.96 41.39 0.579999
    endloop
  endfacet
  facet normal 0 0 -1
    outer loop
      vertex 62 47.15 0.579999
      vertex 62.96 44.27 0.579999
      vertex 62 43.31 0.579999
    endloop
  endfacet
  facet normal 0 0 -1
    outer loop
      vertex 60.08 41.39 0.579999
      vertex 62 43.31 0.579999
      vertex 62.96 41.39 0.579999
    endloop
  endfacet
  facet normal -0 0 -1
    outer loop
      vertex 62 43.31 0.579999
      vertex 60.08 41.39 0.579999
      vertex 60.08 43.31 0.579999
    endloop
  endfacet
  facet normal 0 0 -1
    outer loop
      vertex 64.88 41.39 0.579999
      vertex 65.84 43.31 0.579999
      vertex 65.84 41.39 0.579999
    endloop
  endfacet
  facet normal -0 0 -1
    outer loop
      vertex 65.84 43.31 0.579999
      vertex 64.88 41.39 0.579999
      vertex 64.88 43.31 0.579999
    endloop
  endfacet
  facet normal 0 0 -1
    outer loop
      vertex 62.96 44.27 0.579999
      vertex 62 47.15 0.579999
      vertex 62.96 47.15 0.579999
    endloop
  endfacet
  facet normal 0 0 -1
    outer loop
      vertex 62 47.15 0.579999
      vertex 59.12 47.15 0.579999
      vertex 62 49.07 0.579999
    endloop
  endfacet
  facet normal 0 0 -1
    outer loop
      vertex 60.08 43.31 0.579999
      vertex 59.12 43.31 0.579999
      vertex 60.08 44.27 0.579999
    endloop
  endfacet
  facet normal 0 0 -1
    outer loop
      vertex 59.12 43.31 0.579999
      vertex 59.12 44.27 0.579999
      vertex 60.08 44.27 0.579999
    endloop
  endfacet
  facet normal 0 0 -1
    outer loop
      vertex 57.2 44.27 0.579999
      vertex 59.12 44.27 0.579999
      vertex 59.12 43.31 0.579999
    endloop
  endfacet
  facet normal 0 0 -1
    outer loop
      vertex 59.12 44.27 0.579999
      vertex 57.2 46.19 0.579999
      vertex 59.12 47.15 0.579999
    endloop
  endfacet
  facet normal 0 0 -1
    outer loop
      vertex 59.12 44.27 0.579999
      vertex 57.2 44.27 0.579999
      vertex 57.2 46.19 0.579999
    endloop
  endfacet
  facet normal 0 0 -1
    outer loop
      vertex 55.28 43.31 0.579999
      vertex 57.2 44.27 0.579999
      vertex 59.12 43.31 0.579999
    endloop
  endfacet
  facet normal 0 0 -1
    outer loop
      vertex 55.28 37.55 0.579999
      vertex 53.36 37.55 0.579999
      vertex 55.28 39.47 0.579999
    endloop
  endfacet
  facet normal 0 0 -1
    outer loop
      vertex 52.4 41.39 0.579999
      vertex 55.28 39.47 0.579999
      vertex 53.36 37.55 0.579999
    endloop
  endfacet
  facet normal 0 0 -1
    outer loop
      vertex 55.28 39.47 0.579999
      vertex 52.4 41.39 0.579999
      vertex 55.28 43.31 0.579999
    endloop
  endfacet
  facet normal 0 0 -1
    outer loop
      vertex 52.4 43.31 0.579999
      vertex 55.28 43.31 0.579999
      vertex 52.4 41.39 0.579999
    endloop
  endfacet
  facet normal 0 0 -1
    outer loop
      vertex 52.4 43.31 0.579999
      vertex 57.2 44.27 0.579999
      vertex 55.28 43.31 0.579999
    endloop
  endfacet
  facet normal 0 0 -1
    outer loop
      vertex 49.52 44.27 0.579999
      vertex 52.4 43.31 0.579999
      vertex 50.48 43.31 0.579999
    endloop
  endfacet
  facet normal 0 0 -1
    outer loop
      vertex 49.52 41.39 0.579999
      vertex 50.48 41.39 0.579999
      vertex 49.52 40.43 0.579999
    endloop
  endfacet
  facet normal 0 0 -1
    outer loop
      vertex 50.48 41.39 0.579999
      vertex 49.52 41.39 0.579999
      vertex 50.48 43.31 0.579999
    endloop
  endfacet
  facet normal 0 0 -1
    outer loop
      vertex 52.4 43.31 0.579999
      vertex 49.52 44.27 0.579999
      vertex 57.2 44.27 0.579999
    endloop
  endfacet
  facet normal 0 0 -1
    outer loop
      vertex 49.52 44.27 0.579999
      vertex 50.48 43.31 0.579999
      vertex 49.52 41.39 0.579999
    endloop
  endfacet
  facet normal 0 0 -1
    outer loop
      vertex 49.52 47.15 0.579999
      vertex 47.6 49.07 0.579999
      vertex 49.52 49.07 0.579999
    endloop
  endfacet
  facet normal 0 0 -1
    outer loop
      vertex 45.68 47.15 0.579999
      vertex 47.6 49.07 0.579999
      vertex 49.52 47.15 0.579999
    endloop
  endfacet
  facet normal 0 0 -1
    outer loop
      vertex 43.76 50.03 0.579999
      vertex 47.6 49.07 0.579999
      vertex 45.68 47.15 0.579999
    endloop
  endfacet
  facet normal 0 0 -1
    outer loop
      vertex 45.68 44.27 0.579999
      vertex 43.76 47.15 0.579999
      vertex 45.68 47.15 0.579999
    endloop
  endfacet
  facet normal 0 0 -1
    outer loop
      vertex 43.76 50.03 0.579999
      vertex 45.68 47.15 0.579999
      vertex 43.76 47.15 0.579999
    endloop
  endfacet
  facet normal 0 0 -1
    outer loop
      vertex 47.6 49.07 0.579999
      vertex 43.76 50.03 0.579999
      vertex 47.6 50.03 0.579999
    endloop
  endfacet
  facet normal 0 0 -1
    outer loop
      vertex 39.92 49.07 0.579999
      vertex 40.88 50.03 0.579999
      vertex 40.88 49.07 0.579999
    endloop
  endfacet
  facet normal 0 0 -1
    outer loop
      vertex 38 47.15 0.579999
      vertex 39.92 46.19 0.579999
      vertex 38 46.19 0.579999
    endloop
  endfacet
  facet normal 0 0 -1
    outer loop
      vertex 39.92 46.19 0.579999
      vertex 38 47.15 0.579999
      vertex 39.92 49.07 0.579999
    endloop
  endfacet
  facet normal 0 0 -1
    outer loop
      vertex 39.92 49.07 0.579999
      vertex 38 50.03 0.579999
      vertex 40.88 50.03 0.579999
    endloop
  endfacet
  facet normal 0 0 -1
    outer loop
      vertex 38 50.03 0.579999
      vertex 39.92 49.07 0.579999
      vertex 38 47.15 0.579999
    endloop
  endfacet
  facet normal 0 0 -1
    outer loop
      vertex 37.04 46.19 0.579999
      vertex 38 47.15 0.579999
      vertex 38 46.19 0.579999
    endloop
  endfacet
  facet normal -0 0 -1
    outer loop
      vertex 38 47.15 0.579999
      vertex 37.04 46.19 0.579999
      vertex 37.04 47.15 0.579999
    endloop
  endfacet
  facet normal 0 0 -1
    outer loop
      vertex 50.48 39.47 0.579999
      vertex 53.36 37.55 0.579999
      vertex 50.48 37.55 0.579999
    endloop
  endfacet
  facet normal 0 0 -1
    outer loop
      vertex 53.36 37.55 0.579999
      vertex 50.48 39.47 0.579999
      vertex 52.4 41.39 0.579999
    endloop
  endfacet
  facet normal 0 0 -1
    outer loop
      vertex 50.48 39.47 0.579999
      vertex 50.48 41.39 0.579999
      vertex 52.4 41.39 0.579999
    endloop
  endfacet
  facet normal 0 0 -1
    outer loop
      vertex 49.52 40.43 0.579999
      vertex 50.48 39.47 0.579999
      vertex 49.52 39.47 0.579999
    endloop
  endfacet
  facet normal 0 0 -1
    outer loop
      vertex 50.48 39.47 0.579999
      vertex 49.52 40.43 0.579999
      vertex 50.48 41.39 0.579999
    endloop
  endfacet
  facet normal 0 0 -1
    outer loop
      vertex 52.4 34.67 0.579999
      vertex 53.36 34.67 0.579999
      vertex 53.36 33.71 0.579999
    endloop
  endfacet
  facet normal 0 0 -1
    outer loop
      vertex 52.4 34.67 0.579999
      vertex 53.36 33.71 0.579999
      vertex 52.4 33.71 0.579999
    endloop
  endfacet
  facet normal 0 0 -1
    outer loop
      vertex 53.36 34.67 0.579999
      vertex 52.4 34.67 0.579999
      vertex 53.36 36.59 0.579999
    endloop
  endfacet
  facet normal 0 0 -1
    outer loop
      vertex 49.52 36.59 0.579999
      vertex 52.4 34.67 0.579999
      vertex 49.52 34.67 0.579999
    endloop
  endfacet
  facet normal 0 0 -1
    outer loop
      vertex 52.4 34.67 0.579999
      vertex 49.52 36.59 0.579999
      vertex 53.36 36.59 0.579999
    endloop
  endfacet
  facet normal 0 0 -1
    outer loop
      vertex 55.28 31.79 0.579999
      vertex 56.24 33.71 0.579999
      vertex 56.24 31.79 0.579999
    endloop
  endfacet
  facet normal 0 0 -1
    outer loop
      vertex 56.24 33.71 0.579999
      vertex 55.28 34.67 0.579999
      vertex 56.24 34.67 0.579999
    endloop
  endfacet
  facet normal -0 0 -1
    outer loop
      vertex 56.24 33.71 0.579999
      vertex 55.28 31.79 0.579999
      vertex 55.28 34.67 0.579999
    endloop
  endfacet
  facet normal 0 0 -1
    outer loop
      vertex 56.24 34.67 0.579999
      vertex 55.28 34.67 0.579999
      vertex 56.24 36.59 0.579999
    endloop
  endfacet
  facet normal 0 0 -1
    outer loop
      vertex 55.28 34.67 0.579999
      vertex 55.28 36.59 0.579999
      vertex 56.24 36.59 0.579999
    endloop
  endfacet
  facet normal 0 0 -1
    outer loop
      vertex 53.36 34.67 0.579999
      vertex 55.28 36.59 0.579999
      vertex 55.28 34.67 0.579999
    endloop
  endfacet
  facet normal 0 0 -1
    outer loop
      vertex 53.36 36.59 0.579999
      vertex 55.28 36.59 0.579999
      vertex 53.36 34.67 0.579999
    endloop
  endfacet
  facet normal 0 0 -1
    outer loop
      vertex 55.28 36.59 0.579999
      vertex 53.36 36.59 0.579999
      vertex 55.28 37.55 0.579999
    endloop
  endfacet
  facet normal 0 0 -1
    outer loop
      vertex 53.36 37.55 0.579999
      vertex 55.28 37.55 0.579999
      vertex 53.36 36.59 0.579999
    endloop
  endfacet
  facet normal 0 0 -1
    outer loop
      vertex 56.24 33.71 0.579999
      vertex 57.2 34.67 0.579999
      vertex 57.2 33.71 0.579999
    endloop
  endfacet
  facet normal -0 0 -1
    outer loop
      vertex 57.2 34.67 0.579999
      vertex 56.24 33.71 0.579999
      vertex 56.24 34.67 0.579999
    endloop
  endfacet
  facet normal 0 0 -1
    outer loop
      vertex 53.36 46.19 0.579999
      vertex 56.24 47.15 0.579999
      vertex 57.2 46.19 0.579999
    endloop
  endfacet
  facet normal -0 0 -1
    outer loop
      vertex 56.24 47.15 0.579999
      vertex 53.36 46.19 0.579999
      vertex 53.36 47.15 0.579999
    endloop
  endfacet
  facet normal 0 0 -1
    outer loop
      vertex 56.24 47.15 0.579999
      vertex 59.12 47.15 0.579999
      vertex 57.2 46.19 0.579999
    endloop
  endfacet
  facet normal 0 0 -1
    outer loop
      vertex 59.12 47.15 0.579999
      vertex 56.24 47.15 0.579999
      vertex 59.12 49.07 0.579999
    endloop
  endfacet
  facet normal -0 0 -1
    outer loop
      vertex 59.12 49.07 0.579999
      vertex 56.24 47.15 0.579999
      vertex 56.24 49.07 0.579999
    endloop
  endfacet
  facet normal 1 -0 0
    outer loop
      vertex 34.16 31.79 0.579999
      vertex 34.16 34.67 0
      vertex 34.16 34.67 0.579999
    endloop
  endfacet
  facet normal 1 0 0
    outer loop
      vertex 34.16 34.67 0
      vertex 34.16 31.79 0.579999
      vertex 34.16 31.79 0
    endloop
  endfacet
  facet normal 0 1 -0
    outer loop
      vertex 38 31.79 0
      vertex 34.16 31.79 0.579999
      vertex 38 31.79 0.579999
    endloop
  endfacet
  facet normal 0 1 0
    outer loop
      vertex 34.16 31.79 0.579999
      vertex 38 31.79 0
      vertex 34.16 31.79 0
    endloop
  endfacet
  facet normal -1 0 0
    outer loop
      vertex 38 31.79 0
      vertex 38 33.71 0.579999
      vertex 38 33.71 0
    endloop
  endfacet
  facet normal -1 -0 0
    outer loop
      vertex 38 33.71 0.579999
      vertex 38 31.79 0
      vertex 38 31.79 0.579999
    endloop
  endfacet
  facet normal -1 0 0
    outer loop
      vertex 40.88 31.79 0
      vertex 40.88 33.71 0.579999
      vertex 40.88 33.71 0
    endloop
  endfacet
  facet normal -1 -0 0
    outer loop
      vertex 40.88 33.71 0.579999
      vertex 40.88 31.79 0
      vertex 40.88 31.79 0.579999
    endloop
  endfacet
  facet normal 1 -0 0
    outer loop
      vertex 39.92 31.79 0.579999
      vertex 39.92 33.71 0
      vertex 39.92 33.71 0.579999
    endloop
  endfacet
  facet normal 1 0 0
    outer loop
      vertex 39.92 33.71 0
      vertex 39.92 31.79 0.579999
      vertex 39.92 31.79 0
    endloop
  endfacet
  facet normal 0 1 -0
    outer loop
      vertex 40.88 31.79 0
      vertex 39.92 31.79 0.579999
      vertex 40.88 31.79 0.579999
    endloop
  endfacet
  facet normal 0 1 0
    outer loop
      vertex 39.92 31.79 0.579999
      vertex 40.88 31.79 0
      vertex 39.92 31.79 0
    endloop
  endfacet
  facet normal -1 0 0
    outer loop
      vertex 43.76 31.79 0
      vertex 43.76 33.71 0.579999
      vertex 43.76 33.71 0
    endloop
  endfacet
  facet normal -1 -0 0
    outer loop
      vertex 43.76 33.71 0.579999
      vertex 43.76 31.79 0
      vertex 43.76 31.79 0.579999
    endloop
  endfacet
  facet normal 1 -0 0
    outer loop
      vertex 42.8 31.79 0.579999
      vertex 42.8 33.71 0
      vertex 42.8 33.71 0.579999
    endloop
  endfacet
  facet normal 1 0 0
    outer loop
      vertex 42.8 33.71 0
      vertex 42.8 31.79 0.579999
      vertex 42.8 31.79 0
    endloop
  endfacet
  facet normal 0 1 -0
    outer loop
      vertex 43.76 31.79 0
      vertex 42.8 31.79 0.579999
      vertex 43.76 31.79 0.579999
    endloop
  endfacet
  facet normal 0 1 0
    outer loop
      vertex 42.8 31.79 0.579999
      vertex 43.76 31.79 0
      vertex 42.8 31.79 0
    endloop
  endfacet
  facet normal 0 1 -0
    outer loop
      vertex 50.48 31.79 0
      vertex 47.6 31.79 0.579999
      vertex 50.48 31.79 0.579999
    endloop
  endfacet
  facet normal 0 1 0
    outer loop
      vertex 47.6 31.79 0.579999
      vertex 50.48 31.79 0
      vertex 47.6 31.79 0
    endloop
  endfacet
  facet normal -1 0 0
    outer loop
      vertex 50.48 31.79 0
      vertex 50.48 33.71 0.579999
      vertex 50.48 33.71 0
    endloop
  endfacet
  facet normal -1 -0 0
    outer loop
      vertex 50.48 33.71 0.579999
      vertex 50.48 31.79 0
      vertex 50.48 31.79 0.579999
    endloop
  endfacet
  facet normal -1 0 0
    outer loop
      vertex 56.24 31.79 0
      vertex 56.24 33.71 0.579999
      vertex 56.24 33.71 0
    endloop
  endfacet
  facet normal -1 -0 0
    outer loop
      vertex 56.24 33.71 0.579999
      vertex 56.24 31.79 0
      vertex 56.24 31.79 0.579999
    endloop
  endfacet
  facet normal 1 -0 0
    outer loop
      vertex 55.28 31.79 0.579999
      vertex 55.28 34.67 0
      vertex 55.28 34.67 0.579999
    endloop
  endfacet
  facet normal 1 0 0
    outer loop
      vertex 55.28 34.67 0
      vertex 55.28 31.79 0.579999
      vertex 55.28 31.79 0
    endloop
  endfacet
  facet normal 0 1 -0
    outer loop
      vertex 56.24 31.79 0
      vertex 55.28 31.79 0.579999
      vertex 56.24 31.79 0.579999
    endloop
  endfacet
  facet normal 0 1 0
    outer loop
      vertex 55.28 31.79 0.579999
      vertex 56.24 31.79 0
      vertex 55.28 31.79 0
    endloop
  endfacet
  facet normal 0 0 -1
    outer loop
      vertex 57.2 31.79 0.579999
      vertex 59.12 33.71 0.579999
      vertex 59.12 31.79 0.579999
    endloop
  endfacet
  facet normal -0 0 -1
    outer loop
      vertex 59.12 33.71 0.579999
      vertex 57.2 31.79 0.579999
      vertex 57.2 33.71 0.579999
    endloop
  endfacet
  facet normal 1 -0 0
    outer loop
      vertex 57.2 31.79 0.579999
      vertex 57.2 33.71 0
      vertex 57.2 33.71 0.579999
    endloop
  endfacet
  facet normal 1 0 0
    outer loop
      vertex 57.2 33.71 0
      vertex 57.2 31.79 0.579999
      vertex 57.2 31.79 0
    endloop
  endfacet
  facet normal 0 1 -0
    outer loop
      vertex 59.12 31.79 0
      vertex 57.2 31.79 0.579999
      vertex 59.12 31.79 0.579999
    endloop
  endfacet
  facet normal 0 1 0
    outer loop
      vertex 57.2 31.79 0.579999
      vertex 59.12 31.79 0
      vertex 57.2 31.79 0
    endloop
  endfacet
  facet normal -1 0 0
    outer loop
      vertex 59.12 31.79 0
      vertex 59.12 33.71 0.579999
      vertex 59.12 33.71 0
    endloop
  endfacet
  facet normal -1 -0 0
    outer loop
      vertex 59.12 33.71 0.579999
      vertex 59.12 31.79 0
      vertex 59.12 31.79 0.579999
    endloop
  endfacet
  facet normal 0 0 -1
    outer loop
      vertex 60.08 31.79 0.579999
      vertex 64.88 33.71 0.579999
      vertex 64.88 31.79 0.579999
    endloop
  endfacet
  facet normal -0 0 -1
    outer loop
      vertex 64.88 33.71 0.579999
      vertex 60.08 31.79 0.579999
      vertex 60.08 33.71 0.579999
    endloop
  endfacet
  facet normal 1 -0 0
    outer loop
      vertex 60.08 31.79 0.579999
      vertex 60.08 33.71 0
      vertex 60.08 33.71 0.579999
    endloop
  endfacet
  facet normal 1 0 0
    outer loop
      vertex 60.08 33.71 0
      vertex 60.08 31.79 0.579999
      vertex 60.08 31.79 0
    endloop
  endfacet
  facet normal 0 1 -0
    outer loop
      vertex 64.88 31.79 0
      vertex 60.08 31.79 0.579999
      vertex 64.88 31.79 0.579999
    endloop
  endfacet
  facet normal 0 1 0
    outer loop
      vertex 60.08 31.79 0.579999
      vertex 64.88 31.79 0
      vertex 60.08 31.79 0
    endloop
  endfacet
  facet normal -1 0 0
    outer loop
      vertex 64.88 31.79 0
      vertex 64.88 33.71 0.579999
      vertex 64.88 33.71 0
    endloop
  endfacet
  facet normal -1 -0 0
    outer loop
      vertex 64.88 33.71 0.579999
      vertex 64.88 31.79 0
      vertex 64.88 31.79 0.579999
    endloop
  endfacet
  facet normal 0 1 -0
    outer loop
      vertex 24.56 33.71 0
      vertex 23.6 33.71 0.579999
      vertex 24.56 33.71 0.579999
    endloop
  endfacet
  facet normal 0 1 0
    outer loop
      vertex 23.6 33.71 0.579999
      vertex 24.56 33.71 0
      vertex 23.6 33.71 0
    endloop
  endfacet
  facet normal 0 -1 0
    outer loop
      vertex 29.36 33.71 0
      vertex 31.28 33.71 0.579999
      vertex 29.36 33.71 0.579999
    endloop
  endfacet
  facet normal 0 -1 -0
    outer loop
      vertex 31.28 33.71 0.579999
      vertex 29.36 33.71 0
      vertex 31.28 33.71 0
    endloop
  endfacet
  facet normal -1 0 0
    outer loop
      vertex 36.08 33.71 0
      vertex 36.08 34.67 0.579999
      vertex 36.08 34.67 0
    endloop
  endfacet
  facet normal -1 -0 0
    outer loop
      vertex 36.08 34.67 0.579999
      vertex 36.08 33.71 0
      vertex 36.08 33.71 0.579999
    endloop
  endfacet
  facet normal 1 -0 0
    outer loop
      vertex 37.04 33.71 0.579999
      vertex 37.04 34.67 0
      vertex 37.04 34.67 0.579999
    endloop
  endfacet
  facet normal 1 0 0
    outer loop
      vertex 37.04 34.67 0
      vertex 37.04 33.71 0.579999
      vertex 37.04 33.71 0
    endloop
  endfacet
  facet normal 0 -1 0
    outer loop
      vertex 36.08 33.71 0
      vertex 37.04 33.71 0.579999
      vertex 36.08 33.71 0.579999
    endloop
  endfacet
  facet normal 0 -1 -0
    outer loop
      vertex 37.04 33.71 0.579999
      vertex 36.08 33.71 0
      vertex 37.04 33.71 0
    endloop
  endfacet
  facet normal 0 1 -0
    outer loop
      vertex 42.8 33.71 0
      vertex 40.88 33.71 0.579999
      vertex 42.8 33.71 0.579999
    endloop
  endfacet
  facet normal 0 1 0
    outer loop
      vertex 40.88 33.71 0.579999
      vertex 42.8 33.71 0
      vertex 40.88 33.71 0
    endloop
  endfacet
  facet normal 0 1 -0
    outer loop
      vertex 39.92 33.71 0
      vertex 38 33.71 0.579999
      vertex 39.92 33.71 0.579999
    endloop
  endfacet
  facet normal 0 1 0
    outer loop
      vertex 38 33.71 0.579999
      vertex 39.92 33.71 0
      vertex 38 33.71 0
    endloop
  endfacet
  facet normal 0 1 -0
    outer loop
      vertex 45.68 33.71 0
      vertex 43.76 33.71 0.579999
      vertex 45.68 33.71 0.579999
    endloop
  endfacet
  facet normal 0 1 0
    outer loop
      vertex 43.76 33.71 0.579999
      vertex 45.68 33.71 0
      vertex 43.76 33.71 0
    endloop
  endfacet
  facet normal 0 -1 0
    outer loop
      vertex 47.6 33.71 0
      vertex 50.48 33.71 0.579999
      vertex 47.6 33.71 0.579999
    endloop
  endfacet
  facet normal 0 -1 -0
    outer loop
      vertex 50.48 33.71 0.579999
      vertex 47.6 33.71 0
      vertex 50.48 33.71 0
    endloop
  endfacet
  facet normal 0 -1 0
    outer loop
      vertex 57.2 33.71 0
      vertex 59.12 33.71 0.579999
      vertex 57.2 33.71 0.579999
    endloop
  endfacet
  facet normal 0 -1 -0
    outer loop
      vertex 59.12 33.71 0.579999
      vertex 57.2 33.71 0
      vertex 59.12 33.71 0
    endloop
  endfacet
  facet normal 0 -1 0
    outer loop
      vertex 60.08 33.71 0
      vertex 64.88 33.71 0.579999
      vertex 60.08 33.71 0.579999
    endloop
  endfacet
  facet normal 0 -1 -0
    outer loop
      vertex 64.88 33.71 0.579999
      vertex 60.08 33.71 0
      vertex 64.88 33.71 0
    endloop
  endfacet
  facet normal 1 -0 0
    outer loop
      vertex 20.72 33.71 0.579999
      vertex 20.72 34.67 0
      vertex 20.72 34.67 0.579999
    endloop
  endfacet
  facet normal 1 0 0
    outer loop
      vertex 20.72 34.67 0
      vertex 20.72 33.71 0.579999
      vertex 20.72 33.71 0
    endloop
  endfacet
  facet normal 0 -1 0
    outer loop
      vertex 20.72 34.67 0
      vertex 23.6 34.67 0.579999
      vertex 20.72 34.67 0.579999
    endloop
  endfacet
  facet normal 0 -1 -0
    outer loop
      vertex 23.6 34.67 0.579999
      vertex 20.72 34.67 0
      vertex 23.6 34.67 0
    endloop
  endfacet
  facet normal 0 1 -0
    outer loop
      vertex 21.68 33.71 0
      vertex 20.72 33.71 0.579999
      vertex 21.68 33.71 0.579999
    endloop
  endfacet
  facet normal 0 1 0
    outer loop
      vertex 20.72 33.71 0.579999
      vertex 21.68 33.71 0
      vertex 20.72 33.71 0
    endloop
  endfacet
  facet normal 0 -1 0
    outer loop
      vertex 24.56 34.67 0
      vertex 27.44 34.67 0.579999
      vertex 24.56 34.67 0.579999
    endloop
  endfacet
  facet normal 0 -1 -0
    outer loop
      vertex 27.44 34.67 0.579999
      vertex 24.56 34.67 0
      vertex 27.44 34.67 0
    endloop
  endfacet
  facet normal -1 0 0
    outer loop
      vertex 27.44 33.71 0
      vertex 27.44 34.67 0.579999
      vertex 27.44 34.67 0
    endloop
  endfacet
  facet normal -1 -0 0
    outer loop
      vertex 27.44 34.67 0.579999
      vertex 27.44 33.71 0
      vertex 27.44 33.71 0.579999
    endloop
  endfacet
  facet normal 0 1 -0
    outer loop
      vertex 27.44 33.71 0
      vertex 26.48 33.71 0.579999
      vertex 27.44 33.71 0.579999
    endloop
  endfacet
  facet normal 0 1 0
    outer loop
      vertex 26.48 33.71 0.579999
      vertex 27.44 33.71 0
      vertex 26.48 33.71 0
    endloop
  endfacet
  facet normal 0 -1 0
    outer loop
      vertex 34.16 34.67 0
      vertex 36.08 34.67 0.579999
      vertex 34.16 34.67 0.579999
    endloop
  endfacet
  facet normal 0 -1 -0
    outer loop
      vertex 36.08 34.67 0.579999
      vertex 34.16 34.67 0
      vertex 36.08 34.67 0
    endloop
  endfacet
  facet normal 0 -1 0
    outer loop
      vertex 37.04 34.67 0
      vertex 40.88 34.67 0.579999
      vertex 37.04 34.67 0.579999
    endloop
  endfacet
  facet normal 0 -1 -0
    outer loop
      vertex 40.88 34.67 0.579999
      vertex 37.04 34.67 0
      vertex 40.88 34.67 0
    endloop
  endfacet
  facet normal -1 0 0
    outer loop
      vertex 42.8 34.67 0
      vertex 42.8 37.55 0.579999
      vertex 42.8 37.55 0
    endloop
  endfacet
  facet normal -1 -0 0
    outer loop
      vertex 42.8 37.55 0.579999
      vertex 42.8 34.67 0
      vertex 42.8 34.67 0.579999
    endloop
  endfacet
  facet normal 0 -1 0
    outer loop
      vertex 42.8 34.67 0
      vertex 43.76 34.67 0.579999
      vertex 42.8 34.67 0.579999
    endloop
  endfacet
  facet normal 0 -1 -0
    outer loop
      vertex 43.76 34.67 0.579999
      vertex 42.8 34.67 0
      vertex 43.76 34.67 0
    endloop
  endfacet
  facet normal -1 0 0
    outer loop
      vertex 45.68 33.71 0
      vertex 45.68 34.67 0.579999
      vertex 45.68 34.67 0
    endloop
  endfacet
  facet normal -1 -0 0
    outer loop
      vertex 45.68 34.67 0.579999
      vertex 45.68 33.71 0
      vertex 45.68 33.71 0.579999
    endloop
  endfacet
  facet normal -1 0 0
    outer loop
      vertex 47.6 33.71 0
      vertex 47.6 34.67 0.579999
      vertex 47.6 34.67 0
    endloop
  endfacet
  facet normal -1 -0 0
    outer loop
      vertex 47.6 34.67 0.579999
      vertex 47.6 33.71 0
      vertex 47.6 33.71 0.579999
    endloop
  endfacet
  facet normal 0 -1 0
    outer loop
      vertex 46.64 34.67 0
      vertex 47.6 34.67 0.579999
      vertex 46.64 34.67 0.579999
    endloop
  endfacet
  facet normal 0 -1 -0
    outer loop
      vertex 47.6 34.67 0.579999
      vertex 46.64 34.67 0
      vertex 47.6 34.67 0
    endloop
  endfacet
  facet normal -1 0 0
    outer loop
      vertex 53.36 33.71 0
      vertex 53.36 34.67 0.579999
      vertex 53.36 34.67 0
    endloop
  endfacet
  facet normal -1 -0 0
    outer loop
      vertex 53.36 34.67 0.579999
      vertex 53.36 33.71 0
      vertex 53.36 33.71 0.579999
    endloop
  endfacet
  facet normal 1 -0 0
    outer loop
      vertex 52.4 33.71 0.579999
      vertex 52.4 34.67 0
      vertex 52.4 34.67 0.579999
    endloop
  endfacet
  facet normal 1 0 0
    outer loop
      vertex 52.4 34.67 0
      vertex 52.4 33.71 0.579999
      vertex 52.4 33.71 0
    endloop
  endfacet
  facet normal 0 1 -0
    outer loop
      vertex 55.28 34.67 0
      vertex 53.36 34.67 0.579999
      vertex 55.28 34.67 0.579999
    endloop
  endfacet
  facet normal 0 1 0
    outer loop
      vertex 53.36 34.67 0.579999
      vertex 55.28 34.67 0
      vertex 53.36 34.67 0
    endloop
  endfacet
  facet normal 0 1 -0
    outer loop
      vertex 53.36 33.71 0
      vertex 52.4 33.71 0.579999
      vertex 53.36 33.71 0.579999
    endloop
  endfacet
  facet normal 0 1 0
    outer loop
      vertex 52.4 33.71 0.579999
      vertex 53.36 33.71 0
      vertex 52.4 33.71 0
    endloop
  endfacet
  facet normal -1 0 0
    outer loop
      vertex 56.24 34.67 0
      vertex 56.24 36.59 0.579999
      vertex 56.24 36.59 0
    endloop
  endfacet
  facet normal -1 -0 0
    outer loop
      vertex 56.24 36.59 0.579999
      vertex 56.24 34.67 0
      vertex 56.24 34.67 0.579999
    endloop
  endfacet
  facet normal -1 0 0
    outer loop
      vertex 57.2 33.71 0
      vertex 57.2 34.67 0.579999
      vertex 57.2 34.67 0
    endloop
  endfacet
  facet normal -1 -0 0
    outer loop
      vertex 57.2 34.67 0.579999
      vertex 57.2 33.71 0
      vertex 57.2 33.71 0.579999
    endloop
  endfacet
  facet normal 0 -1 0
    outer loop
      vertex 56.24 34.67 0
      vertex 57.2 34.67 0.579999
      vertex 56.24 34.67 0.579999
    endloop
  endfacet
  facet normal 0 -1 -0
    outer loop
      vertex 57.2 34.67 0.579999
      vertex 56.24 34.67 0
      vertex 57.2 34.67 0
    endloop
  endfacet
  facet normal 0 1 -0
    outer loop
      vertex 57.2 33.71 0
      vertex 56.24 33.71 0.579999
      vertex 57.2 33.71 0.579999
    endloop
  endfacet
  facet normal 0 1 0
    outer loop
      vertex 56.24 33.71 0.579999
      vertex 57.2 33.71 0
      vertex 56.24 33.71 0
    endloop
  endfacet
  facet normal -1 0 0
    outer loop
      vertex 65.84 33.71 0
      vertex 65.84 36.59 0.579999
      vertex 65.84 36.59 0
    endloop
  endfacet
  facet normal -1 -0 0
    outer loop
      vertex 65.84 36.59 0.579999
      vertex 65.84 33.71 0
      vertex 65.84 33.71 0.579999
    endloop
  endfacet
  facet normal 0 0 -1
    outer loop
      vertex 64.88 34.67 0.579999
      vertex 65.84 33.71 0.579999
      vertex 64.88 33.71 0.579999
    endloop
  endfacet
  facet normal 0 0 -1
    outer loop
      vertex 65.84 33.71 0.579999
      vertex 64.88 34.67 0.579999
      vertex 65.84 36.59 0.579999
    endloop
  endfacet
  facet normal 0 0 -1
    outer loop
      vertex 62 36.59 0.579999
      vertex 64.88 34.67 0.579999
      vertex 62 34.67 0.579999
    endloop
  endfacet
  facet normal 0 0 -1
    outer loop
      vertex 64.88 34.67 0.579999
      vertex 62 36.59 0.579999
      vertex 65.84 36.59 0.579999
    endloop
  endfacet
  facet normal 1 -0 0
    outer loop
      vertex 64.88 33.71 0.579999
      vertex 64.88 34.67 0
      vertex 64.88 34.67 0.579999
    endloop
  endfacet
  facet normal 1 0 0
    outer loop
      vertex 64.88 34.67 0
      vertex 64.88 33.71 0.579999
      vertex 64.88 33.71 0
    endloop
  endfacet
  facet normal 0 1 -0
    outer loop
      vertex 65.84 33.71 0
      vertex 64.88 33.71 0.579999
      vertex 65.84 33.71 0.579999
    endloop
  endfacet
  facet normal 0 1 0
    outer loop
      vertex 64.88 33.71 0.579999
      vertex 65.84 33.71 0
      vertex 64.88 33.71 0
    endloop
  endfacet
  facet normal -1 0 0
    outer loop
      vertex 24.56 34.67 0
      vertex 24.56 36.59 0.579999
      vertex 24.56 36.59 0
    endloop
  endfacet
  facet normal -1 -0 0
    outer loop
      vertex 24.56 36.59 0.579999
      vertex 24.56 34.67 0
      vertex 24.56 34.67 0.579999
    endloop
  endfacet
  facet normal 1 -0 0
    outer loop
      vertex 23.6 34.67 0.579999
      vertex 23.6 36.59 0
      vertex 23.6 36.59 0.579999
    endloop
  endfacet
  facet normal 1 0 0
    outer loop
      vertex 23.6 36.59 0
      vertex 23.6 34.67 0.579999
      vertex 23.6 34.67 0
    endloop
  endfacet
  facet normal 0 0 -1
    outer loop
      vertex 27.44 34.67 0.579999
      vertex 30.32 36.59 0.579999
      vertex 30.32 34.67 0.579999
    endloop
  endfacet
  facet normal -0 0 -1
    outer loop
      vertex 30.32 36.59 0.579999
      vertex 27.44 34.67 0.579999
      vertex 27.44 36.59 0.579999
    endloop
  endfacet
  facet normal 1 -0 0
    outer loop
      vertex 27.44 34.67 0.579999
      vertex 27.44 36.59 0
      vertex 27.44 36.59 0.579999
    endloop
  endfacet
  facet normal 1 0 0
    outer loop
      vertex 27.44 36.59 0
      vertex 27.44 34.67 0.579999
      vertex 27.44 34.67 0
    endloop
  endfacet
  facet normal 0 1 -0
    outer loop
      vertex 30.32 34.67 0
      vertex 27.44 34.67 0.579999
      vertex 30.32 34.67 0.579999
    endloop
  endfacet
  facet normal 0 1 0
    outer loop
      vertex 27.44 34.67 0.579999
      vertex 30.32 34.67 0
      vertex 27.44 34.67 0
    endloop
  endfacet
  facet normal -1 0 0
    outer loop
      vertex 30.32 34.67 0
      vertex 30.32 36.59 0.579999
      vertex 30.32 36.59 0
    endloop
  endfacet
  facet normal -1 -0 0
    outer loop
      vertex 30.32 36.59 0.579999
      vertex 30.32 34.67 0
      vertex 30.32 34.67 0.579999
    endloop
  endfacet
  facet normal -1 0 0
    outer loop
      vertex 37.04 34.67 0
      vertex 37.04 37.55 0.579999
      vertex 37.04 37.55 0
    endloop
  endfacet
  facet normal -1 -0 0
    outer loop
      vertex 37.04 37.55 0.579999
      vertex 37.04 34.67 0
      vertex 37.04 34.67 0.579999
    endloop
  endfacet
  facet normal 0 0 -1
    outer loop
      vertex 30.32 37.55 0.579999
      vertex 34.16 37.55 0.579999
      vertex 34.16 36.59 0.579999
    endloop
  endfacet
  facet normal 0 0 -1
    outer loop
      vertex 33.2 39.47 0.579999
      vertex 31.28 39.47 0.579999
      vertex 33.2 43.31 0.579999
    endloop
  endfacet
  facet normal 0 0 -1
    outer loop
      vertex 34.16 37.55 0.579999
      vertex 30.32 37.55 0.579999
      vertex 33.2 39.47 0.579999
    endloop
  endfacet
  facet normal 0 0 -1
    outer loop
      vertex 30.32 37.55 0.579999
      vertex 34.16 36.59 0.579999
      vertex 30.32 36.59 0.579999
    endloop
  endfacet
  facet normal -0 0 -1
    outer loop
      vertex 33.2 39.47 0.579999
      vertex 30.32 37.55 0.579999
      vertex 31.28 39.47 0.579999
    endloop
  endfacet
  facet normal 0 0 -1
    outer loop
      vertex 29.36 39.47 0.579999
      vertex 30.32 37.55 0.579999
      vertex 29.36 37.55 0.579999
    endloop
  endfacet
  facet normal 0 0 -1
    outer loop
      vertex 30.32 37.55 0.579999
      vertex 29.36 39.47 0.579999
      vertex 31.28 39.47 0.579999
    endloop
  endfacet
  facet normal 0 0 -1
    outer loop
      vertex 34.16 37.55 0.579999
      vertex 36.08 39.47 0.579999
      vertex 36.08 37.55 0.579999
    endloop
  endfacet
  facet normal -0 0 -1
    outer loop
      vertex 36.08 39.47 0.579999
      vertex 34.16 37.55 0.579999
      vertex 33.2 39.47 0.579999
    endloop
  endfacet
  facet normal 0 0 -1
    outer loop
      vertex 36.08 39.47 0.579999
      vertex 38 37.55 0.579999
      vertex 37.04 37.55 0.579999
    endloop
  endfacet
  facet normal 0 0 -1
    outer loop
      vertex 38 37.55 0.579999
      vertex 37.04 41.39 0.579999
      vertex 38 43.31 0.579999
    endloop
  endfacet
  facet normal -0 0 -1
    outer loop
      vertex 38 43.31 0.579999
      vertex 37.04 41.39 0.579999
      vertex 37.04 43.31 0.579999
    endloop
  endfacet
  facet normal 0 0 -1
    outer loop
      vertex 36.08 37.55 0.579999
      vertex 37.04 37.55 0.579999
      vertex 37.04 34.67 0.579999
    endloop
  endfacet
  facet normal 0 0 -1
    outer loop
      vertex 36.08 37.55 0.579999
      vertex 37.04 34.67 0.579999
      vertex 36.08 34.67 0.579999
    endloop
  endfacet
  facet normal 0 0 -1
    outer loop
      vertex 36.08 39.47 0.579999
      vertex 37.04 37.55 0.579999
      vertex 36.08 37.55 0.579999
    endloop
  endfacet
  facet normal 0 0 -1
    outer loop
      vertex 38 37.55 0.579999
      vertex 36.08 39.47 0.579999
      vertex 37.04 41.39 0.579999
    endloop
  endfacet
  facet normal -0 0 -1
    outer loop
      vertex 37.04 41.39 0.579999
      vertex 36.08 39.47 0.579999
      vertex 36.08 41.39 0.579999
    endloop
  endfacet
  facet normal -0 0 -1
    outer loop
      vertex 33.2 43.31 0.579999
      vertex 31.28 39.47 0.579999
      vertex 31.28 43.31 0.579999
    endloop
  endfacet
  facet normal 1 -0 0
    outer loop
      vertex 36.08 34.67 0.579999
      vertex 36.08 37.55 0
      vertex 36.08 37.55 0.579999
    endloop
  endfacet
  facet normal 1 0 0
    outer loop
      vertex 36.08 37.55 0
      vertex 36.08 34.67 0.579999
      vertex 36.08 34.67 0
    endloop
  endfacet
  facet normal 0 1 -0
    outer loop
      vertex 37.04 34.67 0
      vertex 36.08 34.67 0.579999
      vertex 37.04 34.67 0.579999
    endloop
  endfacet
  facet normal 0 1 0
    outer loop
      vertex 36.08 34.67 0.579999
      vertex 37.04 34.67 0
      vertex 36.08 34.67 0
    endloop
  endfacet
  facet normal 1 -0 0
    outer loop
      vertex 40.88 34.67 0.579999
      vertex 40.88 37.55 0
      vertex 40.88 37.55 0.579999
    endloop
  endfacet
  facet normal 1 0 0
    outer loop
      vertex 40.88 37.55 0
      vertex 40.88 34.67 0.579999
      vertex 40.88 34.67 0
    endloop
  endfacet
  facet normal 1 -0 0
    outer loop
      vertex 43.76 34.67 0.579999
      vertex 43.76 36.59 0
      vertex 43.76 36.59 0.579999
    endloop
  endfacet
  facet normal 1 0 0
    outer loop
      vertex 43.76 36.59 0
      vertex 43.76 34.67 0.579999
      vertex 43.76 34.67 0
    endloop
  endfacet
  facet normal -1 0 0
    outer loop
      vertex 46.64 34.67 0
      vertex 46.64 36.59 0.579999
      vertex 46.64 36.59 0
    endloop
  endfacet
  facet normal -1 -0 0
    outer loop
      vertex 46.64 36.59 0.579999
      vertex 46.64 34.67 0
      vertex 46.64 34.67 0.579999
    endloop
  endfacet
  facet normal 0 1 -0
    outer loop
      vertex 46.64 34.67 0
      vertex 45.68 34.67 0.579999
      vertex 46.64 34.67 0.579999
    endloop
  endfacet
  facet normal 0 1 0
    outer loop
      vertex 45.68 34.67 0.579999
      vertex 46.64 34.67 0
      vertex 45.68 34.67 0
    endloop
  endfacet
  facet normal 1 -0 0
    outer loop
      vertex 49.52 34.67 0.579999
      vertex 49.52 36.59 0
      vertex 49.52 36.59 0.579999
    endloop
  endfacet
  facet normal 1 0 0
    outer loop
      vertex 49.52 36.59 0
      vertex 49.52 34.67 0.579999
      vertex 49.52 34.67 0
    endloop
  endfacet
  facet normal 0 1 -0
    outer loop
      vertex 52.4 34.67 0
      vertex 49.52 34.67 0.579999
      vertex 52.4 34.67 0.579999
    endloop
  endfacet
  facet normal 0 1 0
    outer loop
      vertex 49.52 34.67 0.579999
      vertex 52.4 34.67 0
      vertex 49.52 34.67 0
    endloop
  endfacet
  facet normal 1 -0 0
    outer loop
      vertex 62 34.67 0.579999
      vertex 62 36.59 0
      vertex 62 36.59 0.579999
    endloop
  endfacet
  facet normal 1 0 0
    outer loop
      vertex 62 36.59 0
      vertex 62 34.67 0.579999
      vertex 62 34.67 0
    endloop
  endfacet
  facet normal 0 1 -0
    outer loop
      vertex 64.88 34.67 0
      vertex 62 34.67 0.579999
      vertex 64.88 34.67 0.579999
    endloop
  endfacet
  facet normal 0 1 0
    outer loop
      vertex 62 34.67 0.579999
      vertex 64.88 34.67 0
      vertex 62 34.67 0
    endloop
  endfacet
  facet normal 0 -1 0
    outer loop
      vertex 27.44 36.59 0
      vertex 30.32 36.59 0.579999
      vertex 27.44 36.59 0.579999
    endloop
  endfacet
  facet normal 0 -1 -0
    outer loop
      vertex 30.32 36.59 0.579999
      vertex 27.44 36.59 0
      vertex 30.32 36.59 0
    endloop
  endfacet
  facet normal 0 -1 0
    outer loop
      vertex 43.76 36.59 0
      vertex 45.68 36.59 0.579999
      vertex 43.76 36.59 0.579999
    endloop
  endfacet
  facet normal 0 -1 -0
    outer loop
      vertex 45.68 36.59 0.579999
      vertex 43.76 36.59 0
      vertex 45.68 36.59 0
    endloop
  endfacet
  facet normal 0 -1 0
    outer loop
      vertex 49.52 36.59 0
      vertex 53.36 36.59 0.579999
      vertex 49.52 36.59 0.579999
    endloop
  endfacet
  facet normal 0 -1 -0
    outer loop
      vertex 53.36 36.59 0.579999
      vertex 49.52 36.59 0
      vertex 53.36 36.59 0
    endloop
  endfacet
  facet normal -1 0 0
    outer loop
      vertex 55.28 36.59 0
      vertex 55.28 37.55 0.579999
      vertex 55.28 37.55 0
    endloop
  endfacet
  facet normal -1 -0 0
    outer loop
      vertex 55.28 37.55 0.579999
      vertex 55.28 36.59 0
      vertex 55.28 36.59 0.579999
    endloop
  endfacet
  facet normal 0 -1 0
    outer loop
      vertex 55.28 36.59 0
      vertex 56.24 36.59 0.579999
      vertex 55.28 36.59 0.579999
    endloop
  endfacet
  facet normal 0 -1 -0
    outer loop
      vertex 56.24 36.59 0.579999
      vertex 55.28 36.59 0
      vertex 56.24 36.59 0
    endloop
  endfacet
  facet normal 0 -1 0
    outer loop
      vertex 62 36.59 0
      vertex 65.84 36.59 0.579999
      vertex 62 36.59 0.579999
    endloop
  endfacet
  facet normal 0 -1 -0
    outer loop
      vertex 65.84 36.59 0.579999
      vertex 62 36.59 0
      vertex 65.84 36.59 0
    endloop
  endfacet
  facet normal 1 -0 0
    outer loop
      vertex 21.68 36.59 0.579999
      vertex 21.68 37.55 0
      vertex 21.68 37.55 0.579999
    endloop
  endfacet
  facet normal 1 0 0
    outer loop
      vertex 21.68 37.55 0
      vertex 21.68 36.59 0.579999
      vertex 21.68 36.59 0
    endloop
  endfacet
  facet normal 0 -1 0
    outer loop
      vertex 21.68 37.55 0
      vertex 27.44 37.55 0.579999
      vertex 21.68 37.55 0.579999
    endloop
  endfacet
  facet normal 0 -1 -0
    outer loop
      vertex 27.44 37.55 0.579999
      vertex 21.68 37.55 0
      vertex 27.44 37.55 0
    endloop
  endfacet
  facet normal 0 1 -0
    outer loop
      vertex 23.6 36.59 0
      vertex 21.68 36.59 0.579999
      vertex 23.6 36.59 0.579999
    endloop
  endfacet
  facet normal 0 1 0
    outer loop
      vertex 21.68 36.59 0.579999
      vertex 23.6 36.59 0
      vertex 21.68 36.59 0
    endloop
  endfacet
  facet normal 0 1 -0
    outer loop
      vertex 27.44 36.59 0
      vertex 24.56 36.59 0.579999
      vertex 27.44 36.59 0.579999
    endloop
  endfacet
  facet normal 0 1 0
    outer loop
      vertex 24.56 36.59 0.579999
      vertex 27.44 36.59 0
      vertex 24.56 36.59 0
    endloop
  endfacet
  facet normal -1 0 0
    outer loop
      vertex 27.44 36.59 0
      vertex 27.44 37.55 0.579999
      vertex 27.44 37.55 0
    endloop
  endfacet
  facet normal -1 -0 0
    outer loop
      vertex 27.44 37.55 0.579999
      vertex 27.44 36.59 0
      vertex 27.44 36.59 0.579999
    endloop
  endfacet
  facet normal 1 -0 0
    outer loop
      vertex 30.32 36.59 0.579999
      vertex 30.32 37.55 0
      vertex 30.32 37.55 0.579999
    endloop
  endfacet
  facet normal 1 0 0
    outer loop
      vertex 30.32 37.55 0
      vertex 30.32 36.59 0.579999
      vertex 30.32 36.59 0
    endloop
  endfacet
  facet normal 0 1 -0
    outer loop
      vertex 30.32 37.55 0
      vertex 29.36 37.55 0.579999
      vertex 30.32 37.55 0.579999
    endloop
  endfacet
  facet normal 0 1 0
    outer loop
      vertex 29.36 37.55 0.579999
      vertex 30.32 37.55 0
      vertex 29.36 37.55 0
    endloop
  endfacet
  facet normal 0 1 -0
    outer loop
      vertex 34.16 36.59 0
      vertex 30.32 36.59 0.579999
      vertex 34.16 36.59 0.579999
    endloop
  endfacet
  facet normal 0 1 0
    outer loop
      vertex 30.32 36.59 0.579999
      vertex 34.16 36.59 0
      vertex 30.32 36.59 0
    endloop
  endfacet
  facet normal -1 0 0
    outer loop
      vertex 34.16 36.59 0
      vertex 34.16 37.55 0.579999
      vertex 34.16 37.55 0
    endloop
  endfacet
  facet normal -1 -0 0
    outer loop
      vertex 34.16 37.55 0.579999
      vertex 34.16 36.59 0
      vertex 34.16 36.59 0.579999
    endloop
  endfacet
  facet normal 0 0 -1
    outer loop
      vertex 38 36.59 0.579999
      vertex 39.92 37.55 0.579999
      vertex 39.92 36.59 0.579999
    endloop
  endfacet
  facet normal -0 0 -1
    outer loop
      vertex 39.92 37.55 0.579999
      vertex 38 36.59 0.579999
      vertex 38 37.55 0.579999
    endloop
  endfacet
  facet normal 1 -0 0
    outer loop
      vertex 38 36.59 0.579999
      vertex 38 37.55 0
      vertex 38 37.55 0.579999
    endloop
  endfacet
  facet normal 1 0 0
    outer loop
      vertex 38 37.55 0
      vertex 38 36.59 0.579999
      vertex 38 36.59 0
    endloop
  endfacet
  facet normal 0 -1 0
    outer loop
      vertex 38 37.55 0
      vertex 39.92 37.55 0.579999
      vertex 38 37.55 0.579999
    endloop
  endfacet
  facet normal 0 -1 -0
    outer loop
      vertex 39.92 37.55 0.579999
      vertex 38 37.55 0
      vertex 39.92 37.55 0
    endloop
  endfacet
  facet normal 0 1 -0
    outer loop
      vertex 39.92 36.59 0
      vertex 38 36.59 0.579999
      vertex 39.92 36.59 0.579999
    endloop
  endfacet
  facet normal 0 1 0
    outer loop
      vertex 38 36.59 0.579999
      vertex 39.92 36.59 0
      vertex 38 36.59 0
    endloop
  endfacet
  facet normal -1 0 0
    outer loop
      vertex 39.92 36.59 0
      vertex 39.92 37.55 0.579999
      vertex 39.92 37.55 0
    endloop
  endfacet
  facet normal -1 -0 0
    outer loop
      vertex 39.92 37.55 0.579999
      vertex 39.92 36.59 0
      vertex 39.92 36.59 0.579999
    endloop
  endfacet
  facet normal 0 -1 0
    outer loop
      vertex 40.88 37.55 0
      vertex 42.8 37.55 0.579999
      vertex 40.88 37.55 0.579999
    endloop
  endfacet
  facet normal 0 -1 -0
    outer loop
      vertex 42.8 37.55 0.579999
      vertex 40.88 37.55 0
      vertex 42.8 37.55 0
    endloop
  endfacet
  facet normal -1 0 0
    outer loop
      vertex 46.64 37.55 0
      vertex 46.64 39.47 0.579999
      vertex 46.64 39.47 0
    endloop
  endfacet
  facet normal -1 -0 0
    outer loop
      vertex 46.64 39.47 0.579999
      vertex 46.64 37.55 0
      vertex 46.64 37.55 0.579999
    endloop
  endfacet
  facet normal 1 -0 0
    outer loop
      vertex 45.68 36.59 0.579999
      vertex 45.68 37.55 0
      vertex 45.68 37.55 0.579999
    endloop
  endfacet
  facet normal 1 0 0
    outer loop
      vertex 45.68 37.55 0
      vertex 45.68 36.59 0.579999
      vertex 45.68 36.59 0
    endloop
  endfacet
  facet normal 0 1 -0
    outer loop
      vertex 45.68 37.55 0
      vertex 42.8 37.55 0.579999
      vertex 45.68 37.55 0.579999
    endloop
  endfacet
  facet normal 0 1 0
    outer loop
      vertex 42.8 37.55 0.579999
      vertex 45.68 37.55 0
      vertex 42.8 37.55 0
    endloop
  endfacet
  facet normal -1 0 0
    outer loop
      vertex 47.6 36.59 0
      vertex 47.6 37.55 0.579999
      vertex 47.6 37.55 0
    endloop
  endfacet
  facet normal -1 -0 0
    outer loop
      vertex 47.6 37.55 0.579999
      vertex 47.6 36.59 0
      vertex 47.6 36.59 0.579999
    endloop
  endfacet
  facet normal 0 -1 0
    outer loop
      vertex 46.64 37.55 0
      vertex 47.6 37.55 0.579999
      vertex 46.64 37.55 0.579999
    endloop
  endfacet
  facet normal 0 -1 -0
    outer loop
      vertex 47.6 37.55 0.579999
      vertex 46.64 37.55 0
      vertex 47.6 37.55 0
    endloop
  endfacet
  facet normal 0 1 -0
    outer loop
      vertex 47.6 36.59 0
      vertex 46.64 36.59 0.579999
      vertex 47.6 36.59 0.579999
    endloop
  endfacet
  facet normal 0 1 0
    outer loop
      vertex 46.64 36.59 0.579999
      vertex 47.6 36.59 0
      vertex 46.64 36.59 0
    endloop
  endfacet
  facet normal 1 -0 0
    outer loop
      vertex 53.36 36.59 0.579999
      vertex 53.36 37.55 0
      vertex 53.36 37.55 0.579999
    endloop
  endfacet
  facet normal 1 0 0
    outer loop
      vertex 53.36 37.55 0
      vertex 53.36 36.59 0.579999
      vertex 53.36 36.59 0
    endloop
  endfacet
  facet normal 0 1 -0
    outer loop
      vertex 53.36 37.55 0
      vertex 50.48 37.55 0.579999
      vertex 53.36 37.55 0.579999
    endloop
  endfacet
  facet normal 0 1 0
    outer loop
      vertex 50.48 37.55 0.579999
      vertex 53.36 37.55 0
      vertex 50.48 37.55 0
    endloop
  endfacet
  facet normal -1 0 0
    outer loop
      vertex 57.2 36.59 0
      vertex 57.2 37.55 0.579999
      vertex 57.2 37.55 0
    endloop
  endfacet
  facet normal -1 -0 0
    outer loop
      vertex 57.2 37.55 0.579999
      vertex 57.2 36.59 0
      vertex 57.2 36.59 0.579999
    endloop
  endfacet
  facet normal 1 -0 0
    outer loop
      vertex 56.24 36.59 0.579999
      vertex 56.24 37.55 0
      vertex 56.24 37.55 0.579999
    endloop
  endfacet
  facet normal 1 0 0
    outer loop
      vertex 56.24 37.55 0
      vertex 56.24 36.59 0.579999
      vertex 56.24 36.59 0
    endloop
  endfacet
  facet normal 0 1 -0
    outer loop
      vertex 62 37.55 0
      vertex 57.2 37.55 0.579999
      vertex 62 37.55 0.579999
    endloop
  endfacet
  facet normal 0 1 0
    outer loop
      vertex 57.2 37.55 0.579999
      vertex 62 37.55 0
      vertex 57.2 37.55 0
    endloop
  endfacet
  facet normal 0 1 -0
    outer loop
      vertex 57.2 36.59 0
      vertex 56.24 36.59 0.579999
      vertex 57.2 36.59 0.579999
    endloop
  endfacet
  facet normal 0 1 0
    outer loop
      vertex 56.24 36.59 0.579999
      vertex 57.2 36.59 0
      vertex 56.24 36.59 0
    endloop
  endfacet
  facet normal -1 0 0
    outer loop
      vertex 21.68 37.55 0
      vertex 21.68 39.47 0.579999
      vertex 21.68 39.47 0
    endloop
  endfacet
  facet normal -1 -0 0
    outer loop
      vertex 21.68 39.47 0.579999
      vertex 21.68 37.55 0
      vertex 21.68 37.55 0.579999
    endloop
  endfacet
  facet normal 0 0 -1
    outer loop
      vertex 20.72 37.55 0.579999
      vertex 21.68 39.47 0.579999
      vertex 21.68 37.55 0.579999
    endloop
  endfacet
  facet normal -0 0 -1
    outer loop
      vertex 21.68 39.47 0.579999
      vertex 20.72 37.55 0.579999
      vertex 20.72 39.47 0.579999
    endloop
  endfacet
  facet normal 1 -0 0
    outer loop
      vertex 20.72 37.55 0.579999
      vertex 20.72 39.47 0
      vertex 20.72 39.47 0.579999
    endloop
  endfacet
  facet normal 1 0 0
    outer loop
      vertex 20.72 39.47 0
      vertex 20.72 37.55 0.579999
      vertex 20.72 37.55 0
    endloop
  endfacet
  facet normal 0 1 -0
    outer loop
      vertex 21.68 37.55 0
      vertex 20.72 37.55 0.579999
      vertex 21.68 37.55 0.579999
    endloop
  endfacet
  facet normal 0 1 0
    outer loop
      vertex 20.72 37.55 0.579999
      vertex 21.68 37.55 0
      vertex 20.72 37.55 0
    endloop
  endfacet
  facet normal 1 -0 0
    outer loop
      vertex 29.36 37.55 0.579999
      vertex 29.36 39.47 0
      vertex 29.36 39.47 0.579999
    endloop
  endfacet
  facet normal 1 0 0
    outer loop
      vertex 29.36 39.47 0
      vertex 29.36 37.55 0.579999
      vertex 29.36 37.55 0
    endloop
  endfacet
  facet normal 0 1 -0
    outer loop
      vertex 36.08 37.55 0
      vertex 34.16 37.55 0.579999
      vertex 36.08 37.55 0.579999
    endloop
  endfacet
  facet normal 0 1 0
    outer loop
      vertex 34.16 37.55 0.579999
      vertex 36.08 37.55 0
      vertex 34.16 37.55 0
    endloop
  endfacet
  facet normal -1 0 0
    outer loop
      vertex 38 37.55 0
      vertex 38 43.31 0.579999
      vertex 38 43.31 0
    endloop
  endfacet
  facet normal -1 -0 0
    outer loop
      vertex 38 43.31 0.579999
      vertex 38 37.55 0
      vertex 38 37.55 0.579999
    endloop
  endfacet
  facet normal 0 1 -0
    outer loop
      vertex 38 37.55 0
      vertex 37.04 37.55 0.579999
      vertex 38 37.55 0.579999
    endloop
  endfacet
  facet normal 0 1 0
    outer loop
      vertex 37.04 37.55 0.579999
      vertex 38 37.55 0
      vertex 37.04 37.55 0
    endloop
  endfacet
  facet normal -1 0 0
    outer loop
      vertex 40.88 37.55 0
      vertex 40.88 39.47 0.579999
      vertex 40.88 39.47 0
    endloop
  endfacet
  facet normal -1 -0 0
    outer loop
      vertex 40.88 39.47 0.579999
      vertex 40.88 37.55 0
      vertex 40.88 37.55 0.579999
    endloop
  endfacet
  facet normal 0 0 -1
    outer loop
      vertex 39.92 37.55 0.579999
      vertex 40.88 39.47 0.579999
      vertex 40.88 37.55 0.579999
    endloop
  endfacet
  facet normal -0 0 -1
    outer loop
      vertex 40.88 39.47 0.579999
      vertex 39.92 37.55 0.579999
      vertex 39.92 39.47 0.579999
    endloop
  endfacet
  facet normal 1 -0 0
    outer loop
      vertex 39.92 37.55 0.579999
      vertex 39.92 39.47 0
      vertex 39.92 39.47 0.579999
    endloop
  endfacet
  facet normal 1 0 0
    outer loop
      vertex 39.92 39.47 0
      vertex 39.92 37.55 0.579999
      vertex 39.92 37.55 0
    endloop
  endfacet
  facet normal 0 1 -0
    outer loop
      vertex 40.88 37.55 0
      vertex 39.92 37.55 0.579999
      vertex 40.88 37.55 0.579999
    endloop
  endfacet
  facet normal 0 1 0
    outer loop
      vertex 39.92 37.55 0.579999
      vertex 40.88 37.55 0
      vertex 39.92 37.55 0
    endloop
  endfacet
  facet normal 1 -0 0
    outer loop
      vertex 42.8 37.55 0.579999
      vertex 42.8 39.47 0
      vertex 42.8 39.47 0.579999
    endloop
  endfacet
  facet normal 1 0 0
    outer loop
      vertex 42.8 39.47 0
      vertex 42.8 37.55 0.579999
      vertex 42.8 37.55 0
    endloop
  endfacet
  facet normal 1 -0 0
    outer loop
      vertex 42.8 40.43 0.579999
      vertex 42.8 41.39 0
      vertex 42.8 41.39 0.579999
    endloop
  endfacet
  facet normal 1 0 0
    outer loop
      vertex 42.8 41.39 0
      vertex 42.8 40.43 0.579999
      vertex 42.8 40.43 0
    endloop
  endfacet
  facet normal 1 -0 0
    outer loop
      vertex 50.48 37.55 0.579999
      vertex 50.48 39.47 0
      vertex 50.48 39.47 0.579999
    endloop
  endfacet
  facet normal 1 0 0
    outer loop
      vertex 50.48 39.47 0
      vertex 50.48 37.55 0.579999
      vertex 50.48 37.55 0
    endloop
  endfacet
  facet normal 0 1 -0
    outer loop
      vertex 56.24 37.55 0
      vertex 55.28 37.55 0.579999
      vertex 56.24 37.55 0.579999
    endloop
  endfacet
  facet normal 0 1 0
    outer loop
      vertex 55.28 37.55 0.579999
      vertex 56.24 37.55 0
      vertex 55.28 37.55 0
    endloop
  endfacet
  facet normal -1 0 0
    outer loop
      vertex 62 37.55 0
      vertex 62 40.43 0.579999
      vertex 62 40.43 0
    endloop
  endfacet
  facet normal -1 -0 0
    outer loop
      vertex 62 40.43 0.579999
      vertex 62 37.55 0
      vertex 62 37.55 0.579999
    endloop
  endfacet
  facet normal 1 -0 0
    outer loop
      vertex 62.96 37.55 0.579999
      vertex 62.96 41.39 0
      vertex 62.96 41.39 0.579999
    endloop
  endfacet
  facet normal 1 0 0
    outer loop
      vertex 62.96 41.39 0
      vertex 62.96 37.55 0.579999
      vertex 62.96 37.55 0
    endloop
  endfacet
  facet normal 0 1 -0
    outer loop
      vertex 64.88 37.55 0
      vertex 62.96 37.55 0.579999
      vertex 64.88 37.55 0.579999
    endloop
  endfacet
  facet normal 0 1 0
    outer loop
      vertex 62.96 37.55 0.579999
      vertex 64.88 37.55 0
      vertex 62.96 37.55 0
    endloop
  endfacet
  facet normal -1 0 0
    outer loop
      vertex 64.88 37.55 0
      vertex 64.88 41.39 0.579999
      vertex 64.88 41.39 0
    endloop
  endfacet
  facet normal -1 -0 0
    outer loop
      vertex 64.88 41.39 0.579999
      vertex 64.88 37.55 0
      vertex 64.88 37.55 0.579999
    endloop
  endfacet
  facet normal 0 -1 0
    outer loop
      vertex 20.72 39.47 0
      vertex 21.68 39.47 0.579999
      vertex 20.72 39.47 0.579999
    endloop
  endfacet
  facet normal 0 -1 -0
    outer loop
      vertex 21.68 39.47 0.579999
      vertex 20.72 39.47 0
      vertex 21.68 39.47 0
    endloop
  endfacet
  facet normal 0 -1 0
    outer loop
      vertex 29.36 39.47 0
      vertex 31.28 39.47 0.579999
      vertex 29.36 39.47 0.579999
    endloop
  endfacet
  facet normal 0 -1 -0
    outer loop
      vertex 31.28 39.47 0.579999
      vertex 29.36 39.47 0
      vertex 31.28 39.47 0
    endloop
  endfacet
  facet normal 0 -1 0
    outer loop
      vertex 33.2 39.47 0
      vertex 36.08 39.47 0.579999
      vertex 33.2 39.47 0.579999
    endloop
  endfacet
  facet normal 0 -1 -0
    outer loop
      vertex 36.08 39.47 0.579999
      vertex 33.2 39.47 0
      vertex 36.08 39.47 0
    endloop
  endfacet
  facet normal 0 -1 0
    outer loop
      vertex 39.92 39.47 0
      vertex 40.88 39.47 0.579999
      vertex 39.92 39.47 0.579999
    endloop
  endfacet
  facet normal 0 -1 -0
    outer loop
      vertex 40.88 39.47 0.579999
      vertex 39.92 39.47 0
      vertex 40.88 39.47 0
    endloop
  endfacet
  facet normal 0 -1 0
    outer loop
      vertex 43.76 39.47 0
      vertex 46.64 39.47 0.579999
      vertex 43.76 39.47 0.579999
    endloop
  endfacet
  facet normal 0 -1 -0
    outer loop
      vertex 46.64 39.47 0.579999
      vertex 43.76 39.47 0
      vertex 46.64 39.47 0
    endloop
  endfacet
  facet normal -1 0 0
    outer loop
      vertex 55.28 39.47 0
      vertex 55.28 43.31 0.579999
      vertex 55.28 43.31 0
    endloop
  endfacet
  facet normal -1 -0 0
    outer loop
      vertex 55.28 43.31 0.579999
      vertex 55.28 39.47 0
      vertex 55.28 39.47 0.579999
    endloop
  endfacet
  facet normal 0 -1 0
    outer loop
      vertex 55.28 39.47 0
      vertex 59.12 39.47 0.579999
      vertex 55.28 39.47 0.579999
    endloop
  endfacet
  facet normal 0 -1 -0
    outer loop
      vertex 59.12 39.47 0.579999
      vertex 55.28 39.47 0
      vertex 59.12 39.47 0
    endloop
  endfacet
  facet normal 1 -0 0
    outer loop
      vertex 31.28 39.47 0.579999
      vertex 31.28 43.31 0
      vertex 31.28 43.31 0.579999
    endloop
  endfacet
  facet normal 1 0 0
    outer loop
      vertex 31.28 43.31 0
      vertex 31.28 39.47 0.579999
      vertex 31.28 39.47 0
    endloop
  endfacet
  facet normal -1 0 0
    outer loop
      vertex 33.2 39.47 0
      vertex 33.2 43.31 0.579999
      vertex 33.2 43.31 0
    endloop
  endfacet
  facet normal -1 -0 0
    outer loop
      vertex 33.2 43.31 0.579999
      vertex 33.2 39.47 0
      vertex 33.2 39.47 0.579999
    endloop
  endfacet
  facet normal 1 -0 0
    outer loop
      vertex 36.08 39.47 0.579999
      vertex 36.08 41.39 0
      vertex 36.08 41.39 0.579999
    endloop
  endfacet
  facet normal 1 0 0
    outer loop
      vertex 36.08 41.39 0
      vertex 36.08 39.47 0.579999
      vertex 36.08 39.47 0
    endloop
  endfacet
  facet normal 1 -0 0
    outer loop
      vertex 40.88 39.47 0.579999
      vertex 40.88 40.43 0
      vertex 40.88 40.43 0.579999
    endloop
  endfacet
  facet normal 1 0 0
    outer loop
      vertex 40.88 40.43 0
      vertex 40.88 39.47 0.579999
      vertex 40.88 39.47 0
    endloop
  endfacet
  facet normal 0 -1 0
    outer loop
      vertex 40.88 40.43 0
      vertex 42.8 40.43 0.579999
      vertex 40.88 40.43 0.579999
    endloop
  endfacet
  facet normal 0 -1 -0
    outer loop
      vertex 42.8 40.43 0.579999
      vertex 40.88 40.43 0
      vertex 42.8 40.43 0
    endloop
  endfacet
  facet normal 0 1 -0
    outer loop
      vertex 42.8 39.47 0
      vertex 40.88 39.47 0.579999
      vertex 42.8 39.47 0.579999
    endloop
  endfacet
  facet normal 0 1 0
    outer loop
      vertex 40.88 39.47 0.579999
      vertex 42.8 39.47 0
      vertex 40.88 39.47 0
    endloop
  endfacet
  facet normal -1 0 0
    outer loop
      vertex 43.76 39.47 0
      vertex 43.76 40.43 0.579999
      vertex 43.76 40.43 0
    endloop
  endfacet
  facet normal -1 -0 0
    outer loop
      vertex 43.76 40.43 0.579999
      vertex 43.76 39.47 0
      vertex 43.76 39.47 0.579999
    endloop
  endfacet
  facet normal -1 0 0
    outer loop
      vertex 47.6 39.47 0
      vertex 47.6 40.43 0.579999
      vertex 47.6 40.43 0
    endloop
  endfacet
  facet normal -1 -0 0
    outer loop
      vertex 47.6 40.43 0.579999
      vertex 47.6 39.47 0
      vertex 47.6 39.47 0.579999
    endloop
  endfacet
  facet normal 1 -0 0
    outer loop
      vertex 46.64 39.47 0.579999
      vertex 46.64 40.43 0
      vertex 46.64 40.43 0.579999
    endloop
  endfacet
  facet normal 1 0 0
    outer loop
      vertex 46.64 40.43 0
      vertex 46.64 39.47 0.579999
      vertex 46.64 39.47 0
    endloop
  endfacet
  facet normal 0 1 -0
    outer loop
      vertex 49.52 40.43 0
      vertex 47.6 40.43 0.579999
      vertex 49.52 40.43 0.579999
    endloop
  endfacet
  facet normal 0 1 0
    outer loop
      vertex 47.6 40.43 0.579999
      vertex 49.52 40.43 0
      vertex 47.6 40.43 0
    endloop
  endfacet
  facet normal 0 1 -0
    outer loop
      vertex 46.64 40.43 0
      vertex 43.76 40.43 0.579999
      vertex 46.64 40.43 0.579999
    endloop
  endfacet
  facet normal 0 1 0
    outer loop
      vertex 43.76 40.43 0.579999
      vertex 46.64 40.43 0
      vertex 43.76 40.43 0
    endloop
  endfacet
  facet normal 0 1 -0
    outer loop
      vertex 47.6 39.47 0
      vertex 46.64 39.47 0.579999
      vertex 47.6 39.47 0.579999
    endloop
  endfacet
  facet normal 0 1 0
    outer loop
      vertex 46.64 39.47 0.579999
      vertex 47.6 39.47 0
      vertex 46.64 39.47 0
    endloop
  endfacet
  facet normal -1 0 0
    outer loop
      vertex 50.48 41.39 0
      vertex 50.48 43.31 0.579999
      vertex 50.48 43.31 0
    endloop
  endfacet
  facet normal -1 -0 0
    outer loop
      vertex 50.48 43.31 0.579999
      vertex 50.48 41.39 0
      vertex 50.48 41.39 0.579999
    endloop
  endfacet
  facet normal 1 -0 0
    outer loop
      vertex 49.52 41.39 0.579999
      vertex 49.52 44.27 0
      vertex 49.52 44.27 0.579999
    endloop
  endfacet
  facet normal 1 0 0
    outer loop
      vertex 49.52 44.27 0
      vertex 49.52 41.39 0.579999
      vertex 49.52 41.39 0
    endloop
  endfacet
  facet normal 1 -0 0
    outer loop
      vertex 49.52 39.47 0.579999
      vertex 49.52 40.43 0
      vertex 49.52 40.43 0.579999
    endloop
  endfacet
  facet normal 1 0 0
    outer loop
      vertex 49.52 40.43 0
      vertex 49.52 39.47 0.579999
      vertex 49.52 39.47 0
    endloop
  endfacet
  facet normal 0 1 -0
    outer loop
      vertex 50.48 39.47 0
      vertex 49.52 39.47 0.579999
      vertex 50.48 39.47 0.579999
    endloop
  endfacet
  facet normal 0 1 0
    outer loop
      vertex 49.52 39.47 0.579999
      vertex 50.48 39.47 0
      vertex 49.52 39.47 0
    endloop
  endfacet
  facet normal -1 0 0
    outer loop
      vertex 60.08 40.43 0
      vertex 60.08 41.39 0.579999
      vertex 60.08 41.39 0
    endloop
  endfacet
  facet normal -1 -0 0
    outer loop
      vertex 60.08 41.39 0.579999
      vertex 60.08 40.43 0
      vertex 60.08 40.43 0.579999
    endloop
  endfacet
  facet normal 1 -0 0
    outer loop
      vertex 59.12 39.47 0.579999
      vertex 59.12 43.31 0
      vertex 59.12 43.31 0.579999
    endloop
  endfacet
  facet normal 1 0 0
    outer loop
      vertex 59.12 43.31 0
      vertex 59.12 39.47 0.579999
      vertex 59.12 39.47 0
    endloop
  endfacet
  facet normal 0 -1 0
    outer loop
      vertex 60.08 40.43 0
      vertex 62 40.43 0.579999
      vertex 60.08 40.43 0.579999
    endloop
  endfacet
  facet normal 0 -1 -0
    outer loop
      vertex 62 40.43 0.579999
      vertex 60.08 40.43 0
      vertex 62 40.43 0
    endloop
  endfacet
  facet normal 0 0 -1
    outer loop
      vertex 30.32 40.43 0.579999
      vertex 29.36 41.39 0.579999
      vertex 30.32 50.03 0.579999
    endloop
  endfacet
  facet normal 0 0 -1
    outer loop
      vertex 30.32 40.43 0.579999
      vertex 21.68 41.39 0.579999
      vertex 29.36 41.39 0.579999
    endloop
  endfacet
  facet normal -0 0 -1
    outer loop
      vertex 21.68 41.39 0.579999
      vertex 20.72 40.43 0.579999
      vertex 21.68 49.07 0.579999
    endloop
  endfacet
  facet normal 0 0 -1
    outer loop
      vertex 20.72 40.43 0.579999
      vertex 21.68 41.39 0.579999
      vertex 30.32 40.43 0.579999
    endloop
  endfacet
  facet normal 0 0 -1
    outer loop
      vertex 29.36 49.07 0.579999
      vertex 30.32 50.03 0.579999
      vertex 29.36 41.39 0.579999
    endloop
  endfacet
  facet normal 0 0 -1
    outer loop
      vertex 21.68 49.07 0.579999
      vertex 30.32 50.03 0.579999
      vertex 29.36 49.07 0.579999
    endloop
  endfacet
  facet normal 0 0 -1
    outer loop
      vertex 21.68 49.07 0.579999
      vertex 20.72 50.03 0.579999
      vertex 30.32 50.03 0.579999
    endloop
  endfacet
  facet normal 0 0 -1
    outer loop
      vertex 20.72 50.03 0.579999
      vertex 21.68 49.07 0.579999
      vertex 20.72 40.43 0.579999
    endloop
  endfacet
  facet normal 1 -0 0
    outer loop
      vertex 20.72 40.43 0.579999
      vertex 20.72 50.03 0
      vertex 20.72 50.03 0.579999
    endloop
  endfacet
  facet normal 1 0 0
    outer loop
      vertex 20.72 50.03 0
      vertex 20.72 40.43 0.579999
      vertex 20.72 40.43 0
    endloop
  endfacet
  facet normal 0 1 -0
    outer loop
      vertex 30.32 40.43 0
      vertex 20.72 40.43 0.579999
      vertex 30.32 40.43 0.579999
    endloop
  endfacet
  facet normal 0 1 0
    outer loop
      vertex 20.72 40.43 0.579999
      vertex 30.32 40.43 0
      vertex 20.72 40.43 0
    endloop
  endfacet
  facet normal 0 -1 0
    outer loop
      vertex 21.68 41.39 0
      vertex 29.36 41.39 0.579999
      vertex 21.68 41.39 0.579999
    endloop
  endfacet
  facet normal 0 -1 -0
    outer loop
      vertex 29.36 41.39 0.579999
      vertex 21.68 41.39 0
      vertex 29.36 41.39 0
    endloop
  endfacet
  facet normal 1 -0 0
    outer loop
      vertex 29.36 41.39 0.579999
      vertex 29.36 49.07 0
      vertex 29.36 49.07 0.579999
    endloop
  endfacet
  facet normal 1 0 0
    outer loop
      vertex 29.36 49.07 0
      vertex 29.36 41.39 0.579999
      vertex 29.36 41.39 0
    endloop
  endfacet
  facet normal -1 0 0
    outer loop
      vertex 30.32 40.43 0
      vertex 30.32 50.03 0.579999
      vertex 30.32 50.03 0
    endloop
  endfacet
  facet normal -1 -0 0
    outer loop
      vertex 30.32 50.03 0.579999
      vertex 30.32 40.43 0
      vertex 30.32 40.43 0.579999
    endloop
  endfacet
  facet normal 0 -1 0
    outer loop
      vertex 36.08 41.39 0
      vertex 37.04 41.39 0.579999
      vertex 36.08 41.39 0.579999
    endloop
  endfacet
  facet normal 0 -1 -0
    outer loop
      vertex 37.04 41.39 0.579999
      vertex 36.08 41.39 0
      vertex 37.04 41.39 0
    endloop
  endfacet
  facet normal 0 1 -0
    outer loop
      vertex 42.8 41.39 0
      vertex 39.92 41.39 0.579999
      vertex 42.8 41.39 0.579999
    endloop
  endfacet
  facet normal 0 1 0
    outer loop
      vertex 39.92 41.39 0.579999
      vertex 42.8 41.39 0
      vertex 39.92 41.39 0
    endloop
  endfacet
  facet normal -1 0 0
    outer loop
      vertex 46.64 41.39 0
      vertex 46.64 43.31 0.579999
      vertex 46.64 43.31 0
    endloop
  endfacet
  facet normal -1 -0 0
    outer loop
      vertex 46.64 43.31 0.579999
      vertex 46.64 41.39 0
      vertex 46.64 41.39 0.579999
    endloop
  endfacet
  facet normal 0 -1 0
    outer loop
      vertex 46.64 41.39 0
      vertex 49.52 41.39 0.579999
      vertex 46.64 41.39 0.579999
    endloop
  endfacet
  facet normal 0 -1 -0
    outer loop
      vertex 49.52 41.39 0.579999
      vertex 46.64 41.39 0
      vertex 49.52 41.39 0
    endloop
  endfacet
  facet normal 0 -1 0
    outer loop
      vertex 50.48 41.39 0
      vertex 52.4 41.39 0.579999
      vertex 50.48 41.39 0.579999
    endloop
  endfacet
  facet normal 0 -1 -0
    outer loop
      vertex 52.4 41.39 0.579999
      vertex 50.48 41.39 0
      vertex 52.4 41.39 0
    endloop
  endfacet
  facet normal -1 0 0
    outer loop
      vertex 57.2 40.43 0
      vertex 57.2 41.39 0.579999
      vertex 57.2 41.39 0
    endloop
  endfacet
  facet normal -1 -0 0
    outer loop
      vertex 57.2 41.39 0.579999
      vertex 57.2 40.43 0
      vertex 57.2 40.43 0.579999
    endloop
  endfacet
  facet normal 0 0 -1
    outer loop
      vertex 56.24 40.43 0.579999
      vertex 57.2 41.39 0.579999
      vertex 57.2 40.43 0.579999
    endloop
  endfacet
  facet normal -0 0 -1
    outer loop
      vertex 57.2 41.39 0.579999
      vertex 56.24 40.43 0.579999
      vertex 56.24 41.39 0.579999
    endloop
  endfacet
  facet normal 1 -0 0
    outer loop
      vertex 56.24 40.43 0.579999
      vertex 56.24 41.39 0
      vertex 56.24 41.39 0.579999
    endloop
  endfacet
  facet normal 1 0 0
    outer loop
      vertex 56.24 41.39 0
      vertex 56.24 40.43 0.579999
      vertex 56.24 40.43 0
    endloop
  endfacet
  facet normal 0 -1 0
    outer loop
      vertex 56.24 41.39 0
      vertex 57.2 41.39 0.579999
      vertex 56.24 41.39 0.579999
    endloop
  endfacet
  facet normal 0 -1 -0
    outer loop
      vertex 57.2 41.39 0.579999
      vertex 56.24 41.39 0
      vertex 57.2 41.39 0
    endloop
  endfacet
  facet normal 0 1 -0
    outer loop
      vertex 57.2 40.43 0
      vertex 56.24 40.43 0.579999
      vertex 57.2 40.43 0.579999
    endloop
  endfacet
  facet normal 0 1 0
    outer loop
      vertex 56.24 40.43 0.579999
      vertex 57.2 40.43 0
      vertex 56.24 40.43 0
    endloop
  endfacet
  facet normal 0 1 -0
    outer loop
      vertex 62.96 41.39 0
      vertex 60.08 41.39 0.579999
      vertex 62.96 41.39 0.579999
    endloop
  endfacet
  facet normal 0 1 0
    outer loop
      vertex 60.08 41.39 0.579999
      vertex 62.96 41.39 0
      vertex 60.08 41.39 0
    endloop
  endfacet
  facet normal 0 1 -0
    outer loop
      vertex 65.84 41.39 0
      vertex 64.88 41.39 0.579999
      vertex 65.84 41.39 0.579999
    endloop
  endfacet
  facet normal 0 1 0
    outer loop
      vertex 64.88 41.39 0.579999
      vertex 65.84 41.39 0
      vertex 64.88 41.39 0
    endloop
  endfacet
  facet normal -1 0 0
    outer loop
      vertex 21.68 41.39 0
      vertex 21.68 49.07 0.579999
      vertex 21.68 49.07 0
    endloop
  endfacet
  facet normal -1 -0 0
    outer loop
      vertex 21.68 49.07 0.579999
      vertex 21.68 41.39 0
      vertex 21.68 41.39 0.579999
    endloop
  endfacet
  facet normal 1 -0 0
    outer loop
      vertex 37.04 41.39 0.579999
      vertex 37.04 43.31 0
      vertex 37.04 43.31 0.579999
    endloop
  endfacet
  facet normal 1 0 0
    outer loop
      vertex 37.04 43.31 0
      vertex 37.04 41.39 0.579999
      vertex 37.04 41.39 0
    endloop
  endfacet
  facet normal 1 -0 0
    outer loop
      vertex 39.92 41.39 0.579999
      vertex 39.92 44.27 0
      vertex 39.92 44.27 0.579999
    endloop
  endfacet
  facet normal 1 0 0
    outer loop
      vertex 39.92 44.27 0
      vertex 39.92 41.39 0.579999
      vertex 39.92 41.39 0
    endloop
  endfacet
  facet normal 1 -0 0
    outer loop
      vertex 52.4 41.39 0.579999
      vertex 52.4 43.31 0
      vertex 52.4 43.31 0.579999
    endloop
  endfacet
  facet normal 1 0 0
    outer loop
      vertex 52.4 43.31 0
      vertex 52.4 41.39 0.579999
      vertex 52.4 41.39 0
    endloop
  endfacet
  facet normal -1 0 0
    outer loop
      vertex 65.84 41.39 0
      vertex 65.84 43.31 0.579999
      vertex 65.84 43.31 0
    endloop
  endfacet
  facet normal -1 -0 0
    outer loop
      vertex 65.84 43.31 0.579999
      vertex 65.84 41.39 0
      vertex 65.84 41.39 0.579999
    endloop
  endfacet
  facet normal 0 -1 0
    outer loop
      vertex 31.28 43.31 0
      vertex 33.2 43.31 0.579999
      vertex 31.28 43.31 0.579999
    endloop
  endfacet
  facet normal 0 -1 -0
    outer loop
      vertex 33.2 43.31 0.579999
      vertex 31.28 43.31 0
      vertex 33.2 43.31 0
    endloop
  endfacet
  facet normal 0 -1 0
    outer loop
      vertex 37.04 43.31 0
      vertex 38 43.31 0.579999
      vertex 37.04 43.31 0.579999
    endloop
  endfacet
  facet normal 0 -1 -0
    outer loop
      vertex 38 43.31 0.579999
      vertex 37.04 43.31 0
      vertex 38 43.31 0
    endloop
  endfacet
  facet normal 0 -1 0
    outer loop
      vertex 40.88 43.31 0
      vertex 42.8 43.31 0.579999
      vertex 40.88 43.31 0.579999
    endloop
  endfacet
  facet normal 0 -1 -0
    outer loop
      vertex 42.8 43.31 0.579999
      vertex 40.88 43.31 0
      vertex 42.8 43.31 0
    endloop
  endfacet
  facet normal 0 1 -0
    outer loop
      vertex 47.6 43.31 0
      vertex 46.64 43.31 0.579999
      vertex 47.6 43.31 0.579999
    endloop
  endfacet
  facet normal 0 1 0
    outer loop
      vertex 46.64 43.31 0.579999
      vertex 47.6 43.31 0
      vertex 46.64 43.31 0
    endloop
  endfacet
  facet normal 0 1 -0
    outer loop
      vertex 52.4 43.31 0
      vertex 50.48 43.31 0.579999
      vertex 52.4 43.31 0.579999
    endloop
  endfacet
  facet normal 0 1 0
    outer loop
      vertex 50.48 43.31 0.579999
      vertex 52.4 43.31 0
      vertex 50.48 43.31 0
    endloop
  endfacet
  facet normal 0 1 -0
    outer loop
      vertex 59.12 43.31 0
      vertex 55.28 43.31 0.579999
      vertex 59.12 43.31 0.579999
    endloop
  endfacet
  facet normal 0 1 0
    outer loop
      vertex 55.28 43.31 0.579999
      vertex 59.12 43.31 0
      vertex 55.28 43.31 0
    endloop
  endfacet
  facet normal 0 -1 0
    outer loop
      vertex 60.08 43.31 0
      vertex 62 43.31 0.579999
      vertex 60.08 43.31 0.579999
    endloop
  endfacet
  facet normal 0 -1 -0
    outer loop
      vertex 62 43.31 0.579999
      vertex 60.08 43.31 0
      vertex 62 43.31 0
    endloop
  endfacet
  facet normal 0 -1 0
    outer loop
      vertex 64.88 43.31 0
      vertex 65.84 43.31 0.579999
      vertex 64.88 43.31 0.579999
    endloop
  endfacet
  facet normal 0 -1 -0
    outer loop
      vertex 65.84 43.31 0.579999
      vertex 64.88 43.31 0
      vertex 65.84 43.31 0
    endloop
  endfacet
  facet normal 0 0 -1
    outer loop
      vertex 23.6 43.31 0.579999
      vertex 27.44 47.15 0.579999
      vertex 27.44 43.31 0.579999
    endloop
  endfacet
  facet normal -0 0 -1
    outer loop
      vertex 27.44 47.15 0.579999
      vertex 23.6 43.31 0.579999
      vertex 23.6 47.15 0.579999
    endloop
  endfacet
  facet normal 1 -0 0
    outer loop
      vertex 23.6 43.31 0.579999
      vertex 23.6 47.15 0
      vertex 23.6 47.15 0.579999
    endloop
  endfacet
  facet normal 1 0 0
    outer loop
      vertex 23.6 47.15 0
      vertex 23.6 43.31 0.579999
      vertex 23.6 43.31 0
    endloop
  endfacet
  facet normal 0 1 -0
    outer loop
      vertex 27.44 43.31 0
      vertex 23.6 43.31 0.579999
      vertex 27.44 43.31 0.579999
    endloop
  endfacet
  facet normal 0 1 0
    outer loop
      vertex 23.6 43.31 0.579999
      vertex 27.44 43.31 0
      vertex 23.6 43.31 0
    endloop
  endfacet
  facet normal -1 0 0
    outer loop
      vertex 27.44 43.31 0
      vertex 27.44 47.15 0.579999
      vertex 27.44 47.15 0
    endloop
  endfacet
  facet normal -1 -0 0
    outer loop
      vertex 27.44 47.15 0.579999
      vertex 27.44 43.31 0
      vertex 27.44 43.31 0.579999
    endloop
  endfacet
  facet normal 0 0 -1
    outer loop
      vertex 33.2 43.31 0.579999
      vertex 36.08 44.27 0.579999
      vertex 36.08 43.31 0.579999
    endloop
  endfacet
  facet normal -0 0 -1
    outer loop
      vertex 36.08 44.27 0.579999
      vertex 33.2 43.31 0.579999
      vertex 33.2 44.27 0.579999
    endloop
  endfacet
  facet normal 1 -0 0
    outer loop
      vertex 33.2 43.31 0.579999
      vertex 33.2 44.27 0
      vertex 33.2 44.27 0.579999
    endloop
  endfacet
  facet normal 1 0 0
    outer loop
      vertex 33.2 44.27 0
      vertex 33.2 43.31 0.579999
      vertex 33.2 43.31 0
    endloop
  endfacet
  facet normal 0 -1 0
    outer loop
      vertex 33.2 44.27 0
      vertex 36.08 44.27 0.579999
      vertex 33.2 44.27 0.579999
    endloop
  endfacet
  facet normal 0 -1 -0
    outer loop
      vertex 36.08 44.27 0.579999
      vertex 33.2 44.27 0
      vertex 36.08 44.27 0
    endloop
  endfacet
  facet normal 0 1 -0
    outer loop
      vertex 36.08 43.31 0
      vertex 33.2 43.31 0.579999
      vertex 36.08 43.31 0.579999
    endloop
  endfacet
  facet normal 0 1 0
    outer loop
      vertex 33.2 43.31 0.579999
      vertex 36.08 43.31 0
      vertex 33.2 43.31 0
    endloop
  endfacet
  facet normal -1 0 0
    outer loop
      vertex 36.08 43.31 0
      vertex 36.08 44.27 0.579999
      vertex 36.08 44.27 0
    endloop
  endfacet
  facet normal -1 -0 0
    outer loop
      vertex 36.08 44.27 0.579999
      vertex 36.08 43.31 0
      vertex 36.08 43.31 0.579999
    endloop
  endfacet
  facet normal -1 0 0
    outer loop
      vertex 40.88 43.31 0
      vertex 40.88 46.19 0.579999
      vertex 40.88 46.19 0
    endloop
  endfacet
  facet normal -1 -0 0
    outer loop
      vertex 40.88 46.19 0.579999
      vertex 40.88 43.31 0
      vertex 40.88 43.31 0.579999
    endloop
  endfacet
  facet normal 0 1 -0
    outer loop
      vertex 39.92 44.27 0
      vertex 38 44.27 0.579999
      vertex 39.92 44.27 0.579999
    endloop
  endfacet
  facet normal 0 1 0
    outer loop
      vertex 38 44.27 0.579999
      vertex 39.92 44.27 0
      vertex 38 44.27 0
    endloop
  endfacet
  facet normal 1 -0 0
    outer loop
      vertex 42.8 43.31 0.579999
      vertex 42.8 46.19 0
      vertex 42.8 46.19 0.579999
    endloop
  endfacet
  facet normal 1 0 0
    outer loop
      vertex 42.8 46.19 0
      vertex 42.8 43.31 0.579999
      vertex 42.8 43.31 0
    endloop
  endfacet
  facet normal 0 -1 0
    outer loop
      vertex 45.68 44.27 0
      vertex 47.6 44.27 0.579999
      vertex 45.68 44.27 0.579999
    endloop
  endfacet
  facet normal 0 -1 -0
    outer loop
      vertex 47.6 44.27 0.579999
      vertex 45.68 44.27 0
      vertex 47.6 44.27 0
    endloop
  endfacet
  facet normal -1 0 0
    outer loop
      vertex 47.6 43.31 0
      vertex 47.6 44.27 0.579999
      vertex 47.6 44.27 0
    endloop
  endfacet
  facet normal -1 -0 0
    outer loop
      vertex 47.6 44.27 0.579999
      vertex 47.6 43.31 0
      vertex 47.6 43.31 0.579999
    endloop
  endfacet
  facet normal 0 -1 0
    outer loop
      vertex 49.52 44.27 0
      vertex 57.2 44.27 0.579999
      vertex 49.52 44.27 0.579999
    endloop
  endfacet
  facet normal 0 -1 -0
    outer loop
      vertex 57.2 44.27 0.579999
      vertex 49.52 44.27 0
      vertex 57.2 44.27 0
    endloop
  endfacet
  facet normal 0 -1 0
    outer loop
      vertex 59.12 44.27 0
      vertex 60.08 44.27 0.579999
      vertex 59.12 44.27 0.579999
    endloop
  endfacet
  facet normal 0 -1 -0
    outer loop
      vertex 60.08 44.27 0.579999
      vertex 59.12 44.27 0
      vertex 60.08 44.27 0
    endloop
  endfacet
  facet normal -1 0 0
    outer loop
      vertex 60.08 43.31 0
      vertex 60.08 44.27 0.579999
      vertex 60.08 44.27 0
    endloop
  endfacet
  facet normal -1 -0 0
    outer loop
      vertex 60.08 44.27 0.579999
      vertex 60.08 43.31 0
      vertex 60.08 43.31 0.579999
    endloop
  endfacet
  facet normal 1 -0 0
    outer loop
      vertex 62 43.31 0.579999
      vertex 62 47.15 0
      vertex 62 47.15 0.579999
    endloop
  endfacet
  facet normal 1 0 0
    outer loop
      vertex 62 47.15 0
      vertex 62 43.31 0.579999
      vertex 62 43.31 0
    endloop
  endfacet
  facet normal 0 -1 0
    outer loop
      vertex 62.96 44.27 0
      vertex 64.88 44.27 0.579999
      vertex 62.96 44.27 0.579999
    endloop
  endfacet
  facet normal 0 -1 -0
    outer loop
      vertex 64.88 44.27 0.579999
      vertex 62.96 44.27 0
      vertex 64.88 44.27 0
    endloop
  endfacet
  facet normal -1 0 0
    outer loop
      vertex 64.88 43.31 0
      vertex 64.88 44.27 0.579999
      vertex 64.88 44.27 0
    endloop
  endfacet
  facet normal -1 -0 0
    outer loop
      vertex 64.88 44.27 0.579999
      vertex 64.88 43.31 0
      vertex 64.88 43.31 0.579999
    endloop
  endfacet
  facet normal 0 0 -1
    outer loop
      vertex 31.28 44.27 0.579999
      vertex 33.2 47.15 0.579999
      vertex 33.2 44.27 0.579999
    endloop
  endfacet
  facet normal -0 0 -1
    outer loop
      vertex 33.2 47.15 0.579999
      vertex 31.28 44.27 0.579999
      vertex 31.28 47.15 0.579999
    endloop
  endfacet
  facet normal 1 -0 0
    outer loop
      vertex 31.28 44.27 0.579999
      vertex 31.28 47.15 0
      vertex 31.28 47.15 0.579999
    endloop
  endfacet
  facet normal 1 0 0
    outer loop
      vertex 31.28 47.15 0
      vertex 31.28 44.27 0.579999
      vertex 31.28 44.27 0
    endloop
  endfacet
  facet normal 0 1 -0
    outer loop
      vertex 33.2 44.27 0
      vertex 31.28 44.27 0.579999
      vertex 33.2 44.27 0.579999
    endloop
  endfacet
  facet normal 0 1 0
    outer loop
      vertex 31.28 44.27 0.579999
      vertex 33.2 44.27 0
      vertex 31.28 44.27 0
    endloop
  endfacet
  facet normal -1 0 0
    outer loop
      vertex 33.2 44.27 0
      vertex 33.2 47.15 0.579999
      vertex 33.2 47.15 0
    endloop
  endfacet
  facet normal -1 -0 0
    outer loop
      vertex 33.2 47.15 0.579999
      vertex 33.2 44.27 0
      vertex 33.2 44.27 0.579999
    endloop
  endfacet
  facet normal -1 0 0
    outer loop
      vertex 37.04 44.27 0
      vertex 37.04 46.19 0.579999
      vertex 37.04 46.19 0
    endloop
  endfacet
  facet normal -1 -0 0
    outer loop
      vertex 37.04 46.19 0.579999
      vertex 37.04 44.27 0
      vertex 37.04 44.27 0.579999
    endloop
  endfacet
  facet normal 0 0 -1
    outer loop
      vertex 36.08 44.27 0.579999
      vertex 37.04 46.19 0.579999
      vertex 37.04 44.27 0.579999
    endloop
  endfacet
  facet normal -0 0 -1
    outer loop
      vertex 37.04 46.19 0.579999
      vertex 36.08 44.27 0.579999
      vertex 36.08 46.19 0.579999
    endloop
  endfacet
  facet normal 1 -0 0
    outer loop
      vertex 36.08 44.27 0.579999
      vertex 36.08 46.19 0
      vertex 36.08 46.19 0.579999
    endloop
  endfacet
  facet normal 1 0 0
    outer loop
      vertex 36.08 46.19 0
      vertex 36.08 44.27 0.579999
      vertex 36.08 44.27 0
    endloop
  endfacet
  facet normal 0 1 -0
    outer loop
      vertex 37.04 44.27 0
      vertex 36.08 44.27 0.579999
      vertex 37.04 44.27 0.579999
    endloop
  endfacet
  facet normal 0 1 0
    outer loop
      vertex 36.08 44.27 0.579999
      vertex 37.04 44.27 0
      vertex 36.08 44.27 0
    endloop
  endfacet
  facet normal 1 -0 0
    outer loop
      vertex 38 44.27 0.579999
      vertex 38 46.19 0
      vertex 38 46.19 0.579999
    endloop
  endfacet
  facet normal 1 0 0
    outer loop
      vertex 38 46.19 0
      vertex 38 44.27 0.579999
      vertex 38 44.27 0
    endloop
  endfacet
  facet normal -1 0 0
    outer loop
      vertex 39.92 46.19 0
      vertex 39.92 49.07 0.579999
      vertex 39.92 49.07 0
    endloop
  endfacet
  facet normal -1 -0 0
    outer loop
      vertex 39.92 49.07 0.579999
      vertex 39.92 46.19 0
      vertex 39.92 46.19 0.579999
    endloop
  endfacet
  facet normal -1 0 0
    outer loop
      vertex 45.68 44.27 0
      vertex 45.68 47.15 0.579999
      vertex 45.68 47.15 0
    endloop
  endfacet
  facet normal -1 -0 0
    outer loop
      vertex 45.68 47.15 0.579999
      vertex 45.68 44.27 0
      vertex 45.68 44.27 0.579999
    endloop
  endfacet
  facet normal 0 0 -1
    outer loop
      vertex 47.6 44.27 0.579999
      vertex 49.52 46.19 0.579999
      vertex 49.52 44.27 0.579999
    endloop
  endfacet
  facet normal -0 0 -1
    outer loop
      vertex 49.52 46.19 0.579999
      vertex 47.6 44.27 0.579999
      vertex 47.6 46.19 0.579999
    endloop
  endfacet
  facet normal 1 -0 0
    outer loop
      vertex 47.6 44.27 0.579999
      vertex 47.6 46.19 0
      vertex 47.6 46.19 0.579999
    endloop
  endfacet
  facet normal 1 0 0
    outer loop
      vertex 47.6 46.19 0
      vertex 47.6 44.27 0.579999
      vertex 47.6 44.27 0
    endloop
  endfacet
  facet normal 0 1 -0
    outer loop
      vertex 49.52 44.27 0
      vertex 47.6 44.27 0.579999
      vertex 49.52 44.27 0.579999
    endloop
  endfacet
  facet normal 0 1 0
    outer loop
      vertex 47.6 44.27 0.579999
      vertex 49.52 44.27 0
      vertex 47.6 44.27 0
    endloop
  endfacet
  facet normal -1 0 0
    outer loop
      vertex 49.52 44.27 0
      vertex 49.52 46.19 0.579999
      vertex 49.52 46.19 0
    endloop
  endfacet
  facet normal -1 -0 0
    outer loop
      vertex 49.52 46.19 0.579999
      vertex 49.52 44.27 0
      vertex 49.52 44.27 0.579999
    endloop
  endfacet
  facet normal 1 -0 0
    outer loop
      vertex 57.2 44.27 0.579999
      vertex 57.2 46.19 0
      vertex 57.2 46.19 0.579999
    endloop
  endfacet
  facet normal 1 0 0
    outer loop
      vertex 57.2 46.19 0
      vertex 57.2 44.27 0.579999
      vertex 57.2 44.27 0
    endloop
  endfacet
  facet normal -1 0 0
    outer loop
      vertex 59.12 44.27 0
      vertex 59.12 47.15 0.579999
      vertex 59.12 47.15 0
    endloop
  endfacet
  facet normal -1 -0 0
    outer loop
      vertex 59.12 47.15 0.579999
      vertex 59.12 44.27 0
      vertex 59.12 44.27 0.579999
    endloop
  endfacet
  facet normal -1 0 0
    outer loop
      vertex 62.96 44.27 0
      vertex 62.96 47.15 0.579999
      vertex 62.96 47.15 0
    endloop
  endfacet
  facet normal -1 -0 0
    outer loop
      vertex 62.96 47.15 0.579999
      vertex 62.96 44.27 0
      vertex 62.96 44.27 0.579999
    endloop
  endfacet
  facet normal -1 0 0
    outer loop
      vertex 65.84 44.27 0
      vertex 65.84 46.19 0.579999
      vertex 65.84 46.19 0
    endloop
  endfacet
  facet normal -1 -0 0
    outer loop
      vertex 65.84 46.19 0.579999
      vertex 65.84 44.27 0
      vertex 65.84 44.27 0.579999
    endloop
  endfacet
  facet normal 0 0 -1
    outer loop
      vertex 64.88 44.27 0.579999
      vertex 65.84 46.19 0.579999
      vertex 65.84 44.27 0.579999
    endloop
  endfacet
  facet normal -0 0 -1
    outer loop
      vertex 65.84 46.19 0.579999
      vertex 64.88 44.27 0.579999
      vertex 64.88 46.19 0.579999
    endloop
  endfacet
  facet normal 1 -0 0
    outer loop
      vertex 64.88 44.27 0.579999
      vertex 64.88 46.19 0
      vertex 64.88 46.19 0.579999
    endloop
  endfacet
  facet normal 1 0 0
    outer loop
      vertex 64.88 46.19 0
      vertex 64.88 44.27 0.579999
      vertex 64.88 44.27 0
    endloop
  endfacet
  facet normal 0 1 -0
    outer loop
      vertex 65.84 44.27 0
      vertex 64.88 44.27 0.579999
      vertex 65.84 44.27 0.579999
    endloop
  endfacet
  facet normal 0 1 0
    outer loop
      vertex 64.88 44.27 0.579999
      vertex 65.84 44.27 0
      vertex 64.88 44.27 0
    endloop
  endfacet
  facet normal 0 -1 0
    outer loop
      vertex 36.08 46.19 0
      vertex 37.04 46.19 0.579999
      vertex 36.08 46.19 0.579999
    endloop
  endfacet
  facet normal 0 -1 -0
    outer loop
      vertex 37.04 46.19 0.579999
      vertex 36.08 46.19 0
      vertex 37.04 46.19 0
    endloop
  endfacet
  facet normal 0 -1 0
    outer loop
      vertex 39.92 46.19 0
      vertex 40.88 46.19 0.579999
      vertex 39.92 46.19 0.579999
    endloop
  endfacet
  facet normal 0 -1 -0
    outer loop
      vertex 40.88 46.19 0.579999
      vertex 39.92 46.19 0
      vertex 40.88 46.19 0
    endloop
  endfacet
  facet normal 0 -1 0
    outer loop
      vertex 47.6 46.19 0
      vertex 49.52 46.19 0.579999
      vertex 47.6 46.19 0.579999
    endloop
  endfacet
  facet normal 0 -1 -0
    outer loop
      vertex 49.52 46.19 0.579999
      vertex 47.6 46.19 0
      vertex 49.52 46.19 0
    endloop
  endfacet
  facet normal 0 1 -0
    outer loop
      vertex 57.2 46.19 0
      vertex 53.36 46.19 0.579999
      vertex 57.2 46.19 0.579999
    endloop
  endfacet
  facet normal 0 1 0
    outer loop
      vertex 53.36 46.19 0.579999
      vertex 57.2 46.19 0
      vertex 53.36 46.19 0
    endloop
  endfacet
  facet normal 0 -1 0
    outer loop
      vertex 64.88 46.19 0
      vertex 65.84 46.19 0.579999
      vertex 64.88 46.19 0.579999
    endloop
  endfacet
  facet normal 0 -1 -0
    outer loop
      vertex 65.84 46.19 0.579999
      vertex 64.88 46.19 0
      vertex 65.84 46.19 0
    endloop
  endfacet
  facet normal 0 -1 0
    outer loop
      vertex 23.6 47.15 0
      vertex 27.44 47.15 0.579999
      vertex 23.6 47.15 0.579999
    endloop
  endfacet
  facet normal 0 -1 -0
    outer loop
      vertex 27.44 47.15 0.579999
      vertex 23.6 47.15 0
      vertex 27.44 47.15 0
    endloop
  endfacet
  facet normal 0 -1 0
    outer loop
      vertex 31.28 47.15 0
      vertex 33.2 47.15 0.579999
      vertex 31.28 47.15 0.579999
    endloop
  endfacet
  facet normal 0 -1 -0
    outer loop
      vertex 33.2 47.15 0.579999
      vertex 31.28 47.15 0
      vertex 33.2 47.15 0
    endloop
  endfacet
  facet normal 1 -0 0
    outer loop
      vertex 38 47.15 0.579999
      vertex 38 50.03 0
      vertex 38 50.03 0.579999
    endloop
  endfacet
  facet normal 1 0 0
    outer loop
      vertex 38 50.03 0
      vertex 38 47.15 0.579999
      vertex 38 47.15 0
    endloop
  endfacet
  facet normal 1 -0 0
    outer loop
      vertex 37.04 46.19 0.579999
      vertex 37.04 47.15 0
      vertex 37.04 47.15 0.579999
    endloop
  endfacet
  facet normal 1 0 0
    outer loop
      vertex 37.04 47.15 0
      vertex 37.04 46.19 0.579999
      vertex 37.04 46.19 0
    endloop
  endfacet
  facet normal 0 -1 0
    outer loop
      vertex 37.04 47.15 0
      vertex 38 47.15 0.579999
      vertex 37.04 47.15 0.579999
    endloop
  endfacet
  facet normal 0 -1 -0
    outer loop
      vertex 38 47.15 0.579999
      vertex 37.04 47.15 0
      vertex 38 47.15 0
    endloop
  endfacet
  facet normal 0 1 -0
    outer loop
      vertex 38 46.19 0
      vertex 37.04 46.19 0.579999
      vertex 38 46.19 0.579999
    endloop
  endfacet
  facet normal 0 1 0
    outer loop
      vertex 37.04 46.19 0.579999
      vertex 38 46.19 0
      vertex 37.04 46.19 0
    endloop
  endfacet
  facet normal 1 -0 0
    outer loop
      vertex 40.88 46.19 0.579999
      vertex 40.88 47.15 0
      vertex 40.88 47.15 0.579999
    endloop
  endfacet
  facet normal 1 0 0
    outer loop
      vertex 40.88 47.15 0
      vertex 40.88 46.19 0.579999
      vertex 40.88 46.19 0
    endloop
  endfacet
  facet normal 0 -1 0
    outer loop
      vertex 40.88 47.15 0
      vertex 43.76 47.15 0.579999
      vertex 40.88 47.15 0.579999
    endloop
  endfacet
  facet normal 0 -1 -0
    outer loop
      vertex 43.76 47.15 0.579999
      vertex 40.88 47.15 0
      vertex 43.76 47.15 0
    endloop
  endfacet
  facet normal 0 1 -0
    outer loop
      vertex 42.8 46.19 0
      vertex 40.88 46.19 0.579999
      vertex 42.8 46.19 0.579999
    endloop
  endfacet
  facet normal 0 1 0
    outer loop
      vertex 40.88 46.19 0.579999
      vertex 42.8 46.19 0
      vertex 40.88 46.19 0
    endloop
  endfacet
  facet normal 0 0 -1
    outer loop
      vertex 49.52 46.19 0.579999
      vertex 52.4 47.15 0.579999
      vertex 52.4 46.19 0.579999
    endloop
  endfacet
  facet normal -0 0 -1
    outer loop
      vertex 52.4 47.15 0.579999
      vertex 49.52 46.19 0.579999
      vertex 49.52 47.15 0.579999
    endloop
  endfacet
  facet normal 1 -0 0
    outer loop
      vertex 49.52 46.19 0.579999
      vertex 49.52 47.15 0
      vertex 49.52 47.15 0.579999
    endloop
  endfacet
  facet normal 1 0 0
    outer loop
      vertex 49.52 47.15 0
      vertex 49.52 46.19 0.579999
      vertex 49.52 46.19 0
    endloop
  endfacet
  facet normal 0 -1 0
    outer loop
      vertex 49.52 47.15 0
      vertex 52.4 47.15 0.579999
      vertex 49.52 47.15 0.579999
    endloop
  endfacet
  facet normal 0 -1 -0
    outer loop
      vertex 52.4 47.15 0.579999
      vertex 49.52 47.15 0
      vertex 52.4 47.15 0
    endloop
  endfacet
  facet normal 0 1 -0
    outer loop
      vertex 52.4 46.19 0
      vertex 49.52 46.19 0.579999
      vertex 52.4 46.19 0.579999
    endloop
  endfacet
  facet normal 0 1 0
    outer loop
      vertex 49.52 46.19 0.579999
      vertex 52.4 46.19 0
      vertex 49.52 46.19 0
    endloop
  endfacet
  facet normal -1 0 0
    outer loop
      vertex 52.4 46.19 0
      vertex 52.4 47.15 0.579999
      vertex 52.4 47.15 0
    endloop
  endfacet
  facet normal -1 -0 0
    outer loop
      vertex 52.4 47.15 0.579999
      vertex 52.4 46.19 0
      vertex 52.4 46.19 0.579999
    endloop
  endfacet
  facet normal 1 -0 0
    outer loop
      vertex 53.36 46.19 0.579999
      vertex 53.36 47.15 0
      vertex 53.36 47.15 0.579999
    endloop
  endfacet
  facet normal 1 0 0
    outer loop
      vertex 53.36 47.15 0
      vertex 53.36 46.19 0.579999
      vertex 53.36 46.19 0
    endloop
  endfacet
  facet normal 0 -1 0
    outer loop
      vertex 53.36 47.15 0
      vertex 56.24 47.15 0.579999
      vertex 53.36 47.15 0.579999
    endloop
  endfacet
  facet normal 0 -1 -0
    outer loop
      vertex 56.24 47.15 0.579999
      vertex 53.36 47.15 0
      vertex 56.24 47.15 0
    endloop
  endfacet
  facet normal 0 -1 0
    outer loop
      vertex 62 47.15 0
      vertex 62.96 47.15 0.579999
      vertex 62 47.15 0.579999
    endloop
  endfacet
  facet normal 0 -1 -0
    outer loop
      vertex 62.96 47.15 0.579999
      vertex 62 47.15 0
      vertex 62.96 47.15 0
    endloop
  endfacet
  facet normal -1 0 0
    outer loop
      vertex 34.16 47.15 0
      vertex 34.16 49.07 0.579999
      vertex 34.16 49.07 0
    endloop
  endfacet
  facet normal -1 -0 0
    outer loop
      vertex 34.16 49.07 0.579999
      vertex 34.16 47.15 0
      vertex 34.16 47.15 0.579999
    endloop
  endfacet
  facet normal 0 0 -1
    outer loop
      vertex 33.2 47.15 0.579999
      vertex 34.16 49.07 0.579999
      vertex 34.16 47.15 0.579999
    endloop
  endfacet
  facet normal -0 0 -1
    outer loop
      vertex 34.16 49.07 0.579999
      vertex 33.2 47.15 0.579999
      vertex 33.2 49.07 0.579999
    endloop
  endfacet
  facet normal 1 -0 0
    outer loop
      vertex 33.2 47.15 0.579999
      vertex 33.2 49.07 0
      vertex 33.2 49.07 0.579999
    endloop
  endfacet
  facet normal 1 0 0
    outer loop
      vertex 33.2 49.07 0
      vertex 33.2 47.15 0.579999
      vertex 33.2 47.15 0
    endloop
  endfacet
  facet normal 0 1 -0
    outer loop
      vertex 34.16 47.15 0
      vertex 33.2 47.15 0.579999
      vertex 34.16 47.15 0.579999
    endloop
  endfacet
  facet normal 0 1 0
    outer loop
      vertex 33.2 47.15 0.579999
      vertex 34.16 47.15 0
      vertex 33.2 47.15 0
    endloop
  endfacet
  facet normal 1 -0 0
    outer loop
      vertex 43.76 47.15 0.579999
      vertex 43.76 50.03 0
      vertex 43.76 50.03 0.579999
    endloop
  endfacet
  facet normal 1 0 0
    outer loop
      vertex 43.76 50.03 0
      vertex 43.76 47.15 0.579999
      vertex 43.76 47.15 0
    endloop
  endfacet
  facet normal 0 1 -0
    outer loop
      vertex 49.52 47.15 0
      vertex 45.68 47.15 0.579999
      vertex 49.52 47.15 0.579999
    endloop
  endfacet
  facet normal 0 1 0
    outer loop
      vertex 45.68 47.15 0.579999
      vertex 49.52 47.15 0
      vertex 45.68 47.15 0
    endloop
  endfacet
  facet normal -1 0 0
    outer loop
      vertex 49.52 47.15 0
      vertex 49.52 49.07 0.579999
      vertex 49.52 49.07 0
    endloop
  endfacet
  facet normal -1 -0 0
    outer loop
      vertex 49.52 49.07 0.579999
      vertex 49.52 47.15 0
      vertex 49.52 47.15 0.579999
    endloop
  endfacet
  facet normal -1 0 0
    outer loop
      vertex 53.36 47.15 0
      vertex 53.36 50.03 0.579999
      vertex 53.36 50.03 0
    endloop
  endfacet
  facet normal -1 -0 0
    outer loop
      vertex 53.36 50.03 0.579999
      vertex 53.36 47.15 0
      vertex 53.36 47.15 0.579999
    endloop
  endfacet
  facet normal 0 0 -1
    outer loop
      vertex 52.4 47.15 0.579999
      vertex 53.36 50.03 0.579999
      vertex 53.36 47.15 0.579999
    endloop
  endfacet
  facet normal -0 0 -1
    outer loop
      vertex 53.36 50.03 0.579999
      vertex 52.4 47.15 0.579999
      vertex 52.4 50.03 0.579999
    endloop
  endfacet
  facet normal 1 -0 0
    outer loop
      vertex 52.4 47.15 0.579999
      vertex 52.4 50.03 0
      vertex 52.4 50.03 0.579999
    endloop
  endfacet
  facet normal 1 0 0
    outer loop
      vertex 52.4 50.03 0
      vertex 52.4 47.15 0.579999
      vertex 52.4 47.15 0
    endloop
  endfacet
  facet normal 0 1 -0
    outer loop
      vertex 53.36 47.15 0
      vertex 52.4 47.15 0.579999
      vertex 53.36 47.15 0.579999
    endloop
  endfacet
  facet normal 0 1 0
    outer loop
      vertex 52.4 47.15 0.579999
      vertex 53.36 47.15 0
      vertex 52.4 47.15 0
    endloop
  endfacet
  facet normal 1 -0 0
    outer loop
      vertex 56.24 47.15 0.579999
      vertex 56.24 49.07 0
      vertex 56.24 49.07 0.579999
    endloop
  endfacet
  facet normal 1 0 0
    outer loop
      vertex 56.24 49.07 0
      vertex 56.24 47.15 0.579999
      vertex 56.24 47.15 0
    endloop
  endfacet
  facet normal 0 1 -0
    outer loop
      vertex 62 47.15 0
      vertex 59.12 47.15 0.579999
      vertex 62 47.15 0.579999
    endloop
  endfacet
  facet normal 0 1 0
    outer loop
      vertex 59.12 47.15 0.579999
      vertex 62 47.15 0
      vertex 59.12 47.15 0
    endloop
  endfacet
  facet normal -1 0 0
    outer loop
      vertex 62 47.15 0
      vertex 62 49.07 0.579999
      vertex 62 49.07 0
    endloop
  endfacet
  facet normal -1 -0 0
    outer loop
      vertex 62 49.07 0.579999
      vertex 62 47.15 0
      vertex 62 47.15 0.579999
    endloop
  endfacet
  facet normal -1 0 0
    outer loop
      vertex 65.84 47.15 0
      vertex 65.84 49.07 0.579999
      vertex 65.84 49.07 0
    endloop
  endfacet
  facet normal -1 -0 0
    outer loop
      vertex 65.84 49.07 0.579999
      vertex 65.84 47.15 0
      vertex 65.84 47.15 0.579999
    endloop
  endfacet
  facet normal 0 0 -1
    outer loop
      vertex 64.88 47.15 0.579999
      vertex 65.84 49.07 0.579999
      vertex 65.84 47.15 0.579999
    endloop
  endfacet
  facet normal -0 0 -1
    outer loop
      vertex 65.84 49.07 0.579999
      vertex 64.88 47.15 0.579999
      vertex 64.88 49.07 0.579999
    endloop
  endfacet
  facet normal 1 -0 0
    outer loop
      vertex 64.88 47.15 0.579999
      vertex 64.88 49.07 0
      vertex 64.88 49.07 0.579999
    endloop
  endfacet
  facet normal 1 0 0
    outer loop
      vertex 64.88 49.07 0
      vertex 64.88 47.15 0.579999
      vertex 64.88 47.15 0
    endloop
  endfacet
  facet normal 0 1 -0
    outer loop
      vertex 65.84 47.15 0
      vertex 64.88 47.15 0.579999
      vertex 65.84 47.15 0.579999
    endloop
  endfacet
  facet normal 0 1 0
    outer loop
      vertex 64.88 47.15 0.579999
      vertex 65.84 47.15 0
      vertex 64.88 47.15 0
    endloop
  endfacet
  facet normal 0 -1 0
    outer loop
      vertex 33.2 49.07 0
      vertex 34.16 49.07 0.579999
      vertex 33.2 49.07 0.579999
    endloop
  endfacet
  facet normal 0 -1 -0
    outer loop
      vertex 34.16 49.07 0.579999
      vertex 33.2 49.07 0
      vertex 34.16 49.07 0
    endloop
  endfacet
  facet normal 0 1 -0
    outer loop
      vertex 40.88 49.07 0
      vertex 39.92 49.07 0.579999
      vertex 40.88 49.07 0.579999
    endloop
  endfacet
  facet normal 0 1 0
    outer loop
      vertex 39.92 49.07 0.579999
      vertex 40.88 49.07 0
      vertex 39.92 49.07 0
    endloop
  endfacet
  facet normal 0 -1 0
    outer loop
      vertex 47.6 49.07 0
      vertex 49.52 49.07 0.579999
      vertex 47.6 49.07 0.579999
    endloop
  endfacet
  facet normal 0 -1 -0
    outer loop
      vertex 49.52 49.07 0.579999
      vertex 47.6 49.07 0
      vertex 49.52 49.07 0
    endloop
  endfacet
  facet normal 0 -1 0
    outer loop
      vertex 56.24 49.07 0
      vertex 59.12 49.07 0.579999
      vertex 56.24 49.07 0.579999
    endloop
  endfacet
  facet normal 0 -1 -0
    outer loop
      vertex 59.12 49.07 0.579999
      vertex 56.24 49.07 0
      vertex 59.12 49.07 0
    endloop
  endfacet
  facet normal 0 1 -0
    outer loop
      vertex 62.96 49.07 0
      vertex 62 49.07 0.579999
      vertex 62.96 49.07 0.579999
    endloop
  endfacet
  facet normal 0 1 0
    outer loop
      vertex 62 49.07 0.579999
      vertex 62.96 49.07 0
      vertex 62 49.07 0
    endloop
  endfacet
  facet normal 0 -1 0
    outer loop
      vertex 64.88 49.07 0
      vertex 65.84 49.07 0.579999
      vertex 64.88 49.07 0.579999
    endloop
  endfacet
  facet normal 0 -1 -0
    outer loop
      vertex 65.84 49.07 0.579999
      vertex 64.88 49.07 0
      vertex 65.84 49.07 0
    endloop
  endfacet
  facet normal 0 -1 0
    outer loop
      vertex 20.72 50.03 0
      vertex 30.32 50.03 0.579999
      vertex 20.72 50.03 0.579999
    endloop
  endfacet
  facet normal 0 -1 -0
    outer loop
      vertex 30.32 50.03 0.579999
      vertex 20.72 50.03 0
      vertex 30.32 50.03 0
    endloop
  endfacet
  facet normal 0 1 -0
    outer loop
      vertex 29.36 49.07 0
      vertex 21.68 49.07 0.579999
      vertex 29.36 49.07 0.579999
    endloop
  endfacet
  facet normal 0 1 0
    outer loop
      vertex 21.68 49.07 0.579999
      vertex 29.36 49.07 0
      vertex 21.68 49.07 0
    endloop
  endfacet
  facet normal 0 0 -1
    outer loop
      vertex 31.28 49.07 0.579999
      vertex 33.2 50.03 0.579999
      vertex 33.2 49.07 0.579999
    endloop
  endfacet
  facet normal -0 0 -1
    outer loop
      vertex 33.2 50.03 0.579999
      vertex 31.28 49.07 0.579999
      vertex 31.28 50.03 0.579999
    endloop
  endfacet
  facet normal 1 -0 0
    outer loop
      vertex 31.28 49.07 0.579999
      vertex 31.28 50.03 0
      vertex 31.28 50.03 0.579999
    endloop
  endfacet
  facet normal 1 0 0
    outer loop
      vertex 31.28 50.03 0
      vertex 31.28 49.07 0.579999
      vertex 31.28 49.07 0
    endloop
  endfacet
  facet normal 0 -1 0
    outer loop
      vertex 31.28 50.03 0
      vertex 33.2 50.03 0.579999
      vertex 31.28 50.03 0.579999
    endloop
  endfacet
  facet normal 0 -1 -0
    outer loop
      vertex 33.2 50.03 0.579999
      vertex 31.28 50.03 0
      vertex 33.2 50.03 0
    endloop
  endfacet
  facet normal 0 1 -0
    outer loop
      vertex 33.2 49.07 0
      vertex 31.28 49.07 0.579999
      vertex 33.2 49.07 0.579999
    endloop
  endfacet
  facet normal 0 1 0
    outer loop
      vertex 31.28 49.07 0.579999
      vertex 33.2 49.07 0
      vertex 31.28 49.07 0
    endloop
  endfacet
  facet normal -1 0 0
    outer loop
      vertex 33.2 49.07 0
      vertex 33.2 50.03 0.579999
      vertex 33.2 50.03 0
    endloop
  endfacet
  facet normal -1 -0 0
    outer loop
      vertex 33.2 50.03 0.579999
      vertex 33.2 49.07 0
      vertex 33.2 49.07 0.579999
    endloop
  endfacet
  facet normal 0 -1 0
    outer loop
      vertex 38 50.03 0
      vertex 40.88 50.03 0.579999
      vertex 38 50.03 0.579999
    endloop
  endfacet
  facet normal 0 -1 -0
    outer loop
      vertex 40.88 50.03 0.579999
      vertex 38 50.03 0
      vertex 40.88 50.03 0
    endloop
  endfacet
  facet normal -1 0 0
    outer loop
      vertex 40.88 49.07 0
      vertex 40.88 50.03 0.579999
      vertex 40.88 50.03 0
    endloop
  endfacet
  facet normal -1 -0 0
    outer loop
      vertex 40.88 50.03 0.579999
      vertex 40.88 49.07 0
      vertex 40.88 49.07 0.579999
    endloop
  endfacet
  facet normal 0 -1 0
    outer loop
      vertex 43.76 50.03 0
      vertex 47.6 50.03 0.579999
      vertex 43.76 50.03 0.579999
    endloop
  endfacet
  facet normal 0 -1 -0
    outer loop
      vertex 47.6 50.03 0.579999
      vertex 43.76 50.03 0
      vertex 47.6 50.03 0
    endloop
  endfacet
  facet normal -1 0 0
    outer loop
      vertex 47.6 49.07 0
      vertex 47.6 50.03 0.579999
      vertex 47.6 50.03 0
    endloop
  endfacet
  facet normal -1 -0 0
    outer loop
      vertex 47.6 50.03 0.579999
      vertex 47.6 49.07 0
      vertex 47.6 49.07 0.579999
    endloop
  endfacet
  facet normal -1 0 0
    outer loop
      vertex 50.48 49.07 0
      vertex 50.48 50.03 0.579999
      vertex 50.48 50.03 0
    endloop
  endfacet
  facet normal -1 -0 0
    outer loop
      vertex 50.48 50.03 0.579999
      vertex 50.48 49.07 0
      vertex 50.48 49.07 0.579999
    endloop
  endfacet
  facet normal 0 0 -1
    outer loop
      vertex 49.52 49.07 0.579999
      vertex 50.48 50.03 0.579999
      vertex 50.48 49.07 0.579999
    endloop
  endfacet
  facet normal -0 0 -1
    outer loop
      vertex 50.48 50.03 0.579999
      vertex 49.52 49.07 0.579999
      vertex 49.52 50.03 0.579999
    endloop
  endfacet
  facet normal 1 -0 0
    outer loop
      vertex 49.52 49.07 0.579999
      vertex 49.52 50.03 0
      vertex 49.52 50.03 0.579999
    endloop
  endfacet
  facet normal 1 0 0
    outer loop
      vertex 49.52 50.03 0
      vertex 49.52 49.07 0.579999
      vertex 49.52 49.07 0
    endloop
  endfacet
  facet normal 0 -1 0
    outer loop
      vertex 49.52 50.03 0
      vertex 50.48 50.03 0.579999
      vertex 49.52 50.03 0.579999
    endloop
  endfacet
  facet normal 0 -1 -0
    outer loop
      vertex 50.48 50.03 0.579999
      vertex 49.52 50.03 0
      vertex 50.48 50.03 0
    endloop
  endfacet
  facet normal 0 1 -0
    outer loop
      vertex 50.48 49.07 0
      vertex 49.52 49.07 0.579999
      vertex 50.48 49.07 0.579999
    endloop
  endfacet
  facet normal 0 1 0
    outer loop
      vertex 49.52 49.07 0.579999
      vertex 50.48 49.07 0
      vertex 49.52 49.07 0
    endloop
  endfacet
  facet normal 0 -1 0
    outer loop
      vertex 52.4 50.03 0
      vertex 53.36 50.03 0.579999
      vertex 52.4 50.03 0.579999
    endloop
  endfacet
  facet normal 0 -1 -0
    outer loop
      vertex 53.36 50.03 0.579999
      vertex 52.4 50.03 0
      vertex 53.36 50.03 0
    endloop
  endfacet
  facet normal -1 0 0
    outer loop
      vertex 56.24 49.07 0
      vertex 56.24 50.03 0.579999
      vertex 56.24 50.03 0
    endloop
  endfacet
  facet normal -1 -0 0
    outer loop
      vertex 56.24 50.03 0.579999
      vertex 56.24 49.07 0
      vertex 56.24 49.07 0.579999
    endloop
  endfacet
  facet normal 0 0 -1
    outer loop
      vertex 55.28 49.07 0.579999
      vertex 56.24 50.03 0.579999
      vertex 56.24 49.07 0.579999
    endloop
  endfacet
  facet normal -0 0 -1
    outer loop
      vertex 56.24 50.03 0.579999
      vertex 55.28 49.07 0.579999
      vertex 55.28 50.03 0.579999
    endloop
  endfacet
  facet normal 1 -0 0
    outer loop
      vertex 55.28 49.07 0.579999
      vertex 55.28 50.03 0
      vertex 55.28 50.03 0.579999
    endloop
  endfacet
  facet normal 1 0 0
    outer loop
      vertex 55.28 50.03 0
      vertex 55.28 49.07 0.579999
      vertex 55.28 49.07 0
    endloop
  endfacet
  facet normal 0 -1 0
    outer loop
      vertex 55.28 50.03 0
      vertex 56.24 50.03 0.579999
      vertex 55.28 50.03 0.579999
    endloop
  endfacet
  facet normal 0 -1 -0
    outer loop
      vertex 56.24 50.03 0.579999
      vertex 55.28 50.03 0
      vertex 56.24 50.03 0
    endloop
  endfacet
  facet normal 0 1 -0
    outer loop
      vertex 56.24 49.07 0
      vertex 55.28 49.07 0.579999
      vertex 56.24 49.07 0.579999
    endloop
  endfacet
  facet normal 0 1 0
    outer loop
      vertex 55.28 49.07 0.579999
      vertex 56.24 49.07 0
      vertex 55.28 49.07 0
    endloop
  endfacet
  facet normal 1 -0 0
    outer loop
      vertex 59.12 49.07 0.579999
      vertex 59.12 50.03 0
      vertex 59.12 50.03 0.579999
    endloop
  endfacet
  facet normal 1 0 0
    outer loop
      vertex 59.12 50.03 0
      vertex 59.12 49.07 0.579999
      vertex 59.12 49.07 0
    endloop
  endfacet
  facet normal 0 -1 0
    outer loop
      vertex 59.12 50.03 0
      vertex 62.96 50.03 0.579999
      vertex 59.12 50.03 0.579999
    endloop
  endfacet
  facet normal 0 -1 -0
    outer loop
      vertex 62.96 50.03 0.579999
      vertex 59.12 50.03 0
      vertex 62.96 50.03 0
    endloop
  endfacet
  facet normal -1 0 0
    outer loop
      vertex 62.96 49.07 0
      vertex 62.96 50.03 0.579999
      vertex 62.96 50.03 0
    endloop
  endfacet
  facet normal -1 -0 0
    outer loop
      vertex 62.96 50.03 0.579999
      vertex 62.96 49.07 0
      vertex 62.96 49.07 0.579999
    endloop
  endfacet
  facet normal -0.770519 -0.637417 0
    outer loop
      vertex 0.677578 0.788631 0
      vertex 0.477457 1.03054 1.6
      vertex 0.477457 1.03054 0
    endloop
  endfacet
  facet normal -0.770519 -0.637417 0
    outer loop
      vertex 0.477457 1.03054 1.6
      vertex 0.677578 0.788631 0
      vertex 0.677578 0.788631 1.6
    endloop
  endfacet
  facet normal 0.998029 0.0627551 0
    outer loop
      vertex 85.6 51.48 1.6
      vertex 85.5803 51.7933 0
      vertex 85.5803 51.7933 1.6
    endloop
  endfacet
  facet normal 0.998029 0.0627551 0
    outer loop
      vertex 85.5803 51.7933 0
      vertex 85.6 51.48 1.6
      vertex 85.6 51.48 0
    endloop
  endfacet
  facet normal 0 1 -0
    outer loop
      vertex 83.257 53.9751 0
      vertex 2.34302 53.9751 1.6
      vertex 83.257 53.9751 1.6
    endloop
  endfacet
  facet normal 0 1 0
    outer loop
      vertex 2.34302 53.9751 1.6
      vertex 83.257 53.9751 0
      vertex 2.34302 53.9751 0
    endloop
  endfacet
  facet normal 0.125485 0.992096 -0
    outer loop
      vertex 83.5685 53.9357 0
      vertex 83.257 53.9751 1.6
      vertex 83.5685 53.9357 1.6
    endloop
  endfacet
  facet normal 0.125485 0.992096 0
    outer loop
      vertex 83.257 53.9751 1.6
      vertex 83.5685 53.9357 0
      vertex 83.257 53.9751 0
    endloop
  endfacet
  facet normal -0.844329 -0.535825 0
    outer loop
      vertex 0.477457 1.03054 0
      vertex 0.309233 1.29562 1.6
      vertex 0.309233 1.29562 0
    endloop
  endfacet
  facet normal -0.844329 -0.535825 0
    outer loop
      vertex 0.309233 1.29562 1.6
      vertex 0.477457 1.03054 0
      vertex 0.477457 1.03054 1.6
    endloop
  endfacet
  facet normal -0.998026 0.0627944 0
    outer loop
      vertex 0 51.48 0
      vertex 0.0197124 51.7933 1.6
      vertex 0.0197124 51.7933 0
    endloop
  endfacet
  facet normal -0.998026 0.0627944 0
    outer loop
      vertex 0.0197124 51.7933 1.6
      vertex 0 51.48 0
      vertex 0 51.48 1.6
    endloop
  endfacet
  facet normal 0 -1 0
    outer loop
      vertex 2.34302 0.0049324 0
      vertex 83.257 0.0049324 1.6
      vertex 2.34302 0.0049324 1.6
    endloop
  endfacet
  facet normal 0 -1 -0
    outer loop
      vertex 83.257 0.0049324 1.6
      vertex 2.34302 0.0049324 0
      vertex 83.257 0.0049324 0
    endloop
  endfacet
  facet normal 0.367928 0.929854 -0
    outer loop
      vertex 84.1644 53.7421 0
      vertex 83.8725 53.8576 1.6
      vertex 84.1644 53.7421 1.6
    endloop
  endfacet
  facet normal 0.367928 0.929854 0
    outer loop
      vertex 83.8725 53.8576 1.6
      vertex 84.1644 53.7421 0
      vertex 83.8725 53.8576 0
    endloop
  endfacet
  facet normal 0.84422 -0.535997 0
    outer loop
      vertex 85.1225 1.03054 1.6
      vertex 85.2908 1.29562 0
      vertex 85.2908 1.29562 1.6
    endloop
  endfacet
  facet normal 0.84422 -0.535997 0
    outer loop
      vertex 85.2908 1.29562 0
      vertex 85.1225 1.03054 1.6
      vertex 85.1225 1.03054 0
    endloop
  endfacet
  facet normal -0.125336 -0.992114 0
    outer loop
      vertex 2.03155 0.044281 0
      vertex 2.34302 0.0049324 1.6
      vertex 2.03155 0.044281 1.6
    endloop
  endfacet
  facet normal -0.125336 -0.992114 -0
    outer loop
      vertex 2.34302 0.0049324 1.6
      vertex 2.03155 0.044281 0
      vertex 2.34302 0.0049324 0
    endloop
  endfacet
  facet normal -1 0 0
    outer loop
      vertex 0 2.5 0
      vertex 0 51.48 1.6
      vertex 0 51.48 0
    endloop
  endfacet
  facet normal -1 -0 0
    outer loop
      vertex 0 51.48 1.6
      vertex 0 2.5 0
      vertex 0 2.5 1.6
    endloop
  endfacet
  facet normal 0.950983 0.309244 0
    outer loop
      vertex 85.5215 52.1017 1.6
      vertex 85.4244 52.4003 0
      vertex 85.4244 52.4003 1.6
    endloop
  endfacet
  facet normal 0.950983 0.309244 0
    outer loop
      vertex 85.4244 52.4003 0
      vertex 85.5215 52.1017 1.6
      vertex 85.5215 52.1017 0
    endloop
  endfacet
  facet normal 1 -0 0
    outer loop
      vertex 85.6 2.5 1.6
      vertex 85.6 51.48 0
      vertex 85.6 51.48 1.6
    endloop
  endfacet
  facet normal 1 0 0
    outer loop
      vertex 85.6 51.48 0
      vertex 85.6 2.5 1.6
      vertex 85.6 2.5 0
    endloop
  endfacet
  facet normal 0.248828 0.968548 -0
    outer loop
      vertex 83.8725 53.8576 0
      vertex 83.5685 53.9357 1.6
      vertex 83.8725 53.8576 1.6
    endloop
  endfacet
  facet normal 0.248828 0.968548 0
    outer loop
      vertex 83.5685 53.9357 1.6
      vertex 83.8725 53.8576 0
      vertex 83.5685 53.9357 0
    endloop
  endfacet
  facet normal 0.587698 0.80908 -0
    outer loop
      vertex 84.6936 53.4063 0
      vertex 84.4396 53.5908 1.6
      vertex 84.6936 53.4063 1.6
    endloop
  endfacet
  facet normal 0.587698 0.80908 0
    outer loop
      vertex 84.4396 53.5908 1.6
      vertex 84.6936 53.4063 0
      vertex 84.4396 53.5908 0
    endloop
  endfacet
  facet normal 0.684619 0.728901 -0
    outer loop
      vertex 84.9224 53.1914 0
      vertex 84.6936 53.4063 1.6
      vertex 84.9224 53.1914 1.6
    endloop
  endfacet
  facet normal 0.684619 0.728901 0
    outer loop
      vertex 84.6936 53.4063 1.6
      vertex 84.9224 53.1914 0
      vertex 84.6936 53.4063 0
    endloop
  endfacet
  facet normal -0.587713 0.809069 0
    outer loop
      vertex 1.16043 53.5908 0
      vertex 0.90644 53.4063 1.6
      vertex 1.16043 53.5908 1.6
    endloop
  endfacet
  facet normal -0.587713 0.809069 0
    outer loop
      vertex 0.90644 53.4063 1.6
      vertex 1.16043 53.5908 0
      vertex 0.90644 53.4063 0
    endloop
  endfacet
  facet normal 0.587773 -0.809026 0
    outer loop
      vertex 84.4396 0.38918 0
      vertex 84.6936 0.573716 1.6
      vertex 84.4396 0.38918 1.6
    endloop
  endfacet
  facet normal 0.587773 -0.809026 0
    outer loop
      vertex 84.6936 0.573716 1.6
      vertex 84.4396 0.38918 0
      vertex 84.6936 0.573716 0
    endloop
  endfacet
  facet normal 0.982305 0.187288 0
    outer loop
      vertex 85.5803 51.7933 1.6
      vertex 85.5215 52.1017 0
      vertex 85.5215 52.1017 1.6
    endloop
  endfacet
  facet normal 0.982305 0.187288 0
    outer loop
      vertex 85.5215 52.1017 0
      vertex 85.5803 51.7933 1.6
      vertex 85.5803 51.7933 0
    endloop
  endfacet
  facet normal 0.77054 0.637392 0
    outer loop
      vertex 85.1225 52.9495 1.6
      vertex 84.9224 53.1914 0
      vertex 84.9224 53.1914 1.6
    endloop
  endfacet
  facet normal 0.77054 0.637392 0
    outer loop
      vertex 84.9224 53.1914 0
      vertex 85.1225 52.9495 1.6
      vertex 85.1225 52.9495 0
    endloop
  endfacet
  facet normal -0.367917 0.929859 0
    outer loop
      vertex 1.72746 53.8576 0
      vertex 1.43555 53.7421 1.6
      vertex 1.72746 53.8576 1.6
    endloop
  endfacet
  facet normal -0.367917 0.929859 0
    outer loop
      vertex 1.43555 53.7421 1.6
      vertex 1.72746 53.8576 0
      vertex 1.43555 53.7421 0
    endloop
  endfacet
  facet normal -0.125497 0.992094 0
    outer loop
      vertex 2.34302 53.9751 0
      vertex 2.03155 53.9357 1.6
      vertex 2.34302 53.9751 1.6
    endloop
  endfacet
  facet normal -0.125497 0.992094 0
    outer loop
      vertex 2.03155 53.9357 1.6
      vertex 2.34302 53.9751 0
      vertex 2.03155 53.9357 0
    endloop
  endfacet
  facet normal -0.770507 0.637431 0
    outer loop
      vertex 0.477457 52.9495 0
      vertex 0.677578 53.1914 1.6
      vertex 0.677578 53.1914 0
    endloop
  endfacet
  facet normal -0.770507 0.637431 0
    outer loop
      vertex 0.677578 53.1914 1.6
      vertex 0.477457 52.9495 0
      vertex 0.477457 52.9495 1.6
    endloop
  endfacet
  facet normal 0.904917 -0.425588 0
    outer loop
      vertex 85.2908 1.29562 1.6
      vertex 85.4244 1.57969 0
      vertex 85.4244 1.57969 1.6
    endloop
  endfacet
  facet normal 0.904917 -0.425588 0
    outer loop
      vertex 85.4244 1.57969 0
      vertex 85.2908 1.29562 1.6
      vertex 85.2908 1.29562 0
    endloop
  endfacet
  facet normal -0.844347 0.535796 0
    outer loop
      vertex 0.309233 52.6844 0
      vertex 0.477457 52.9495 1.6
      vertex 0.477457 52.9495 0
    endloop
  endfacet
  facet normal -0.844347 0.535796 0
    outer loop
      vertex 0.477457 52.9495 1.6
      vertex 0.309233 52.6844 0
      vertex 0.309233 52.6844 1.6
    endloop
  endfacet
  facet normal 0.248759 -0.968565 0
    outer loop
      vertex 83.5685 0.044281 0
      vertex 83.8725 0.122358 1.6
      vertex 83.5685 0.044281 1.6
    endloop
  endfacet
  facet normal 0.248759 -0.968565 0
    outer loop
      vertex 83.8725 0.122358 1.6
      vertex 83.5685 0.044281 0
      vertex 83.8725 0.122358 0
    endloop
  endfacet
  facet normal 0.904934 0.425552 0
    outer loop
      vertex 85.4244 52.4003 1.6
      vertex 85.2908 52.6844 0
      vertex 85.2908 52.6844 1.6
    endloop
  endfacet
  facet normal 0.904934 0.425552 0
    outer loop
      vertex 85.2908 52.6844 0
      vertex 85.4244 52.4003 1.6
      vertex 85.4244 52.4003 0
    endloop
  endfacet
  facet normal -0.248758 0.968566 0
    outer loop
      vertex 2.03155 53.9357 0
      vertex 1.72746 53.8576 1.6
      vertex 2.03155 53.9357 1.6
    endloop
  endfacet
  facet normal -0.248758 0.968566 0
    outer loop
      vertex 1.72746 53.8576 1.6
      vertex 2.03155 53.9357 0
      vertex 1.72746 53.8576 0
    endloop
  endfacet
  facet normal -0.982288 0.187378 0
    outer loop
      vertex 0.0197124 51.7933 0
      vertex 0.0785418 52.1017 1.6
      vertex 0.0785418 52.1017 0
    endloop
  endfacet
  facet normal -0.982288 0.187378 0
    outer loop
      vertex 0.0785418 52.1017 1.6
      vertex 0.0197124 51.7933 0
      vertex 0.0197124 51.7933 1.6
    endloop
  endfacet
  facet normal 0.481772 0.876297 -0
    outer loop
      vertex 84.4396 53.5908 0
      vertex 84.1644 53.7421 1.6
      vertex 84.4396 53.5908 1.6
    endloop
  endfacet
  facet normal 0.481772 0.876297 0
    outer loop
      vertex 84.1644 53.7421 1.6
      vertex 84.4396 53.5908 0
      vertex 84.1644 53.7421 0
    endloop
  endfacet
  facet normal -0.587788 -0.809015 0
    outer loop
      vertex 0.90644 0.573716 0
      vertex 1.16043 0.38918 1.6
      vertex 0.90644 0.573716 1.6
    endloop
  endfacet
  facet normal -0.587788 -0.809015 -0
    outer loop
      vertex 1.16043 0.38918 1.6
      vertex 0.90644 0.573716 0
      vertex 1.16043 0.38918 0
    endloop
  endfacet
  facet normal 0.844238 0.535969 0
    outer loop
      vertex 85.2908 52.6844 1.6
      vertex 85.1225 52.9495 0
      vertex 85.1225 52.9495 1.6
    endloop
  endfacet
  facet normal 0.844238 0.535969 0
    outer loop
      vertex 85.1225 52.9495 0
      vertex 85.2908 52.6844 1.6
      vertex 85.2908 52.6844 0
    endloop
  endfacet
  facet normal 0.125324 -0.992116 0
    outer loop
      vertex 83.257 0.0049324 0
      vertex 83.5685 0.044281 1.6
      vertex 83.257 0.0049324 1.6
    endloop
  endfacet
  facet normal 0.125324 -0.992116 0
    outer loop
      vertex 83.5685 0.044281 1.6
      vertex 83.257 0.0049324 0
      vertex 83.5685 0.044281 0
    endloop
  endfacet
  facet normal -0.951055 -0.309022 0
    outer loop
      vertex 0.175558 1.57969 0
      vertex 0.0785418 1.87827 1.6
      vertex 0.0785418 1.87827 0
    endloop
  endfacet
  facet normal -0.951055 -0.309022 0
    outer loop
      vertex 0.0785418 1.87827 1.6
      vertex 0.175558 1.57969 0
      vertex 0.175558 1.57969 1.6
    endloop
  endfacet
  facet normal -0.48188 0.876237 0
    outer loop
      vertex 1.43555 53.7421 0
      vertex 1.16043 53.5908 1.6
      vertex 1.43555 53.7421 1.6
    endloop
  endfacet
  facet normal -0.48188 0.876237 0
    outer loop
      vertex 1.16043 53.5908 1.6
      vertex 1.43555 53.7421 0
      vertex 1.16043 53.5908 0
    endloop
  endfacet
  facet normal 0.998029 -0.0627491 0
    outer loop
      vertex 85.5803 2.18667 1.6
      vertex 85.6 2.5 0
      vertex 85.6 2.5 1.6
    endloop
  endfacet
  facet normal 0.998029 -0.0627491 0
    outer loop
      vertex 85.6 2.5 0
      vertex 85.5803 2.18667 1.6
      vertex 85.5803 2.18667 0
    endloop
  endfacet
  facet normal 0.770552 -0.637378 0
    outer loop
      vertex 84.9224 0.788631 1.6
      vertex 85.1225 1.03054 0
      vertex 85.1225 1.03054 1.6
    endloop
  endfacet
  facet normal 0.770552 -0.637378 0
    outer loop
      vertex 85.1225 1.03054 0
      vertex 84.9224 0.788631 1.6
      vertex 84.9224 0.788631 0
    endloop
  endfacet
  facet normal 0.368132 -0.929774 0
    outer loop
      vertex 83.8725 0.122358 0
      vertex 84.1644 0.237932 1.6
      vertex 83.8725 0.122358 1.6
    endloop
  endfacet
  facet normal 0.368132 -0.929774 0
    outer loop
      vertex 84.1644 0.237932 1.6
      vertex 83.8725 0.122358 0
      vertex 84.1644 0.237932 0
    endloop
  endfacet
  facet normal -0.368121 -0.929778 0
    outer loop
      vertex 1.43555 0.237932 0
      vertex 1.72746 0.122358 1.6
      vertex 1.43555 0.237932 1.6
    endloop
  endfacet
  facet normal -0.368121 -0.929778 -0
    outer loop
      vertex 1.72746 0.122358 1.6
      vertex 1.43555 0.237932 0
      vertex 1.72746 0.122358 0
    endloop
  endfacet
  facet normal -0.68452 0.728994 0
    outer loop
      vertex 0.90644 53.4063 0
      vertex 0.677578 53.1914 1.6
      vertex 0.90644 53.4063 1.6
    endloop
  endfacet
  facet normal -0.68452 0.728994 0
    outer loop
      vertex 0.677578 53.1914 1.6
      vertex 0.90644 53.4063 0
      vertex 0.677578 53.1914 0
    endloop
  endfacet
  facet normal 0.950976 -0.309263 0
    outer loop
      vertex 85.4244 1.57969 1.6
      vertex 85.5215 1.87827 0
      vertex 85.5215 1.87827 1.6
    endloop
  endfacet
  facet normal 0.950976 -0.309263 0
    outer loop
      vertex 85.5215 1.87827 0
      vertex 85.4244 1.57969 1.6
      vertex 85.4244 1.57969 0
    endloop
  endfacet
  facet normal 0.684644 -0.728877 0
    outer loop
      vertex 84.6936 0.573716 0
      vertex 84.9224 0.788631 1.6
      vertex 84.6936 0.573716 1.6
    endloop
  endfacet
  facet normal 0.684644 -0.728877 0
    outer loop
      vertex 84.9224 0.788631 1.6
      vertex 84.6936 0.573716 0
      vertex 84.9224 0.788631 0
    endloop
  endfacet
  facet normal -0.951061 0.309003 0
    outer loop
      vertex 0.0785418 52.1017 0
      vertex 0.175558 52.4003 1.6
      vertex 0.175558 52.4003 0
    endloop
  endfacet
  facet normal -0.951061 0.309003 0
    outer loop
      vertex 0.175558 52.4003 1.6
      vertex 0.0785418 52.1017 0
      vertex 0.0785418 52.1017 1.6
    endloop
  endfacet
  facet normal -0.24869 -0.968583 0
    outer loop
      vertex 1.72746 0.122358 0
      vertex 2.03155 0.044281 1.6
      vertex 1.72746 0.122358 1.6
    endloop
  endfacet
  facet normal -0.24869 -0.968583 -0
    outer loop
      vertex 2.03155 0.044281 1.6
      vertex 1.72746 0.122358 0
      vertex 2.03155 0.044281 0
    endloop
  endfacet
  facet normal -0.904825 -0.425784 0
    outer loop
      vertex 0.309233 1.29562 0
      vertex 0.175558 1.57969 1.6
      vertex 0.175558 1.57969 0
    endloop
  endfacet
  facet normal -0.904825 -0.425784 0
    outer loop
      vertex 0.175558 1.57969 1.6
      vertex 0.309233 1.29562 0
      vertex 0.309233 1.29562 1.6
    endloop
  endfacet
  facet normal -0.684546 -0.72897 0
    outer loop
      vertex 0.677578 0.788631 0
      vertex 0.90644 0.573716 1.6
      vertex 0.677578 0.788631 1.6
    endloop
  endfacet
  facet normal -0.684546 -0.72897 -0
    outer loop
      vertex 0.90644 0.573716 1.6
      vertex 0.677578 0.788631 0
      vertex 0.90644 0.573716 0
    endloop
  endfacet
  facet normal -0.904842 0.425747 0
    outer loop
      vertex 0.175558 52.4003 0
      vertex 0.309233 52.6844 1.6
      vertex 0.309233 52.6844 0
    endloop
  endfacet
  facet normal -0.904842 0.425747 0
    outer loop
      vertex 0.309233 52.6844 1.6
      vertex 0.175558 52.4003 0
      vertex 0.175558 52.4003 1.6
    endloop
  endfacet
  facet normal -0.481752 -0.876307 0
    outer loop
      vertex 1.16043 0.38918 0
      vertex 1.43555 0.237932 1.6
      vertex 1.16043 0.38918 1.6
    endloop
  endfacet
  facet normal -0.481752 -0.876307 -0
    outer loop
      vertex 1.43555 0.237932 1.6
      vertex 1.16043 0.38918 0
      vertex 1.43555 0.237932 0
    endloop
  endfacet
  facet normal 0.982305 -0.187288 0
    outer loop
      vertex 85.5215 1.87827 1.6
      vertex 85.5803 2.18667 0
      vertex 85.5803 2.18667 1.6
    endloop
  endfacet
  facet normal 0.982305 -0.187288 0
    outer loop
      vertex 85.5803 2.18667 0
      vertex 85.5215 1.87827 1.6
      vertex 85.5215 1.87827 0
    endloop
  endfacet
  facet normal -0.998027 -0.0627884 0
    outer loop
      vertex 0.0197124 2.18667 0
      vertex 0 2.5 1.6
      vertex 0 2.5 0
    endloop
  endfacet
  facet normal -0.998027 -0.0627884 0
    outer loop
      vertex 0 2.5 1.6
      vertex 0.0197124 2.18667 0
      vertex 0.0197124 2.18667 1.6
    endloop
  endfacet
  facet normal -0.982288 -0.187378 0
    outer loop
      vertex 0.0785418 1.87827 0
      vertex 0.0197124 2.18667 1.6
      vertex 0.0197124 2.18667 0
    endloop
  endfacet
  facet normal -0.982288 -0.187378 0
    outer loop
      vertex 0.0197124 2.18667 1.6
      vertex 0.0785418 1.87827 0
      vertex 0.0785418 1.87827 1.6
    endloop
  endfacet
  facet normal 0.481645 -0.876366 0
    outer loop
      vertex 84.1644 0.237932 0
      vertex 84.4396 0.38918 1.6
      vertex 84.1644 0.237932 1.6
    endloop
  endfacet
  facet normal 0.481645 -0.876366 0
    outer loop
      vertex 84.4396 0.38918 1.6
      vertex 84.1644 0.237932 0
      vertex 84.4396 0.38918 0
    endloop
  endfacet
  facet normal 0 0 1
    outer loop
      vertex 33.4983 35.0477 1.6
      vertex 28.8847 30.535 1.6
      vertex 31.9511 30.535 1.6
    endloop
  endfacet
  facet normal -0 0 1
    outer loop
      vertex 23.008 37.6552 1.6
      vertex 26.2168 30.535 1.6
      vertex 26.2168 39.6585 1.6
    endloop
  endfacet
  facet normal 0 0 1
    outer loop
      vertex 26.2168 30.535 1.6
      vertex 23.008 37.6552 1.6
      vertex 22.9036 30.535 1.6
    endloop
  endfacet
  facet normal 0 0 1
    outer loop
      vertex 37.4945 14.9446 1.6
      vertex 37.2167 14.9505 1.6
      vertex 37.4943 14.866 1.6
    endloop
  endfacet
  facet normal 0 0 1
    outer loop
      vertex 37.4952 15.0233 1.6
      vertex 37.2167 14.9505 1.6
      vertex 37.4945 14.9446 1.6
    endloop
  endfacet
  facet normal 0 0 1
    outer loop
      vertex 37.4964 15.1019 1.6
      vertex 37.2167 14.9505 1.6
      vertex 37.4952 15.0233 1.6
    endloop
  endfacet
  facet normal 0 0 1
    outer loop
      vertex 37.5016 15.267 1.6
      vertex 37.2167 14.9505 1.6
      vertex 37.4964 15.1019 1.6
    endloop
  endfacet
  facet normal 0 0 1
    outer loop
      vertex 37.2167 14.9505 1.6
      vertex 37.5016 15.267 1.6
      vertex 37.3591 15.4591 1.6
    endloop
  endfacet
  facet normal 0 0 1
    outer loop
      vertex 37.5144 15.6047 1.6
      vertex 37.3591 15.4591 1.6
      vertex 37.5016 15.267 1.6
    endloop
  endfacet
  facet normal 0 0 1
    outer loop
      vertex 37.3591 15.4591 1.6
      vertex 37.5144 15.6047 1.6
      vertex 37.535 16.115 1.6
    endloop
  endfacet
  facet normal 0 0 1
    outer loop
      vertex 38.4762 18.4269 1.6
      vertex 38.5603 17.1241 1.6
      vertex 39.1662 18.3534 1.6
    endloop
  endfacet
  facet normal 0 0 1
    outer loop
      vertex 37.8928 18.6473 1.6
      vertex 38.5603 17.1241 1.6
      vertex 38.4762 18.4269 1.6
    endloop
  endfacet
  facet normal 0 0 1
    outer loop
      vertex 36.9613 17.1241 1.6
      vertex 37.8928 18.6473 1.6
      vertex 37.4163 19.0146 1.6
    endloop
  endfacet
  facet normal 0 0 1
    outer loop
      vertex 35.8485 18.4415 1.6
      vertex 37.4163 19.0146 1.6
      vertex 37.0637 19.5102 1.6
    endloop
  endfacet
  facet normal 0 0 1
    outer loop
      vertex 37.8928 18.6473 1.6
      vertex 36.9613 17.1241 1.6
      vertex 38.5603 17.1241 1.6
    endloop
  endfacet
  facet normal 0 0 1
    outer loop
      vertex 35.8485 18.4415 1.6
      vertex 37.0637 19.5102 1.6
      vertex 36.8521 20.1155 1.6
    endloop
  endfacet
  facet normal 0 0 1
    outer loop
      vertex 35.8485 18.4415 1.6
      vertex 36.8521 20.1155 1.6
      vertex 36.7816 20.8306 1.6
    endloop
  endfacet
  facet normal 0 0 1
    outer loop
      vertex 37.4163 19.0146 1.6
      vertex 35.8485 18.4415 1.6
      vertex 36.9613 17.1241 1.6
    endloop
  endfacet
  facet normal 0 0 1
    outer loop
      vertex 36.8521 21.5429 1.6
      vertex 35.8485 24.9827 1.6
      vertex 36.7816 20.8306 1.6
    endloop
  endfacet
  facet normal 0 0 1
    outer loop
      vertex 36.7816 20.8306 1.6
      vertex 35.8485 24.9827 1.6
      vertex 35.8485 18.4415 1.6
    endloop
  endfacet
  facet normal 0 0 1
    outer loop
      vertex 35.7628 28.5496 1.6
      vertex 35.8485 24.9827 1.6
      vertex 36.5024 28.4081 1.6
    endloop
  endfacet
  facet normal 0 0 1
    outer loop
      vertex 34.6098 24.9827 1.6
      vertex 35.7628 28.5496 1.6
      vertex 35.1187 28.7855 1.6
    endloop
  endfacet
  facet normal 0 0 1
    outer loop
      vertex 35.7628 28.5496 1.6
      vertex 34.6098 24.9827 1.6
      vertex 35.8485 24.9827 1.6
    endloop
  endfacet
  facet normal 0 0 1
    outer loop
      vertex 33.7779 24.6521 1.6
      vertex 34.6098 24.9827 1.6
      vertex 34.5702 29.1157 1.6
    endloop
  endfacet
  facet normal 0 0 1
    outer loop
      vertex 34.5702 29.1157 1.6
      vertex 34.6098 24.9827 1.6
      vertex 35.1187 28.7855 1.6
    endloop
  endfacet
  facet normal -0 0 1
    outer loop
      vertex 39.5019 34.3754 1.6
      vertex 39.665 33.723 1.6
      vertex 39.711 34.7122 1.6
    endloop
  endfacet
  facet normal -0 0 1
    outer loop
      vertex 39.2352 34.0773 1.6
      vertex 39.665 33.723 1.6
      vertex 39.5019 34.3754 1.6
    endloop
  endfacet
  facet normal -0 0 1
    outer loop
      vertex 38.9109 33.8177 1.6
      vertex 39.665 33.723 1.6
      vertex 39.2352 34.0773 1.6
    endloop
  endfacet
  facet normal 0 0 1
    outer loop
      vertex 39.665 33.723 1.6
      vertex 38.9109 33.8177 1.6
      vertex 39.5461 32.8633 1.6
    endloop
  endfacet
  facet normal -0 0 1
    outer loop
      vertex 38.5291 33.5966 1.6
      vertex 39.5461 32.8633 1.6
      vertex 38.9109 33.8177 1.6
    endloop
  endfacet
  facet normal 0 0 1
    outer loop
      vertex 39.5461 32.8633 1.6
      vertex 38.5291 33.5966 1.6
      vertex 39.3541 32.1329 1.6
    endloop
  endfacet
  facet normal -0 0 1
    outer loop
      vertex 38.1105 33.4201 1.6
      vertex 39.3541 32.1329 1.6
      vertex 38.5291 33.5966 1.6
    endloop
  endfacet
  facet normal 0 0 1
    outer loop
      vertex 39.3541 32.1329 1.6
      vertex 38.1105 33.4201 1.6
      vertex 39.0892 31.5318 1.6
    endloop
  endfacet
  facet normal -0 0 1
    outer loop
      vertex 37.6758 33.294 1.6
      vertex 39.0892 31.5318 1.6
      vertex 38.1105 33.4201 1.6
    endloop
  endfacet
  facet normal 0 0 1
    outer loop
      vertex 39.0892 31.5318 1.6
      vertex 37.6758 33.294 1.6
      vertex 38.7555 31.0624 1.6
    endloop
  endfacet
  facet normal 0 0 1
    outer loop
      vertex 38.7555 31.0624 1.6
      vertex 37.6758 33.294 1.6
      vertex 38.357 30.7272 1.6
    endloop
  endfacet
  facet normal -0 0 1
    outer loop
      vertex 37.2252 33.2184 1.6
      vertex 38.357 30.7272 1.6
      vertex 37.6758 33.294 1.6
    endloop
  endfacet
  facet normal 0 0 1
    outer loop
      vertex 38.357 30.7272 1.6
      vertex 37.2252 33.2184 1.6
      vertex 37.8939 30.526 1.6
    endloop
  endfacet
  facet normal 0 0 1
    outer loop
      vertex 37.8939 30.526 1.6
      vertex 37.2252 33.2184 1.6
      vertex 37.3661 30.459 1.6
    endloop
  endfacet
  facet normal 0 0 1
    outer loop
      vertex 35.9029 31.244 1.6
      vertex 37.2252 33.2184 1.6
      vertex 36.7585 33.1932 1.6
    endloop
  endfacet
  facet normal 0 0 1
    outer loop
      vertex 37.2252 33.2184 1.6
      vertex 36.7573 30.5462 1.6
      vertex 37.3661 30.459 1.6
    endloop
  endfacet
  facet normal 0 0 1
    outer loop
      vertex 37.2252 33.2184 1.6
      vertex 36.2696 30.8079 1.6
      vertex 36.7573 30.5462 1.6
    endloop
  endfacet
  facet normal 0 0 1
    outer loop
      vertex 35.6573 31.8546 1.6
      vertex 36.7585 33.1932 1.6
      vertex 35.921 33.2682 1.6
    endloop
  endfacet
  facet normal 0 0 1
    outer loop
      vertex 37.2252 33.2184 1.6
      vertex 35.9029 31.244 1.6
      vertex 36.2696 30.8079 1.6
    endloop
  endfacet
  facet normal 0 0 1
    outer loop
      vertex 36.7585 33.1932 1.6
      vertex 35.6573 31.8546 1.6
      vertex 35.9029 31.244 1.6
    endloop
  endfacet
  facet normal 0 0 1
    outer loop
      vertex 35.1742 33.4934 1.6
      vertex 35.6573 31.8546 1.6
      vertex 35.921 33.2682 1.6
    endloop
  endfacet
  facet normal 0 0 1
    outer loop
      vertex 33.1508 31.5034 1.6
      vertex 35.1742 33.4934 1.6
      vertex 34.5182 33.8687 1.6
    endloop
  endfacet
  facet normal 0 0 1
    outer loop
      vertex 33.1508 31.5034 1.6
      vertex 34.5182 33.8687 1.6
      vertex 33.953 34.3941 1.6
    endloop
  endfacet
  facet normal 0 0 1
    outer loop
      vertex 33.1508 31.5034 1.6
      vertex 33.953 34.3941 1.6
      vertex 33.4983 35.0477 1.6
    endloop
  endfacet
  facet normal 0 0 1
    outer loop
      vertex 35.1742 33.4934 1.6
      vertex 33.1508 31.5034 1.6
      vertex 35.6573 31.8546 1.6
    endloop
  endfacet
  facet normal 0 0 1
    outer loop
      vertex 28.8847 30.535 1.6
      vertex 33.4983 35.0477 1.6
      vertex 33.1734 35.8075 1.6
    endloop
  endfacet
  facet normal 0 0 1
    outer loop
      vertex 28.8847 30.535 1.6
      vertex 33.1734 35.8075 1.6
      vertex 32.9785 36.6735 1.6
    endloop
  endfacet
  facet normal -0 0 1
    outer loop
      vertex 30.4984 23.6472 1.6
      vertex 33.6765 21.7253 1.6
      vertex 33.7779 23.6472 1.6
    endloop
  endfacet
  facet normal 0 0 1
    outer loop
      vertex 33.6765 21.7253 1.6
      vertex 30.4984 23.6472 1.6
      vertex 30.4984 21.7253 1.6
    endloop
  endfacet
  facet normal 0 0 1
    outer loop
      vertex 31.9511 28.5508 1.6
      vertex 34.1059 29.5479 1.6
      vertex 33.7146 30.09 1.6
    endloop
  endfacet
  facet normal -0 0 1
    outer loop
      vertex 31.9511 30.535 1.6
      vertex 33.7146 30.09 1.6
      vertex 33.3962 30.7418 1.6
    endloop
  endfacet
  facet normal 0 0 1
    outer loop
      vertex 31.9511 30.535 1.6
      vertex 33.3962 30.7418 1.6
      vertex 33.1508 31.5034 1.6
    endloop
  endfacet
  facet normal 0 0 1
    outer loop
      vertex 28.8847 41.9275 1.6
      vertex 32.9785 36.6735 1.6
      vertex 32.9135 37.6457 1.6
    endloop
  endfacet
  facet normal 0 0 1
    outer loop
      vertex 33.4983 35.0477 1.6
      vertex 31.9511 30.535 1.6
      vertex 33.1508 31.5034 1.6
    endloop
  endfacet
  facet normal 0 0 1
    outer loop
      vertex 33.7146 30.09 1.6
      vertex 31.9511 30.535 1.6
      vertex 31.9511 28.5508 1.6
    endloop
  endfacet
  facet normal 0 0 1
    outer loop
      vertex 34.1059 29.5479 1.6
      vertex 31.9511 28.5508 1.6
      vertex 33.7779 24.6521 1.6
    endloop
  endfacet
  facet normal 0 0 1
    outer loop
      vertex 31.9511 28.5508 1.6
      vertex 29.1981 24.6521 1.6
      vertex 33.7779 24.6521 1.6
    endloop
  endfacet
  facet normal 0 0 1
    outer loop
      vertex 29.1981 24.6521 1.6
      vertex 22.9036 28.5508 1.6
      vertex 29.1981 18.4415 1.6
    endloop
  endfacet
  facet normal -0 0 1
    outer loop
      vertex 22.9036 28.5508 1.6
      vertex 29.1981 24.6521 1.6
      vertex 31.9511 28.5508 1.6
    endloop
  endfacet
  facet normal 0 0 1
    outer loop
      vertex 34.1864 14.5893 1.6
      vertex 33.7945 15.1404 1.6
      vertex 33.7999 14.866 1.6
    endloop
  endfacet
  facet normal 0 0 1
    outer loop
      vertex 34.1864 14.5893 1.6
      vertex 33.7782 15.5567 1.6
      vertex 33.7945 15.1404 1.6
    endloop
  endfacet
  facet normal -0 -0 1
    outer loop
      vertex 33.7782 15.5567 1.6
      vertex 34.1864 14.5893 1.6
      vertex 33.751 16.115 1.6
    endloop
  endfacet
  facet normal 0 0 1
    outer loop
      vertex 34.341 17.1241 1.6
      vertex 36.9613 17.1241 1.6
      vertex 35.8485 18.4415 1.6
    endloop
  endfacet
  facet normal 0 -0 1
    outer loop
      vertex 35.3664 13.918 1.6
      vertex 36.9613 17.1241 1.6
      vertex 34.341 17.1241 1.6
    endloop
  endfacet
  facet normal 0 0 1
    outer loop
      vertex 35.9075 13.7593 1.6
      vertex 35.4559 13.6087 1.6
      vertex 35.6512 12.8397 1.6
    endloop
  endfacet
  facet normal 0 0 1
    outer loop
      vertex 35.9075 13.7593 1.6
      vertex 35.3664 13.918 1.6
      vertex 35.4559 13.6087 1.6
    endloop
  endfacet
  facet normal 0 0 1
    outer loop
      vertex 34.341 17.1241 1.6
      vertex 35.8485 18.4415 1.6
      vertex 34.6098 18.4415 1.6
    endloop
  endfacet
  facet normal 0 0 1
    outer loop
      vertex 36.9613 17.1241 1.6
      vertex 35.3664 13.918 1.6
      vertex 35.9075 13.7593 1.6
    endloop
  endfacet
  facet normal 0 0 1
    outer loop
      vertex 33.6765 21.7253 1.6
      vertex 34.6098 24.9827 1.6
      vertex 33.7779 23.6472 1.6
    endloop
  endfacet
  facet normal 0 0 1
    outer loop
      vertex 33.7779 24.6521 1.6
      vertex 34.5702 29.1157 1.6
      vertex 34.1059 29.5479 1.6
    endloop
  endfacet
  facet normal 0 0 1
    outer loop
      vertex 34.6098 24.9827 1.6
      vertex 33.7779 24.6521 1.6
      vertex 33.7779 23.6472 1.6
    endloop
  endfacet
  facet normal 0 0 1
    outer loop
      vertex 34.6098 24.9827 1.6
      vertex 33.6765 21.7253 1.6
      vertex 34.6098 18.4415 1.6
    endloop
  endfacet
  facet normal -0 0 1
    outer loop
      vertex 33.6765 20.7204 1.6
      vertex 34.6098 18.4415 1.6
      vertex 33.6765 21.7253 1.6
    endloop
  endfacet
  facet normal 0 0 1
    outer loop
      vertex 32.7339 17.1241 1.6
      vertex 34.6098 18.4415 1.6
      vertex 33.6765 20.7204 1.6
    endloop
  endfacet
  facet normal 0 0 1
    outer loop
      vertex 34.6098 18.4415 1.6
      vertex 32.7339 17.1241 1.6
      vertex 34.341 17.1241 1.6
    endloop
  endfacet
  facet normal 0 0 1
    outer loop
      vertex 33.6765 20.7204 1.6
      vertex 30.4984 18.4415 1.6
      vertex 32.7339 17.1241 1.6
    endloop
  endfacet
  facet normal 0 0 1
    outer loop
      vertex 30.4984 18.4415 1.6
      vertex 33.6765 20.7204 1.6
      vertex 30.4984 20.7204 1.6
    endloop
  endfacet
  facet normal 0 0 1
    outer loop
      vertex 43.022 18.4415 1.6
      vertex 41.5222 21.565 1.6
      vertex 41.5905 20.8306 1.6
    endloop
  endfacet
  facet normal 0 0 1
    outer loop
      vertex 41.7878 23.2108 1.6
      vertex 41.3172 22.1754 1.6
      vertex 41.5222 21.565 1.6
    endloop
  endfacet
  facet normal 0 0 1
    outer loop
      vertex 42.9515 23.2108 1.6
      vertex 40.3121 29.3542 1.6
      vertex 41.7878 23.2108 1.6
    endloop
  endfacet
  facet normal 0 0 1
    outer loop
      vertex 41.7878 23.2108 1.6
      vertex 40.9756 22.662 1.6
      vertex 41.3172 22.1754 1.6
    endloop
  endfacet
  facet normal -0 0 1
    outer loop
      vertex 39.457 28.8024 1.6
      vertex 41.7878 23.2108 1.6
      vertex 40.3121 29.3542 1.6
    endloop
  endfacet
  facet normal 0 0 1
    outer loop
      vertex 41.7878 23.2108 1.6
      vertex 40.5042 23.0158 1.6
      vertex 40.9756 22.662 1.6
    endloop
  endfacet
  facet normal -0 -0 1
    outer loop
      vertex 39.9099 23.2281 1.6
      vertex 41.7878 23.2108 1.6
      vertex 39.457 28.8024 1.6
    endloop
  endfacet
  facet normal 0 0 1
    outer loop
      vertex 41.7878 23.2108 1.6
      vertex 39.9099 23.2281 1.6
      vertex 40.5042 23.0158 1.6
    endloop
  endfacet
  facet normal 0 0 1
    outer loop
      vertex 39.457 28.8024 1.6
      vertex 39.1926 23.2989 1.6
      vertex 39.9099 23.2281 1.6
    endloop
  endfacet
  facet normal -0 0 1
    outer loop
      vertex 38.4655 28.4713 1.6
      vertex 39.1926 23.2989 1.6
      vertex 39.457 28.8024 1.6
    endloop
  endfacet
  facet normal 0 0 1
    outer loop
      vertex 39.1926 23.2989 1.6
      vertex 38.4655 28.4713 1.6
      vertex 38.4879 23.2257 1.6
    endloop
  endfacet
  facet normal 0 0 1
    outer loop
      vertex 35.8485 24.9827 1.6
      vertex 38.4655 28.4713 1.6
      vertex 37.3375 28.3609 1.6
    endloop
  endfacet
  facet normal 0 0 1
    outer loop
      vertex 38.4655 28.4713 1.6
      vertex 35.8485 24.9827 1.6
      vertex 38.4879 23.2257 1.6
    endloop
  endfacet
  facet normal 0 0 1
    outer loop
      vertex 35.8485 24.9827 1.6
      vertex 37.3375 28.3609 1.6
      vertex 36.5024 28.4081 1.6
    endloop
  endfacet
  facet normal 0 0 1
    outer loop
      vertex 38.4879 23.2257 1.6
      vertex 35.8485 24.9827 1.6
      vertex 37.8958 23.006 1.6
    endloop
  endfacet
  facet normal 0 0 1
    outer loop
      vertex 37.8958 23.006 1.6
      vertex 35.8485 24.9827 1.6
      vertex 37.4163 22.6399 1.6
    endloop
  endfacet
  facet normal 0 0 1
    outer loop
      vertex 37.4163 22.6399 1.6
      vertex 35.8485 24.9827 1.6
      vertex 37.0637 22.146 1.6
    endloop
  endfacet
  facet normal 0 0 1
    outer loop
      vertex 37.0637 22.146 1.6
      vertex 35.8485 24.9827 1.6
      vertex 36.8521 21.5429 1.6
    endloop
  endfacet
  facet normal 0 0 1
    outer loop
      vertex 41.5997 31.1218 1.6
      vertex 43.7114 31.5034 1.6
      vertex 42.0062 32.3411 1.6
    endloop
  endfacet
  facet normal 0 0 1
    outer loop
      vertex 43.7114 31.5034 1.6
      vertex 41.5997 31.1218 1.6
      vertex 43.9568 30.7418 1.6
    endloop
  endfacet
  facet normal 0 0 1
    outer loop
      vertex 41.0306 30.1267 1.6
      vertex 43.9568 30.7418 1.6
      vertex 41.5997 31.1218 1.6
    endloop
  endfacet
  facet normal 0 0 1
    outer loop
      vertex 40.3121 29.3542 1.6
      vertex 44.6664 29.5479 1.6
      vertex 41.0306 30.1267 1.6
    endloop
  endfacet
  facet normal -0 0 1
    outer loop
      vertex 50.0624 34.3754 1.6
      vertex 50.2256 33.723 1.6
      vertex 50.2715 34.7122 1.6
    endloop
  endfacet
  facet normal -0 0 1
    outer loop
      vertex 49.7957 34.0773 1.6
      vertex 50.2256 33.723 1.6
      vertex 50.0624 34.3754 1.6
    endloop
  endfacet
  facet normal -0 0 1
    outer loop
      vertex 49.4715 33.8177 1.6
      vertex 50.2256 33.723 1.6
      vertex 49.7957 34.0773 1.6
    endloop
  endfacet
  facet normal 0 0 1
    outer loop
      vertex 50.2256 33.723 1.6
      vertex 49.4715 33.8177 1.6
      vertex 50.1066 32.8633 1.6
    endloop
  endfacet
  facet normal -0 0 1
    outer loop
      vertex 49.0896 33.5966 1.6
      vertex 50.1066 32.8633 1.6
      vertex 49.4715 33.8177 1.6
    endloop
  endfacet
  facet normal 0 0 1
    outer loop
      vertex 50.1066 32.8633 1.6
      vertex 49.0896 33.5966 1.6
      vertex 49.9147 32.1329 1.6
    endloop
  endfacet
  facet normal -0 0 1
    outer loop
      vertex 48.671 33.4201 1.6
      vertex 49.9147 32.1329 1.6
      vertex 49.0896 33.5966 1.6
    endloop
  endfacet
  facet normal 0 0 1
    outer loop
      vertex 49.9147 32.1329 1.6
      vertex 48.671 33.4201 1.6
      vertex 49.6498 31.5318 1.6
    endloop
  endfacet
  facet normal -0 0 1
    outer loop
      vertex 48.2364 33.294 1.6
      vertex 49.6498 31.5318 1.6
      vertex 48.671 33.4201 1.6
    endloop
  endfacet
  facet normal 0 0 1
    outer loop
      vertex 49.6498 31.5318 1.6
      vertex 48.2364 33.294 1.6
      vertex 49.316 31.0624 1.6
    endloop
  endfacet
  facet normal 0 0 1
    outer loop
      vertex 49.316 31.0624 1.6
      vertex 48.2364 33.294 1.6
      vertex 48.9176 30.7272 1.6
    endloop
  endfacet
  facet normal -0 0 1
    outer loop
      vertex 47.7857 33.2184 1.6
      vertex 48.9176 30.7272 1.6
      vertex 48.2364 33.294 1.6
    endloop
  endfacet
  facet normal 0 0 1
    outer loop
      vertex 48.9176 30.7272 1.6
      vertex 47.7857 33.2184 1.6
      vertex 48.4544 30.526 1.6
    endloop
  endfacet
  facet normal 0 0 1
    outer loop
      vertex 48.4544 30.526 1.6
      vertex 47.7857 33.2184 1.6
      vertex 47.9266 30.459 1.6
    endloop
  endfacet
  facet normal 0 0 1
    outer loop
      vertex 46.4634 31.244 1.6
      vertex 47.7857 33.2184 1.6
      vertex 47.3191 33.1932 1.6
    endloop
  endfacet
  facet normal 0 0 1
    outer loop
      vertex 47.7857 33.2184 1.6
      vertex 47.3178 30.5462 1.6
      vertex 47.9266 30.459 1.6
    endloop
  endfacet
  facet normal 0 0 1
    outer loop
      vertex 47.7857 33.2184 1.6
      vertex 46.8301 30.8079 1.6
      vertex 47.3178 30.5462 1.6
    endloop
  endfacet
  facet normal 0 0 1
    outer loop
      vertex 46.2178 31.8546 1.6
      vertex 47.3191 33.1932 1.6
      vertex 46.4815 33.2682 1.6
    endloop
  endfacet
  facet normal 0 0 1
    outer loop
      vertex 47.7857 33.2184 1.6
      vertex 46.4634 31.244 1.6
      vertex 46.8301 30.8079 1.6
    endloop
  endfacet
  facet normal 0 0 1
    outer loop
      vertex 47.3191 33.1932 1.6
      vertex 46.2178 31.8546 1.6
      vertex 46.4634 31.244 1.6
    endloop
  endfacet
  facet normal 0 0 1
    outer loop
      vertex 45.7348 33.4934 1.6
      vertex 46.2178 31.8546 1.6
      vertex 46.4815 33.2682 1.6
    endloop
  endfacet
  facet normal 0 0 1
    outer loop
      vertex 43.7114 31.5034 1.6
      vertex 45.7348 33.4934 1.6
      vertex 45.0788 33.8687 1.6
    endloop
  endfacet
  facet normal 0 0 1
    outer loop
      vertex 43.7114 31.5034 1.6
      vertex 45.0788 33.8687 1.6
      vertex 44.5136 34.3941 1.6
    endloop
  endfacet
  facet normal 0 0 1
    outer loop
      vertex 42.25 33.7848 1.6
      vertex 44.0588 35.0477 1.6
      vertex 42.3313 35.4527 1.6
    endloop
  endfacet
  facet normal 0 0 1
    outer loop
      vertex 45.7348 33.4934 1.6
      vertex 43.7114 31.5034 1.6
      vertex 46.2178 31.8546 1.6
    endloop
  endfacet
  facet normal -0 0 1
    outer loop
      vertex 42.3313 35.4527 1.6
      vertex 44.0588 35.0477 1.6
      vertex 43.734 35.8075 1.6
    endloop
  endfacet
  facet normal 0 0 1
    outer loop
      vertex 42.3313 35.4527 1.6
      vertex 43.734 35.8075 1.6
      vertex 43.5391 36.6735 1.6
    endloop
  endfacet
  facet normal 0 0 1
    outer loop
      vertex 44.5084 12.3963 1.6
      vertex 43.6569 14.2744 1.6
      vertex 43.72 13.5965 1.6
    endloop
  endfacet
  facet normal 0 0 1
    outer loop
      vertex 44.5084 17.4293 1.6
      vertex 43.4677 14.8379 1.6
      vertex 43.6569 14.2744 1.6
    endloop
  endfacet
  facet normal 0 0 1
    outer loop
      vertex 44.5084 17.4293 1.6
      vertex 43.1524 15.287 1.6
      vertex 43.4677 14.8379 1.6
    endloop
  endfacet
  facet normal 0 0 1
    outer loop
      vertex 44.5084 17.4293 1.6
      vertex 43.022 18.4415 1.6
      vertex 42.7173 15.6137 1.6
    endloop
  endfacet
  facet normal 0 0 1
    outer loop
      vertex 44.5084 17.4293 1.6
      vertex 42.7173 15.6137 1.6
      vertex 43.1524 15.287 1.6
    endloop
  endfacet
  facet normal 0 0 1
    outer loop
      vertex 43.022 18.4415 1.6
      vertex 42.1687 15.8097 1.6
      vertex 42.7173 15.6137 1.6
    endloop
  endfacet
  facet normal -0 0 1
    outer loop
      vertex 41.5222 21.565 1.6
      vertex 43.022 18.4415 1.6
      vertex 41.7878 23.2108 1.6
    endloop
  endfacet
  facet normal 0 0 1
    outer loop
      vertex 45.1307 29.1157 1.6
      vertex 40.3121 29.3542 1.6
      vertex 42.9515 23.2108 1.6
    endloop
  endfacet
  facet normal -0 0 1
    outer loop
      vertex 41.519 20.1133 1.6
      vertex 43.022 18.4415 1.6
      vertex 41.5905 20.8306 1.6
    endloop
  endfacet
  facet normal -0 0 1
    outer loop
      vertex 41.3045 19.5073 1.6
      vertex 43.022 18.4415 1.6
      vertex 41.519 20.1133 1.6
    endloop
  endfacet
  facet normal -0 0 1
    outer loop
      vertex 40.9469 19.0124 1.6
      vertex 43.022 18.4415 1.6
      vertex 41.3045 19.5073 1.6
    endloop
  endfacet
  facet normal -0 0 1
    outer loop
      vertex 40.4631 18.6463 1.6
      vertex 43.022 18.4415 1.6
      vertex 40.9469 19.0124 1.6
    endloop
  endfacet
  facet normal 0 0 1
    outer loop
      vertex 43.022 18.4415 1.6
      vertex 41.5066 15.875 1.6
      vertex 42.1687 15.8097 1.6
    endloop
  endfacet
  facet normal 0 0 1
    outer loop
      vertex 43.022 18.4415 1.6
      vertex 40.4631 18.6463 1.6
      vertex 41.5066 15.875 1.6
    endloop
  endfacet
  facet normal 0 0 1
    outer loop
      vertex 41.5066 15.875 1.6
      vertex 40.4631 18.6463 1.6
      vertex 40.8561 15.8074 1.6
    endloop
  endfacet
  facet normal -0 0 1
    outer loop
      vertex 39.8695 18.4266 1.6
      vertex 40.8561 15.8074 1.6
      vertex 40.4631 18.6463 1.6
    endloop
  endfacet
  facet normal 0 0 1
    outer loop
      vertex 40.8561 15.8074 1.6
      vertex 39.8695 18.4266 1.6
      vertex 40.3095 15.6046 1.6
    endloop
  endfacet
  facet normal -0 0 1
    outer loop
      vertex 38.5603 17.1241 1.6
      vertex 40.3095 15.6046 1.6
      vertex 39.8695 18.4266 1.6
    endloop
  endfacet
  facet normal 0 0 1
    outer loop
      vertex 40.3095 15.6046 1.6
      vertex 38.5603 17.1241 1.6
      vertex 39.8669 15.2667 1.6
    endloop
  endfacet
  facet normal 0 0 1
    outer loop
      vertex 39.8669 15.2667 1.6
      vertex 38.5603 17.1241 1.6
      vertex 39.5414 14.8108 1.6
    endloop
  endfacet
  facet normal 0 0 1
    outer loop
      vertex 39.5414 14.8108 1.6
      vertex 38.5603 17.1241 1.6
      vertex 39.3461 14.254 1.6
    endloop
  endfacet
  facet normal 0 0 1
    outer loop
      vertex 38.5603 17.1241 1.6
      vertex 39.8695 18.4266 1.6
      vertex 39.1662 18.3534 1.6
    endloop
  endfacet
  facet normal 0 0 1
    outer loop
      vertex 50.7041 11.436 1.6
      vertex 48.6284 14.2758 1.6
      vertex 48.6748 13.6087 1.6
    endloop
  endfacet
  facet normal 0 0 1
    outer loop
      vertex 49.0244 20.8482 1.6
      vertex 48.4894 14.8338 1.6
      vertex 48.6284 14.2758 1.6
    endloop
  endfacet
  facet normal 0 -0 1
    outer loop
      vertex 48.2577 15.283 1.6
      vertex 49.0244 20.8482 1.6
      vertex 47.6017 18.4415 1.6
    endloop
  endfacet
  facet normal 0 0 1
    outer loop
      vertex 49.0244 20.8482 1.6
      vertex 48.2577 15.283 1.6
      vertex 48.4894 14.8338 1.6
    endloop
  endfacet
  facet normal 0 0 1
    outer loop
      vertex 48.2577 15.283 1.6
      vertex 47.6017 18.4415 1.6
      vertex 47.9392 15.6119 1.6
    endloop
  endfacet
  facet normal 0 0 1
    outer loop
      vertex 47.6017 18.4415 1.6
      vertex 47.5398 15.8092 1.6
      vertex 47.9392 15.6119 1.6
    endloop
  endfacet
  facet normal 0 0 1
    outer loop
      vertex 47.6017 18.4415 1.6
      vertex 47.0595 15.875 1.6
      vertex 47.5398 15.8092 1.6
    endloop
  endfacet
  facet normal -0 0 1
    outer loop
      vertex 45.6517 17.4293 1.6
      vertex 47.0595 15.875 1.6
      vertex 47.6017 18.4415 1.6
    endloop
  endfacet
  facet normal 0 0 1
    outer loop
      vertex 45.6517 17.4293 1.6
      vertex 47.6017 18.4415 1.6
      vertex 46.2926 18.4415 1.6
    endloop
  endfacet
  facet normal 0 0 1
    outer loop
      vertex 47.0595 15.875 1.6
      vertex 45.6517 17.4293 1.6
      vertex 46.4492 15.7809 1.6
    endloop
  endfacet
  facet normal 0 0 1
    outer loop
      vertex 45.6517 15.7448 1.6
      vertex 46.4492 15.7809 1.6
      vertex 45.6517 17.4293 1.6
    endloop
  endfacet
  facet normal -0 0 1
    outer loop
      vertex 45.098 21.3419 1.6
      vertex 46.2926 18.4415 1.6
      vertex 45.5344 21.3507 1.6
    endloop
  endfacet
  facet normal 0 0 1
    outer loop
      vertex 45.098 21.3419 1.6
      vertex 45.5344 21.3507 1.6
      vertex 45.4879 21.5476 1.6
    endloop
  endfacet
  facet normal 0 0 1
    outer loop
      vertex 45.098 21.3419 1.6
      vertex 45.4879 21.5476 1.6
      vertex 45.4189 21.8738 1.6
    endloop
  endfacet
  facet normal 0 0 1
    outer loop
      vertex 45.098 21.3419 1.6
      vertex 45.4189 21.8738 1.6
      vertex 45.3273 22.3292 1.6
    endloop
  endfacet
  facet normal 0 0 1
    outer loop
      vertex 46.2926 18.4415 1.6
      vertex 45.098 21.3419 1.6
      vertex 44.3311 18.4415 1.6
    endloop
  endfacet
  facet normal 0 0 1
    outer loop
      vertex 46.2926 18.4415 1.6
      vertex 44.3311 18.4415 1.6
      vertex 45.6517 17.4293 1.6
    endloop
  endfacet
  facet normal -0 0 1
    outer loop
      vertex 43.6569 14.2744 1.6
      vertex 44.5084 12.3963 1.6
      vertex 44.5084 17.4293 1.6
    endloop
  endfacet
  facet normal -0 0 1
    outer loop
      vertex 43.654 12.9344 1.6
      vertex 44.5084 12.3963 1.6
      vertex 43.72 13.5965 1.6
    endloop
  endfacet
  facet normal 0 0 1
    outer loop
      vertex 43.456 12.375 1.6
      vertex 44.5084 12.3963 1.6
      vertex 43.654 12.9344 1.6
    endloop
  endfacet
  facet normal -0 0 1
    outer loop
      vertex 43.022 18.4415 1.6
      vertex 44.5084 17.4293 1.6
      vertex 44.3311 18.4415 1.6
    endloop
  endfacet
  facet normal 0 0 1
    outer loop
      vertex 45.6517 17.4293 1.6
      vertex 44.3311 18.4415 1.6
      vertex 44.5084 17.4293 1.6
    endloop
  endfacet
  facet normal 0 0 1
    outer loop
      vertex 46.4492 15.7809 1.6
      vertex 45.6517 15.7448 1.6
      vertex 45.9799 15.4988 1.6
    endloop
  endfacet
  facet normal 0 0 1
    outer loop
      vertex 45.6354 15.0287 1.6
      vertex 45.9799 15.4988 1.6
      vertex 45.6517 15.7448 1.6
    endloop
  endfacet
  facet normal 0 0 1
    outer loop
      vertex 45.9799 15.4988 1.6
      vertex 45.6354 15.0287 1.6
      vertex 45.6517 15.0287 1.6
    endloop
  endfacet
  facet normal 0 0 1
    outer loop
      vertex 48.4804 12.3709 1.6
      vertex 50.6017 11.1788 1.6
      vertex 50.7041 11.436 1.6
    endloop
  endfacet
  facet normal 0 -0 1
    outer loop
      vertex 49.6001 10.4997 1.6
      vertex 50.6017 11.1788 1.6
      vertex 49.4685 10.5106 1.6
    endloop
  endfacet
  facet normal 0 -0 1
    outer loop
      vertex 49.7235 10.4961 1.6
      vertex 50.5061 10.9767 1.6
      vertex 49.6001 10.4997 1.6
    endloop
  endfacet
  facet normal 0 -0 1
    outer loop
      vertex 49.877 10.5047 1.6
      vertex 50.4173 10.8298 1.6
      vertex 49.7235 10.4961 1.6
    endloop
  endfacet
  facet normal 0 0 1
    outer loop
      vertex 50.4173 10.8298 1.6
      vertex 49.877 10.5047 1.6
      vertex 50.3282 10.7217 1.6
    endloop
  endfacet
  facet normal 0 0 1
    outer loop
      vertex 50.3282 10.7217 1.6
      vertex 50.012 10.5305 1.6
      vertex 50.2319 10.6363 1.6
    endloop
  endfacet
  facet normal 0 0 1
    outer loop
      vertex 50.2319 10.6363 1.6
      vertex 50.012 10.5305 1.6
      vertex 50.1284 10.5735 1.6
    endloop
  endfacet
  facet normal 0 -0 1
    outer loop
      vertex 50.012 10.5305 1.6
      vertex 50.3282 10.7217 1.6
      vertex 49.877 10.5047 1.6
    endloop
  endfacet
  facet normal 0 0 1
    outer loop
      vertex 50.5061 10.9767 1.6
      vertex 49.7235 10.4961 1.6
      vertex 50.4173 10.8298 1.6
    endloop
  endfacet
  facet normal 0 0 1
    outer loop
      vertex 50.6017 11.1788 1.6
      vertex 49.6001 10.4997 1.6
      vertex 50.5061 10.9767 1.6
    endloop
  endfacet
  facet normal 0 0 1
    outer loop
      vertex 50.6017 11.1788 1.6
      vertex 49.3289 10.5287 1.6
      vertex 49.4685 10.5106 1.6
    endloop
  endfacet
  facet normal -0 0 1
    outer loop
      vertex 48.6262 12.9358 1.6
      vertex 50.7041 11.436 1.6
      vertex 48.6748 13.6087 1.6
    endloop
  endfacet
  facet normal -0 0 1
    outer loop
      vertex 48.6284 14.2758 1.6
      vertex 50.7041 11.436 1.6
      vertex 48.9627 15.7936 1.6
    endloop
  endfacet
  facet normal 0 0 1
    outer loop
      vertex 53.3837 20.5882 1.6
      vertex 52.1451 19.7506 1.6
      vertex 53.3132 19.6493 1.6
    endloop
  endfacet
  facet normal 0 0 1
    outer loop
      vertex 52.1451 19.7506 1.6
      vertex 51.7004 19.2453 1.6
      vertex 51.9766 19.4348 1.6
    endloop
  endfacet
  facet normal 0 0 1
    outer loop
      vertex 52.1451 19.7506 1.6
      vertex 51.3164 19.1821 1.6
      vertex 51.7004 19.2453 1.6
    endloop
  endfacet
  facet normal 0 0 1
    outer loop
      vertex 50.4393 19.8114 1.6
      vertex 51.3164 19.1821 1.6
      vertex 52.1451 19.7506 1.6
    endloop
  endfacet
  facet normal -0 0 1
    outer loop
      vertex 50.3247 20.5882 1.6
      vertex 52.1451 19.7506 1.6
      vertex 53.3837 20.5882 1.6
    endloop
  endfacet
  facet normal -0 -0 1
    outer loop
      vertex 50.3533 20.1618 1.6
      vertex 52.1451 19.7506 1.6
      vertex 50.3247 20.5882 1.6
    endloop
  endfacet
  facet normal -0 -0 1
    outer loop
      vertex 50.5825 19.5369 1.6
      vertex 51.3164 19.1821 1.6
      vertex 50.4393 19.8114 1.6
    endloop
  endfacet
  facet normal 0 0 1
    outer loop
      vertex 51.3164 19.1821 1.6
      vertex 50.5825 19.5369 1.6
      vertex 51.0233 19.2215 1.6
    endloop
  endfacet
  facet normal 0 0 1
    outer loop
      vertex 51.0233 19.2215 1.6
      vertex 50.5825 19.5369 1.6
      vertex 50.7787 19.3398 1.6
    endloop
  endfacet
  facet normal -0 -0 1
    outer loop
      vertex 50.4393 19.8114 1.6
      vertex 52.1451 19.7506 1.6
      vertex 50.3533 20.1618 1.6
    endloop
  endfacet
  facet normal -0 0 1
    outer loop
      vertex 53.3132 19.6493 1.6
      vertex 54.2052 18.4415 1.6
      vertex 53.3837 20.5882 1.6
    endloop
  endfacet
  facet normal -0 0 1
    outer loop
      vertex 52.8592 18.9294 1.6
      vertex 54.2052 18.4415 1.6
      vertex 53.3132 19.6493 1.6
    endloop
  endfacet
  facet normal -0 0 1
    outer loop
      vertex 52.173 18.4974 1.6
      vertex 54.2052 18.4415 1.6
      vertex 52.8592 18.9294 1.6
    endloop
  endfacet
  facet normal 0 0 1
    outer loop
      vertex 54.2052 18.4415 1.6
      vertex 52.173 18.4974 1.6
      vertex 53.4872 15.7936 1.6
    endloop
  endfacet
  facet normal 0 0 1
    outer loop
      vertex 53.4872 15.7936 1.6
      vertex 52.173 18.4974 1.6
      vertex 52.2909 15.7936 1.6
    endloop
  endfacet
  facet normal -0 0 1
    outer loop
      vertex 51.2547 18.3534 1.6
      vertex 52.2909 15.7936 1.6
      vertex 52.173 18.4974 1.6
    endloop
  endfacet
  facet normal 0 -0 1
    outer loop
      vertex 50.8628 13.7308 1.6
      vertex 52.2909 15.7936 1.6
      vertex 50.1711 15.7936 1.6
    endloop
  endfacet
  facet normal 0 -0 1
    outer loop
      vertex 50.9808 13.3827 1.6
      vertex 51.6399 13.7145 1.6
      vertex 50.8628 13.7308 1.6
    endloop
  endfacet
  facet normal 0 0 1
    outer loop
      vertex 52.2909 15.7936 1.6
      vertex 51.2547 18.3534 1.6
      vertex 50.1711 15.7936 1.6
    endloop
  endfacet
  facet normal 0 0 1
    outer loop
      vertex 51.3755 12.7584 1.6
      vertex 51.1178 12.9297 1.6
      vertex 51.2738 12.3718 1.6
    endloop
  endfacet
  facet normal 0 0 1
    outer loop
      vertex 51.6399 13.7145 1.6
      vertex 51.1178 12.9297 1.6
      vertex 51.3755 12.7584 1.6
    endloop
  endfacet
  facet normal 0 -0 1
    outer loop
      vertex 51.1178 12.9297 1.6
      vertex 51.6399 13.7145 1.6
      vertex 50.9808 13.3827 1.6
    endloop
  endfacet
  facet normal 0 0 1
    outer loop
      vertex 50.1711 15.7936 1.6
      vertex 51.2547 18.3534 1.6
      vertex 50.593 18.4242 1.6
    endloop
  endfacet
  facet normal 0 0 1
    outer loop
      vertex 52.2909 15.7936 1.6
      vertex 50.8628 13.7308 1.6
      vertex 51.6399 13.7145 1.6
    endloop
  endfacet
  facet normal 0 0 1
    outer loop
      vertex 50.0421 18.6365 1.6
      vertex 50.1711 15.7936 1.6
      vertex 50.593 18.4242 1.6
    endloop
  endfacet
  facet normal 0 0 1
    outer loop
      vertex 48.9627 15.7936 1.6
      vertex 50.0421 18.6365 1.6
      vertex 49.6018 18.9903 1.6
    endloop
  endfacet
  facet normal 0 0 1
    outer loop
      vertex 48.9627 15.7936 1.6
      vertex 49.6018 18.9903 1.6
      vertex 49.281 19.4798 1.6
    endloop
  endfacet
  facet normal 0 0 1
    outer loop
      vertex 48.9627 15.7936 1.6
      vertex 49.281 19.4798 1.6
      vertex 49.0885 20.0991 1.6
    endloop
  endfacet
  facet normal 0 0 1
    outer loop
      vertex 50.0421 18.6365 1.6
      vertex 48.9627 15.7936 1.6
      vertex 50.1711 15.7936 1.6
    endloop
  endfacet
  facet normal 0 0 1
    outer loop
      vertex 48.6284 14.2758 1.6
      vertex 49.0885 20.0991 1.6
      vertex 49.0244 20.8482 1.6
    endloop
  endfacet
  facet normal 0 0 1
    outer loop
      vertex 54.272 31.5034 1.6
      vertex 52.8415 22.6179 1.6
      vertex 53.1428 22.0936 1.6
    endloop
  endfacet
  facet normal -0 0 1
    outer loop
      vertex 52.5667 32.3411 1.6
      vertex 54.272 31.5034 1.6
      vertex 52.8106 33.7848 1.6
    endloop
  endfacet
  facet normal 0 0 1
    outer loop
      vertex 52.1602 31.1218 1.6
      vertex 54.272 31.5034 1.6
      vertex 52.5667 32.3411 1.6
    endloop
  endfacet
  facet normal 0 0 1
    outer loop
      vertex 51.5912 30.1267 1.6
      vertex 54.272 31.5034 1.6
      vertex 52.1602 31.1218 1.6
    endloop
  endfacet
  facet normal 0 -0 1
    outer loop
      vertex 52.4262 22.9962 1.6
      vertex 54.272 31.5034 1.6
      vertex 51.5912 30.1267 1.6
    endloop
  endfacet
  facet normal 0 0 1
    outer loop
      vertex 54.272 31.5034 1.6
      vertex 52.4262 22.9962 1.6
      vertex 52.8415 22.6179 1.6
    endloop
  endfacet
  facet normal -0 0 1
    outer loop
      vertex 50.8726 29.3542 1.6
      vertex 52.4262 22.9962 1.6
      vertex 51.5912 30.1267 1.6
    endloop
  endfacet
  facet normal 0 0 1
    outer loop
      vertex 52.4262 22.9962 1.6
      vertex 50.8726 29.3542 1.6
      vertex 51.9031 23.2232 1.6
    endloop
  endfacet
  facet normal -0 0 1
    outer loop
      vertex 50.0176 28.8024 1.6
      vertex 51.9031 23.2232 1.6
      vertex 50.8726 29.3542 1.6
    endloop
  endfacet
  facet normal 0 0 1
    outer loop
      vertex 51.9031 23.2232 1.6
      vertex 50.0176 28.8024 1.6
      vertex 51.2723 23.2989 1.6
    endloop
  endfacet
  facet normal 0 0 1
    outer loop
      vertex 51.2723 23.2989 1.6
      vertex 50.0176 28.8024 1.6
      vertex 50.6097 23.2284 1.6
    endloop
  endfacet
  facet normal -0 0 1
    outer loop
      vertex 49.0261 28.4713 1.6
      vertex 50.6097 23.2284 1.6
      vertex 50.0176 28.8024 1.6
    endloop
  endfacet
  facet normal 0 0 1
    outer loop
      vertex 48.8535 23.2108 1.6
      vertex 50.6097 23.2284 1.6
      vertex 49.0261 28.4713 1.6
    endloop
  endfacet
  facet normal 0 0 1
    outer loop
      vertex 50.0558 23.0168 1.6
      vertex 48.8535 23.2108 1.6
      vertex 49.6106 22.6642 1.6
    endloop
  endfacet
  facet normal 0 0 1
    outer loop
      vertex 49.6106 22.6642 1.6
      vertex 48.8535 23.2108 1.6
      vertex 49.2849 22.1803 1.6
    endloop
  endfacet
  facet normal 0 0 1
    outer loop
      vertex 50.6097 23.2284 1.6
      vertex 48.8535 23.2108 1.6
      vertex 50.0558 23.0168 1.6
    endloop
  endfacet
  facet normal 0 0 1
    outer loop
      vertex 49.2849 22.1803 1.6
      vertex 48.8535 23.2108 1.6
      vertex 49.0895 21.575 1.6
    endloop
  endfacet
  facet normal 0 0 1
    outer loop
      vertex 47.6017 18.4415 1.6
      vertex 49.0895 21.575 1.6
      vertex 48.8535 23.2108 1.6
    endloop
  endfacet
  facet normal 0 0 1
    outer loop
      vertex 49.0895 21.575 1.6
      vertex 47.6017 18.4415 1.6
      vertex 49.0244 20.8482 1.6
    endloop
  endfacet
  facet normal -0 0 1
    outer loop
      vertex 47.8981 28.3609 1.6
      vertex 48.8535 23.2108 1.6
      vertex 49.0261 28.4713 1.6
    endloop
  endfacet
  facet normal 0 0 1
    outer loop
      vertex 47.8981 28.3609 1.6
      vertex 47.7075 23.2108 1.6
      vertex 48.8535 23.2108 1.6
    endloop
  endfacet
  facet normal 0 0 1
    outer loop
      vertex 47.063 28.4081 1.6
      vertex 47.7075 23.2108 1.6
      vertex 47.8981 28.3609 1.6
    endloop
  endfacet
  facet normal 0 0 1
    outer loop
      vertex 45.9841 23.2108 1.6
      vertex 47.7075 23.2108 1.6
      vertex 47.063 28.4081 1.6
    endloop
  endfacet
  facet normal 0 -0 1
    outer loop
      vertex 46.7158 20.4074 1.6
      vertex 47.7075 23.2108 1.6
      vertex 45.9841 23.2108 1.6
    endloop
  endfacet
  facet normal 0 0 1
    outer loop
      vertex 47.0199 20.1473 1.6
      vertex 46.8235 19.9314 1.6
      vertex 46.8965 19.5655 1.6
    endloop
  endfacet
  facet normal 0 0 1
    outer loop
      vertex 47.0199 20.1473 1.6
      vertex 46.7632 20.212 1.6
      vertex 46.8235 19.9314 1.6
    endloop
  endfacet
  facet normal 0 0 1
    outer loop
      vertex 47.0199 20.1473 1.6
      vertex 46.7158 20.4074 1.6
      vertex 46.7632 20.212 1.6
    endloop
  endfacet
  facet normal 0 0 1
    outer loop
      vertex 45.9841 23.2108 1.6
      vertex 47.063 28.4081 1.6
      vertex 46.3233 28.5496 1.6
    endloop
  endfacet
  facet normal 0 0 1
    outer loop
      vertex 47.7075 23.2108 1.6
      vertex 46.7158 20.4074 1.6
      vertex 47.0199 20.1473 1.6
    endloop
  endfacet
  facet normal 0 0 1
    outer loop
      vertex 44.6573 23.2108 1.6
      vertex 46.3233 28.5496 1.6
      vertex 45.6793 28.7855 1.6
    endloop
  endfacet
  facet normal 0 0 1
    outer loop
      vertex 44.6573 23.2108 1.6
      vertex 45.6793 28.7855 1.6
      vertex 45.1307 29.1157 1.6
    endloop
  endfacet
  facet normal -0 0 1
    outer loop
      vertex 40.3121 29.3542 1.6
      vertex 45.1307 29.1157 1.6
      vertex 44.6664 29.5479 1.6
    endloop
  endfacet
  facet normal 0 0 1
    outer loop
      vertex 46.3233 28.5496 1.6
      vertex 44.6573 23.2108 1.6
      vertex 45.9841 23.2108 1.6
    endloop
  endfacet
  facet normal 0 0 1
    outer loop
      vertex 41.0306 30.1267 1.6
      vertex 44.6664 29.5479 1.6
      vertex 44.2751 30.09 1.6
    endloop
  endfacet
  facet normal -0 0 1
    outer loop
      vertex 41.0306 30.1267 1.6
      vertex 44.2751 30.09 1.6
      vertex 43.9568 30.7418 1.6
    endloop
  endfacet
  facet normal 0 0 1
    outer loop
      vertex 45.1307 29.1157 1.6
      vertex 42.9515 23.2108 1.6
      vertex 44.6573 23.2108 1.6
    endloop
  endfacet
  facet normal 0 0 1
    outer loop
      vertex 44.6573 23.2108 1.6
      vertex 42.9515 23.2108 1.6
      vertex 43.9079 20.4074 1.6
    endloop
  endfacet
  facet normal 0 0 1
    outer loop
      vertex 43.9079 20.4074 1.6
      vertex 42.9515 23.2108 1.6
      vertex 43.7978 19.8917 1.6
    endloop
  endfacet
  facet normal -0 0 1
    outer loop
      vertex 42.0062 32.3411 1.6
      vertex 43.7114 31.5034 1.6
      vertex 42.25 33.7848 1.6
    endloop
  endfacet
  facet normal 0 0 1
    outer loop
      vertex 44.0588 35.0477 1.6
      vertex 42.25 33.7848 1.6
      vertex 44.5136 34.3941 1.6
    endloop
  endfacet
  facet normal -0 0 1
    outer loop
      vertex 42.2581 37.0189 1.6
      vertex 43.5391 36.6735 1.6
      vertex 43.4741 37.6457 1.6
    endloop
  endfacet
  facet normal 0 0 1
    outer loop
      vertex 43.7978 19.8917 1.6
      vertex 42.9515 23.2108 1.6
      vertex 43.736 19.5655 1.6
    endloop
  endfacet
  facet normal 0 0 1
    outer loop
      vertex 53.3837 20.6234 1.6
      vertex 54.2052 22.0912 1.6
      vertex 54.2039 22.3383 1.6
    endloop
  endfacet
  facet normal -0 0 1
    outer loop
      vertex 60.623 34.3754 1.6
      vertex 60.7861 33.723 1.6
      vertex 60.8321 34.7122 1.6
    endloop
  endfacet
  facet normal -0 0 1
    outer loop
      vertex 60.3563 34.0773 1.6
      vertex 60.7861 33.723 1.6
      vertex 60.623 34.3754 1.6
    endloop
  endfacet
  facet normal -0 0 1
    outer loop
      vertex 60.032 33.8177 1.6
      vertex 60.7861 33.723 1.6
      vertex 60.3563 34.0773 1.6
    endloop
  endfacet
  facet normal 0 0 1
    outer loop
      vertex 60.7861 33.723 1.6
      vertex 60.032 33.8177 1.6
      vertex 60.6672 32.8633 1.6
    endloop
  endfacet
  facet normal -0 0 1
    outer loop
      vertex 59.6502 33.5966 1.6
      vertex 60.6672 32.8633 1.6
      vertex 60.032 33.8177 1.6
    endloop
  endfacet
  facet normal 0 0 1
    outer loop
      vertex 60.6672 32.8633 1.6
      vertex 59.6502 33.5966 1.6
      vertex 60.4753 32.1329 1.6
    endloop
  endfacet
  facet normal -0 0 1
    outer loop
      vertex 59.2316 33.4201 1.6
      vertex 60.4753 32.1329 1.6
      vertex 59.6502 33.5966 1.6
    endloop
  endfacet
  facet normal 0 0 1
    outer loop
      vertex 60.4753 32.1329 1.6
      vertex 59.2316 33.4201 1.6
      vertex 60.2103 31.5318 1.6
    endloop
  endfacet
  facet normal -0 0 1
    outer loop
      vertex 58.7969 33.294 1.6
      vertex 60.2103 31.5318 1.6
      vertex 59.2316 33.4201 1.6
    endloop
  endfacet
  facet normal 0 0 1
    outer loop
      vertex 60.2103 31.5318 1.6
      vertex 58.7969 33.294 1.6
      vertex 59.8766 31.0624 1.6
    endloop
  endfacet
  facet normal 0 0 1
    outer loop
      vertex 59.8766 31.0624 1.6
      vertex 58.7969 33.294 1.6
      vertex 59.4781 30.7272 1.6
    endloop
  endfacet
  facet normal -0 0 1
    outer loop
      vertex 58.3463 33.2184 1.6
      vertex 59.4781 30.7272 1.6
      vertex 58.7969 33.294 1.6
    endloop
  endfacet
  facet normal 0 0 1
    outer loop
      vertex 59.4781 30.7272 1.6
      vertex 58.3463 33.2184 1.6
      vertex 59.015 30.526 1.6
    endloop
  endfacet
  facet normal 0 0 1
    outer loop
      vertex 59.015 30.526 1.6
      vertex 58.3463 33.2184 1.6
      vertex 58.4872 30.459 1.6
    endloop
  endfacet
  facet normal 0 0 1
    outer loop
      vertex 57.024 31.244 1.6
      vertex 58.3463 33.2184 1.6
      vertex 57.8796 33.1932 1.6
    endloop
  endfacet
  facet normal 0 0 1
    outer loop
      vertex 58.3463 33.2184 1.6
      vertex 57.8784 30.5462 1.6
      vertex 58.4872 30.459 1.6
    endloop
  endfacet
  facet normal 0 0 1
    outer loop
      vertex 58.3463 33.2184 1.6
      vertex 57.3907 30.8079 1.6
      vertex 57.8784 30.5462 1.6
    endloop
  endfacet
  facet normal 0 0 1
    outer loop
      vertex 56.7784 31.8546 1.6
      vertex 57.8796 33.1932 1.6
      vertex 57.0421 33.2682 1.6
    endloop
  endfacet
  facet normal 0 0 1
    outer loop
      vertex 58.3463 33.2184 1.6
      vertex 57.024 31.244 1.6
      vertex 57.3907 30.8079 1.6
    endloop
  endfacet
  facet normal 0 0 1
    outer loop
      vertex 57.8796 33.1932 1.6
      vertex 56.7784 31.8546 1.6
      vertex 57.024 31.244 1.6
    endloop
  endfacet
  facet normal 0 0 1
    outer loop
      vertex 56.2953 33.4934 1.6
      vertex 56.7784 31.8546 1.6
      vertex 57.0421 33.2682 1.6
    endloop
  endfacet
  facet normal 0 0 1
    outer loop
      vertex 54.272 31.5034 1.6
      vertex 56.2953 33.4934 1.6
      vertex 55.6394 33.8687 1.6
    endloop
  endfacet
  facet normal 0 0 1
    outer loop
      vertex 54.272 31.5034 1.6
      vertex 55.6394 33.8687 1.6
      vertex 55.0742 34.3941 1.6
    endloop
  endfacet
  facet normal 0 0 1
    outer loop
      vertex 52.8106 33.7848 1.6
      vertex 54.6194 35.0477 1.6
      vertex 52.8919 35.4527 1.6
    endloop
  endfacet
  facet normal 0 0 1
    outer loop
      vertex 56.2953 33.4934 1.6
      vertex 54.272 31.5034 1.6
      vertex 56.7784 31.8546 1.6
    endloop
  endfacet
  facet normal -0 0 1
    outer loop
      vertex 52.8919 35.4527 1.6
      vertex 54.6194 35.0477 1.6
      vertex 54.2945 35.8075 1.6
    endloop
  endfacet
  facet normal 0 0 1
    outer loop
      vertex 54.6194 35.0477 1.6
      vertex 52.8106 33.7848 1.6
      vertex 55.0742 34.3941 1.6
    endloop
  endfacet
  facet normal 0 0 1
    outer loop
      vertex 52.8919 35.4527 1.6
      vertex 54.2945 35.8075 1.6
      vertex 54.0996 36.6735 1.6
    endloop
  endfacet
  facet normal 0 0 1
    outer loop
      vertex 56.7162 23.296 1.6
      vertex 57.6235 28.4081 1.6
      vertex 56.8839 28.5496 1.6
    endloop
  endfacet
  facet normal 0 0 1
    outer loop
      vertex 57.6235 28.4081 1.6
      vertex 56.844 23.2739 1.6
      vertex 56.9512 23.2372 1.6
    endloop
  endfacet
  facet normal 0 0 1
    outer loop
      vertex 57.6235 28.4081 1.6
      vertex 56.7162 23.296 1.6
      vertex 56.844 23.2739 1.6
    endloop
  endfacet
  facet normal 0 0 1
    outer loop
      vertex 56.8839 28.5496 1.6
      vertex 56.5678 23.3033 1.6
      vertex 56.7162 23.296 1.6
    endloop
  endfacet
  facet normal 0 0 1
    outer loop
      vertex 56.8839 28.5496 1.6
      vertex 56.3846 23.2923 1.6
      vertex 56.5678 23.3033 1.6
    endloop
  endfacet
  facet normal 0 0 1
    outer loop
      vertex 55.3512 23.2108 1.6
      vertex 56.8839 28.5496 1.6
      vertex 56.2398 28.7855 1.6
    endloop
  endfacet
  facet normal 0 0 1
    outer loop
      vertex 56.8839 28.5496 1.6
      vertex 56.223 23.2593 1.6
      vertex 56.3846 23.2923 1.6
    endloop
  endfacet
  facet normal 0 0 1
    outer loop
      vertex 56.8839 28.5496 1.6
      vertex 55.3512 23.2108 1.6
      vertex 56.223 23.2593 1.6
    endloop
  endfacet
  facet normal 0 0 1
    outer loop
      vertex 56.223 23.2593 1.6
      vertex 55.3512 23.2108 1.6
      vertex 56.0829 23.2041 1.6
    endloop
  endfacet
  facet normal 0 0 1
    outer loop
      vertex 56.0829 23.2041 1.6
      vertex 55.3512 23.2108 1.6
      vertex 55.9595 23.1263 1.6
    endloop
  endfacet
  facet normal 0 0 1
    outer loop
      vertex 55.9595 23.1263 1.6
      vertex 55.3512 23.2108 1.6
      vertex 55.8478 23.0249 1.6
    endloop
  endfacet
  facet normal 0 0 1
    outer loop
      vertex 54.1699 23.2108 1.6
      vertex 56.2398 28.7855 1.6
      vertex 55.6913 29.1157 1.6
    endloop
  endfacet
  facet normal -0 -0 1
    outer loop
      vertex 55.361 23.1219 1.6
      vertex 55.8478 23.0249 1.6
      vertex 55.3512 23.2108 1.6
    endloop
  endfacet
  facet normal 0 0 1
    outer loop
      vertex 55.8478 23.0249 1.6
      vertex 55.361 23.1219 1.6
      vertex 55.7479 22.9 1.6
    endloop
  endfacet
  facet normal -0 -0 1
    outer loop
      vertex 55.3728 22.961 1.6
      vertex 55.7479 22.9 1.6
      vertex 55.361 23.1219 1.6
    endloop
  endfacet
  facet normal 0 -0 1
    outer loop
      vertex 55.3987 22.4894 1.6
      vertex 55.5422 22.4945 1.6
      vertex 55.3865 22.7281 1.6
    endloop
  endfacet
  facet normal 0 0 1
    outer loop
      vertex 55.4261 22.1925 1.6
      vertex 55.406 22.3108 1.6
      vertex 55.4085 22.1925 1.6
    endloop
  endfacet
  facet normal 0 0 1
    outer loop
      vertex 55.5422 22.4945 1.6
      vertex 55.406 22.3108 1.6
      vertex 55.4261 22.1925 1.6
    endloop
  endfacet
  facet normal 0 -0 1
    outer loop
      vertex 55.406 22.3108 1.6
      vertex 55.5422 22.4945 1.6
      vertex 55.3987 22.4894 1.6
    endloop
  endfacet
  facet normal 0 0 1
    outer loop
      vertex 55.6495 22.7303 1.6
      vertex 55.3865 22.7281 1.6
      vertex 55.5422 22.4945 1.6
    endloop
  endfacet
  facet normal 0 -0 1
    outer loop
      vertex 55.3865 22.7281 1.6
      vertex 55.6495 22.7303 1.6
      vertex 55.3728 22.961 1.6
    endloop
  endfacet
  facet normal 0 0 1
    outer loop
      vertex 55.7479 22.9 1.6
      vertex 55.3728 22.961 1.6
      vertex 55.6495 22.7303 1.6
    endloop
  endfacet
  facet normal 0 0 1
    outer loop
      vertex 54.1699 23.2108 1.6
      vertex 55.6913 29.1157 1.6
      vertex 55.227 29.5479 1.6
    endloop
  endfacet
  facet normal 0 0 1
    outer loop
      vertex 54.1699 23.2108 1.6
      vertex 55.227 29.5479 1.6
      vertex 54.8357 30.09 1.6
    endloop
  endfacet
  facet normal 0 0 1
    outer loop
      vertex 54.1699 23.2108 1.6
      vertex 54.8357 30.09 1.6
      vertex 54.5173 30.7418 1.6
    endloop
  endfacet
  facet normal 0 0 1
    outer loop
      vertex 54.1699 23.2108 1.6
      vertex 54.5173 30.7418 1.6
      vertex 54.272 31.5034 1.6
    endloop
  endfacet
  facet normal 0 0 1
    outer loop
      vertex 56.2398 28.7855 1.6
      vertex 54.1699 23.2108 1.6
      vertex 55.3512 23.2108 1.6
    endloop
  endfacet
  facet normal 0 0 1
    outer loop
      vertex 51.2674 10.2624 1.6
      vertex 63.9879 5.33351 1.6
      vertex 63.9862 5.54811 1.6
    endloop
  endfacet
  facet normal -0 0 1
    outer loop
      vertex 64.7864 4.96797 1.6
      vertex 65.7158 4.70148 1.6
      vertex 65.6045 5.28128 1.6
    endloop
  endfacet
  facet normal -0 0 1
    outer loop
      vertex 66.5183 5.00224 1.6
      vertex 67.4382 4.70148 1.6
      vertex 67.327 5.28128 1.6
    endloop
  endfacet
  facet normal 0 0 1
    outer loop
      vertex 74.2352 5.25484 1.6
      vertex 74.8981 5.47455 1.6
      vertex 74.5264 5.47455 1.6
    endloop
  endfacet
  facet normal 0 0 1
    outer loop
      vertex 79.165 4.37599 1.6
      vertex 78.4027 3.8606 1.6
      vertex 79.1216 3.79823 1.6
    endloop
  endfacet
  facet normal 0 0 1
    outer loop
      vertex 78.4027 3.8606 1.6
      vertex 77.8928 3.51071 1.6
      vertex 78.2224 3.59818 1.6
    endloop
  endfacet
  facet normal -0 0 1
    outer loop
      vertex 77.4412 3.72903 1.6
      vertex 77.8928 3.51071 1.6
      vertex 78.4027 3.8606 1.6
    endloop
  endfacet
  facet normal -0 0 1
    outer loop
      vertex 77.2825 4.37599 1.6
      vertex 78.4027 3.8606 1.6
      vertex 79.165 4.37599 1.6
    endloop
  endfacet
  facet normal -0 -0 1
    outer loop
      vertex 77.3222 3.99995 1.6
      vertex 78.4027 3.8606 1.6
      vertex 77.2825 4.37599 1.6
    endloop
  endfacet
  facet normal 0 0 1
    outer loop
      vertex 77.8928 3.51071 1.6
      vertex 77.4412 3.72903 1.6
      vertex 77.6334 3.56529 1.6
    endloop
  endfacet
  facet normal 0 -0 1
    outer loop
      vertex 77.4412 3.72903 1.6
      vertex 78.4027 3.8606 1.6
      vertex 77.3222 3.99995 1.6
    endloop
  endfacet
  facet normal -0 0 1
    outer loop
      vertex 75.6521 5.47455 1.6
      vertex 76.4823 4.53603 1.6
      vertex 76.2082 5.47455 1.6
    endloop
  endfacet
  facet normal 0 0 1
    outer loop
      vertex 76.4823 4.53603 1.6
      vertex 75.6521 3.95012 1.6
      vertex 76.2407 3.57036 1.6
    endloop
  endfacet
  facet normal 0 0 1
    outer loop
      vertex 76.2407 3.57036 1.6
      vertex 75.6521 3.95012 1.6
      vertex 76.0943 3.54189 1.6
    endloop
  endfacet
  facet normal 0 0 1
    outer loop
      vertex 76.0943 3.54189 1.6
      vertex 75.6521 3.95012 1.6
      vertex 75.9857 3.53239 1.6
    endloop
  endfacet
  facet normal -0 -0 1
    outer loop
      vertex 75.6725 3.76398 1.6
      vertex 75.9857 3.53239 1.6
      vertex 75.6521 3.95012 1.6
    endloop
  endfacet
  facet normal 0 0 1
    outer loop
      vertex 75.9857 3.53239 1.6
      vertex 75.6725 3.76398 1.6
      vertex 75.8372 3.55782 1.6
    endloop
  endfacet
  facet normal 0 0 1
    outer loop
      vertex 76.4823 4.53603 1.6
      vertex 75.6521 5.47455 1.6
      vertex 75.6521 3.95012 1.6
    endloop
  endfacet
  facet normal 0 0 1
    outer loop
      vertex 75.8372 3.55782 1.6
      vertex 75.6725 3.76398 1.6
      vertex 75.7335 3.63411 1.6
    endloop
  endfacet
  facet normal 0 0 1
    outer loop
      vertex 76.2082 5.98991 1.6
      vertex 75.6521 6.67891 1.6
      vertex 75.6521 5.98991 1.6
    endloop
  endfacet
  facet normal 0 0 1
    outer loop
      vertex 74.8981 5.47455 1.6
      vertex 74.2067 4.32579 1.6
      vertex 74.2789 4.14168 1.6
    endloop
  endfacet
  facet normal 0 0 1
    outer loop
      vertex 74.2352 5.25484 1.6
      vertex 74.0942 4.47261 1.6
      vertex 74.2067 4.32579 1.6
    endloop
  endfacet
  facet normal 0 0 1
    outer loop
      vertex 74.2352 5.25484 1.6
      vertex 73.949 4.59027 1.6
      vertex 74.0942 4.47261 1.6
    endloop
  endfacet
  facet normal 0 0 1
    outer loop
      vertex 74.2352 5.25484 1.6
      vertex 73.7612 4.68622 1.6
      vertex 73.949 4.59027 1.6
    endloop
  endfacet
  facet normal -0 0 1
    outer loop
      vertex 73.5598 5.18431 1.6
      vertex 73.7612 4.68622 1.6
      vertex 74.2352 5.25484 1.6
    endloop
  endfacet
  facet normal 0 0 1
    outer loop
      vertex 73.5598 5.18431 1.6
      vertex 73.5204 4.76791 1.6
      vertex 73.7612 4.68622 1.6
    endloop
  endfacet
  facet normal 0 0 1
    outer loop
      vertex 73.234 4.84151 1.6
      vertex 73.5598 5.18431 1.6
      vertex 73.5035 5.34061 1.6
    endloop
  endfacet
  facet normal 0 0 1
    outer loop
      vertex 73.234 4.84151 1.6
      vertex 73.5035 5.34061 1.6
      vertex 73.3997 5.45148 1.6
    endloop
  endfacet
  facet normal 0 0 1
    outer loop
      vertex 73.234 4.84151 1.6
      vertex 73.3997 5.45148 1.6
      vertex 73.2349 5.51759 1.6
    endloop
  endfacet
  facet normal 0 0 1
    outer loop
      vertex 73.5598 5.18431 1.6
      vertex 73.234 4.84151 1.6
      vertex 73.5204 4.76791 1.6
    endloop
  endfacet
  facet normal 0 0 1
    outer loop
      vertex 72.9088 4.91307 1.6
      vertex 73.2349 5.51759 1.6
      vertex 72.9956 5.53963 1.6
    endloop
  endfacet
  facet normal 0 0 1
    outer loop
      vertex 73.2349 5.51759 1.6
      vertex 72.9088 4.91307 1.6
      vertex 73.234 4.84151 1.6
    endloop
  endfacet
  facet normal -0 0 1
    outer loop
      vertex 72.7582 5.52234 1.6
      vertex 72.9088 4.91307 1.6
      vertex 72.9956 5.53963 1.6
    endloop
  endfacet
  facet normal 0 0 1
    outer loop
      vertex 72.7582 5.52234 1.6
      vertex 72.6976 4.96832 1.6
      vertex 72.9088 4.91307 1.6
    endloop
  endfacet
  facet normal -0 0 1
    outer loop
      vertex 72.5887 5.47047 1.6
      vertex 72.6976 4.96832 1.6
      vertex 72.7582 5.52234 1.6
    endloop
  endfacet
  facet normal 0 0 1
    outer loop
      vertex 72.5887 5.47047 1.6
      vertex 72.5575 5.03647 1.6
      vertex 72.6976 4.96832 1.6
    endloop
  endfacet
  facet normal 0 0 1
    outer loop
      vertex 72.4531 5.23856 1.6
      vertex 72.5887 5.47047 1.6
      vertex 72.487 5.37791 1.6
    endloop
  endfacet
  facet normal 0 0 1
    outer loop
      vertex 72.5887 5.47047 1.6
      vertex 72.4531 5.23856 1.6
      vertex 72.5575 5.03647 1.6
    endloop
  endfacet
  facet normal 0 0 1
    outer loop
      vertex 72.5575 5.03647 1.6
      vertex 72.4531 5.23856 1.6
      vertex 72.4792 5.1243 1.6
    endloop
  endfacet
  facet normal 0 0 1
    outer loop
      vertex 73.4852 4.0654 1.6
      vertex 73.6032 3.84163 1.6
      vertex 73.5737 3.96809 1.6
    endloop
  endfacet
  facet normal 0 0 1
    outer loop
      vertex 73.4567 3.58664 1.6
      vertex 73.6032 3.84163 1.6
      vertex 73.4852 4.0654 1.6
    endloop
  endfacet
  facet normal 0 0 1
    outer loop
      vertex 73.6032 3.84163 1.6
      vertex 73.4567 3.58664 1.6
      vertex 73.5666 3.69109 1.6
    endloop
  endfacet
  facet normal 0 0 1
    outer loop
      vertex 73.3262 4.14168 1.6
      vertex 73.4567 3.58664 1.6
      vertex 73.4852 4.0654 1.6
    endloop
  endfacet
  facet normal 0 0 1
    outer loop
      vertex 73.3262 4.14168 1.6
      vertex 73.2668 3.52562 1.6
      vertex 73.4567 3.58664 1.6
    endloop
  endfacet
  facet normal 0 0 1
    outer loop
      vertex 73.0851 4.20511 1.6
      vertex 73.2668 3.52562 1.6
      vertex 73.3262 4.14168 1.6
    endloop
  endfacet
  facet normal 0 0 1
    outer loop
      vertex 73.0851 4.20511 1.6
      vertex 72.9902 3.50528 1.6
      vertex 73.2668 3.52562 1.6
    endloop
  endfacet
  facet normal 0 0 1
    outer loop
      vertex 73.0851 4.20511 1.6
      vertex 72.6948 3.52698 1.6
      vertex 72.9902 3.50528 1.6
    endloop
  endfacet
  facet normal 0 0 1
    outer loop
      vertex 72.5446 4.32819 1.6
      vertex 72.6948 3.52698 1.6
      vertex 73.0851 4.20511 1.6
    endloop
  endfacet
  facet normal -0 0 1
    outer loop
      vertex 72.3842 3.70938 1.6
      vertex 72.6948 3.52698 1.6
      vertex 72.5446 4.32819 1.6
    endloop
  endfacet
  facet normal 0 0 1
    outer loop
      vertex 72.6948 3.52698 1.6
      vertex 72.3842 3.70938 1.6
      vertex 72.5032 3.59207 1.6
    endloop
  endfacet
  facet normal 0 0 1
    outer loop
      vertex 72.5446 4.32819 1.6
      vertex 72.3066 3.88771 1.6
      vertex 72.3842 3.70938 1.6
    endloop
  endfacet
  facet normal 0 0 1
    outer loop
      vertex 72.2144 4.44243 1.6
      vertex 72.3066 3.88771 1.6
      vertex 72.5446 4.32819 1.6
    endloop
  endfacet
  facet normal 0 0 1
    outer loop
      vertex 71.6366 3.78735 1.6
      vertex 72.2144 4.44243 1.6
      vertex 72.016 4.56857 1.6
    endloop
  endfacet
  facet normal 0 0 1
    outer loop
      vertex 71.6366 3.78735 1.6
      vertex 72.016 4.56857 1.6
      vertex 71.8712 4.72723 1.6
    endloop
  endfacet
  facet normal 0 0 1
    outer loop
      vertex 72.2144 4.44243 1.6
      vertex 71.6366 3.78735 1.6
      vertex 72.3066 3.88771 1.6
    endloop
  endfacet
  facet normal 0 0 1
    outer loop
      vertex 70.3906 4.57944 1.6
      vertex 71.8712 4.72723 1.6
      vertex 71.7827 4.9222 1.6
    endloop
  endfacet
  facet normal 0 0 1
    outer loop
      vertex 70.3906 4.57944 1.6
      vertex 71.7827 4.9222 1.6
      vertex 71.7532 5.1572 1.6
    endloop
  endfacet
  facet normal 0 0 1
    outer loop
      vertex 71.6366 3.78735 1.6
      vertex 70.3906 4.57944 1.6
      vertex 71.4728 3.05499 1.6
    endloop
  endfacet
  facet normal -0 0 1
    outer loop
      vertex 68.1387 5.4003 1.6
      vertex 69.5361 4.57127 1.6
      vertex 68.5135 5.98991 1.6
    endloop
  endfacet
  facet normal 0 0 1
    outer loop
      vertex 79.165 4.39767 1.6
      vertex 79.6705 5.30095 1.6
      vertex 79.6688 5.52235 1.6
    endloop
  endfacet
  facet normal 0 0 1
    outer loop
      vertex 83.257 53.9751 1.6
      vertex 85.6 51.48 1.6
      vertex 85.5803 51.7933 1.6
    endloop
  endfacet
  facet normal 0 0 1
    outer loop
      vertex 85.6 51.48 1.6
      vertex 81.3604 6.0062 1.6
      vertex 85.6 2.5 1.6
    endloop
  endfacet
  facet normal 0 0 1
    outer loop
      vertex 83.257 53.9751 1.6
      vertex 85.5803 51.7933 1.6
      vertex 85.5215 52.1017 1.6
    endloop
  endfacet
  facet normal -0 0 1
    outer loop
      vertex 81.3604 5.36876 1.6
      vertex 85.6 2.5 1.6
      vertex 81.3604 6.0062 1.6
    endloop
  endfacet
  facet normal 0 0 1
    outer loop
      vertex 83.257 53.9751 1.6
      vertex 85.5215 52.1017 1.6
      vertex 85.4244 52.4003 1.6
    endloop
  endfacet
  facet normal -0 0 1
    outer loop
      vertex 80.4327 3.05499 1.6
      vertex 85.6 2.5 1.6
      vertex 81.3604 5.36876 1.6
    endloop
  endfacet
  facet normal 0 0 1
    outer loop
      vertex 83.257 53.9751 1.6
      vertex 85.4244 52.4003 1.6
      vertex 85.2908 52.6844 1.6
    endloop
  endfacet
  facet normal 0 0 1
    outer loop
      vertex 85.6 2.5 1.6
      vertex 80.4327 3.05499 1.6
      vertex 85.5803 2.18667 1.6
    endloop
  endfacet
  facet normal 0 0 1
    outer loop
      vertex 83.257 53.9751 1.6
      vertex 85.2908 52.6844 1.6
      vertex 85.1225 52.9495 1.6
    endloop
  endfacet
  facet normal 0 0 1
    outer loop
      vertex 85.5803 2.18667 1.6
      vertex 80.4327 3.05499 1.6
      vertex 85.5215 1.87827 1.6
    endloop
  endfacet
  facet normal 0 0 1
    outer loop
      vertex 83.257 53.9751 1.6
      vertex 85.1225 52.9495 1.6
      vertex 84.9224 53.1914 1.6
    endloop
  endfacet
  facet normal 0 0 1
    outer loop
      vertex 85.5215 1.87827 1.6
      vertex 80.4327 3.05499 1.6
      vertex 85.4244 1.57969 1.6
    endloop
  endfacet
  facet normal 0 0 1
    outer loop
      vertex 83.257 53.9751 1.6
      vertex 84.9224 53.1914 1.6
      vertex 84.6936 53.4063 1.6
    endloop
  endfacet
  facet normal 0 0 1
    outer loop
      vertex 85.4244 1.57969 1.6
      vertex 80.4327 3.05499 1.6
      vertex 85.2908 1.29562 1.6
    endloop
  endfacet
  facet normal 0 0 1
    outer loop
      vertex 83.257 53.9751 1.6
      vertex 84.6936 53.4063 1.6
      vertex 84.4396 53.5908 1.6
    endloop
  endfacet
  facet normal 0 0 1
    outer loop
      vertex 85.2908 1.29562 1.6
      vertex 80.4327 3.05499 1.6
      vertex 85.1225 1.03054 1.6
    endloop
  endfacet
  facet normal 0 0 1
    outer loop
      vertex 83.257 53.9751 1.6
      vertex 84.4396 53.5908 1.6
      vertex 84.1644 53.7421 1.6
    endloop
  endfacet
  facet normal 0 0 1
    outer loop
      vertex 85.1225 1.03054 1.6
      vertex 80.4327 3.05499 1.6
      vertex 84.9224 0.788631 1.6
    endloop
  endfacet
  facet normal 0 0 1
    outer loop
      vertex 83.257 53.9751 1.6
      vertex 84.1644 53.7421 1.6
      vertex 83.8725 53.8576 1.6
    endloop
  endfacet
  facet normal 0 0 1
    outer loop
      vertex 84.9224 0.788631 1.6
      vertex 80.4327 3.05499 1.6
      vertex 84.6936 0.573716 1.6
    endloop
  endfacet
  facet normal 0 0 1
    outer loop
      vertex 83.257 53.9751 1.6
      vertex 83.8725 53.8576 1.6
      vertex 83.5685 53.9357 1.6
    endloop
  endfacet
  facet normal 0 0 1
    outer loop
      vertex 84.6936 0.573716 1.6
      vertex 80.4327 3.05499 1.6
      vertex 84.4396 0.38918 1.6
    endloop
  endfacet
  facet normal 0 0 1
    outer loop
      vertex 85.6 51.48 1.6
      vertex 83.257 53.9751 1.6
      vertex 62.7929 39.5229 1.6
    endloop
  endfacet
  facet normal 0 0 1
    outer loop
      vertex 84.4396 0.38918 1.6
      vertex 80.4327 3.05499 1.6
      vertex 84.1644 0.237932 1.6
    endloop
  endfacet
  facet normal 0 0 1
    outer loop
      vertex 84.1644 0.237932 1.6
      vertex 80.4327 3.05499 1.6
      vertex 83.8725 0.122358 1.6
    endloop
  endfacet
  facet normal 0 0 1
    outer loop
      vertex 85.6 51.48 1.6
      vertex 81.2566 6.0367 1.6
      vertex 81.3604 6.0062 1.6
    endloop
  endfacet
  facet normal 0 0 1
    outer loop
      vertex 85.6 51.48 1.6
      vertex 63.3712 33.7848 1.6
      vertex 63.1273 32.3411 1.6
    endloop
  endfacet
  facet normal 0 0 1
    outer loop
      vertex 85.6 51.48 1.6
      vertex 63.1273 32.3411 1.6
      vertex 81.2566 6.0367 1.6
    endloop
  endfacet
  facet normal 0 0 1
    outer loop
      vertex 81.2566 6.0367 1.6
      vertex 63.1273 32.3411 1.6
      vertex 81.1244 6.04688 1.6
    endloop
  endfacet
  facet normal -0 0 1
    outer loop
      vertex 62.7208 31.1218 1.6
      vertex 81.1244 6.04688 1.6
      vertex 63.1273 32.3411 1.6
    endloop
  endfacet
  facet normal -0 -0 1
    outer loop
      vertex 75.6521 6.67891 1.6
      vertex 81.1244 6.04688 1.6
      vertex 62.7208 31.1218 1.6
    endloop
  endfacet
  facet normal 0 0 1
    outer loop
      vertex 80.7148 5.90854 1.6
      vertex 80.3757 5.98991 1.6
      vertex 80.6199 5.79868 1.6
    endloop
  endfacet
  facet normal -0 -0 1
    outer loop
      vertex 80.3852 5.89127 1.6
      vertex 80.6199 5.79868 1.6
      vertex 80.3757 5.98991 1.6
    endloop
  endfacet
  facet normal 0 0 1
    outer loop
      vertex 80.6199 5.79868 1.6
      vertex 80.3975 5.69292 1.6
      vertex 80.527 5.62677 1.6
    endloop
  endfacet
  facet normal 0 0 1
    outer loop
      vertex 80.4219 5.36331 1.6
      vertex 80.4076 5.48642 1.6
      vertex 80.411 5.36331 1.6
    endloop
  endfacet
  facet normal 0 0 1
    outer loop
      vertex 80.527 5.62677 1.6
      vertex 80.4076 5.48642 1.6
      vertex 80.4219 5.36331 1.6
    endloop
  endfacet
  facet normal 0 -0 1
    outer loop
      vertex 80.4076 5.48642 1.6
      vertex 80.527 5.62677 1.6
      vertex 80.3975 5.69292 1.6
    endloop
  endfacet
  facet normal 0 -0 1
    outer loop
      vertex 80.3975 5.69292 1.6
      vertex 80.6199 5.79868 1.6
      vertex 80.3852 5.89127 1.6
    endloop
  endfacet
  facet normal 0 0 1
    outer loop
      vertex 81.1244 6.04688 1.6
      vertex 75.6521 6.67891 1.6
      vertex 80.9603 6.03162 1.6
    endloop
  endfacet
  facet normal 0 0 1
    outer loop
      vertex 80.826 5.98584 1.6
      vertex 80.3757 5.98991 1.6
      vertex 80.7148 5.90854 1.6
    endloop
  endfacet
  facet normal 0 0 1
    outer loop
      vertex 79.6488 5.98991 1.6
      vertex 79.0816 5.10869 1.6
      vertex 79.165 4.39767 1.6
    endloop
  endfacet
  facet normal 0 0 1
    outer loop
      vertex 79.6488 5.98991 1.6
      vertex 78.8313 5.62508 1.6
      vertex 79.0816 5.10869 1.6
    endloop
  endfacet
  facet normal 0 0 1
    outer loop
      vertex 79.6488 5.98991 1.6
      vertex 78.4231 5.93938 1.6
      vertex 78.8313 5.62508 1.6
    endloop
  endfacet
  facet normal 0 0 1
    outer loop
      vertex 80.9603 6.03162 1.6
      vertex 80.3757 5.98991 1.6
      vertex 80.826 5.98584 1.6
    endloop
  endfacet
  facet normal 0 -0 1
    outer loop
      vertex 79.6488 5.98991 1.6
      vertex 80.9603 6.03162 1.6
      vertex 75.6521 6.67891 1.6
    endloop
  endfacet
  facet normal 0 0 1
    outer loop
      vertex 79.6488 5.98991 1.6
      vertex 77.8657 6.04416 1.6
      vertex 78.4231 5.93938 1.6
    endloop
  endfacet
  facet normal -0 -0 1
    outer loop
      vertex 76.2082 5.98991 1.6
      vertex 77.2791 5.9465 1.6
      vertex 75.6521 6.67891 1.6
    endloop
  endfacet
  facet normal 0 0 1
    outer loop
      vertex 76.2082 5.47455 1.6
      vertex 76.8431 5.65355 1.6
      vertex 76.2082 5.98991 1.6
    endloop
  endfacet
  facet normal 0 0 1
    outer loop
      vertex 76.8431 5.65355 1.6
      vertex 76.2082 5.47455 1.6
      vertex 76.5725 5.17888 1.6
    endloop
  endfacet
  facet normal 0 0 1
    outer loop
      vertex 76.5725 5.17888 1.6
      vertex 76.2082 5.47455 1.6
      vertex 76.4823 4.53603 1.6
    endloop
  endfacet
  facet normal 0 0 1
    outer loop
      vertex 77.2791 5.9465 1.6
      vertex 76.2082 5.98991 1.6
      vertex 76.8431 5.65355 1.6
    endloop
  endfacet
  facet normal 0 0 1
    outer loop
      vertex 77.8657 6.04416 1.6
      vertex 75.6521 6.67891 1.6
      vertex 77.2791 5.9465 1.6
    endloop
  endfacet
  facet normal 0 0 1
    outer loop
      vertex 80.9603 6.03162 1.6
      vertex 79.6488 5.98991 1.6
      vertex 80.3757 5.98991 1.6
    endloop
  endfacet
  facet normal -0 0 1
    outer loop
      vertex 62.1517 30.1267 1.6
      vertex 75.6521 6.67891 1.6
      vertex 62.7208 31.1218 1.6
    endloop
  endfacet
  facet normal -0 0 1
    outer loop
      vertex 74.0965 5.59456 1.6
      vertex 74.5264 5.47455 1.6
      vertex 74.5264 5.98991 1.6
    endloop
  endfacet
  facet normal 0 0 1
    outer loop
      vertex 74.8981 5.47455 1.6
      vertex 74.2789 4.14168 1.6
      vertex 74.303 3.91216 1.6
    endloop
  endfacet
  facet normal 0 0 1
    outer loop
      vertex 74.8981 5.47455 1.6
      vertex 74.2352 5.25484 1.6
      vertex 74.2067 4.32579 1.6
    endloop
  endfacet
  facet normal 0 0 1
    outer loop
      vertex 75.6521 6.67891 1.6
      vertex 62.1517 30.1267 1.6
      vertex 75.1748 6.67891 1.6
    endloop
  endfacet
  facet normal 0 0 1
    outer loop
      vertex 74.5264 5.47455 1.6
      vertex 74.0965 5.59456 1.6
      vertex 74.2352 5.25484 1.6
    endloop
  endfacet
  facet normal 0 0 1
    outer loop
      vertex 74.5264 5.98991 1.6
      vertex 73.8378 5.84343 1.6
      vertex 74.0965 5.59456 1.6
    endloop
  endfacet
  facet normal -0 0 1
    outer loop
      vertex 61.4332 29.3542 1.6
      vertex 75.1748 6.67891 1.6
      vertex 62.1517 30.1267 1.6
    endloop
  endfacet
  facet normal 0 0 1
    outer loop
      vertex 75.1748 6.67891 1.6
      vertex 74.5264 5.98991 1.6
      vertex 74.936 5.98991 1.6
    endloop
  endfacet
  facet normal 0 0 1
    outer loop
      vertex 74.5264 5.98991 1.6
      vertex 73.4679 5.99602 1.6
      vertex 73.8378 5.84343 1.6
    endloop
  endfacet
  facet normal 0 -0 1
    outer loop
      vertex 73.4679 5.99602 1.6
      vertex 75.1748 6.67891 1.6
      vertex 72.9956 6.04688 1.6
    endloop
  endfacet
  facet normal 0 0 1
    outer loop
      vertex 75.1748 6.67891 1.6
      vertex 73.4679 5.99602 1.6
      vertex 74.5264 5.98991 1.6
    endloop
  endfacet
  facet normal 0 0 1
    outer loop
      vertex 70.3906 4.57944 1.6
      vertex 71.7532 5.1572 1.6
      vertex 71.4132 5.98991 1.6
    endloop
  endfacet
  facet normal 0 0 1
    outer loop
      vertex 71.8712 4.72723 1.6
      vertex 70.3906 4.57944 1.6
      vertex 71.6366 3.78735 1.6
    endloop
  endfacet
  facet normal 0 0 1
    outer loop
      vertex 71.8343 5.53117 1.6
      vertex 71.4132 5.98991 1.6
      vertex 71.7532 5.1572 1.6
    endloop
  endfacet
  facet normal 0 0 1
    outer loop
      vertex 72.0774 5.81223 1.6
      vertex 71.4132 5.98991 1.6
      vertex 71.8343 5.53117 1.6
    endloop
  endfacet
  facet normal 0 -0 1
    outer loop
      vertex 71.4132 5.98991 1.6
      vertex 75.1748 6.67891 1.6
      vertex 61.4332 29.3542 1.6
    endloop
  endfacet
  facet normal 0 0 1
    outer loop
      vertex 75.1748 6.67891 1.6
      vertex 71.4132 5.98991 1.6
      vertex 72.9956 6.04688 1.6
    endloop
  endfacet
  facet normal 0 0 1
    outer loop
      vertex 70.5859 5.98991 1.6
      vertex 69.3354 5.98991 1.6
      vertex 69.962 5.02971 1.6
    endloop
  endfacet
  facet normal 0 0 1
    outer loop
      vertex 72.469 5.9882 1.6
      vertex 71.4132 5.98991 1.6
      vertex 72.0774 5.81223 1.6
    endloop
  endfacet
  facet normal 0 0 1
    outer loop
      vertex 69.5361 4.57127 1.6
      vertex 68.195 4.91847 1.6
      vertex 68.462 3.05499 1.6
    endloop
  endfacet
  facet normal 0 0 1
    outer loop
      vertex 69.5361 4.57127 1.6
      vertex 68.1387 5.4003 1.6
      vertex 68.195 4.91847 1.6
    endloop
  endfacet
  facet normal 0 0 1
    outer loop
      vertex 72.9956 6.04688 1.6
      vertex 71.4132 5.98991 1.6
      vertex 72.469 5.9882 1.6
    endloop
  endfacet
  facet normal 0 0 1
    outer loop
      vertex 68.5135 5.98991 1.6
      vertex 67.9698 5.75528 1.6
      vertex 68.1387 5.4003 1.6
    endloop
  endfacet
  facet normal 0 0 1
    outer loop
      vertex 71.4132 5.98991 1.6
      vertex 61.4332 29.3542 1.6
      vertex 70.5859 5.98991 1.6
    endloop
  endfacet
  facet normal 0 0 1
    outer loop
      vertex 70.5859 5.98991 1.6
      vertex 61.4332 29.3542 1.6
      vertex 69.3354 5.98991 1.6
    endloop
  endfacet
  facet normal 0 0 1
    outer loop
      vertex 68.5135 5.98991 1.6
      vertex 67.6938 5.97397 1.6
      vertex 67.9698 5.75528 1.6
    endloop
  endfacet
  facet normal -0 0 1
    outer loop
      vertex 56.9512 22.2014 1.6
      vertex 69.3354 5.98991 1.6
      vertex 61.4332 29.3542 1.6
    endloop
  endfacet
  facet normal 0 0 1
    outer loop
      vertex 69.3354 5.98991 1.6
      vertex 56.9512 22.2014 1.6
      vertex 68.5135 5.98991 1.6
    endloop
  endfacet
  facet normal 0 0 1
    outer loop
      vertex 68.5135 5.98991 1.6
      vertex 67.3161 6.04688 1.6
      vertex 67.6938 5.97397 1.6
    endloop
  endfacet
  facet normal 0 0 1
    outer loop
      vertex 68.5135 5.98991 1.6
      vertex 56.9512 22.2014 1.6
      vertex 67.3161 6.04688 1.6
    endloop
  endfacet
  facet normal 0 0 1
    outer loop
      vertex 66.5905 5.70035 1.6
      vertex 66.4101 5.40671 1.6
      vertex 66.4264 5.40671 1.6
    endloop
  endfacet
  facet normal 0 -0 1
    outer loop
      vertex 66.4101 5.40671 1.6
      vertex 66.5905 5.70035 1.6
      vertex 66.1341 5.88683 1.6
    endloop
  endfacet
  facet normal 0 -0 1
    outer loop
      vertex 65.5937 6.04688 1.6
      vertex 67.3161 6.04688 1.6
      vertex 56.9512 22.2014 1.6
    endloop
  endfacet
  facet normal 0 0 1
    outer loop
      vertex 67.3161 6.04688 1.6
      vertex 65.5937 6.04688 1.6
      vertex 67.0218 6.00957 1.6
    endloop
  endfacet
  facet normal 0 0 1
    outer loop
      vertex 66.7844 5.89767 1.6
      vertex 66.1341 5.88683 1.6
      vertex 66.5905 5.70035 1.6
    endloop
  endfacet
  facet normal 0 -0 1
    outer loop
      vertex 66.1341 5.88683 1.6
      vertex 67.0218 6.00957 1.6
      vertex 65.5937 6.04688 1.6
    endloop
  endfacet
  facet normal 0 -0 1
    outer loop
      vertex 64.725 5.52574 1.6
      vertex 64.8976 5.69695 1.6
      vertex 64.7148 5.7146 1.6
    endloop
  endfacet
  facet normal 0 0 1
    outer loop
      vertex 64.7392 5.40671 1.6
      vertex 64.725 5.52574 1.6
      vertex 64.7284 5.40671 1.6
    endloop
  endfacet
  facet normal 0 0 1
    outer loop
      vertex 64.8976 5.69695 1.6
      vertex 64.725 5.52574 1.6
      vertex 64.7392 5.40671 1.6
    endloop
  endfacet
  facet normal 0 0 1
    outer loop
      vertex 64.8976 5.69695 1.6
      vertex 64.7026 5.89532 1.6
      vertex 64.7148 5.7146 1.6
    endloop
  endfacet
  facet normal 0 0 1
    outer loop
      vertex 65.0905 5.89496 1.6
      vertex 64.7026 5.89532 1.6
      vertex 64.8976 5.69695 1.6
    endloop
  endfacet
  facet normal 0 0 1
    outer loop
      vertex 67.0218 6.00957 1.6
      vertex 66.1341 5.88683 1.6
      vertex 66.7844 5.89767 1.6
    endloop
  endfacet
  facet normal 0 0 1
    outer loop
      vertex 85.6 51.48 1.6
      vertex 63.4525 35.4527 1.6
      vertex 63.3712 33.7848 1.6
    endloop
  endfacet
  facet normal 0 0 1
    outer loop
      vertex 85.6 51.48 1.6
      vertex 63.3792 37.0189 1.6
      vertex 63.4525 35.4527 1.6
    endloop
  endfacet
  facet normal 0 0 1
    outer loop
      vertex 85.6 51.48 1.6
      vertex 63.1593 38.3756 1.6
      vertex 63.3792 37.0189 1.6
    endloop
  endfacet
  facet normal 0 0 1
    outer loop
      vertex 85.6 51.48 1.6
      vertex 62.7929 39.5229 1.6
      vertex 63.1593 38.3756 1.6
    endloop
  endfacet
  facet normal 0 0 1
    outer loop
      vertex 83.257 53.9751 1.6
      vertex 62.28 40.4607 1.6
      vertex 62.7929 39.5229 1.6
    endloop
  endfacet
  facet normal 0 0 1
    outer loop
      vertex 83.257 53.9751 1.6
      vertex 61.6169 41.1896 1.6
      vertex 62.28 40.4607 1.6
    endloop
  endfacet
  facet normal 0 0 1
    outer loop
      vertex 83.257 53.9751 1.6
      vertex 60.8001 41.7103 1.6
      vertex 61.6169 41.1896 1.6
    endloop
  endfacet
  facet normal 0 0 1
    outer loop
      vertex 83.257 53.9751 1.6
      vertex 59.8296 42.0227 1.6
      vertex 60.8001 41.7103 1.6
    endloop
  endfacet
  facet normal 0 0 1
    outer loop
      vertex 83.257 53.9751 1.6
      vertex 58.7055 42.1268 1.6
      vertex 59.8296 42.0227 1.6
    endloop
  endfacet
  facet normal 0 0 1
    outer loop
      vertex 83.257 53.9751 1.6
      vertex 57.6532 42.0527 1.6
      vertex 58.7055 42.1268 1.6
    endloop
  endfacet
  facet normal 0 0 1
    outer loop
      vertex 49.2691 42.0227 1.6
      vertex 57.6532 42.0527 1.6
      vertex 83.257 53.9751 1.6
    endloop
  endfacet
  facet normal 0 0 1
    outer loop
      vertex 54.2052 22.0912 1.6
      vertex 53.3837 20.5882 1.6
      vertex 54.2052 18.4415 1.6
    endloop
  endfacet
  facet normal 0 0 1
    outer loop
      vertex 54.272 31.5034 1.6
      vertex 53.3235 21.4288 1.6
      vertex 53.3837 20.6234 1.6
    endloop
  endfacet
  facet normal 0 0 1
    outer loop
      vertex 54.272 31.5034 1.6
      vertex 53.1428 22.0936 1.6
      vertex 53.3235 21.4288 1.6
    endloop
  endfacet
  facet normal 0 0 1
    outer loop
      vertex 55.0742 34.3941 1.6
      vertex 52.8106 33.7848 1.6
      vertex 54.272 31.5034 1.6
    endloop
  endfacet
  facet normal -0 0 1
    outer loop
      vertex 52.5988 38.3756 1.6
      vertex 54.0347 37.6457 1.6
      vertex 54.1109 38.642 1.6
    endloop
  endfacet
  facet normal -0 0 1
    outer loop
      vertex 52.2324 39.5229 1.6
      vertex 54.1109 38.642 1.6
      vertex 54.3396 39.5231 1.6
    endloop
  endfacet
  facet normal 0 0 1
    outer loop
      vertex 54.0996 36.6735 1.6
      vertex 52.8186 37.0189 1.6
      vertex 52.8919 35.4527 1.6
    endloop
  endfacet
  facet normal 0 0 1
    outer loop
      vertex 52.2324 39.5229 1.6
      vertex 54.3396 39.5231 1.6
      vertex 54.7209 40.2892 1.6
    endloop
  endfacet
  facet normal 0 0 1
    outer loop
      vertex 54.0347 37.6457 1.6
      vertex 52.5988 38.3756 1.6
      vertex 52.8186 37.0189 1.6
    endloop
  endfacet
  facet normal -0 0 1
    outer loop
      vertex 51.7194 40.4607 1.6
      vertex 54.7209 40.2892 1.6
      vertex 55.2546 40.94 1.6
    endloop
  endfacet
  facet normal 0 0 1
    outer loop
      vertex 54.1109 38.642 1.6
      vertex 52.2324 39.5229 1.6
      vertex 52.5988 38.3756 1.6
    endloop
  endfacet
  facet normal -0 0 1
    outer loop
      vertex 51.0563 41.1896 1.6
      vertex 55.2546 40.94 1.6
      vertex 55.9278 41.4593 1.6
    endloop
  endfacet
  facet normal 0 0 1
    outer loop
      vertex 54.7209 40.2892 1.6
      vertex 51.7194 40.4607 1.6
      vertex 52.2324 39.5229 1.6
    endloop
  endfacet
  facet normal -0 0 1
    outer loop
      vertex 50.2395 41.7103 1.6
      vertex 55.9278 41.4593 1.6
      vertex 56.7273 41.8301 1.6
    endloop
  endfacet
  facet normal 0 0 1
    outer loop
      vertex 57.6532 42.0527 1.6
      vertex 49.2691 42.0227 1.6
      vertex 56.7273 41.8301 1.6
    endloop
  endfacet
  facet normal 0 0 1
    outer loop
      vertex 55.2546 40.94 1.6
      vertex 51.0563 41.1896 1.6
      vertex 51.7194 40.4607 1.6
    endloop
  endfacet
  facet normal 0 0 1
    outer loop
      vertex 55.9278 41.4593 1.6
      vertex 50.2395 41.7103 1.6
      vertex 51.0563 41.1896 1.6
    endloop
  endfacet
  facet normal 0 0 1
    outer loop
      vertex 56.7273 41.8301 1.6
      vertex 49.2691 42.0227 1.6
      vertex 50.2395 41.7103 1.6
    endloop
  endfacet
  facet normal 0 0 1
    outer loop
      vertex 83.257 53.9751 1.6
      vertex 48.1449 42.1268 1.6
      vertex 49.2691 42.0227 1.6
    endloop
  endfacet
  facet normal 0 0 1
    outer loop
      vertex 83.257 53.9751 1.6
      vertex 47.0926 42.0527 1.6
      vertex 48.1449 42.1268 1.6
    endloop
  endfacet
  facet normal -0 0 1
    outer loop
      vertex 37.5844 42.1268 1.6
      vertex 47.0926 42.0527 1.6
      vertex 83.257 53.9751 1.6
    endloop
  endfacet
  facet normal 0 0 1
    outer loop
      vertex 44.5136 34.3941 1.6
      vertex 42.25 33.7848 1.6
      vertex 43.7114 31.5034 1.6
    endloop
  endfacet
  facet normal -0 0 1
    outer loop
      vertex 42.0382 38.3756 1.6
      vertex 43.4741 37.6457 1.6
      vertex 43.5503 38.642 1.6
    endloop
  endfacet
  facet normal -0 0 1
    outer loop
      vertex 41.6718 39.5229 1.6
      vertex 43.5503 38.642 1.6
      vertex 43.7791 39.5231 1.6
    endloop
  endfacet
  facet normal 0 0 1
    outer loop
      vertex 43.5391 36.6735 1.6
      vertex 42.2581 37.0189 1.6
      vertex 42.3313 35.4527 1.6
    endloop
  endfacet
  facet normal 0 0 1
    outer loop
      vertex 41.6718 39.5229 1.6
      vertex 43.7791 39.5231 1.6
      vertex 44.1603 40.2892 1.6
    endloop
  endfacet
  facet normal 0 0 1
    outer loop
      vertex 43.4741 37.6457 1.6
      vertex 42.0382 38.3756 1.6
      vertex 42.2581 37.0189 1.6
    endloop
  endfacet
  facet normal -0 0 1
    outer loop
      vertex 41.1588 40.4607 1.6
      vertex 44.1603 40.2892 1.6
      vertex 44.6941 40.94 1.6
    endloop
  endfacet
  facet normal 0 0 1
    outer loop
      vertex 43.5503 38.642 1.6
      vertex 41.6718 39.5229 1.6
      vertex 42.0382 38.3756 1.6
    endloop
  endfacet
  facet normal -0 0 1
    outer loop
      vertex 40.4958 41.1896 1.6
      vertex 44.6941 40.94 1.6
      vertex 45.3672 41.4593 1.6
    endloop
  endfacet
  facet normal 0 0 1
    outer loop
      vertex 44.1603 40.2892 1.6
      vertex 41.1588 40.4607 1.6
      vertex 41.6718 39.5229 1.6
    endloop
  endfacet
  facet normal -0 0 1
    outer loop
      vertex 39.679 41.7103 1.6
      vertex 45.3672 41.4593 1.6
      vertex 46.1667 41.8301 1.6
    endloop
  endfacet
  facet normal 0 0 1
    outer loop
      vertex 47.0926 42.0527 1.6
      vertex 38.7085 42.0227 1.6
      vertex 46.1667 41.8301 1.6
    endloop
  endfacet
  facet normal 0 0 1
    outer loop
      vertex 44.6941 40.94 1.6
      vertex 40.4958 41.1896 1.6
      vertex 41.1588 40.4607 1.6
    endloop
  endfacet
  facet normal 0 0 1
    outer loop
      vertex 45.3672 41.4593 1.6
      vertex 39.679 41.7103 1.6
      vertex 40.4958 41.1896 1.6
    endloop
  endfacet
  facet normal 0 0 1
    outer loop
      vertex 46.1667 41.8301 1.6
      vertex 38.7085 42.0227 1.6
      vertex 39.679 41.7103 1.6
    endloop
  endfacet
  facet normal 0 0 1
    outer loop
      vertex 47.0926 42.0527 1.6
      vertex 37.5844 42.1268 1.6
      vertex 38.7085 42.0227 1.6
    endloop
  endfacet
  facet normal -0 0 1
    outer loop
      vertex 2.34302 53.9751 1.6
      vertex 37.5844 42.1268 1.6
      vertex 83.257 53.9751 1.6
    endloop
  endfacet
  facet normal 0 0 1
    outer loop
      vertex 37.5844 42.1268 1.6
      vertex 2.34302 53.9751 1.6
      vertex 36.5321 42.0527 1.6
    endloop
  endfacet
  facet normal 0 0 1
    outer loop
      vertex 28.8847 41.9275 1.6
      vertex 32.9135 37.6457 1.6
      vertex 32.9898 38.642 1.6
    endloop
  endfacet
  facet normal 0 0 1
    outer loop
      vertex 28.8847 30.535 1.6
      vertex 32.9785 36.6735 1.6
      vertex 28.8847 41.9275 1.6
    endloop
  endfacet
  facet normal 0 0 1
    outer loop
      vertex 33.2185 39.5231 1.6
      vertex 28.8847 41.9275 1.6
      vertex 32.9898 38.642 1.6
    endloop
  endfacet
  facet normal 0 0 1
    outer loop
      vertex 33.5998 40.2892 1.6
      vertex 28.8847 41.9275 1.6
      vertex 33.2185 39.5231 1.6
    endloop
  endfacet
  facet normal 0 0 1
    outer loop
      vertex 34.1335 40.94 1.6
      vertex 28.8847 41.9275 1.6
      vertex 33.5998 40.2892 1.6
    endloop
  endfacet
  facet normal 0 0 1
    outer loop
      vertex 34.8067 41.4593 1.6
      vertex 28.8847 41.9275 1.6
      vertex 34.1335 40.94 1.6
    endloop
  endfacet
  facet normal 0 0 1
    outer loop
      vertex 35.6062 41.8301 1.6
      vertex 28.8847 41.9275 1.6
      vertex 34.8067 41.4593 1.6
    endloop
  endfacet
  facet normal 0 -0 1
    outer loop
      vertex 28.8847 41.9275 1.6
      vertex 36.5321 42.0527 1.6
      vertex 2.34302 53.9751 1.6
    endloop
  endfacet
  facet normal 0 0 1
    outer loop
      vertex 36.5321 42.0527 1.6
      vertex 28.8847 41.9275 1.6
      vertex 35.6062 41.8301 1.6
    endloop
  endfacet
  facet normal 0 0 1
    outer loop
      vertex 0 51.48 1.6
      vertex 23.008 37.6552 1.6
      vertex 23.008 39.7534 1.6
    endloop
  endfacet
  facet normal 0 0 1
    outer loop
      vertex 23.008 37.6552 1.6
      vertex 0 51.48 1.6
      vertex 22.9036 30.535 1.6
    endloop
  endfacet
  facet normal -0 0 1
    outer loop
      vertex 0 51.48 1.6
      vertex 23.008 39.7534 1.6
      vertex 2.34302 53.9751 1.6
    endloop
  endfacet
  facet normal 0 0 1
    outer loop
      vertex 26.3594 41.9275 1.6
      vertex 2.34302 53.9751 1.6
      vertex 23.008 39.7534 1.6
    endloop
  endfacet
  facet normal 0 0 1
    outer loop
      vertex 28.8847 41.9275 1.6
      vertex 2.34302 53.9751 1.6
      vertex 26.3594 41.9275 1.6
    endloop
  endfacet
  facet normal 0 0 1
    outer loop
      vertex 83.8725 0.122358 1.6
      vertex 80.4327 3.05499 1.6
      vertex 83.5685 0.044281 1.6
    endloop
  endfacet
  facet normal 0 0 1
    outer loop
      vertex 80.4724 4.8927 1.6
      vertex 81.3604 5.36876 1.6
      vertex 81.1868 5.39926 1.6
    endloop
  endfacet
  facet normal 0 0 1
    outer loop
      vertex 80.4724 4.8927 1.6
      vertex 81.1868 5.39926 1.6
      vertex 81.0349 5.40944 1.6
    endloop
  endfacet
  facet normal 0 0 1
    outer loop
      vertex 80.5914 5.17888 1.6
      vertex 81.0349 5.40944 1.6
      vertex 80.7816 5.35179 1.6
    endloop
  endfacet
  facet normal 0 0 1
    outer loop
      vertex 81.0349 5.40944 1.6
      vertex 80.5914 5.17888 1.6
      vertex 80.4724 4.8927 1.6
    endloop
  endfacet
  facet normal 0 0 1
    outer loop
      vertex 81.3604 5.36876 1.6
      vertex 80.4724 4.8927 1.6
      vertex 80.4327 4.49532 1.6
    endloop
  endfacet
  facet normal 0 0 1
    outer loop
      vertex 81.3604 5.36876 1.6
      vertex 80.4327 4.49532 1.6
      vertex 80.4327 3.05499 1.6
    endloop
  endfacet
  facet normal 0 0 1
    outer loop
      vertex 83.5685 0.044281 1.6
      vertex 80.4327 3.05499 1.6
      vertex 83.257 0.0049324 1.6
    endloop
  endfacet
  facet normal -0 0 1
    outer loop
      vertex 79.6705 3.05499 1.6
      vertex 83.257 0.0049324 1.6
      vertex 80.4327 3.05499 1.6
    endloop
  endfacet
  facet normal 0 0 1
    outer loop
      vertex 79.165 4.39767 1.6
      vertex 79.6688 5.52235 1.6
      vertex 79.6637 5.70375 1.6
    endloop
  endfacet
  facet normal 0 0 1
    outer loop
      vertex 79.165 4.39767 1.6
      vertex 79.6637 5.70375 1.6
      vertex 79.6566 5.85599 1.6
    endloop
  endfacet
  facet normal 0 0 1
    outer loop
      vertex 79.165 4.39767 1.6
      vertex 79.6566 5.85599 1.6
      vertex 79.6488 5.98991 1.6
    endloop
  endfacet
  facet normal 0 0 1
    outer loop
      vertex 79.6705 5.30095 1.6
      vertex 79.165 4.39767 1.6
      vertex 79.165 4.37599 1.6
    endloop
  endfacet
  facet normal 0 0 1
    outer loop
      vertex 79.6705 5.30095 1.6
      vertex 79.165 4.37599 1.6
      vertex 79.6705 3.05499 1.6
    endloop
  endfacet
  facet normal -0 0 1
    outer loop
      vertex 79.1216 3.79823 1.6
      vertex 79.6705 3.05499 1.6
      vertex 79.165 4.37599 1.6
    endloop
  endfacet
  facet normal -0 0 1
    outer loop
      vertex 78.6489 3.20012 1.6
      vertex 79.6705 3.05499 1.6
      vertex 79.1216 3.79823 1.6
    endloop
  endfacet
  facet normal 0 0 1
    outer loop
      vertex 77.8548 3.00075 1.6
      vertex 79.6705 3.05499 1.6
      vertex 78.6489 3.20012 1.6
    endloop
  endfacet
  facet normal 0 0 1
    outer loop
      vertex 79.6705 3.05499 1.6
      vertex 77.8548 3.00075 1.6
      vertex 83.257 0.0049324 1.6
    endloop
  endfacet
  facet normal -0 0 1
    outer loop
      vertex 75.939 3.02921 1.6
      vertex 77.8548 3.00075 1.6
      vertex 77.2696 3.09874 1.6
    endloop
  endfacet
  facet normal 0 0 1
    outer loop
      vertex 76.2407 3.57036 1.6
      vertex 76.5711 3.87453 1.6
      vertex 76.4823 4.53603 1.6
    endloop
  endfacet
  facet normal -0 0 1
    outer loop
      vertex 76.2407 3.57036 1.6
      vertex 76.8376 3.39272 1.6
      vertex 76.5711 3.87453 1.6
    endloop
  endfacet
  facet normal 0 0 1
    outer loop
      vertex 76.2407 3.09839 1.6
      vertex 76.8376 3.39272 1.6
      vertex 76.2407 3.57036 1.6
    endloop
  endfacet
  facet normal 0 0 1
    outer loop
      vertex 76.8376 3.39272 1.6
      vertex 76.2407 3.09839 1.6
      vertex 77.2696 3.09874 1.6
    endloop
  endfacet
  facet normal 0 0 1
    outer loop
      vertex 75.939 3.02921 1.6
      vertex 77.2696 3.09874 1.6
      vertex 76.2407 3.09839 1.6
    endloop
  endfacet
  facet normal 0 0 1
    outer loop
      vertex 77.8548 3.00075 1.6
      vertex 75.939 3.02921 1.6
      vertex 83.257 0.0049324 1.6
    endloop
  endfacet
  facet normal -0 0 1
    outer loop
      vertex 75.5979 3.00615 1.6
      vertex 83.257 0.0049324 1.6
      vertex 75.939 3.02921 1.6
    endloop
  endfacet
  facet normal 0 0 1
    outer loop
      vertex 73.5391 3.06145 1.6
      vertex 75.5979 3.00615 1.6
      vertex 75.3002 3.05193 1.6
    endloop
  endfacet
  facet normal 0 0 1
    outer loop
      vertex 74.8981 5.47455 1.6
      vertex 74.303 3.91216 1.6
      vertex 74.8981 3.74396 1.6
    endloop
  endfacet
  facet normal 0 0 1
    outer loop
      vertex 74.2159 3.53206 1.6
      vertex 74.8981 3.74396 1.6
      vertex 74.303 3.91216 1.6
    endloop
  endfacet
  facet normal 0 0 1
    outer loop
      vertex 74.8981 3.74396 1.6
      vertex 74.2159 3.53206 1.6
      vertex 74.9435 3.41948 1.6
    endloop
  endfacet
  facet normal 0 0 1
    outer loop
      vertex 74.9435 3.41948 1.6
      vertex 74.2159 3.53206 1.6
      vertex 75.0798 3.18924 1.6
    endloop
  endfacet
  facet normal -0 0 1
    outer loop
      vertex 73.9544 3.24352 1.6
      vertex 75.0798 3.18924 1.6
      vertex 74.2159 3.53206 1.6
    endloop
  endfacet
  facet normal 0 0 1
    outer loop
      vertex 75.0798 3.18924 1.6
      vertex 73.9544 3.24352 1.6
      vertex 75.3002 3.05193 1.6
    endloop
  endfacet
  facet normal -0 0 1
    outer loop
      vertex 73.5391 3.06145 1.6
      vertex 75.3002 3.05193 1.6
      vertex 73.9544 3.24352 1.6
    endloop
  endfacet
  facet normal 0 0 1
    outer loop
      vertex 75.5979 3.00615 1.6
      vertex 73.5391 3.06145 1.6
      vertex 72.9902 3.00075 1.6
    endloop
  endfacet
  facet normal 0 0 1
    outer loop
      vertex 75.5979 3.00615 1.6
      vertex 72.9902 3.00075 1.6
      vertex 83.257 0.0049324 1.6
    endloop
  endfacet
  facet normal 0 0 1
    outer loop
      vertex 71.4728 3.05499 1.6
      vertex 72.9902 3.00075 1.6
      vertex 72.4561 3.04855 1.6
    endloop
  endfacet
  facet normal 0 0 1
    outer loop
      vertex 71.4728 3.05499 1.6
      vertex 71.7963 3.43642 1.6
      vertex 71.6366 3.78735 1.6
    endloop
  endfacet
  facet normal 0 0 1
    outer loop
      vertex 71.4728 3.05499 1.6
      vertex 72.0638 3.19196 1.6
      vertex 71.7963 3.43642 1.6
    endloop
  endfacet
  facet normal -0 0 1
    outer loop
      vertex 71.4728 3.05499 1.6
      vertex 72.4561 3.04855 1.6
      vertex 72.0638 3.19196 1.6
    endloop
  endfacet
  facet normal 0 0 1
    outer loop
      vertex 72.9902 3.00075 1.6
      vertex 71.4728 3.05499 1.6
      vertex 83.257 0.0049324 1.6
    endloop
  endfacet
  facet normal -0 0 1
    outer loop
      vertex 70.6455 3.05499 1.6
      vertex 83.257 0.0049324 1.6
      vertex 71.4728 3.05499 1.6
    endloop
  endfacet
  facet normal 0 0 1
    outer loop
      vertex 69.273 3.05499 1.6
      vertex 70.6455 3.05499 1.6
      vertex 69.962 4.11832 1.6
    endloop
  endfacet
  facet normal -0 0 1
    outer loop
      vertex 69.273 3.05499 1.6
      vertex 83.257 0.0049324 1.6
      vertex 70.6455 3.05499 1.6
    endloop
  endfacet
  facet normal -0 0 1
    outer loop
      vertex 68.462 3.05499 1.6
      vertex 83.257 0.0049324 1.6
      vertex 69.273 3.05499 1.6
    endloop
  endfacet
  facet normal 0 0 1
    outer loop
      vertex 68.195 3.05499 1.6
      vertex 68.462 3.05499 1.6
      vertex 68.195 4.91847 1.6
    endloop
  endfacet
  facet normal -0 0 1
    outer loop
      vertex 68.195 3.05499 1.6
      vertex 83.257 0.0049324 1.6
      vertex 68.462 3.05499 1.6
    endloop
  endfacet
  facet normal -0 0 1
    outer loop
      vertex 67.4382 3.05499 1.6
      vertex 83.257 0.0049324 1.6
      vertex 68.195 3.05499 1.6
    endloop
  endfacet
  facet normal -0 0 1
    outer loop
      vertex 66.7909 5.42064 1.6
      vertex 67.327 5.28128 1.6
      vertex 66.9933 5.47455 1.6
    endloop
  endfacet
  facet normal 0 0 1
    outer loop
      vertex 67.327 5.28128 1.6
      vertex 66.7909 5.42064 1.6
      vertex 66.6285 5.25891 1.6
    endloop
  endfacet
  facet normal 0 0 1
    outer loop
      vertex 67.327 5.28128 1.6
      vertex 66.6285 5.25891 1.6
      vertex 66.5183 5.00224 1.6
    endloop
  endfacet
  facet normal 0 0 1
    outer loop
      vertex 67.4382 4.70148 1.6
      vertex 66.5183 5.00224 1.6
      vertex 66.4725 4.66351 1.6
    endloop
  endfacet
  facet normal 0 0 1
    outer loop
      vertex 67.4382 4.70148 1.6
      vertex 66.4725 4.66351 1.6
      vertex 67.4382 3.05499 1.6
    endloop
  endfacet
  facet normal 0 0 1
    outer loop
      vertex 66.4725 3.05499 1.6
      vertex 67.4382 3.05499 1.6
      vertex 66.4725 4.66351 1.6
    endloop
  endfacet
  facet normal -0 0 1
    outer loop
      vertex 66.4725 3.05499 1.6
      vertex 83.257 0.0049324 1.6
      vertex 67.4382 3.05499 1.6
    endloop
  endfacet
  facet normal -0 0 1
    outer loop
      vertex 65.7158 3.05499 1.6
      vertex 83.257 0.0049324 1.6
      vertex 66.4725 3.05499 1.6
    endloop
  endfacet
  facet normal -0 0 1
    outer loop
      vertex 65.0617 5.41556 1.6
      vertex 65.6045 5.28128 1.6
      vertex 65.2709 5.47455 1.6
    endloop
  endfacet
  facet normal 0 0 1
    outer loop
      vertex 65.6045 5.28128 1.6
      vertex 65.0617 5.41556 1.6
      vertex 64.8952 5.23856 1.6
    endloop
  endfacet
  facet normal 0 0 1
    outer loop
      vertex 65.6045 5.28128 1.6
      vertex 64.8952 5.23856 1.6
      vertex 64.7864 4.96797 1.6
    endloop
  endfacet
  facet normal 0 0 1
    outer loop
      vertex 65.7158 4.70148 1.6
      vertex 64.7864 4.96797 1.6
      vertex 64.7501 4.62823 1.6
    endloop
  endfacet
  facet normal 0 0 1
    outer loop
      vertex 65.7158 4.70148 1.6
      vertex 64.7501 4.62823 1.6
      vertex 65.7158 3.05499 1.6
    endloop
  endfacet
  facet normal 0 0 1
    outer loop
      vertex 64.7501 3.05499 1.6
      vertex 65.7158 3.05499 1.6
      vertex 64.7501 4.62823 1.6
    endloop
  endfacet
  facet normal -0 0 1
    outer loop
      vertex 64.7501 3.05499 1.6
      vertex 83.257 0.0049324 1.6
      vertex 65.7158 3.05499 1.6
    endloop
  endfacet
  facet normal -0 0 1
    outer loop
      vertex 63.9879 3.05499 1.6
      vertex 83.257 0.0049324 1.6
      vertex 64.7501 3.05499 1.6
    endloop
  endfacet
  facet normal 0 0 1
    outer loop
      vertex 51.2674 10.2624 1.6
      vertex 63.9862 5.54811 1.6
      vertex 63.9811 5.71999 1.6
    endloop
  endfacet
  facet normal 0 0 1
    outer loop
      vertex 51.2674 10.2624 1.6
      vertex 63.9811 5.71999 1.6
      vertex 63.974 5.86275 1.6
    endloop
  endfacet
  facet normal 0 0 1
    outer loop
      vertex 51.2674 10.2624 1.6
      vertex 63.974 5.86275 1.6
      vertex 63.9662 5.98991 1.6
    endloop
  endfacet
  facet normal -0 -0 1
    outer loop
      vertex 77.8657 6.04416 1.6
      vertex 79.6488 5.98991 1.6
      vertex 75.6521 6.67891 1.6
    endloop
  endfacet
  facet normal -0 -0 1
    outer loop
      vertex 64.7026 5.89532 1.6
      vertex 65.0905 5.89496 1.6
      vertex 64.6931 5.98991 1.6
    endloop
  endfacet
  facet normal -0 0 1
    outer loop
      vertex 55.4438 18.4415 1.6
      vertex 65.5937 6.04688 1.6
      vertex 56.9512 22.2014 1.6
    endloop
  endfacet
  facet normal 0 -0 1
    outer loop
      vertex 64.6931 5.98991 1.6
      vertex 65.5937 6.04688 1.6
      vertex 55.4438 18.4415 1.6
    endloop
  endfacet
  facet normal 0 0 1
    outer loop
      vertex 65.3214 6.0089 1.6
      vertex 64.6931 5.98991 1.6
      vertex 65.0905 5.89496 1.6
    endloop
  endfacet
  facet normal 0 0 1
    outer loop
      vertex 65.5937 6.04688 1.6
      vertex 64.6931 5.98991 1.6
      vertex 65.3214 6.0089 1.6
    endloop
  endfacet
  facet normal 0 0 1
    outer loop
      vertex 56.9512 22.2014 1.6
      vertex 61.4332 29.3542 1.6
      vertex 60.5782 28.8024 1.6
    endloop
  endfacet
  facet normal 0 0 1
    outer loop
      vertex 56.9512 23.2372 1.6
      vertex 60.5782 28.8024 1.6
      vertex 59.5867 28.4713 1.6
    endloop
  endfacet
  facet normal 0 0 1
    outer loop
      vertex 56.9512 23.2372 1.6
      vertex 59.5867 28.4713 1.6
      vertex 58.4587 28.3609 1.6
    endloop
  endfacet
  facet normal 0 0 1
    outer loop
      vertex 56.9512 23.2372 1.6
      vertex 58.4587 28.3609 1.6
      vertex 57.6235 28.4081 1.6
    endloop
  endfacet
  facet normal 0 0 1
    outer loop
      vertex 60.5782 28.8024 1.6
      vertex 56.9512 23.2372 1.6
      vertex 56.9512 22.2014 1.6
    endloop
  endfacet
  facet normal 0 0 1
    outer loop
      vertex 64.6931 5.98991 1.6
      vertex 55.4438 18.4415 1.6
      vertex 63.9662 5.98991 1.6
    endloop
  endfacet
  facet normal 0 0 1
    outer loop
      vertex 55.4725 21.2326 1.6
      vertex 56.9512 22.2014 1.6
      vertex 56.7592 22.2381 1.6
    endloop
  endfacet
  facet normal 0 0 1
    outer loop
      vertex 55.5584 21.6029 1.6
      vertex 56.7592 22.2381 1.6
      vertex 56.5829 22.2601 1.6
    endloop
  endfacet
  facet normal 0 0 1
    outer loop
      vertex 55.5584 21.6029 1.6
      vertex 56.5829 22.2601 1.6
      vertex 56.4223 22.2675 1.6
    endloop
  endfacet
  facet normal 0 0 1
    outer loop
      vertex 55.7017 21.8928 1.6
      vertex 56.4223 22.2675 1.6
      vertex 56.1365 22.2259 1.6
    endloop
  endfacet
  facet normal 0 0 1
    outer loop
      vertex 55.7017 21.8928 1.6
      vertex 56.1365 22.2259 1.6
      vertex 55.8963 22.101 1.6
    endloop
  endfacet
  facet normal 0 0 1
    outer loop
      vertex 56.4223 22.2675 1.6
      vertex 55.7017 21.8928 1.6
      vertex 55.5584 21.6029 1.6
    endloop
  endfacet
  facet normal 0 0 1
    outer loop
      vertex 56.7592 22.2381 1.6
      vertex 55.5584 21.6029 1.6
      vertex 55.4725 21.2326 1.6
    endloop
  endfacet
  facet normal 0 0 1
    outer loop
      vertex 56.9512 22.2014 1.6
      vertex 55.4725 21.2326 1.6
      vertex 55.4438 20.7821 1.6
    endloop
  endfacet
  facet normal 0 0 1
    outer loop
      vertex 56.9512 22.2014 1.6
      vertex 55.4438 20.7821 1.6
      vertex 55.4438 18.4415 1.6
    endloop
  endfacet
  facet normal -0 0 1
    outer loop
      vertex 53.4872 15.7936 1.6
      vertex 63.9662 5.98991 1.6
      vertex 55.4438 18.4415 1.6
    endloop
  endfacet
  facet normal 0 0 1
    outer loop
      vertex 53.4872 15.7936 1.6
      vertex 55.4438 18.4415 1.6
      vertex 54.2052 18.4415 1.6
    endloop
  endfacet
  facet normal 0 0 1
    outer loop
      vertex 53.3837 20.6234 1.6
      vertex 54.2039 22.3383 1.6
      vertex 54.2003 22.5565 1.6
    endloop
  endfacet
  facet normal 0 0 1
    outer loop
      vertex 53.3837 20.6234 1.6
      vertex 54.2003 22.5565 1.6
      vertex 54.1941 22.7458 1.6
    endloop
  endfacet
  facet normal 0 0 1
    outer loop
      vertex 53.3837 20.6234 1.6
      vertex 54.1941 22.7458 1.6
      vertex 54.1865 22.914 1.6
    endloop
  endfacet
  facet normal 0 0 1
    outer loop
      vertex 53.3837 20.6234 1.6
      vertex 54.1865 22.914 1.6
      vertex 54.1785 23.069 1.6
    endloop
  endfacet
  facet normal 0 0 1
    outer loop
      vertex 53.3837 20.6234 1.6
      vertex 54.1785 23.069 1.6
      vertex 54.1699 23.2108 1.6
    endloop
  endfacet
  facet normal -0 0 1
    outer loop
      vertex 52.8186 37.0189 1.6
      vertex 54.0996 36.6735 1.6
      vertex 54.0347 37.6457 1.6
    endloop
  endfacet
  facet normal 0 0 1
    outer loop
      vertex 54.272 31.5034 1.6
      vertex 53.3837 20.6234 1.6
      vertex 54.1699 23.2108 1.6
    endloop
  endfacet
  facet normal 0 0 1
    outer loop
      vertex 53.3837 20.5882 1.6
      vertex 54.2052 22.0912 1.6
      vertex 53.3837 20.6234 1.6
    endloop
  endfacet
  facet normal -0 0 1
    outer loop
      vertex 51.7457 11.1594 1.6
      vertex 63.9662 5.98991 1.6
      vertex 53.4872 15.7936 1.6
    endloop
  endfacet
  facet normal -0 0 1
    outer loop
      vertex 51.5095 10.653 1.6
      vertex 63.9662 5.98991 1.6
      vertex 51.7457 11.1594 1.6
    endloop
  endfacet
  facet normal -0 0 1
    outer loop
      vertex 51.2674 10.2624 1.6
      vertex 63.9662 5.98991 1.6
      vertex 51.5095 10.653 1.6
    endloop
  endfacet
  facet normal 0 0 1
    outer loop
      vertex 63.9879 5.33351 1.6
      vertex 51.2674 10.2624 1.6
      vertex 51.0194 9.98755 1.6
    endloop
  endfacet
  facet normal 0 0 1
    outer loop
      vertex 63.9879 5.33351 1.6
      vertex 51.0194 9.98755 1.6
      vertex 63.9879 3.05499 1.6
    endloop
  endfacet
  facet normal -0 0 1
    outer loop
      vertex 50.7444 9.80672 1.6
      vertex 63.9879 3.05499 1.6
      vertex 51.0194 9.98755 1.6
    endloop
  endfacet
  facet normal -0 0 1
    outer loop
      vertex 50.4209 9.69823 1.6
      vertex 63.9879 3.05499 1.6
      vertex 50.7444 9.80672 1.6
    endloop
  endfacet
  facet normal -0 0 1
    outer loop
      vertex 50.049 9.66205 1.6
      vertex 63.9879 3.05499 1.6
      vertex 50.4209 9.69823 1.6
    endloop
  endfacet
  facet normal 0 0 1
    outer loop
      vertex 49.7864 9.66793 1.6
      vertex 63.9879 3.05499 1.6
      vertex 50.049 9.66205 1.6
    endloop
  endfacet
  facet normal 0 0 1
    outer loop
      vertex 49.5463 9.68555 1.6
      vertex 63.9879 3.05499 1.6
      vertex 49.7864 9.66793 1.6
    endloop
  endfacet
  facet normal 0 0 1
    outer loop
      vertex 49.3289 9.71492 1.6
      vertex 63.9879 3.05499 1.6
      vertex 49.5463 9.68555 1.6
    endloop
  endfacet
  facet normal 0 0 1
    outer loop
      vertex 49.0885 20.0991 1.6
      vertex 48.6284 14.2758 1.6
      vertex 48.9627 15.7936 1.6
    endloop
  endfacet
  facet normal -0 0 1
    outer loop
      vertex 48.4804 12.3709 1.6
      vertex 50.7041 11.436 1.6
      vertex 48.6262 12.9358 1.6
    endloop
  endfacet
  facet normal 0 0 1
    outer loop
      vertex 50.6017 11.1788 1.6
      vertex 48.4804 12.3709 1.6
      vertex 49.3289 10.5287 1.6
    endloop
  endfacet
  facet normal -0 0 1
    outer loop
      vertex 48.2374 11.9141 1.6
      vertex 49.3289 10.5287 1.6
      vertex 48.4804 12.3709 1.6
    endloop
  endfacet
  facet normal -0 0 1
    outer loop
      vertex 47.904 11.5784 1.6
      vertex 49.3289 10.5287 1.6
      vertex 48.2374 11.9141 1.6
    endloop
  endfacet
  facet normal -0 0 1
    outer loop
      vertex 47.4869 11.377 1.6
      vertex 49.3289 10.5287 1.6
      vertex 47.904 11.5784 1.6
    endloop
  endfacet
  facet normal 0 0 1
    outer loop
      vertex 49.3289 10.5287 1.6
      vertex 47.4869 11.377 1.6
      vertex 49.3289 9.71492 1.6
    endloop
  endfacet
  facet normal -0 0 1
    outer loop
      vertex 46.9862 11.3099 1.6
      vertex 49.3289 9.71492 1.6
      vertex 47.4869 11.377 1.6
    endloop
  endfacet
  facet normal 0 0 1
    outer loop
      vertex 46.6883 11.3325 1.6
      vertex 49.3289 9.71492 1.6
      vertex 46.9862 11.3099 1.6
    endloop
  endfacet
  facet normal -0 0 1
    outer loop
      vertex 45.5866 11.3913 1.6
      vertex 46.6883 11.3325 1.6
      vertex 46.4184 11.4003 1.6
    endloop
  endfacet
  facet normal 0 0 1
    outer loop
      vertex 45.5866 11.3913 1.6
      vertex 46.4184 11.4003 1.6
      vertex 46.1765 11.5133 1.6
    endloop
  endfacet
  facet normal 0 0 1
    outer loop
      vertex 45.6415 11.9925 1.6
      vertex 45.6517 12.0992 1.6
      vertex 45.6436 12.0992 1.6
    endloop
  endfacet
  facet normal 0 0 1
    outer loop
      vertex 45.6517 12.0992 1.6
      vertex 45.6415 11.9925 1.6
      vertex 45.7914 11.8641 1.6
    endloop
  endfacet
  facet normal 0 0 1
    outer loop
      vertex 45.6354 11.8623 1.6
      vertex 45.7914 11.8641 1.6
      vertex 45.6415 11.9925 1.6
    endloop
  endfacet
  facet normal 0 0 1
    outer loop
      vertex 45.6253 11.7086 1.6
      vertex 45.7914 11.8641 1.6
      vertex 45.6354 11.8623 1.6
    endloop
  endfacet
  facet normal 0 0 1
    outer loop
      vertex 45.7914 11.8641 1.6
      vertex 45.6253 11.7086 1.6
      vertex 45.9663 11.6688 1.6
    endloop
  endfacet
  facet normal 0 0 1
    outer loop
      vertex 45.6128 11.563 1.6
      vertex 45.9663 11.6688 1.6
      vertex 45.6253 11.7086 1.6
    endloop
  endfacet
  facet normal 0 0 1
    outer loop
      vertex 45.6 11.4573 1.6
      vertex 45.9663 11.6688 1.6
      vertex 45.6128 11.563 1.6
    endloop
  endfacet
  facet normal 0 0 1
    outer loop
      vertex 45.9663 11.6688 1.6
      vertex 45.6 11.4573 1.6
      vertex 46.1765 11.5133 1.6
    endloop
  endfacet
  facet normal 0 0 1
    outer loop
      vertex 45.5866 11.3913 1.6
      vertex 46.1765 11.5133 1.6
      vertex 45.6 11.4573 1.6
    endloop
  endfacet
  facet normal 0 0 1
    outer loop
      vertex 46.6883 11.3325 1.6
      vertex 45.5866 11.3913 1.6
      vertex 49.3289 9.71492 1.6
    endloop
  endfacet
  facet normal -0 0 1
    outer loop
      vertex 44.4758 11.3913 1.6
      vertex 49.3289 9.71492 1.6
      vertex 45.5866 11.3913 1.6
    endloop
  endfacet
  facet normal -0 0 1
    outer loop
      vertex 42.1314 11.3775 1.6
      vertex 49.3289 9.71492 1.6
      vertex 44.4758 11.3913 1.6
    endloop
  endfacet
  facet normal 0 0 1
    outer loop
      vertex 44.5084 12.3963 1.6
      vertex 43.456 12.375 1.6
      vertex 44.5048 12.0061 1.6
    endloop
  endfacet
  facet normal 0 0 1
    outer loop
      vertex 44.5048 12.0061 1.6
      vertex 43.456 12.375 1.6
      vertex 44.4939 11.6711 1.6
    endloop
  endfacet
  facet normal -0 0 1
    outer loop
      vertex 43.1259 11.9182 1.6
      vertex 44.4939 11.6711 1.6
      vertex 43.456 12.375 1.6
    endloop
  endfacet
  facet normal 0 0 1
    outer loop
      vertex 44.4939 11.6711 1.6
      vertex 43.1259 11.9182 1.6
      vertex 44.4758 11.3913 1.6
    endloop
  endfacet
  facet normal -0 0 1
    outer loop
      vertex 42.6793 11.5803 1.6
      vertex 44.4758 11.3913 1.6
      vertex 43.1259 11.9182 1.6
    endloop
  endfacet
  facet normal 0 0 1
    outer loop
      vertex 42.1314 11.3775 1.6
      vertex 44.4758 11.3913 1.6
      vertex 42.6793 11.5803 1.6
    endloop
  endfacet
  facet normal 0 0 1
    outer loop
      vertex 49.3289 9.71492 1.6
      vertex 42.1314 11.3775 1.6
      vertex 41.4823 11.3099 1.6
    endloop
  endfacet
  facet normal 0 0 1
    outer loop
      vertex 38.5603 11.3913 1.6
      vertex 49.3289 9.71492 1.6
      vertex 41.4823 11.3099 1.6
    endloop
  endfacet
  facet normal 0 0 1
    outer loop
      vertex 38.5603 11.3913 1.6
      vertex 41.4823 11.3099 1.6
      vertex 40.8452 11.3777 1.6
    endloop
  endfacet
  facet normal 0 0 1
    outer loop
      vertex 39.3461 14.254 1.6
      vertex 38.5603 17.1241 1.6
      vertex 39.281 13.5965 1.6
    endloop
  endfacet
  facet normal 0 0 1
    outer loop
      vertex 38.5603 11.3913 1.6
      vertex 39.281 13.5965 1.6
      vertex 38.5603 17.1241 1.6
    endloop
  endfacet
  facet normal 0 0 1
    outer loop
      vertex 39.281 13.5965 1.6
      vertex 38.5603 11.3913 1.6
      vertex 39.3461 12.9365 1.6
    endloop
  endfacet
  facet normal 0 0 1
    outer loop
      vertex 38.5603 11.3913 1.6
      vertex 39.5414 12.3777 1.6
      vertex 39.3461 12.9365 1.6
    endloop
  endfacet
  facet normal 0 0 1
    outer loop
      vertex 38.5603 11.3913 1.6
      vertex 39.8669 11.9202 1.6
      vertex 39.5414 12.3777 1.6
    endloop
  endfacet
  facet normal 0 0 1
    outer loop
      vertex 38.5603 11.3913 1.6
      vertex 40.3068 11.5812 1.6
      vertex 39.8669 11.9202 1.6
    endloop
  endfacet
  facet normal -0 0 1
    outer loop
      vertex 38.5603 11.3913 1.6
      vertex 40.8452 11.3777 1.6
      vertex 40.3068 11.5812 1.6
    endloop
  endfacet
  facet normal -0 0 1
    outer loop
      vertex 37.4943 11.3913 1.6
      vertex 49.3289 9.71492 1.6
      vertex 38.5603 11.3913 1.6
    endloop
  endfacet
  facet normal 0 0 1
    outer loop
      vertex 49.3289 9.71492 1.6
      vertex 37.4943 11.3913 1.6
      vertex 63.9879 3.05499 1.6
    endloop
  endfacet
  facet normal 0 0 1
    outer loop
      vertex 37.1078 14.5893 1.6
      vertex 37.4943 14.866 1.6
      vertex 37.2167 14.9505 1.6
    endloop
  endfacet
  facet normal 0 0 1
    outer loop
      vertex 37.4943 14.866 1.6
      vertex 37.1078 14.5893 1.6
      vertex 37.4943 11.3913 1.6
    endloop
  endfacet
  facet normal 0 0 1
    outer loop
      vertex 36.0743 11.3913 1.6
      vertex 37.4943 11.3913 1.6
      vertex 37.1078 14.5893 1.6
    endloop
  endfacet
  facet normal -0 0 1
    outer loop
      vertex 36.0743 11.3913 1.6
      vertex 63.9879 3.05499 1.6
      vertex 37.4943 11.3913 1.6
    endloop
  endfacet
  facet normal -0 0 1
    outer loop
      vertex 35.2199 11.3913 1.6
      vertex 63.9879 3.05499 1.6
      vertex 36.0743 11.3913 1.6
    endloop
  endfacet
  facet normal 0 0 1
    outer loop
      vertex 33.7999 11.3913 1.6
      vertex 34.1864 14.5893 1.6
      vertex 33.7999 14.866 1.6
    endloop
  endfacet
  facet normal 0 0 1
    outer loop
      vertex 34.1864 14.5893 1.6
      vertex 33.7999 11.3913 1.6
      vertex 35.2199 11.3913 1.6
    endloop
  endfacet
  facet normal 0 0 1
    outer loop
      vertex 2.34302 0.0049324 1.6
      vertex 35.2199 11.3913 1.6
      vertex 33.7999 11.3913 1.6
    endloop
  endfacet
  facet normal 0 0 1
    outer loop
      vertex 2.34302 0.0049324 1.6
      vertex 33.7999 11.3913 1.6
      vertex 32.7339 11.3913 1.6
    endloop
  endfacet
  facet normal -0 0 1
    outer loop
      vertex 29.1981 18.4415 1.6
      vertex 32.7339 17.1241 1.6
      vertex 30.4984 18.4415 1.6
    endloop
  endfacet
  facet normal 0 0 1
    outer loop
      vertex 32.7339 17.1241 1.6
      vertex 29.1981 18.4415 1.6
      vertex 32.7339 11.3913 1.6
    endloop
  endfacet
  facet normal 0 0 1
    outer loop
      vertex 0 2.5 1.6
      vertex 29.1981 18.4415 1.6
      vertex 22.9036 28.5508 1.6
    endloop
  endfacet
  facet normal 0 0 1
    outer loop
      vertex 22.9036 30.535 1.6
      vertex 0 51.48 1.6
      vertex 22.9036 28.5508 1.6
    endloop
  endfacet
  facet normal 0 0 1
    outer loop
      vertex 63.9879 3.05499 1.6
      vertex 2.34302 0.0049324 1.6
      vertex 83.257 0.0049324 1.6
    endloop
  endfacet
  facet normal 0 0 1
    outer loop
      vertex 35.2199 11.3913 1.6
      vertex 2.34302 0.0049324 1.6
      vertex 63.9879 3.05499 1.6
    endloop
  endfacet
  facet normal 0 0 1
    outer loop
      vertex 0 2.5 1.6
      vertex 22.9036 28.5508 1.6
      vertex 0 51.48 1.6
    endloop
  endfacet
  facet normal 0 0 1
    outer loop
      vertex 0 51.48 1.6
      vertex 2.34302 53.9751 1.6
      vertex 2.03155 53.9357 1.6
    endloop
  endfacet
  facet normal 0 0 1
    outer loop
      vertex 29.1981 18.4415 1.6
      vertex 0 2.5 1.6
      vertex 2.34302 0.0049324 1.6
    endloop
  endfacet
  facet normal 0 0 1
    outer loop
      vertex 0 51.48 1.6
      vertex 2.03155 53.9357 1.6
      vertex 1.72746 53.8576 1.6
    endloop
  endfacet
  facet normal 0 0 1
    outer loop
      vertex 29.1981 18.4415 1.6
      vertex 2.34302 0.0049324 1.6
      vertex 32.7339 11.3913 1.6
    endloop
  endfacet
  facet normal 0 0 1
    outer loop
      vertex 0 51.48 1.6
      vertex 1.72746 53.8576 1.6
      vertex 1.43555 53.7421 1.6
    endloop
  endfacet
  facet normal 0 0 1
    outer loop
      vertex 2.34302 0.0049324 1.6
      vertex 0 2.5 1.6
      vertex 2.03155 0.044281 1.6
    endloop
  endfacet
  facet normal 0 0 1
    outer loop
      vertex 0 51.48 1.6
      vertex 1.43555 53.7421 1.6
      vertex 1.16043 53.5908 1.6
    endloop
  endfacet
  facet normal 0 0 1
    outer loop
      vertex 2.03155 0.044281 1.6
      vertex 0 2.5 1.6
      vertex 1.72746 0.122358 1.6
    endloop
  endfacet
  facet normal 0 0 1
    outer loop
      vertex 0 51.48 1.6
      vertex 1.16043 53.5908 1.6
      vertex 0.90644 53.4063 1.6
    endloop
  endfacet
  facet normal 0 0 1
    outer loop
      vertex 1.72746 0.122358 1.6
      vertex 0 2.5 1.6
      vertex 1.43555 0.237932 1.6
    endloop
  endfacet
  facet normal 0 0 1
    outer loop
      vertex 0 51.48 1.6
      vertex 0.90644 53.4063 1.6
      vertex 0.677578 53.1914 1.6
    endloop
  endfacet
  facet normal 0 0 1
    outer loop
      vertex 1.43555 0.237932 1.6
      vertex 0 2.5 1.6
      vertex 1.16043 0.38918 1.6
    endloop
  endfacet
  facet normal 0 0 1
    outer loop
      vertex 0 51.48 1.6
      vertex 0.677578 53.1914 1.6
      vertex 0.477457 52.9495 1.6
    endloop
  endfacet
  facet normal 0 0 1
    outer loop
      vertex 1.16043 0.38918 1.6
      vertex 0 2.5 1.6
      vertex 0.90644 0.573716 1.6
    endloop
  endfacet
  facet normal 0 0 1
    outer loop
      vertex 0 51.48 1.6
      vertex 0.477457 52.9495 1.6
      vertex 0.309233 52.6844 1.6
    endloop
  endfacet
  facet normal 0 0 1
    outer loop
      vertex 0.90644 0.573716 1.6
      vertex 0 2.5 1.6
      vertex 0.677578 0.788631 1.6
    endloop
  endfacet
  facet normal 0 0 1
    outer loop
      vertex 0 51.48 1.6
      vertex 0.309233 52.6844 1.6
      vertex 0.175558 52.4003 1.6
    endloop
  endfacet
  facet normal 0 0 1
    outer loop
      vertex 0.677578 0.788631 1.6
      vertex 0 2.5 1.6
      vertex 0.477457 1.03054 1.6
    endloop
  endfacet
  facet normal 0 0 1
    outer loop
      vertex 0 51.48 1.6
      vertex 0.175558 52.4003 1.6
      vertex 0.0785418 52.1017 1.6
    endloop
  endfacet
  facet normal 0 0 1
    outer loop
      vertex 0.477457 1.03054 1.6
      vertex 0 2.5 1.6
      vertex 0.309233 1.29562 1.6
    endloop
  endfacet
  facet normal 0 0 1
    outer loop
      vertex 0 51.48 1.6
      vertex 0.0785418 52.1017 1.6
      vertex 0.0197124 51.7933 1.6
    endloop
  endfacet
  facet normal 0 0 1
    outer loop
      vertex 0.309233 1.29562 1.6
      vertex 0 2.5 1.6
      vertex 0.175558 1.57969 1.6
    endloop
  endfacet
  facet normal 0 0 1
    outer loop
      vertex 0.175558 1.57969 1.6
      vertex 0 2.5 1.6
      vertex 0.0785418 1.87827 1.6
    endloop
  endfacet
  facet normal 0 0 1
    outer loop
      vertex 0.0785418 1.87827 1.6
      vertex 0 2.5 1.6
      vertex 0.0197124 2.18667 1.6
    endloop
  endfacet
  facet normal -0 0 1
    outer loop
      vertex 35.6192 37.6268 1.6
      vertex 39.5116 37.323 1.6
      vertex 39.4775 37.9131 1.6
    endloop
  endfacet
  facet normal -0 0 1
    outer loop
      vertex 35.6509 38.1611 1.6
      vertex 39.4775 37.9131 1.6
      vertex 39.3751 38.4396 1.6
    endloop
  endfacet
  facet normal 0 0 1
    outer loop
      vertex 39.5116 37.323 1.6
      vertex 35.6192 37.6268 1.6
      vertex 35.6506 37.099 1.6
    endloop
  endfacet
  facet normal 0 0 1
    outer loop
      vertex 35.6509 38.1611 1.6
      vertex 39.3751 38.4396 1.6
      vertex 39.2046 38.9027 1.6
    endloop
  endfacet
  facet normal 0 0 1
    outer loop
      vertex 39.5116 37.323 1.6
      vertex 35.6506 37.099 1.6
      vertex 39.4763 36.8587 1.6
    endloop
  endfacet
  facet normal 0 0 1
    outer loop
      vertex 35.7462 38.6342 1.6
      vertex 39.2046 38.9027 1.6
      vertex 38.9657 39.3023 1.6
    endloop
  endfacet
  facet normal 0 -0 1
    outer loop
      vertex 35.745 36.6264 1.6
      vertex 39.4763 36.8587 1.6
      vertex 35.6506 37.099 1.6
    endloop
  endfacet
  facet normal 0 0 1
    outer loop
      vertex 37.518 40.0382 1.6
      vertex 38.9657 39.3023 1.6
      vertex 38.6706 39.6242 1.6
    endloop
  endfacet
  facet normal 0 0 1
    outer loop
      vertex 39.4763 36.8587 1.6
      vertex 35.745 36.6264 1.6
      vertex 39.3704 36.4436 1.6
    endloop
  endfacet
  facet normal 0 0 1
    outer loop
      vertex 37.9467 39.9922 1.6
      vertex 38.6706 39.6242 1.6
      vertex 38.3309 39.8542 1.6
    endloop
  endfacet
  facet normal 0 0 1
    outer loop
      vertex 39.3704 36.4436 1.6
      vertex 35.745 36.6264 1.6
      vertex 39.1938 36.0778 1.6
    endloop
  endfacet
  facet normal 0 0 1
    outer loop
      vertex 37.518 40.0382 1.6
      vertex 38.6706 39.6242 1.6
      vertex 37.9467 39.9922 1.6
    endloop
  endfacet
  facet normal 0 0 1
    outer loop
      vertex 39.1938 36.0778 1.6
      vertex 35.745 36.6264 1.6
      vertex 38.9467 35.7612 1.6
    endloop
  endfacet
  facet normal 0 0 1
    outer loop
      vertex 38.9467 35.7612 1.6
      vertex 35.745 36.6264 1.6
      vertex 38.6462 35.5057 1.6
    endloop
  endfacet
  facet normal 0 0 1
    outer loop
      vertex 38.9657 39.3023 1.6
      vertex 37.518 40.0382 1.6
      vertex 35.9049 39.0463 1.6
    endloop
  endfacet
  facet normal 0 0 1
    outer loop
      vertex 38.6462 35.5057 1.6
      vertex 35.745 36.6264 1.6
      vertex 38.3095 35.3233 1.6
    endloop
  endfacet
  facet normal 0 0 1
    outer loop
      vertex 35.9049 39.0463 1.6
      vertex 37.518 40.0382 1.6
      vertex 37.1 39.9981 1.6
    endloop
  endfacet
  facet normal 0 0 1
    outer loop
      vertex 36.1271 39.3972 1.6
      vertex 37.1 39.9981 1.6
      vertex 36.7288 39.8779 1.6
    endloop
  endfacet
  facet normal 0 0 1
    outer loop
      vertex 38.3095 35.3233 1.6
      vertex 35.745 36.6264 1.6
      vertex 37.9366 35.2138 1.6
    endloop
  endfacet
  facet normal 0 0 1
    outer loop
      vertex 36.1271 39.3972 1.6
      vertex 36.7288 39.8779 1.6
      vertex 36.4045 39.6777 1.6
    endloop
  endfacet
  facet normal -0 -0 1
    outer loop
      vertex 35.9022 36.209 1.6
      vertex 37.9366 35.2138 1.6
      vertex 35.745 36.6264 1.6
    endloop
  endfacet
  facet normal 0 0 1
    outer loop
      vertex 37.1 39.9981 1.6
      vertex 36.1271 39.3972 1.6
      vertex 35.9049 39.0463 1.6
    endloop
  endfacet
  facet normal 0 0 1
    outer loop
      vertex 37.9366 35.2138 1.6
      vertex 35.9022 36.209 1.6
      vertex 37.5275 35.1774 1.6
    endloop
  endfacet
  facet normal 0 0 1
    outer loop
      vertex 38.9657 39.3023 1.6
      vertex 35.9049 39.0463 1.6
      vertex 35.7462 38.6342 1.6
    endloop
  endfacet
  facet normal -0 -0 1
    outer loop
      vertex 36.1223 35.8467 1.6
      vertex 37.5275 35.1774 1.6
      vertex 35.9022 36.209 1.6
    endloop
  endfacet
  facet normal 0 0 1
    outer loop
      vertex 39.2046 38.9027 1.6
      vertex 35.7462 38.6342 1.6
      vertex 35.6509 38.1611 1.6
    endloop
  endfacet
  facet normal 0 0 1
    outer loop
      vertex 37.5275 35.1774 1.6
      vertex 36.1223 35.8467 1.6
      vertex 37.1014 35.2192 1.6
    endloop
  endfacet
  facet normal 0 0 1
    outer loop
      vertex 39.4775 37.9131 1.6
      vertex 35.6509 38.1611 1.6
      vertex 35.6192 37.6268 1.6
    endloop
  endfacet
  facet normal 0 0 1
    outer loop
      vertex 37.1014 35.2192 1.6
      vertex 36.1223 35.8467 1.6
      vertex 36.7252 35.3447 1.6
    endloop
  endfacet
  facet normal 0 0 1
    outer loop
      vertex 36.7252 35.3447 1.6
      vertex 36.1223 35.8467 1.6
      vertex 36.3988 35.5539 1.6
    endloop
  endfacet
  facet normal -0 0 1
    outer loop
      vertex 46.1797 37.6268 1.6
      vertex 50.0722 37.323 1.6
      vertex 50.038 37.9131 1.6
    endloop
  endfacet
  facet normal -0 0 1
    outer loop
      vertex 46.2115 38.1611 1.6
      vertex 50.038 37.9131 1.6
      vertex 49.9357 38.4396 1.6
    endloop
  endfacet
  facet normal 0 0 1
    outer loop
      vertex 50.0722 37.323 1.6
      vertex 46.1797 37.6268 1.6
      vertex 46.2112 37.099 1.6
    endloop
  endfacet
  facet normal 0 0 1
    outer loop
      vertex 46.2115 38.1611 1.6
      vertex 49.9357 38.4396 1.6
      vertex 49.7651 38.9027 1.6
    endloop
  endfacet
  facet normal 0 0 1
    outer loop
      vertex 50.0722 37.323 1.6
      vertex 46.2112 37.099 1.6
      vertex 50.0368 36.8587 1.6
    endloop
  endfacet
  facet normal 0 0 1
    outer loop
      vertex 46.3067 38.6342 1.6
      vertex 49.7651 38.9027 1.6
      vertex 49.5263 39.3023 1.6
    endloop
  endfacet
  facet normal 0 -0 1
    outer loop
      vertex 46.3055 36.6264 1.6
      vertex 50.0368 36.8587 1.6
      vertex 46.2112 37.099 1.6
    endloop
  endfacet
  facet normal 0 0 1
    outer loop
      vertex 48.0785 40.0382 1.6
      vertex 49.5263 39.3023 1.6
      vertex 49.2311 39.6242 1.6
    endloop
  endfacet
  facet normal 0 0 1
    outer loop
      vertex 50.0368 36.8587 1.6
      vertex 46.3055 36.6264 1.6
      vertex 49.9309 36.4436 1.6
    endloop
  endfacet
  facet normal 0 0 1
    outer loop
      vertex 48.5072 39.9922 1.6
      vertex 49.2311 39.6242 1.6
      vertex 48.8914 39.8542 1.6
    endloop
  endfacet
  facet normal 0 0 1
    outer loop
      vertex 49.9309 36.4436 1.6
      vertex 46.3055 36.6264 1.6
      vertex 49.7544 36.0778 1.6
    endloop
  endfacet
  facet normal 0 0 1
    outer loop
      vertex 48.0785 40.0382 1.6
      vertex 49.2311 39.6242 1.6
      vertex 48.5072 39.9922 1.6
    endloop
  endfacet
  facet normal 0 0 1
    outer loop
      vertex 49.7544 36.0778 1.6
      vertex 46.3055 36.6264 1.6
      vertex 49.5072 35.7612 1.6
    endloop
  endfacet
  facet normal 0 0 1
    outer loop
      vertex 49.5072 35.7612 1.6
      vertex 46.3055 36.6264 1.6
      vertex 49.2068 35.5057 1.6
    endloop
  endfacet
  facet normal 0 0 1
    outer loop
      vertex 49.5263 39.3023 1.6
      vertex 48.0785 40.0382 1.6
      vertex 46.4654 39.0463 1.6
    endloop
  endfacet
  facet normal 0 0 1
    outer loop
      vertex 49.2068 35.5057 1.6
      vertex 46.3055 36.6264 1.6
      vertex 48.8701 35.3233 1.6
    endloop
  endfacet
  facet normal 0 0 1
    outer loop
      vertex 46.4654 39.0463 1.6
      vertex 48.0785 40.0382 1.6
      vertex 47.6605 39.9981 1.6
    endloop
  endfacet
  facet normal 0 0 1
    outer loop
      vertex 46.6876 39.3972 1.6
      vertex 47.6605 39.9981 1.6
      vertex 47.2893 39.8779 1.6
    endloop
  endfacet
  facet normal 0 0 1
    outer loop
      vertex 48.8701 35.3233 1.6
      vertex 46.3055 36.6264 1.6
      vertex 48.4972 35.2138 1.6
    endloop
  endfacet
  facet normal 0 0 1
    outer loop
      vertex 46.6876 39.3972 1.6
      vertex 47.2893 39.8779 1.6
      vertex 46.9651 39.6777 1.6
    endloop
  endfacet
  facet normal -0 -0 1
    outer loop
      vertex 46.4628 36.209 1.6
      vertex 48.4972 35.2138 1.6
      vertex 46.3055 36.6264 1.6
    endloop
  endfacet
  facet normal 0 0 1
    outer loop
      vertex 47.6605 39.9981 1.6
      vertex 46.6876 39.3972 1.6
      vertex 46.4654 39.0463 1.6
    endloop
  endfacet
  facet normal 0 0 1
    outer loop
      vertex 48.4972 35.2138 1.6
      vertex 46.4628 36.209 1.6
      vertex 48.0881 35.1774 1.6
    endloop
  endfacet
  facet normal 0 0 1
    outer loop
      vertex 49.5263 39.3023 1.6
      vertex 46.4654 39.0463 1.6
      vertex 46.3067 38.6342 1.6
    endloop
  endfacet
  facet normal -0 -0 1
    outer loop
      vertex 46.6829 35.8467 1.6
      vertex 48.0881 35.1774 1.6
      vertex 46.4628 36.209 1.6
    endloop
  endfacet
  facet normal 0 0 1
    outer loop
      vertex 49.7651 38.9027 1.6
      vertex 46.3067 38.6342 1.6
      vertex 46.2115 38.1611 1.6
    endloop
  endfacet
  facet normal 0 0 1
    outer loop
      vertex 48.0881 35.1774 1.6
      vertex 46.6829 35.8467 1.6
      vertex 47.662 35.2192 1.6
    endloop
  endfacet
  facet normal 0 0 1
    outer loop
      vertex 50.038 37.9131 1.6
      vertex 46.2115 38.1611 1.6
      vertex 46.1797 37.6268 1.6
    endloop
  endfacet
  facet normal 0 0 1
    outer loop
      vertex 47.662 35.2192 1.6
      vertex 46.6829 35.8467 1.6
      vertex 47.2858 35.3447 1.6
    endloop
  endfacet
  facet normal 0 0 1
    outer loop
      vertex 47.2858 35.3447 1.6
      vertex 46.6829 35.8467 1.6
      vertex 46.9594 35.5539 1.6
    endloop
  endfacet
  facet normal -0 0 1
    outer loop
      vertex 56.7403 37.6268 1.6
      vertex 60.6327 37.323 1.6
      vertex 60.5986 37.9131 1.6
    endloop
  endfacet
  facet normal -0 0 1
    outer loop
      vertex 56.772 38.1611 1.6
      vertex 60.5986 37.9131 1.6
      vertex 60.4963 38.4396 1.6
    endloop
  endfacet
  facet normal 0 0 1
    outer loop
      vertex 60.6327 37.323 1.6
      vertex 56.7403 37.6268 1.6
      vertex 56.7717 37.099 1.6
    endloop
  endfacet
  facet normal 0 0 1
    outer loop
      vertex 56.772 38.1611 1.6
      vertex 60.4963 38.4396 1.6
      vertex 60.3257 38.9027 1.6
    endloop
  endfacet
  facet normal 0 0 1
    outer loop
      vertex 60.6327 37.323 1.6
      vertex 56.7717 37.099 1.6
      vertex 60.5974 36.8587 1.6
    endloop
  endfacet
  facet normal 0 0 1
    outer loop
      vertex 56.8673 38.6342 1.6
      vertex 60.3257 38.9027 1.6
      vertex 60.0869 39.3023 1.6
    endloop
  endfacet
  facet normal 0 -0 1
    outer loop
      vertex 56.8661 36.6264 1.6
      vertex 60.5974 36.8587 1.6
      vertex 56.7717 37.099 1.6
    endloop
  endfacet
  facet normal 0 0 1
    outer loop
      vertex 58.6391 40.0382 1.6
      vertex 60.0869 39.3023 1.6
      vertex 59.7917 39.6242 1.6
    endloop
  endfacet
  facet normal 0 0 1
    outer loop
      vertex 60.5974 36.8587 1.6
      vertex 56.8661 36.6264 1.6
      vertex 60.4915 36.4436 1.6
    endloop
  endfacet
  facet normal 0 0 1
    outer loop
      vertex 59.0678 39.9922 1.6
      vertex 59.7917 39.6242 1.6
      vertex 59.452 39.8542 1.6
    endloop
  endfacet
  facet normal 0 0 1
    outer loop
      vertex 60.4915 36.4436 1.6
      vertex 56.8661 36.6264 1.6
      vertex 60.315 36.0778 1.6
    endloop
  endfacet
  facet normal 0 0 1
    outer loop
      vertex 58.6391 40.0382 1.6
      vertex 59.7917 39.6242 1.6
      vertex 59.0678 39.9922 1.6
    endloop
  endfacet
  facet normal 0 0 1
    outer loop
      vertex 60.315 36.0778 1.6
      vertex 56.8661 36.6264 1.6
      vertex 60.0678 35.7612 1.6
    endloop
  endfacet
  facet normal 0 0 1
    outer loop
      vertex 60.0678 35.7612 1.6
      vertex 56.8661 36.6264 1.6
      vertex 59.7673 35.5057 1.6
    endloop
  endfacet
  facet normal 0 0 1
    outer loop
      vertex 60.0869 39.3023 1.6
      vertex 58.6391 40.0382 1.6
      vertex 57.026 39.0463 1.6
    endloop
  endfacet
  facet normal 0 0 1
    outer loop
      vertex 59.7673 35.5057 1.6
      vertex 56.8661 36.6264 1.6
      vertex 59.4306 35.3233 1.6
    endloop
  endfacet
  facet normal 0 0 1
    outer loop
      vertex 57.026 39.0463 1.6
      vertex 58.6391 40.0382 1.6
      vertex 58.2211 39.9981 1.6
    endloop
  endfacet
  facet normal 0 0 1
    outer loop
      vertex 57.2482 39.3972 1.6
      vertex 58.2211 39.9981 1.6
      vertex 57.8499 39.8779 1.6
    endloop
  endfacet
  facet normal 0 0 1
    outer loop
      vertex 59.4306 35.3233 1.6
      vertex 56.8661 36.6264 1.6
      vertex 59.0578 35.2138 1.6
    endloop
  endfacet
  facet normal 0 0 1
    outer loop
      vertex 57.2482 39.3972 1.6
      vertex 57.8499 39.8779 1.6
      vertex 57.5256 39.6777 1.6
    endloop
  endfacet
  facet normal -0 -0 1
    outer loop
      vertex 57.0233 36.209 1.6
      vertex 59.0578 35.2138 1.6
      vertex 56.8661 36.6264 1.6
    endloop
  endfacet
  facet normal 0 0 1
    outer loop
      vertex 58.2211 39.9981 1.6
      vertex 57.2482 39.3972 1.6
      vertex 57.026 39.0463 1.6
    endloop
  endfacet
  facet normal 0 0 1
    outer loop
      vertex 59.0578 35.2138 1.6
      vertex 57.0233 36.209 1.6
      vertex 58.6486 35.1774 1.6
    endloop
  endfacet
  facet normal 0 0 1
    outer loop
      vertex 60.0869 39.3023 1.6
      vertex 57.026 39.0463 1.6
      vertex 56.8673 38.6342 1.6
    endloop
  endfacet
  facet normal -0 -0 1
    outer loop
      vertex 57.2435 35.8467 1.6
      vertex 58.6486 35.1774 1.6
      vertex 57.0233 36.209 1.6
    endloop
  endfacet
  facet normal 0 0 1
    outer loop
      vertex 60.3257 38.9027 1.6
      vertex 56.8673 38.6342 1.6
      vertex 56.772 38.1611 1.6
    endloop
  endfacet
  facet normal 0 0 1
    outer loop
      vertex 58.6486 35.1774 1.6
      vertex 57.2435 35.8467 1.6
      vertex 58.2226 35.2192 1.6
    endloop
  endfacet
  facet normal 0 0 1
    outer loop
      vertex 60.5986 37.9131 1.6
      vertex 56.772 38.1611 1.6
      vertex 56.7403 37.6268 1.6
    endloop
  endfacet
  facet normal 0 0 1
    outer loop
      vertex 58.2226 35.2192 1.6
      vertex 57.2435 35.8467 1.6
      vertex 57.8463 35.3447 1.6
    endloop
  endfacet
  facet normal 0 0 1
    outer loop
      vertex 57.8463 35.3447 1.6
      vertex 57.2435 35.8467 1.6
      vertex 57.52 35.5539 1.6
    endloop
  endfacet
  facet normal -0 0 1
    outer loop
      vertex 38.2073 21.7293 1.6
      vertex 40.2638 21.3458 1.6
      vertex 40.1712 21.7572 1.6
    endloop
  endfacet
  facet normal 0 0 1
    outer loop
      vertex 38.0819 20.8306 1.6
      vertex 40.2638 21.3458 1.6
      vertex 38.2073 21.7293 1.6
    endloop
  endfacet
  facet normal 0 0 1
    outer loop
      vertex 39.2103 22.4482 1.6
      vertex 40.1712 21.7572 1.6
      vertex 40.0169 22.0647 1.6
    endloop
  endfacet
  facet normal 0 0 1
    outer loop
      vertex 39.535 22.4056 1.6
      vertex 40.0169 22.0647 1.6
      vertex 39.8039 22.2778 1.6
    endloop
  endfacet
  facet normal 0 -0 1
    outer loop
      vertex 38.1125 20.341 1.6
      vertex 40.2946 20.8306 1.6
      vertex 38.0819 20.8306 1.6
    endloop
  endfacet
  facet normal 0 0 1
    outer loop
      vertex 40.0169 22.0647 1.6
      vertex 39.535 22.4056 1.6
      vertex 39.2103 22.4482 1.6
    endloop
  endfacet
  facet normal 0 0 1
    outer loop
      vertex 40.1712 21.7572 1.6
      vertex 39.2103 22.4482 1.6
      vertex 38.2073 21.7293 1.6
    endloop
  endfacet
  facet normal 0 0 1
    outer loop
      vertex 40.2946 20.8306 1.6
      vertex 38.1125 20.341 1.6
      vertex 40.1678 19.9245 1.6
    endloop
  endfacet
  facet normal -0 -0 1
    outer loop
      vertex 38.2043 19.9363 1.6
      vertex 40.1678 19.9245 1.6
      vertex 38.1125 20.341 1.6
    endloop
  endfacet
  facet normal 0 0 1
    outer loop
      vertex 38.2073 21.7293 1.6
      vertex 39.2103 22.4482 1.6
      vertex 38.5834 22.2685 1.6
    endloop
  endfacet
  facet normal 0 -0 1
    outer loop
      vertex 39.153 19.1997 1.6
      vertex 40.1678 19.9245 1.6
      vertex 38.2043 19.9363 1.6
    endloop
  endfacet
  facet normal 0 0 1
    outer loop
      vertex 40.1678 19.9245 1.6
      vertex 39.153 19.1997 1.6
      vertex 39.7872 19.3809 1.6
    endloop
  endfacet
  facet normal 0 0 1
    outer loop
      vertex 40.2638 21.3458 1.6
      vertex 38.0819 20.8306 1.6
      vertex 40.2946 20.8306 1.6
    endloop
  endfacet
  facet normal -0 -0 1
    outer loop
      vertex 38.3574 19.6162 1.6
      vertex 39.153 19.1997 1.6
      vertex 38.2043 19.9363 1.6
    endloop
  endfacet
  facet normal 0 0 1
    outer loop
      vertex 39.153 19.1997 1.6
      vertex 38.3574 19.6162 1.6
      vertex 38.8334 19.246 1.6
    endloop
  endfacet
  facet normal 0 0 1
    outer loop
      vertex 38.8334 19.246 1.6
      vertex 38.3574 19.6162 1.6
      vertex 38.5682 19.3848 1.6
    endloop
  endfacet
  facet normal 0 0 1
    outer loop
      vertex 50.367 21.7013 1.6
      vertex 52.1382 21.7168 1.6
      vertex 52.0457 22.0055 1.6
    endloop
  endfacet
  facet normal 0 0 1
    outer loop
      vertex 51.2547 22.5188 1.6
      vertex 52.0457 22.0055 1.6
      vertex 51.907 22.23 1.6
    endloop
  endfacet
  facet normal 0 0 1
    outer loop
      vertex 51.5094 22.4867 1.6
      vertex 51.907 22.23 1.6
      vertex 51.7268 22.3904 1.6
    endloop
  endfacet
  facet normal 0 0 1
    outer loop
      vertex 51.907 22.23 1.6
      vertex 51.5094 22.4867 1.6
      vertex 51.2547 22.5188 1.6
    endloop
  endfacet
  facet normal 0 0 1
    outer loop
      vertex 52.0457 22.0055 1.6
      vertex 51.2547 22.5188 1.6
      vertex 50.4501 21.9849 1.6
    endloop
  endfacet
  facet normal 0 0 1
    outer loop
      vertex 50.4501 21.9849 1.6
      vertex 51.2547 22.5188 1.6
      vertex 50.9861 22.485 1.6
    endloop
  endfacet
  facet normal 0 0 1
    outer loop
      vertex 50.5825 22.2146 1.6
      vertex 50.9861 22.485 1.6
      vertex 50.762 22.3836 1.6
    endloop
  endfacet
  facet normal 0 0 1
    outer loop
      vertex 50.9861 22.485 1.6
      vertex 50.5825 22.2146 1.6
      vertex 50.4501 21.9849 1.6
    endloop
  endfacet
  facet normal 0 0 1
    outer loop
      vertex 52.0457 22.0055 1.6
      vertex 50.4501 21.9849 1.6
      vertex 50.367 21.7013 1.6
    endloop
  endfacet
  facet normal 0 0 1
    outer loop
      vertex 50.3335 21.3639 1.6
      vertex 52.1382 21.7168 1.6
      vertex 50.367 21.7013 1.6
    endloop
  endfacet
  facet normal 0 0 1
    outer loop
      vertex 52.1382 21.7168 1.6
      vertex 50.3335 21.3639 1.6
      vertex 52.1848 21.3639 1.6
    endloop
  endfacet
  facet normal -0 0 1
    outer loop
      vertex 40.5971 14.4261 1.6
      vertex 42.4954 14.0721 1.6
      vertex 42.4099 14.4518 1.6
    endloop
  endfacet
  facet normal 0 0 1
    outer loop
      vertex 40.4813 13.5965 1.6
      vertex 42.4954 14.0721 1.6
      vertex 40.5971 14.4261 1.6
    endloop
  endfacet
  facet normal 0 0 1
    outer loop
      vertex 41.5229 15.0898 1.6
      vertex 42.4099 14.4518 1.6
      vertex 42.2675 14.7358 1.6
    endloop
  endfacet
  facet normal 0 0 1
    outer loop
      vertex 41.8226 15.0504 1.6
      vertex 42.2675 14.7358 1.6
      vertex 42.0708 14.9324 1.6
    endloop
  endfacet
  facet normal 0 -0 1
    outer loop
      vertex 40.5096 13.1446 1.6
      vertex 42.5238 13.5965 1.6
      vertex 40.4813 13.5965 1.6
    endloop
  endfacet
  facet normal 0 0 1
    outer loop
      vertex 42.2675 14.7358 1.6
      vertex 41.8226 15.0504 1.6
      vertex 41.5229 15.0898 1.6
    endloop
  endfacet
  facet normal 0 0 1
    outer loop
      vertex 42.4099 14.4518 1.6
      vertex 41.5229 15.0898 1.6
      vertex 40.5971 14.4261 1.6
    endloop
  endfacet
  facet normal 0 0 1
    outer loop
      vertex 42.5238 13.5965 1.6
      vertex 40.5096 13.1446 1.6
      vertex 42.4067 12.7602 1.6
    endloop
  endfacet
  facet normal -0 -0 1
    outer loop
      vertex 40.5943 12.771 1.6
      vertex 42.4067 12.7602 1.6
      vertex 40.5096 13.1446 1.6
    endloop
  endfacet
  facet normal 0 0 1
    outer loop
      vertex 40.5971 14.4261 1.6
      vertex 41.5229 15.0898 1.6
      vertex 40.9443 14.9238 1.6
    endloop
  endfacet
  facet normal 0 -0 1
    outer loop
      vertex 41.47 12.0911 1.6
      vertex 42.4067 12.7602 1.6
      vertex 40.5943 12.771 1.6
    endloop
  endfacet
  facet normal 0 0 1
    outer loop
      vertex 42.4067 12.7602 1.6
      vertex 41.47 12.0911 1.6
      vertex 42.0555 12.2584 1.6
    endloop
  endfacet
  facet normal 0 0 1
    outer loop
      vertex 42.4954 14.0721 1.6
      vertex 40.4813 13.5965 1.6
      vertex 42.5238 13.5965 1.6
    endloop
  endfacet
  facet normal -0 -0 1
    outer loop
      vertex 40.7356 12.4756 1.6
      vertex 41.47 12.0911 1.6
      vertex 40.5943 12.771 1.6
    endloop
  endfacet
  facet normal 0 0 1
    outer loop
      vertex 41.47 12.0911 1.6
      vertex 40.7356 12.4756 1.6
      vertex 41.175 12.1338 1.6
    endloop
  endfacet
  facet normal 0 0 1
    outer loop
      vertex 41.175 12.1338 1.6
      vertex 40.7356 12.4756 1.6
      vertex 40.9302 12.262 1.6
    endloop
  endfacet
  facet normal -0 0 1
    outer loop
      vertex 45.743 14.3958 1.6
      vertex 47.4582 14.0649 1.6
      vertex 47.385 14.4351 1.6
    endloop
  endfacet
  facet normal 0 0 1
    outer loop
      vertex 47.4582 14.0649 1.6
      vertex 45.6623 14.0222 1.6
      vertex 47.4826 13.6087 1.6
    endloop
  endfacet
  facet normal -0 0 1
    outer loop
      vertex 45.8775 14.693 1.6
      vertex 47.385 14.4351 1.6
      vertex 47.2629 14.7194 1.6
    endloop
  endfacet
  facet normal 0 0 1
    outer loop
      vertex 46.8633 15.0414 1.6
      vertex 47.2629 14.7194 1.6
      vertex 47.0898 14.9206 1.6
    endloop
  endfacet
  facet normal 0 0 1
    outer loop
      vertex 47.4826 13.6087 1.6
      vertex 45.6623 14.0222 1.6
      vertex 45.6354 13.5721 1.6
    endloop
  endfacet
  facet normal 0 0 1
    outer loop
      vertex 47.2629 14.7194 1.6
      vertex 46.8633 15.0414 1.6
      vertex 46.5835 15.0816 1.6
    endloop
  endfacet
  facet normal 0 0 1
    outer loop
      vertex 47.2629 14.7194 1.6
      vertex 46.5835 15.0816 1.6
      vertex 45.8775 14.693 1.6
    endloop
  endfacet
  facet normal 0 0 1
    outer loop
      vertex 47.4826 13.6087 1.6
      vertex 45.6618 13.1399 1.6
      vertex 47.3818 12.7656 1.6
    endloop
  endfacet
  facet normal 0 0 1
    outer loop
      vertex 45.8775 14.693 1.6
      vertex 46.5835 15.0816 1.6
      vertex 46.2989 15.0384 1.6
    endloop
  endfacet
  facet normal -0 -0 1
    outer loop
      vertex 45.7412 12.7765 1.6
      vertex 47.3818 12.7656 1.6
      vertex 45.6618 13.1399 1.6
    endloop
  endfacet
  facet normal 0 0 1
    outer loop
      vertex 45.8775 14.693 1.6
      vertex 46.2989 15.0384 1.6
      vertex 46.0635 14.9089 1.6
    endloop
  endfacet
  facet normal 0 -0 1
    outer loop
      vertex 45.8734 12.4817 1.6
      vertex 47.3818 12.7656 1.6
      vertex 45.7412 12.7765 1.6
    endloop
  endfacet
  facet normal 0 0 1
    outer loop
      vertex 47.385 14.4351 1.6
      vertex 45.8775 14.693 1.6
      vertex 45.743 14.3958 1.6
    endloop
  endfacet
  facet normal 0 -0 1
    outer loop
      vertex 46.5753 12.0911 1.6
      vertex 47.3818 12.7656 1.6
      vertex 45.8734 12.4817 1.6
    endloop
  endfacet
  facet normal 0 0 1
    outer loop
      vertex 47.4582 14.0649 1.6
      vertex 45.743 14.3958 1.6
      vertex 45.6623 14.0222 1.6
    endloop
  endfacet
  facet normal 0 0 1
    outer loop
      vertex 47.3818 12.7656 1.6
      vertex 46.5753 12.0911 1.6
      vertex 47.0794 12.2597 1.6
    endloop
  endfacet
  facet normal 0 -0 1
    outer loop
      vertex 45.6618 13.1399 1.6
      vertex 47.4826 13.6087 1.6
      vertex 45.6354 13.5721 1.6
    endloop
  endfacet
  facet normal 0 0 1
    outer loop
      vertex 46.5753 12.0911 1.6
      vertex 45.8734 12.4817 1.6
      vertex 46.2912 12.1345 1.6
    endloop
  endfacet
  facet normal 0 0 1
    outer loop
      vertex 46.2912 12.1345 1.6
      vertex 45.8734 12.4817 1.6
      vertex 46.0572 12.2647 1.6
    endloop
  endfacet
  facet normal 0 0 1
    outer loop
      vertex 77.8548 5.56407 1.6
      vertex 78.3736 5.16431 1.6
      vertex 78.2563 5.3864 1.6
    endloop
  endfacet
  facet normal 0 0 1
    outer loop
      vertex 77.8548 5.56407 1.6
      vertex 78.2563 5.3864 1.6
      vertex 78.0813 5.51965 1.6
    endloop
  endfacet
  facet normal 0 0 1
    outer loop
      vertex 78.3736 5.16431 1.6
      vertex 77.8548 5.56407 1.6
      vertex 77.3303 5.15242 1.6
    endloop
  endfacet
  facet normal 0 0 1
    outer loop
      vertex 77.4412 5.37688 1.6
      vertex 77.8548 5.56407 1.6
      vertex 77.6171 5.51727 1.6
    endloop
  endfacet
  facet normal 0 0 1
    outer loop
      vertex 77.8548 5.56407 1.6
      vertex 77.4412 5.37688 1.6
      vertex 77.3303 5.15242 1.6
    endloop
  endfacet
  facet normal 0 0 1
    outer loop
      vertex 77.2879 4.85339 1.6
      vertex 78.3736 5.16431 1.6
      vertex 77.3303 5.15242 1.6
    endloop
  endfacet
  facet normal 0 0 1
    outer loop
      vertex 78.3736 5.16431 1.6
      vertex 77.2879 4.85339 1.6
      vertex 78.4272 4.85339 1.6
    endloop
  endfacet
  facet normal -0 0 -1
    outer loop
      vertex 27.44 17.39 0
      vertex 26.48 15.47 0
      vertex 26.48 17.39 0
    endloop
  endfacet
  facet normal -0 0 -1
    outer loop
      vertex 23.6 20.27 0
      vertex 21.68 15.47 0
      vertex 21.68 20.27 0
    endloop
  endfacet
  facet normal 0 0 -1
    outer loop
      vertex 23.6 21.23 0
      vertex 21.68 22.19 0
      vertex 23.6 22.19 0
    endloop
  endfacet
  facet normal 0 0 -1
    outer loop
      vertex 20.72 21.23 0
      vertex 21.68 22.19 0
      vertex 23.6 21.23 0
    endloop
  endfacet
  facet normal 0 0 -1
    outer loop
      vertex 20.72 25.07 0
      vertex 21.68 22.19 0
      vertex 20.72 21.23 0
    endloop
  endfacet
  facet normal 0 0 -1
    outer loop
      vertex 21.68 22.19 0
      vertex 20.72 25.07 0
      vertex 21.68 25.07 0
    endloop
  endfacet
  facet normal 0 0 -1
    outer loop
      vertex 21.68 29.87 0
      vertex 23.6 27.95 0
      vertex 21.68 27.95 0
    endloop
  endfacet
  facet normal 0 0 -1
    outer loop
      vertex 23.6 27.95 0
      vertex 21.68 29.87 0
      vertex 23.6 30.83 0
    endloop
  endfacet
  facet normal -0 0 -1
    outer loop
      vertex 23.6 30.83 0
      vertex 21.68 29.87 0
      vertex 21.68 30.83 0
    endloop
  endfacet
  facet normal 0 0 -1
    outer loop
      vertex 20.72 26.99 0
      vertex 21.68 27.95 0
      vertex 21.68 26.99 0
    endloop
  endfacet
  facet normal 0 0 -1
    outer loop
      vertex 20.72 29.87 0
      vertex 21.68 27.95 0
      vertex 20.72 26.99 0
    endloop
  endfacet
  facet normal 0 0 -1
    outer loop
      vertex 21.68 27.95 0
      vertex 20.72 29.87 0
      vertex 21.68 29.87 0
    endloop
  endfacet
  facet normal 0 0 -1
    outer loop
      vertex 30.32 36.59 0
      vertex 29.36 37.55 0
      vertex 30.32 37.55 0
    endloop
  endfacet
  facet normal 0 0 -1
    outer loop
      vertex 27.44 37.55 0
      vertex 29.36 37.55 0
      vertex 27.44 36.59 0
    endloop
  endfacet
  facet normal 0 0 -1
    outer loop
      vertex 27.44 36.59 0
      vertex 29.36 37.55 0
      vertex 30.32 36.59 0
    endloop
  endfacet
  facet normal 0 0 -1
    outer loop
      vertex 30.32 40.43 0
      vertex 31.28 43.31 0
      vertex 31.28 39.47 0
    endloop
  endfacet
  facet normal -0 0 -1
    outer loop
      vertex 31.28 43.31 0
      vertex 30.32 40.43 0
      vertex 31.28 44.27 0
    endloop
  endfacet
  facet normal 0 0 -1
    outer loop
      vertex 30.32 50.03 0
      vertex 31.28 44.27 0
      vertex 30.32 40.43 0
    endloop
  endfacet
  facet normal 0 0 -1
    outer loop
      vertex 31.28 44.27 0
      vertex 30.32 50.03 0
      vertex 31.28 47.15 0
    endloop
  endfacet
  facet normal 0 0 -1
    outer loop
      vertex 31.28 47.15 0
      vertex 30.32 50.03 0
      vertex 31.28 49.07 0
    endloop
  endfacet
  facet normal 0 0 -1
    outer loop
      vertex 29.36 39.47 0
      vertex 30.32 40.43 0
      vertex 31.28 39.47 0
    endloop
  endfacet
  facet normal 0 0 -1
    outer loop
      vertex 29.36 37.55 0
      vertex 27.44 37.55 0
      vertex 29.36 39.47 0
    endloop
  endfacet
  facet normal 0 0 -1
    outer loop
      vertex 21.68 39.47 0
      vertex 27.44 37.55 0
      vertex 21.68 37.55 0
    endloop
  endfacet
  facet normal 0 0 -1
    outer loop
      vertex 27.44 37.55 0
      vertex 21.68 39.47 0
      vertex 29.36 39.47 0
    endloop
  endfacet
  facet normal 0 0 -1
    outer loop
      vertex 29.36 39.47 0
      vertex 21.68 39.47 0
      vertex 30.32 40.43 0
    endloop
  endfacet
  facet normal 0 0 -1
    outer loop
      vertex 20.72 40.43 0
      vertex 21.68 39.47 0
      vertex 20.72 39.47 0
    endloop
  endfacet
  facet normal 0 0 -1
    outer loop
      vertex 21.68 39.47 0
      vertex 20.72 40.43 0
      vertex 30.32 40.43 0
    endloop
  endfacet
  facet normal 0 0 -1
    outer loop
      vertex 31.28 43.31 0
      vertex 33.2 44.27 0
      vertex 33.2 43.31 0
    endloop
  endfacet
  facet normal -0 0 -1
    outer loop
      vertex 33.2 44.27 0
      vertex 31.28 43.31 0
      vertex 31.28 44.27 0
    endloop
  endfacet
  facet normal 0 0 -1
    outer loop
      vertex 31.28 47.15 0
      vertex 33.2 49.07 0
      vertex 33.2 47.15 0
    endloop
  endfacet
  facet normal -0 0 -1
    outer loop
      vertex 33.2 49.07 0
      vertex 31.28 47.15 0
      vertex 31.28 49.07 0
    endloop
  endfacet
  facet normal 0 0 -1
    outer loop
      vertex 36.08 17.39 0
      vertex 37.04 18.35 0
      vertex 37.04 17.39 0
    endloop
  endfacet
  facet normal -0 0 -1
    outer loop
      vertex 37.04 18.35 0
      vertex 36.08 17.39 0
      vertex 36.08 18.35 0
    endloop
  endfacet
  facet normal 0 0 -1
    outer loop
      vertex 36.08 13.55 0
      vertex 37.04 14.51 0
      vertex 37.04 11.63 0
    endloop
  endfacet
  facet normal 0 0 -1
    outer loop
      vertex 36.08 14.51 0
      vertex 37.04 14.51 0
      vertex 36.08 13.55 0
    endloop
  endfacet
  facet normal 0 0 -1
    outer loop
      vertex 37.04 11.63 0
      vertex 34.16 13.55 0
      vertex 36.08 13.55 0
    endloop
  endfacet
  facet normal 0 0 -1
    outer loop
      vertex 33.2 11.63 0
      vertex 34.16 13.55 0
      vertex 37.04 11.63 0
    endloop
  endfacet
  facet normal 0 0 -1
    outer loop
      vertex 33.2 13.55 0
      vertex 34.16 13.55 0
      vertex 33.2 11.63 0
    endloop
  endfacet
  facet normal 0 0 -1
    outer loop
      vertex 34.16 13.55 0
      vertex 33.2 13.55 0
      vertex 34.16 14.51 0
    endloop
  endfacet
  facet normal -0 0 -1
    outer loop
      vertex 34.16 14.51 0
      vertex 33.2 13.55 0
      vertex 33.2 14.51 0
    endloop
  endfacet
  facet normal 0 0 -1
    outer loop
      vertex 37.04 14.51 0
      vertex 36.08 14.51 0
      vertex 37.04 15.47 0
    endloop
  endfacet
  facet normal 0 0 -1
    outer loop
      vertex 36.08 14.51 0
      vertex 36.08 15.47 0
      vertex 37.04 15.47 0
    endloop
  endfacet
  facet normal 0 0 -1
    outer loop
      vertex 34.16 14.51 0
      vertex 36.08 15.47 0
      vertex 36.08 14.51 0
    endloop
  endfacet
  facet normal 0 0 -1
    outer loop
      vertex 34.16 17.39 0
      vertex 36.08 15.47 0
      vertex 34.16 14.51 0
    endloop
  endfacet
  facet normal 0 0 -1
    outer loop
      vertex 36.08 15.47 0
      vertex 34.16 17.39 0
      vertex 36.08 17.39 0
    endloop
  endfacet
  facet normal 0 0 -1
    outer loop
      vertex 37.04 46.19 0
      vertex 36.08 46.19 0
      vertex 37.04 47.15 0
    endloop
  endfacet
  facet normal 0 0 -1
    outer loop
      vertex 38 47.15 0
      vertex 37.04 47.15 0
      vertex 38 50.03 0
    endloop
  endfacet
  facet normal 0 0 -1
    outer loop
      vertex 40.88 14.51 0
      vertex 39.92 14.51 0
      vertex 40.88 17.39 0
    endloop
  endfacet
  facet normal 0 0 -1
    outer loop
      vertex 40.88 17.39 0
      vertex 42.8 21.23 0
      vertex 42.8 17.39 0
    endloop
  endfacet
  facet normal 0 0 -1
    outer loop
      vertex 39.92 17.39 0
      vertex 40.88 17.39 0
      vertex 39.92 14.51 0
    endloop
  endfacet
  facet normal 0 0 -1
    outer loop
      vertex 39.92 20.27 0
      vertex 40.88 17.39 0
      vertex 39.92 17.39 0
    endloop
  endfacet
  facet normal 0 0 -1
    outer loop
      vertex 40.88 17.39 0
      vertex 39.92 20.27 0
      vertex 42.8 21.23 0
    endloop
  endfacet
  facet normal 0 0 -1
    outer loop
      vertex 39.92 20.27 0
      vertex 39.92 21.23 0
      vertex 42.8 21.23 0
    endloop
  endfacet
  facet normal 0 0 -1
    outer loop
      vertex 38 21.23 0
      vertex 39.92 21.23 0
      vertex 39.92 20.27 0
    endloop
  endfacet
  facet normal 0 0 -1
    outer loop
      vertex 39.92 21.23 0
      vertex 38 21.23 0
      vertex 39.92 24.11 0
    endloop
  endfacet
  facet normal 0 0 -1
    outer loop
      vertex 38 21.23 0
      vertex 39.92 20.27 0
      vertex 38 20.27 0
    endloop
  endfacet
  facet normal 0 0 -1
    outer loop
      vertex 38 24.11 0
      vertex 39.92 24.11 0
      vertex 38 21.23 0
    endloop
  endfacet
  facet normal 0 0 -1
    outer loop
      vertex 39.92 24.11 0
      vertex 38 24.11 0
      vertex 39.92 25.07 0
    endloop
  endfacet
  facet normal 0 0 -1
    outer loop
      vertex 36.08 25.07 0
      vertex 38 24.11 0
      vertex 36.08 24.11 0
    endloop
  endfacet
  facet normal 0 0 -1
    outer loop
      vertex 38 24.11 0
      vertex 36.08 25.07 0
      vertex 39.92 25.07 0
    endloop
  endfacet
  facet normal 0 0 -1
    outer loop
      vertex 31.28 10.67 0
      vertex 33.2 11.63 0
      vertex 33.2 10.67 0
    endloop
  endfacet
  facet normal 0 0 -1
    outer loop
      vertex 31.28 13.55 0
      vertex 33.2 11.63 0
      vertex 31.28 10.67 0
    endloop
  endfacet
  facet normal 0 0 -1
    outer loop
      vertex 33.2 11.63 0
      vertex 31.28 13.55 0
      vertex 33.2 13.55 0
    endloop
  endfacet
  facet normal 0 0 -1
    outer loop
      vertex 31.28 7.79 0
      vertex 33.2 8.75 0
      vertex 33.2 7.79 0
    endloop
  endfacet
  facet normal -0 0 -1
    outer loop
      vertex 33.2 8.75 0
      vertex 31.28 7.79 0
      vertex 31.28 8.75 0
    endloop
  endfacet
  facet normal 0 0 -1
    outer loop
      vertex 33.2 44.27 0
      vertex 36.08 46.19 0
      vertex 36.08 44.27 0
    endloop
  endfacet
  facet normal -0 0 -1
    outer loop
      vertex 36.08 46.19 0
      vertex 33.2 44.27 0
      vertex 34.16 47.15 0
    endloop
  endfacet
  facet normal -0 0 -1
    outer loop
      vertex 34.16 47.15 0
      vertex 33.2 44.27 0
      vertex 33.2 47.15 0
    endloop
  endfacet
  facet normal 0 0 -1
    outer loop
      vertex 33.2 8.75 0
      vertex 36.08 7.79 0
      vertex 33.2 7.79 0
    endloop
  endfacet
  facet normal 0 0 -1
    outer loop
      vertex 36.08 7.79 0
      vertex 33.2 8.75 0
      vertex 36.08 10.67 0
    endloop
  endfacet
  facet normal -0 0 -1
    outer loop
      vertex 36.08 10.67 0
      vertex 33.2 8.75 0
      vertex 33.2 10.67 0
    endloop
  endfacet
  facet normal 0 0 -1
    outer loop
      vertex 31.28 13.55 0
      vertex 30.32 14.51 0
      vertex 31.28 15.47 0
    endloop
  endfacet
  facet normal 0 0 -1
    outer loop
      vertex 30.32 14.51 0
      vertex 27.44 15.47 0
      vertex 31.28 15.47 0
    endloop
  endfacet
  facet normal 0 0 -1
    outer loop
      vertex 27.44 15.47 0
      vertex 26.48 15.47 0
      vertex 27.44 17.39 0
    endloop
  endfacet
  facet normal 0 0 -1
    outer loop
      vertex 30.32 14.51 0
      vertex 26.48 15.47 0
      vertex 27.44 15.47 0
    endloop
  endfacet
  facet normal 0 0 -1
    outer loop
      vertex 20.72 14.51 0
      vertex 26.48 15.47 0
      vertex 30.32 14.51 0
    endloop
  endfacet
  facet normal 0 0 -1
    outer loop
      vertex 23.6 15.47 0
      vertex 21.68 15.47 0
      vertex 23.6 20.27 0
    endloop
  endfacet
  facet normal -0 0 -1
    outer loop
      vertex 26.48 15.47 0
      vertex 20.72 14.51 0
      vertex 23.6 15.47 0
    endloop
  endfacet
  facet normal -0 0 -1
    outer loop
      vertex 23.6 15.47 0
      vertex 20.72 14.51 0
      vertex 21.68 15.47 0
    endloop
  endfacet
  facet normal -0 0 -1
    outer loop
      vertex 21.68 15.47 0
      vertex 20.72 14.51 0
      vertex 20.72 15.47 0
    endloop
  endfacet
  facet normal 0 0 -1
    outer loop
      vertex 20.72 30.83 0
      vertex 21.68 33.71 0
      vertex 21.68 30.83 0
    endloop
  endfacet
  facet normal -0 0 -1
    outer loop
      vertex 21.68 33.71 0
      vertex 20.72 30.83 0
      vertex 20.72 33.71 0
    endloop
  endfacet
  facet normal 0 0 -1
    outer loop
      vertex 23.6 34.67 0
      vertex 21.68 36.59 0
      vertex 23.6 36.59 0
    endloop
  endfacet
  facet normal 0 0 -1
    outer loop
      vertex 20.72 34.67 0
      vertex 21.68 36.59 0
      vertex 23.6 34.67 0
    endloop
  endfacet
  facet normal 0 0 -1
    outer loop
      vertex 20.72 37.55 0
      vertex 21.68 36.59 0
      vertex 20.72 34.67 0
    endloop
  endfacet
  facet normal 0 0 -1
    outer loop
      vertex 21.68 36.59 0
      vertex 20.72 37.55 0
      vertex 21.68 37.55 0
    endloop
  endfacet
  facet normal 0 0 -1
    outer loop
      vertex 40.88 49.07 0
      vertex 43.76 47.15 0
      vertex 40.88 47.15 0
    endloop
  endfacet
  facet normal 0 0 -1
    outer loop
      vertex 49.52 29.87 0
      vertex 47.6 29.87 0
      vertex 49.52 30.83 0
    endloop
  endfacet
  facet normal 0 0 -1
    outer loop
      vertex 50.48 31.79 0
      vertex 52.4 31.79 0
      vertex 52.4 30.83 0
    endloop
  endfacet
  facet normal 0 0 -1
    outer loop
      vertex 52.4 31.79 0
      vertex 50.48 31.79 0
      vertex 52.4 33.71 0
    endloop
  endfacet
  facet normal 0 0 -1
    outer loop
      vertex 50.48 33.71 0
      vertex 52.4 33.71 0
      vertex 50.48 31.79 0
    endloop
  endfacet
  facet normal 0 0 -1
    outer loop
      vertex 49.52 30.83 0
      vertex 50.48 31.79 0
      vertex 52.4 30.83 0
    endloop
  endfacet
  facet normal 0 0 -1
    outer loop
      vertex 47.6 30.83 0
      vertex 49.52 30.83 0
      vertex 47.6 29.87 0
    endloop
  endfacet
  facet normal 0 0 -1
    outer loop
      vertex 47.6 31.79 0
      vertex 49.52 30.83 0
      vertex 47.6 30.83 0
    endloop
  endfacet
  facet normal 0 0 -1
    outer loop
      vertex 49.52 30.83 0
      vertex 47.6 31.79 0
      vertex 50.48 31.79 0
    endloop
  endfacet
  facet normal 0 0 -1
    outer loop
      vertex 55.28 31.79 0
      vertex 53.36 33.71 0
      vertex 55.28 34.67 0
    endloop
  endfacet
  facet normal 0 0 -1
    outer loop
      vertex 52.4 31.79 0
      vertex 53.36 33.71 0
      vertex 55.28 31.79 0
    endloop
  endfacet
  facet normal -0 0 -1
    outer loop
      vertex 53.36 33.71 0
      vertex 52.4 31.79 0
      vertex 52.4 33.71 0
    endloop
  endfacet
  facet normal -0 0 -1
    outer loop
      vertex 55.28 34.67 0
      vertex 53.36 33.71 0
      vertex 53.36 34.67 0
    endloop
  endfacet
  facet normal -0 0 -1
    outer loop
      vertex 55.28 7.79 0
      vertex 53.36 4.91 0
      vertex 53.36 7.79 0
    endloop
  endfacet
  facet normal 0 0 -1
    outer loop
      vertex 56.24 47.15 0
      vertex 55.28 49.07 0
      vertex 56.24 49.07 0
    endloop
  endfacet
  facet normal 0 0 -1
    outer loop
      vertex 53.36 50.03 0
      vertex 55.28 49.07 0
      vertex 53.36 47.15 0
    endloop
  endfacet
  facet normal 0 0 -1
    outer loop
      vertex 53.36 47.15 0
      vertex 55.28 49.07 0
      vertex 56.24 47.15 0
    endloop
  endfacet
  facet normal 0 0 -1
    outer loop
      vertex 53.36 18.35 0
      vertex 55.28 20.27 0
      vertex 55.28 18.35 0
    endloop
  endfacet
  facet normal -0 0 -1
    outer loop
      vertex 55.28 20.27 0
      vertex 53.36 18.35 0
      vertex 53.36 20.27 0
    endloop
  endfacet
  facet normal 0 0 -1
    outer loop
      vertex 53.36 15.47 0
      vertex 55.28 14.51 0
      vertex 53.36 14.51 0
    endloop
  endfacet
  facet normal 0 0 -1
    outer loop
      vertex 55.28 14.51 0
      vertex 53.36 15.47 0
      vertex 55.28 17.39 0
    endloop
  endfacet
  facet normal 0 0 -1
    outer loop
      vertex 50.48 17.39 0
      vertex 53.36 15.47 0
      vertex 50.48 15.47 0
    endloop
  endfacet
  facet normal 0 0 -1
    outer loop
      vertex 53.36 15.47 0
      vertex 50.48 17.39 0
      vertex 55.28 17.39 0
    endloop
  endfacet
  facet normal 0 0 -1
    outer loop
      vertex 53.36 10.67 0
      vertex 55.28 8.75 0
      vertex 53.36 8.75 0
    endloop
  endfacet
  facet normal 0 0 -1
    outer loop
      vertex 55.28 8.75 0
      vertex 53.36 10.67 0
      vertex 55.28 11.63 0
    endloop
  endfacet
  facet normal 0 0 -1
    outer loop
      vertex 53.36 10.67 0
      vertex 53.36 11.63 0
      vertex 55.28 11.63 0
    endloop
  endfacet
  facet normal 0 0 -1
    outer loop
      vertex 52.4 10.67 0
      vertex 53.36 11.63 0
      vertex 53.36 10.67 0
    endloop
  endfacet
  facet normal 0 0 -1
    outer loop
      vertex 52.4 14.51 0
      vertex 53.36 11.63 0
      vertex 52.4 10.67 0
    endloop
  endfacet
  facet normal 0 0 -1
    outer loop
      vertex 53.36 11.63 0
      vertex 52.4 14.51 0
      vertex 53.36 14.51 0
    endloop
  endfacet
  facet normal 0 0 -1
    outer loop
      vertex 60.08 31.79 0
      vertex 59.12 31.79 0
      vertex 60.08 33.71 0
    endloop
  endfacet
  facet normal 0 0 -1
    outer loop
      vertex 56.24 34.67 0
      vertex 57.2 36.59 0
      vertex 57.2 34.67 0
    endloop
  endfacet
  facet normal -0 0 -1
    outer loop
      vertex 57.2 36.59 0
      vertex 56.24 34.67 0
      vertex 56.24 36.59 0
    endloop
  endfacet
  facet normal -0 0 -1
    outer loop
      vertex 59.12 17.39 0
      vertex 57.2 15.47 0
      vertex 57.2 17.39 0
    endloop
  endfacet
  facet normal 0 0 -1
    outer loop
      vertex 60.08 22.19 0
      vertex 59.12 22.19 0
      vertex 60.08 24.11 0
    endloop
  endfacet
  facet normal 0 0 -1
    outer loop
      vertex 62 47.15 0
      vertex 62.96 49.07 0
      vertex 62.96 47.15 0
    endloop
  endfacet
  facet normal -0 0 -1
    outer loop
      vertex 62.96 49.07 0
      vertex 62 47.15 0
      vertex 62 49.07 0
    endloop
  endfacet
  facet normal 0 0 -1
    outer loop
      vertex 62 18.35 0
      vertex 62.96 21.23 0
      vertex 62.96 18.35 0
    endloop
  endfacet
  facet normal 0 0 -1
    outer loop
      vertex 62 24.11 0
      vertex 62.96 21.23 0
      vertex 62 18.35 0
    endloop
  endfacet
  facet normal 0 0 -1
    outer loop
      vertex 62.96 22.19 0
      vertex 62 24.11 0
      vertex 62.96 24.11 0
    endloop
  endfacet
  facet normal 0 0 -1
    outer loop
      vertex 62.96 21.23 0
      vertex 62 24.11 0
      vertex 62.96 22.19 0
    endloop
  endfacet
  facet normal 0 0 -1
    outer loop
      vertex 62.96 24.11 0
      vertex 62 24.11 0
      vertex 62.96 25.07 0
    endloop
  endfacet
  facet normal 0 0 -1
    outer loop
      vertex 60.08 24.11 0
      vertex 62.96 25.07 0
      vertex 62 24.11 0
    endloop
  endfacet
  facet normal 0 0 -1
    outer loop
      vertex 59.12 24.11 0
      vertex 60.08 24.11 0
      vertex 59.12 22.19 0
    endloop
  endfacet
  facet normal 0 0 -1
    outer loop
      vertex 57.2 25.07 0
      vertex 60.08 24.11 0
      vertex 59.12 24.11 0
    endloop
  endfacet
  facet normal 0 0 -1
    outer loop
      vertex 57.2 25.07 0
      vertex 59.12 24.11 0
      vertex 57.2 24.11 0
    endloop
  endfacet
  facet normal 0 0 -1
    outer loop
      vertex 60.08 24.11 0
      vertex 57.2 25.07 0
      vertex 62.96 25.07 0
    endloop
  endfacet
  facet normal 0 0 -1
    outer loop
      vertex 62.96 21.23 0
      vertex 64.88 22.19 0
      vertex 64.88 21.23 0
    endloop
  endfacet
  facet normal -0 0 -1
    outer loop
      vertex 64.88 22.19 0
      vertex 62.96 21.23 0
      vertex 62.96 22.19 0
    endloop
  endfacet
  facet normal -0 0 -1
    outer loop
      vertex 62.96 17.39 0
      vertex 62 15.47 0
      vertex 62 17.39 0
    endloop
  endfacet
  facet normal 0 0 -1
    outer loop
      vertex 56.24 18.35 0
      vertex 57.2 20.27 0
      vertex 57.2 18.35 0
    endloop
  endfacet
  facet normal -0 0 -1
    outer loop
      vertex 57.2 20.27 0
      vertex 56.24 18.35 0
      vertex 56.24 20.27 0
    endloop
  endfacet
  facet normal 0 0 -1
    outer loop
      vertex 56.24 22.19 0
      vertex 57.2 21.23 0
      vertex 56.24 21.23 0
    endloop
  endfacet
  facet normal 0 0 -1
    outer loop
      vertex 57.2 21.23 0
      vertex 56.24 22.19 0
      vertex 57.2 24.11 0
    endloop
  endfacet
  facet normal -0 0 -1
    outer loop
      vertex 57.2 24.11 0
      vertex 56.24 22.19 0
      vertex 56.24 24.11 0
    endloop
  endfacet
  facet normal 0 0 -1
    outer loop
      vertex 59.12 49.07 0
      vertex 56.24 49.07 0
      vertex 59.12 50.03 0
    endloop
  endfacet
  facet normal -0 0 -1
    outer loop
      vertex 60.08 18.35 0
      vertex 59.12 17.39 0
      vertex 59.12 18.35 0
    endloop
  endfacet
  facet normal 0 0 -1
    outer loop
      vertex 56.24 15.47 0
      vertex 55.28 17.39 0
      vertex 56.24 18.35 0
    endloop
  endfacet
  facet normal 0 0 -1
    outer loop
      vertex 55.28 18.35 0
      vertex 56.24 18.35 0
      vertex 55.28 17.39 0
    endloop
  endfacet
  facet normal 0 0 -1
    outer loop
      vertex 56.24 18.35 0
      vertex 55.28 18.35 0
      vertex 56.24 20.27 0
    endloop
  endfacet
  facet normal 0 0 -1
    outer loop
      vertex 55.28 20.27 0
      vertex 56.24 20.27 0
      vertex 55.28 18.35 0
    endloop
  endfacet
  facet normal 0 0 -1
    outer loop
      vertex 56.24 20.27 0
      vertex 55.28 20.27 0
      vertex 56.24 21.23 0
    endloop
  endfacet
  facet normal 0 0 -1
    outer loop
      vertex 55.28 21.23 0
      vertex 56.24 21.23 0
      vertex 55.28 20.27 0
    endloop
  endfacet
  facet normal 0 0 -1
    outer loop
      vertex 56.24 21.23 0
      vertex 55.28 21.23 0
      vertex 56.24 22.19 0
    endloop
  endfacet
  facet normal 0 0 -1
    outer loop
      vertex 53.36 22.19 0
      vertex 55.28 21.23 0
      vertex 53.36 21.23 0
    endloop
  endfacet
  facet normal 0 0 -1
    outer loop
      vertex 55.28 21.23 0
      vertex 53.36 22.19 0
      vertex 56.24 22.19 0
    endloop
  endfacet
  facet normal 0 0 -1
    outer loop
      vertex 52.4 33.71 0
      vertex 50.48 33.71 0
      vertex 52.4 34.67 0
    endloop
  endfacet
  facet normal 0 0 -1
    outer loop
      vertex 50.48 33.71 0
      vertex 49.52 34.67 0
      vertex 52.4 34.67 0
    endloop
  endfacet
  facet normal 0 0 -1
    outer loop
      vertex 47.6 36.59 0
      vertex 49.52 36.59 0
      vertex 49.52 34.67 0
    endloop
  endfacet
  facet normal 0 0 -1
    outer loop
      vertex 49.52 36.59 0
      vertex 47.6 37.55 0
      vertex 49.52 39.47 0
    endloop
  endfacet
  facet normal 0 0 -1
    outer loop
      vertex 47.6 33.71 0
      vertex 49.52 34.67 0
      vertex 50.48 33.71 0
    endloop
  endfacet
  facet normal 0 0 -1
    outer loop
      vertex 47.6 34.67 0
      vertex 49.52 34.67 0
      vertex 47.6 33.71 0
    endloop
  endfacet
  facet normal 0 0 -1
    outer loop
      vertex 47.6 36.59 0
      vertex 49.52 34.67 0
      vertex 47.6 34.67 0
    endloop
  endfacet
  facet normal 0 0 -1
    outer loop
      vertex 49.52 36.59 0
      vertex 47.6 36.59 0
      vertex 47.6 37.55 0
    endloop
  endfacet
  facet normal 0 0 -1
    outer loop
      vertex 47.6 39.47 0
      vertex 49.52 39.47 0
      vertex 47.6 37.55 0
    endloop
  endfacet
  facet normal 0 0 -1
    outer loop
      vertex 49.52 39.47 0
      vertex 47.6 39.47 0
      vertex 49.52 40.43 0
    endloop
  endfacet
  facet normal -0 0 -1
    outer loop
      vertex 49.52 40.43 0
      vertex 47.6 39.47 0
      vertex 47.6 40.43 0
    endloop
  endfacet
  facet normal 0 0 -1
    outer loop
      vertex 52.4 47.15 0
      vertex 50.48 49.07 0
      vertex 52.4 50.03 0
    endloop
  endfacet
  facet normal 0 0 -1
    outer loop
      vertex 49.52 47.15 0
      vertex 50.48 49.07 0
      vertex 52.4 47.15 0
    endloop
  endfacet
  facet normal -0 0 -1
    outer loop
      vertex 50.48 49.07 0
      vertex 49.52 47.15 0
      vertex 49.52 49.07 0
    endloop
  endfacet
  facet normal 0 0 -1
    outer loop
      vertex 49.52 49.07 0
      vertex 47.6 49.07 0
      vertex 49.52 50.03 0
    endloop
  endfacet
  facet normal 0 0 -1
    outer loop
      vertex 46.64 18.35 0
      vertex 47.6 20.27 0
      vertex 47.6 18.35 0
    endloop
  endfacet
  facet normal -0 0 -1
    outer loop
      vertex 47.6 20.27 0
      vertex 46.64 18.35 0
      vertex 46.64 20.27 0
    endloop
  endfacet
  facet normal 0 0 -1
    outer loop
      vertex 46.64 22.19 0
      vertex 49.52 24.11 0
      vertex 49.52 22.19 0
    endloop
  endfacet
  facet normal 0 0 -1
    outer loop
      vertex 46.64 20.27 0
      vertex 45.68 21.23 0
      vertex 46.64 22.19 0
    endloop
  endfacet
  facet normal 0 0 -1
    outer loop
      vertex 43.76 22.19 0
      vertex 45.68 21.23 0
      vertex 43.76 21.23 0
    endloop
  endfacet
  facet normal 0 0 -1
    outer loop
      vertex 45.68 21.23 0
      vertex 43.76 22.19 0
      vertex 46.64 22.19 0
    endloop
  endfacet
  facet normal 0 0 -1
    outer loop
      vertex 43.76 24.11 0
      vertex 46.64 22.19 0
      vertex 43.76 22.19 0
    endloop
  endfacet
  facet normal 0 0 -1
    outer loop
      vertex 46.64 22.19 0
      vertex 43.76 24.11 0
      vertex 49.52 24.11 0
    endloop
  endfacet
  facet normal 0 0 -1
    outer loop
      vertex 40.88 24.11 0
      vertex 43.76 24.11 0
      vertex 43.76 22.19 0
    endloop
  endfacet
  facet normal 0 0 -1
    outer loop
      vertex 43.76 24.11 0
      vertex 42.8 25.07 0
      vertex 43.76 25.07 0
    endloop
  endfacet
  facet normal 0 0 -1
    outer loop
      vertex 42.8 27.95 0
      vertex 43.76 25.07 0
      vertex 42.8 26.99 0
    endloop
  endfacet
  facet normal 0 0 -1
    outer loop
      vertex 43.76 25.07 0
      vertex 42.8 25.07 0
      vertex 42.8 26.99 0
    endloop
  endfacet
  facet normal 0 0 -1
    outer loop
      vertex 40.88 24.11 0
      vertex 43.76 22.19 0
      vertex 40.88 22.19 0
    endloop
  endfacet
  facet normal 0 0 -1
    outer loop
      vertex 43.76 24.11 0
      vertex 40.88 24.11 0
      vertex 42.8 25.07 0
    endloop
  endfacet
  facet normal 0 0 -1
    outer loop
      vertex 40.88 24.11 0
      vertex 40.88 25.07 0
      vertex 42.8 25.07 0
    endloop
  endfacet
  facet normal 0 0 -1
    outer loop
      vertex 39.92 25.07 0
      vertex 40.88 25.07 0
      vertex 40.88 24.11 0
    endloop
  endfacet
  facet normal 0 0 -1
    outer loop
      vertex 40.88 25.07 0
      vertex 39.92 25.07 0
      vertex 40.88 26.99 0
    endloop
  endfacet
  facet normal -0 0 -1
    outer loop
      vertex 40.88 26.99 0
      vertex 39.92 25.07 0
      vertex 40.88 27.95 0
    endloop
  endfacet
  facet normal 0 0 -1
    outer loop
      vertex 39.92 25.07 0
      vertex 40.88 24.11 0
      vertex 39.92 24.11 0
    endloop
  endfacet
  facet normal 0 0 -1
    outer loop
      vertex 39.92 31.79 0
      vertex 40.88 27.95 0
      vertex 39.92 25.07 0
    endloop
  endfacet
  facet normal 0 0 -1
    outer loop
      vertex 40.88 27.95 0
      vertex 39.92 31.79 0
      vertex 40.88 31.79 0
    endloop
  endfacet
  facet normal 0 0 -1
    outer loop
      vertex 50.48 20.27 0
      vertex 52.4 18.35 0
      vertex 50.48 18.35 0
    endloop
  endfacet
  facet normal 0 0 -1
    outer loop
      vertex 52.4 18.35 0
      vertex 50.48 20.27 0
      vertex 52.4 21.23 0
    endloop
  endfacet
  facet normal 0 0 -1
    outer loop
      vertex 50.48 20.27 0
      vertex 50.48 21.23 0
      vertex 52.4 21.23 0
    endloop
  endfacet
  facet normal 0 0 -1
    outer loop
      vertex 49.52 21.23 0
      vertex 50.48 21.23 0
      vertex 50.48 20.27 0
    endloop
  endfacet
  facet normal 0 0 -1
    outer loop
      vertex 50.48 21.23 0
      vertex 49.52 21.23 0
      vertex 50.48 22.19 0
    endloop
  endfacet
  facet normal 0 0 -1
    outer loop
      vertex 50.48 22.19 0
      vertex 49.52 22.19 0
      vertex 50.48 24.11 0
    endloop
  endfacet
  facet normal 0 0 -1
    outer loop
      vertex 49.52 21.23 0
      vertex 50.48 20.27 0
      vertex 49.52 20.27 0
    endloop
  endfacet
  facet normal -0 0 -1
    outer loop
      vertex 50.48 22.19 0
      vertex 49.52 21.23 0
      vertex 49.52 22.19 0
    endloop
  endfacet
  facet normal 0 0 -1
    outer loop
      vertex 49.52 24.11 0
      vertex 50.48 24.11 0
      vertex 49.52 22.19 0
    endloop
  endfacet
  facet normal 0 0 -1
    outer loop
      vertex 50.48 24.11 0
      vertex 49.52 24.11 0
      vertex 50.48 25.07 0
    endloop
  endfacet
  facet normal -0 0 -1
    outer loop
      vertex 50.48 25.07 0
      vertex 49.52 24.11 0
      vertex 49.52 25.07 0
    endloop
  endfacet
  facet normal 0 0 -1
    outer loop
      vertex 50.48 22.19 0
      vertex 52.4 24.11 0
      vertex 52.4 22.19 0
    endloop
  endfacet
  facet normal -0 0 -1
    outer loop
      vertex 52.4 24.11 0
      vertex 50.48 22.19 0
      vertex 50.48 24.11 0
    endloop
  endfacet
  facet normal 0 0 -1
    outer loop
      vertex 49.52 14.51 0
      vertex 50.48 13.55 0
      vertex 49.52 13.55 0
    endloop
  endfacet
  facet normal 0 0 -1
    outer loop
      vertex 50.48 13.55 0
      vertex 49.52 14.51 0
      vertex 50.48 15.47 0
    endloop
  endfacet
  facet normal 0 0 -1
    outer loop
      vertex 49.52 14.51 0
      vertex 49.52 15.47 0
      vertex 50.48 15.47 0
    endloop
  endfacet
  facet normal 0 0 -1
    outer loop
      vertex 47.6 14.51 0
      vertex 49.52 15.47 0
      vertex 49.52 14.51 0
    endloop
  endfacet
  facet normal 0 0 -1
    outer loop
      vertex 49.52 15.47 0
      vertex 47.6 18.35 0
      vertex 49.52 20.27 0
    endloop
  endfacet
  facet normal -0 0 -1
    outer loop
      vertex 49.52 15.47 0
      vertex 47.6 14.51 0
      vertex 47.6 18.35 0
    endloop
  endfacet
  facet normal 0 0 -1
    outer loop
      vertex 47.6 20.27 0
      vertex 49.52 20.27 0
      vertex 47.6 18.35 0
    endloop
  endfacet
  facet normal 0 0 -1
    outer loop
      vertex 49.52 20.27 0
      vertex 47.6 20.27 0
      vertex 49.52 21.23 0
    endloop
  endfacet
  facet normal -0 0 -1
    outer loop
      vertex 49.52 21.23 0
      vertex 47.6 20.27 0
      vertex 47.6 21.23 0
    endloop
  endfacet
  facet normal 0 0 -1
    outer loop
      vertex 45.68 21.23 0
      vertex 46.64 20.27 0
      vertex 45.68 20.27 0
    endloop
  endfacet
  facet normal 0 0 -1
    outer loop
      vertex 45.68 5.87 0
      vertex 47.6 8.75 0
      vertex 47.6 5.87 0
    endloop
  endfacet
  facet normal -0 0 -1
    outer loop
      vertex 47.6 8.75 0
      vertex 45.68 5.87 0
      vertex 45.68 8.75 0
    endloop
  endfacet
  facet normal 0 0 -1
    outer loop
      vertex 45.68 8.75 0
      vertex 43.76 8.75 0
      vertex 45.68 10.67 0
    endloop
  endfacet
  facet normal 0 0 -1
    outer loop
      vertex 42.8 10.67 0
      vertex 43.76 8.75 0
      vertex 42.8 8.75 0
    endloop
  endfacet
  facet normal 0 0 -1
    outer loop
      vertex 43.76 8.75 0
      vertex 42.8 10.67 0
      vertex 45.68 10.67 0
    endloop
  endfacet
  facet normal 0 0 -1
    outer loop
      vertex 40.88 10.67 0
      vertex 42.8 11.63 0
      vertex 42.8 10.67 0
    endloop
  endfacet
  facet normal -0 0 -1
    outer loop
      vertex 42.8 11.63 0
      vertex 40.88 10.67 0
      vertex 40.88 11.63 0
    endloop
  endfacet
  facet normal -0 0 -1
    outer loop
      vertex 42.8 7.79 0
      vertex 40.88 5.87 0
      vertex 40.88 7.79 0
    endloop
  endfacet
  facet normal 0 0 -1
    outer loop
      vertex 39.92 46.19 0
      vertex 40.88 47.15 0
      vertex 40.88 46.19 0
    endloop
  endfacet
  facet normal 0 0 -1
    outer loop
      vertex 39.92 49.07 0
      vertex 40.88 47.15 0
      vertex 39.92 46.19 0
    endloop
  endfacet
  facet normal 0 0 -1
    outer loop
      vertex 40.88 47.15 0
      vertex 39.92 49.07 0
      vertex 40.88 49.07 0
    endloop
  endfacet
  facet normal -0 0 -1
    outer loop
      vertex 39.92 7.79 0
      vertex 38 5.87 0
      vertex 38 7.79 0
    endloop
  endfacet
  facet normal 0 0 -1
    outer loop
      vertex 37.04 7.79 0
      vertex 38 8.75 0
      vertex 38 7.79 0
    endloop
  endfacet
  facet normal -0 0 -1
    outer loop
      vertex 38 8.75 0
      vertex 37.04 7.79 0
      vertex 38 10.67 0
    endloop
  endfacet
  facet normal 0 0 -1
    outer loop
      vertex 37.04 11.63 0
      vertex 38 10.67 0
      vertex 37.04 7.79 0
    endloop
  endfacet
  facet normal 0 0 -1
    outer loop
      vertex 38 10.67 0
      vertex 37.04 11.63 0
      vertex 38 11.63 0
    endloop
  endfacet
  facet normal 0 0 -1
    outer loop
      vertex 40.88 26.99 0
      vertex 42.8 27.95 0
      vertex 42.8 26.99 0
    endloop
  endfacet
  facet normal -0 0 -1
    outer loop
      vertex 42.8 27.95 0
      vertex 40.88 26.99 0
      vertex 40.88 27.95 0
    endloop
  endfacet
  facet normal 0 0 -1
    outer loop
      vertex 46.64 25.07 0
      vertex 45.68 26.99 0
      vertex 46.64 26.99 0
    endloop
  endfacet
  facet normal 0 0 -1
    outer loop
      vertex 43.76 25.07 0
      vertex 45.68 27.95 0
      vertex 45.68 26.99 0
    endloop
  endfacet
  facet normal 0 0 -1
    outer loop
      vertex 45.68 27.95 0
      vertex 43.76 30.83 0
      vertex 45.68 29.87 0
    endloop
  endfacet
  facet normal 0 0 -1
    outer loop
      vertex 43.76 25.07 0
      vertex 45.68 26.99 0
      vertex 46.64 25.07 0
    endloop
  endfacet
  facet normal -0 0 -1
    outer loop
      vertex 45.68 27.95 0
      vertex 43.76 25.07 0
      vertex 43.76 30.83 0
    endloop
  endfacet
  facet normal 0 0 -1
    outer loop
      vertex 45.68 29.87 0
      vertex 43.76 30.83 0
      vertex 45.68 30.83 0
    endloop
  endfacet
  facet normal 0 0 -1
    outer loop
      vertex 45.68 27.95 0
      vertex 46.64 29.87 0
      vertex 46.64 27.95 0
    endloop
  endfacet
  facet normal -0 0 -1
    outer loop
      vertex 46.64 29.87 0
      vertex 45.68 27.95 0
      vertex 45.68 29.87 0
    endloop
  endfacet
  facet normal 0 0 -1
    outer loop
      vertex 46.64 37.55 0
      vertex 47.6 39.47 0
      vertex 47.6 37.55 0
    endloop
  endfacet
  facet normal -0 0 -1
    outer loop
      vertex 47.6 39.47 0
      vertex 46.64 37.55 0
      vertex 46.64 39.47 0
    endloop
  endfacet
  facet normal 0 0 -1
    outer loop
      vertex 46.64 34.67 0
      vertex 47.6 36.59 0
      vertex 47.6 34.67 0
    endloop
  endfacet
  facet normal -0 0 -1
    outer loop
      vertex 47.6 36.59 0
      vertex 46.64 34.67 0
      vertex 46.64 36.59 0
    endloop
  endfacet
  facet normal 0 0 -1
    outer loop
      vertex 53.36 36.59 0
      vertex 50.48 37.55 0
      vertex 53.36 37.55 0
    endloop
  endfacet
  facet normal 0 0 -1
    outer loop
      vertex 49.52 36.59 0
      vertex 50.48 37.55 0
      vertex 53.36 36.59 0
    endloop
  endfacet
  facet normal 0 0 -1
    outer loop
      vertex 49.52 39.47 0
      vertex 50.48 37.55 0
      vertex 49.52 36.59 0
    endloop
  endfacet
  facet normal 0 0 -1
    outer loop
      vertex 50.48 37.55 0
      vertex 49.52 39.47 0
      vertex 50.48 39.47 0
    endloop
  endfacet
  facet normal 0 0 -1
    outer loop
      vertex 49.52 26.99 0
      vertex 47.6 27.95 0
      vertex 49.52 27.95 0
    endloop
  endfacet
  facet normal 0 0 -1
    outer loop
      vertex 46.64 29.87 0
      vertex 47.6 29.87 0
      vertex 47.6 27.95 0
    endloop
  endfacet
  facet normal 0 0 -1
    outer loop
      vertex 46.64 26.99 0
      vertex 47.6 27.95 0
      vertex 49.52 26.99 0
    endloop
  endfacet
  facet normal 0 0 -1
    outer loop
      vertex 46.64 27.95 0
      vertex 47.6 27.95 0
      vertex 46.64 26.99 0
    endloop
  endfacet
  facet normal 0 0 -1
    outer loop
      vertex 46.64 29.87 0
      vertex 47.6 27.95 0
      vertex 46.64 27.95 0
    endloop
  endfacet
  facet normal 0 0 -1
    outer loop
      vertex 47.6 29.87 0
      vertex 46.64 29.87 0
      vertex 47.6 30.83 0
    endloop
  endfacet
  facet normal -0 0 -1
    outer loop
      vertex 47.6 30.83 0
      vertex 46.64 29.87 0
      vertex 46.64 30.83 0
    endloop
  endfacet
  facet normal 0 0 -1
    outer loop
      vertex 43.76 25.07 0
      vertex 42.8 27.95 0
      vertex 43.76 30.83 0
    endloop
  endfacet
  facet normal 0 0 -1
    outer loop
      vertex 42.8 31.79 0
      vertex 43.76 30.83 0
      vertex 42.8 27.95 0
    endloop
  endfacet
  facet normal 0 0 -1
    outer loop
      vertex 43.76 30.83 0
      vertex 42.8 31.79 0
      vertex 43.76 31.79 0
    endloop
  endfacet
  facet normal 0 0 -1
    outer loop
      vertex 39.92 10.67 0
      vertex 40.88 10.67 0
      vertex 40.88 8.75 0
    endloop
  endfacet
  facet normal 0 0 -1
    outer loop
      vertex 40.88 10.67 0
      vertex 39.92 10.67 0
      vertex 40.88 11.63 0
    endloop
  endfacet
  facet normal 0 0 -1
    outer loop
      vertex 39.92 11.63 0
      vertex 40.88 11.63 0
      vertex 39.92 10.67 0
    endloop
  endfacet
  facet normal 0 0 -1
    outer loop
      vertex 38 8.75 0
      vertex 39.92 10.67 0
      vertex 40.88 8.75 0
    endloop
  endfacet
  facet normal -0 0 -1
    outer loop
      vertex 39.92 10.67 0
      vertex 38 8.75 0
      vertex 38 10.67 0
    endloop
  endfacet
  facet normal 0 0 -1
    outer loop
      vertex 40.88 11.63 0
      vertex 39.92 11.63 0
      vertex 40.88 13.55 0
    endloop
  endfacet
  facet normal 0 0 -1
    outer loop
      vertex 39.92 11.63 0
      vertex 39.92 13.55 0
      vertex 40.88 13.55 0
    endloop
  endfacet
  facet normal 0 0 -1
    outer loop
      vertex 38 11.63 0
      vertex 39.92 13.55 0
      vertex 39.92 11.63 0
    endloop
  endfacet
  facet normal 0 0 -1
    outer loop
      vertex 39.92 13.55 0
      vertex 38 14.51 0
      vertex 39.92 14.51 0
    endloop
  endfacet
  facet normal -0 0 -1
    outer loop
      vertex 39.92 13.55 0
      vertex 38 11.63 0
      vertex 38 14.51 0
    endloop
  endfacet
  facet normal 0 0 -1
    outer loop
      vertex 39.92 14.51 0
      vertex 38 14.51 0
      vertex 39.92 17.39 0
    endloop
  endfacet
  facet normal 0 0 -1
    outer loop
      vertex 38 14.51 0
      vertex 38 17.39 0
      vertex 39.92 17.39 0
    endloop
  endfacet
  facet normal 0 0 -1
    outer loop
      vertex 37.04 15.47 0
      vertex 38 17.39 0
      vertex 38 14.51 0
    endloop
  endfacet
  facet normal 0 0 -1
    outer loop
      vertex 37.04 18.35 0
      vertex 38 17.39 0
      vertex 37.04 17.39 0
    endloop
  endfacet
  facet normal 0 0 -1
    outer loop
      vertex 37.04 15.47 0
      vertex 38 14.51 0
      vertex 37.04 14.51 0
    endloop
  endfacet
  facet normal -0 0 -1
    outer loop
      vertex 38 17.39 0
      vertex 37.04 15.47 0
      vertex 37.04 17.39 0
    endloop
  endfacet
  facet normal 0 0 -1
    outer loop
      vertex 38 17.39 0
      vertex 37.04 18.35 0
      vertex 38 20.27 0
    endloop
  endfacet
  facet normal 0 0 -1
    outer loop
      vertex 37.04 21.23 0
      vertex 38 20.27 0
      vertex 37.04 18.35 0
    endloop
  endfacet
  facet normal 0 0 -1
    outer loop
      vertex 38 20.27 0
      vertex 37.04 21.23 0
      vertex 38 21.23 0
    endloop
  endfacet
  facet normal 0 0 -1
    outer loop
      vertex 64.88 46.19 0
      vertex 65.84 47.15 0
      vertex 65.84 46.19 0
    endloop
  endfacet
  facet normal -0 0 -1
    outer loop
      vertex 65.84 47.15 0
      vertex 64.88 46.19 0
      vertex 64.88 47.15 0
    endloop
  endfacet
  facet normal 0 0 -1
    outer loop
      vertex 64.88 43.31 0
      vertex 65.84 44.27 0
      vertex 65.84 43.31 0
    endloop
  endfacet
  facet normal -0 0 -1
    outer loop
      vertex 65.84 44.27 0
      vertex 64.88 43.31 0
      vertex 64.88 44.27 0
    endloop
  endfacet
  facet normal 0 0 -1
    outer loop
      vertex 65.84 36.59 0
      vertex 64.88 37.55 0
      vertex 65.84 41.39 0
    endloop
  endfacet
  facet normal 0 0 -1
    outer loop
      vertex 65.84 36.59 0
      vertex 62.96 37.55 0
      vertex 64.88 37.55 0
    endloop
  endfacet
  facet normal 0 0 -1
    outer loop
      vertex 62 36.59 0
      vertex 62.96 37.55 0
      vertex 65.84 36.59 0
    endloop
  endfacet
  facet normal 0 0 -1
    outer loop
      vertex 62 37.55 0
      vertex 62.96 37.55 0
      vertex 62 36.59 0
    endloop
  endfacet
  facet normal 0 0 -1
    outer loop
      vertex 62 40.43 0
      vertex 62.96 37.55 0
      vertex 62 37.55 0
    endloop
  endfacet
  facet normal 0 0 -1
    outer loop
      vertex 62.96 37.55 0
      vertex 62 40.43 0
      vertex 62.96 41.39 0
    endloop
  endfacet
  facet normal 0 0 -1
    outer loop
      vertex 60.08 41.39 0
      vertex 62 40.43 0
      vertex 60.08 40.43 0
    endloop
  endfacet
  facet normal 0 0 -1
    outer loop
      vertex 62 40.43 0
      vertex 60.08 41.39 0
      vertex 62.96 41.39 0
    endloop
  endfacet
  facet normal 0 0 -1
    outer loop
      vertex 64.88 31.79 0
      vertex 65.84 33.71 0
      vertex 65.84 31.79 0
    endloop
  endfacet
  facet normal -0 0 -1
    outer loop
      vertex 65.84 33.71 0
      vertex 64.88 31.79 0
      vertex 64.88 33.71 0
    endloop
  endfacet
  facet normal 0 0 -1
    outer loop
      vertex 64.88 29.87 0
      vertex 65.84 30.83 0
      vertex 65.84 29.87 0
    endloop
  endfacet
  facet normal -0 0 -1
    outer loop
      vertex 65.84 30.83 0
      vertex 64.88 29.87 0
      vertex 64.88 30.83 0
    endloop
  endfacet
  facet normal 0 0 -1
    outer loop
      vertex 64.88 24.11 0
      vertex 65.84 22.19 0
      vertex 64.88 22.19 0
    endloop
  endfacet
  facet normal 0 0 -1
    outer loop
      vertex 65.84 22.19 0
      vertex 64.88 24.11 0
      vertex 65.84 27.95 0
    endloop
  endfacet
  facet normal 0 0 -1
    outer loop
      vertex 62.96 25.07 0
      vertex 64.88 24.11 0
      vertex 62.96 24.11 0
    endloop
  endfacet
  facet normal 0 0 -1
    outer loop
      vertex 64.88 24.11 0
      vertex 62.96 25.07 0
      vertex 65.84 27.95 0
    endloop
  endfacet
  facet normal -0 0 -1
    outer loop
      vertex 65.84 27.95 0
      vertex 62.96 25.07 0
      vertex 62.96 27.95 0
    endloop
  endfacet
  facet normal 0 0 -1
    outer loop
      vertex 65.84 14.51 0
      vertex 62.96 15.47 0
      vertex 65.84 15.47 0
    endloop
  endfacet
  facet normal 0 0 -1
    outer loop
      vertex 62.96 15.47 0
      vertex 62 15.47 0
      vertex 62.96 17.39 0
    endloop
  endfacet
  facet normal 0 0 -1
    outer loop
      vertex 65.84 14.51 0
      vertex 62 15.47 0
      vertex 62.96 15.47 0
    endloop
  endfacet
  facet normal 0 0 -1
    outer loop
      vertex 65.84 14.51 0
      vertex 60.08 15.47 0
      vertex 62 15.47 0
    endloop
  endfacet
  facet normal 0 0 -1
    outer loop
      vertex 60.08 15.47 0
      vertex 59.12 17.39 0
      vertex 60.08 18.35 0
    endloop
  endfacet
  facet normal 0 0 -1
    outer loop
      vertex 60.08 15.47 0
      vertex 57.2 15.47 0
      vertex 59.12 17.39 0
    endloop
  endfacet
  facet normal 0 0 -1
    outer loop
      vertex 56.24 14.51 0
      vertex 60.08 15.47 0
      vertex 65.84 14.51 0
    endloop
  endfacet
  facet normal -0 0 -1
    outer loop
      vertex 60.08 15.47 0
      vertex 56.24 14.51 0
      vertex 57.2 15.47 0
    endloop
  endfacet
  facet normal -0 0 -1
    outer loop
      vertex 57.2 15.47 0
      vertex 56.24 14.51 0
      vertex 56.24 15.47 0
    endloop
  endfacet
  facet normal 0 0 -1
    outer loop
      vertex 83.257 0.0049324 0
      vertex 85.6 2.5 0
      vertex 85.5803 2.18667 0
    endloop
  endfacet
  facet normal 0 0 -1
    outer loop
      vertex 85.6 2.5 0
      vertex 65.84 27.95 0
      vertex 85.6 51.48 0
    endloop
  endfacet
  facet normal 0 0 -1
    outer loop
      vertex 83.257 0.0049324 0
      vertex 85.5803 2.18667 0
      vertex 85.5215 1.87827 0
    endloop
  endfacet
  facet normal 0 0 -1
    outer loop
      vertex 65.84 29.87 0
      vertex 85.6 51.48 0
      vertex 65.84 27.95 0
    endloop
  endfacet
  facet normal 0 0 -1
    outer loop
      vertex 83.257 0.0049324 0
      vertex 85.5215 1.87827 0
      vertex 85.4244 1.57969 0
    endloop
  endfacet
  facet normal 0 0 -1
    outer loop
      vertex 65.84 30.83 0
      vertex 85.6 51.48 0
      vertex 65.84 29.87 0
    endloop
  endfacet
  facet normal 0 0 -1
    outer loop
      vertex 83.257 0.0049324 0
      vertex 85.4244 1.57969 0
      vertex 85.2908 1.29562 0
    endloop
  endfacet
  facet normal 0 0 -1
    outer loop
      vertex 65.84 31.79 0
      vertex 85.6 51.48 0
      vertex 65.84 30.83 0
    endloop
  endfacet
  facet normal 0 0 -1
    outer loop
      vertex 83.257 0.0049324 0
      vertex 85.2908 1.29562 0
      vertex 85.1225 1.03054 0
    endloop
  endfacet
  facet normal 0 0 -1
    outer loop
      vertex 65.84 33.71 0
      vertex 85.6 51.48 0
      vertex 65.84 31.79 0
    endloop
  endfacet
  facet normal 0 0 -1
    outer loop
      vertex 83.257 0.0049324 0
      vertex 85.1225 1.03054 0
      vertex 84.9224 0.788631 0
    endloop
  endfacet
  facet normal 0 0 -1
    outer loop
      vertex 65.84 36.59 0
      vertex 85.6 51.48 0
      vertex 65.84 33.71 0
    endloop
  endfacet
  facet normal 0 0 -1
    outer loop
      vertex 83.257 0.0049324 0
      vertex 84.9224 0.788631 0
      vertex 84.6936 0.573716 0
    endloop
  endfacet
  facet normal 0 0 -1
    outer loop
      vertex 65.84 41.39 0
      vertex 85.6 51.48 0
      vertex 65.84 36.59 0
    endloop
  endfacet
  facet normal 0 0 -1
    outer loop
      vertex 83.257 0.0049324 0
      vertex 84.6936 0.573716 0
      vertex 84.4396 0.38918 0
    endloop
  endfacet
  facet normal 0 0 -1
    outer loop
      vertex 65.84 43.31 0
      vertex 85.6 51.48 0
      vertex 65.84 41.39 0
    endloop
  endfacet
  facet normal 0 0 -1
    outer loop
      vertex 83.257 0.0049324 0
      vertex 84.4396 0.38918 0
      vertex 84.1644 0.237932 0
    endloop
  endfacet
  facet normal 0 0 -1
    outer loop
      vertex 65.84 44.27 0
      vertex 85.6 51.48 0
      vertex 65.84 43.31 0
    endloop
  endfacet
  facet normal 0 0 -1
    outer loop
      vertex 83.257 0.0049324 0
      vertex 84.1644 0.237932 0
      vertex 83.8725 0.122358 0
    endloop
  endfacet
  facet normal 0 0 -1
    outer loop
      vertex 65.84 46.19 0
      vertex 85.6 51.48 0
      vertex 65.84 44.27 0
    endloop
  endfacet
  facet normal 0 0 -1
    outer loop
      vertex 83.257 0.0049324 0
      vertex 83.8725 0.122358 0
      vertex 83.5685 0.044281 0
    endloop
  endfacet
  facet normal 0 0 -1
    outer loop
      vertex 85.6 51.48 0
      vertex 83.257 53.9751 0
      vertex 85.5803 51.7933 0
    endloop
  endfacet
  facet normal -0 0 -1
    outer loop
      vertex 85.6 2.5 0
      vertex 83.257 0.0049324 0
      vertex 65.84 4.91 0
    endloop
  endfacet
  facet normal 0 0 -1
    outer loop
      vertex 85.5215 52.1017 0
      vertex 83.257 53.9751 0
      vertex 85.4244 52.4003 0
    endloop
  endfacet
  facet normal 0 0 -1
    outer loop
      vertex 85.6 2.5 0
      vertex 65.84 4.91 0
      vertex 65.84 14.51 0
    endloop
  endfacet
  facet normal 0 0 -1
    outer loop
      vertex 83.257 0.0049324 0
      vertex 56.24 4.91 0
      vertex 65.84 4.91 0
    endloop
  endfacet
  facet normal 0 0 -1
    outer loop
      vertex 55.28 8.75 0
      vertex 56.24 4.91 0
      vertex 55.28 7.79 0
    endloop
  endfacet
  facet normal 0 0 -1
    outer loop
      vertex 56.24 4.91 0
      vertex 55.28 8.75 0
      vertex 56.24 14.51 0
    endloop
  endfacet
  facet normal 0 0 -1
    outer loop
      vertex 55.28 11.63 0
      vertex 56.24 14.51 0
      vertex 55.28 8.75 0
    endloop
  endfacet
  facet normal 0 0 -1
    outer loop
      vertex 55.28 14.51 0
      vertex 56.24 14.51 0
      vertex 55.28 11.63 0
    endloop
  endfacet
  facet normal 0 0 -1
    outer loop
      vertex 56.24 14.51 0
      vertex 55.28 14.51 0
      vertex 56.24 15.47 0
    endloop
  endfacet
  facet normal 0 0 -1
    outer loop
      vertex 55.28 17.39 0
      vertex 56.24 15.47 0
      vertex 55.28 14.51 0
    endloop
  endfacet
  facet normal 0 0 -1
    outer loop
      vertex 56.24 4.91 0
      vertex 53.36 4.91 0
      vertex 55.28 7.79 0
    endloop
  endfacet
  facet normal 0 0 -1
    outer loop
      vertex 83.257 0.0049324 0
      vertex 53.36 4.91 0
      vertex 56.24 4.91 0
    endloop
  endfacet
  facet normal 0 0 -1
    outer loop
      vertex 83.257 0.0049324 0
      vertex 45.68 4.91 0
      vertex 53.36 4.91 0
    endloop
  endfacet
  facet normal 0 0 -1
    outer loop
      vertex 43.76 4.91 0
      vertex 45.68 5.87 0
      vertex 45.68 4.91 0
    endloop
  endfacet
  facet normal 0 0 -1
    outer loop
      vertex 43.76 8.75 0
      vertex 45.68 5.87 0
      vertex 43.76 4.91 0
    endloop
  endfacet
  facet normal 0 0 -1
    outer loop
      vertex 45.68 5.87 0
      vertex 43.76 8.75 0
      vertex 45.68 8.75 0
    endloop
  endfacet
  facet normal 0 0 -1
    outer loop
      vertex 83.257 0.0049324 0
      vertex 43.76 4.91 0
      vertex 45.68 4.91 0
    endloop
  endfacet
  facet normal 0 0 -1
    outer loop
      vertex 83.257 0.0049324 0
      vertex 42.8 4.91 0
      vertex 43.76 4.91 0
    endloop
  endfacet
  facet normal 0 0 -1
    outer loop
      vertex 42.8 4.91 0
      vertex 40.88 5.87 0
      vertex 42.8 7.79 0
    endloop
  endfacet
  facet normal 0 0 -1
    outer loop
      vertex 42.8 4.91 0
      vertex 39.92 5.87 0
      vertex 40.88 5.87 0
    endloop
  endfacet
  facet normal 0 0 -1
    outer loop
      vertex 39.92 5.87 0
      vertex 38 5.87 0
      vertex 39.92 7.79 0
    endloop
  endfacet
  facet normal 0 0 -1
    outer loop
      vertex 42.8 4.91 0
      vertex 38 5.87 0
      vertex 39.92 5.87 0
    endloop
  endfacet
  facet normal 0 0 -1
    outer loop
      vertex 33.2 4.91 0
      vertex 38 5.87 0
      vertex 42.8 4.91 0
    endloop
  endfacet
  facet normal 0 0 -1
    outer loop
      vertex 37.04 5.87 0
      vertex 36.08 7.79 0
      vertex 37.04 7.79 0
    endloop
  endfacet
  facet normal 0 0 -1
    outer loop
      vertex 33.2 7.79 0
      vertex 36.08 7.79 0
      vertex 33.2 4.91 0
    endloop
  endfacet
  facet normal -0 0 -1
    outer loop
      vertex 37.04 5.87 0
      vertex 33.2 4.91 0
      vertex 36.08 7.79 0
    endloop
  endfacet
  facet normal -0 0 -1
    outer loop
      vertex 38 5.87 0
      vertex 33.2 4.91 0
      vertex 37.04 5.87 0
    endloop
  endfacet
  facet normal 0 0 -1
    outer loop
      vertex 2.34302 0.0049324 0
      vertex 42.8 4.91 0
      vertex 83.257 0.0049324 0
    endloop
  endfacet
  facet normal -0 0 -1
    outer loop
      vertex 42.8 4.91 0
      vertex 2.34302 0.0049324 0
      vertex 33.2 4.91 0
    endloop
  endfacet
  facet normal 0 0 -1
    outer loop
      vertex 30.32 4.91 0
      vertex 31.28 7.79 0
      vertex 31.28 4.91 0
    endloop
  endfacet
  facet normal -0 0 -1
    outer loop
      vertex 31.28 7.79 0
      vertex 30.32 4.91 0
      vertex 31.28 8.75 0
    endloop
  endfacet
  facet normal -0 0 -1
    outer loop
      vertex 31.28 8.75 0
      vertex 30.32 4.91 0
      vertex 31.28 10.67 0
    endloop
  endfacet
  facet normal 0 0 -1
    outer loop
      vertex 30.32 14.51 0
      vertex 31.28 10.67 0
      vertex 30.32 4.91 0
    endloop
  endfacet
  facet normal 0 0 -1
    outer loop
      vertex 31.28 10.67 0
      vertex 30.32 14.51 0
      vertex 31.28 13.55 0
    endloop
  endfacet
  facet normal -0 0 -1
    outer loop
      vertex 33.2 4.91 0
      vertex 2.34302 0.0049324 0
      vertex 31.28 4.91 0
    endloop
  endfacet
  facet normal -0 0 -1
    outer loop
      vertex 31.28 4.91 0
      vertex 2.34302 0.0049324 0
      vertex 30.32 4.91 0
    endloop
  endfacet
  facet normal 0 0 -1
    outer loop
      vertex 0 2.5 0
      vertex 20.72 14.51 0
      vertex 20.72 4.91 0
    endloop
  endfacet
  facet normal -0 0 -1
    outer loop
      vertex 20.72 14.51 0
      vertex 0 2.5 0
      vertex 20.72 15.47 0
    endloop
  endfacet
  facet normal -0 0 -1
    outer loop
      vertex 20.72 15.47 0
      vertex 0 2.5 0
      vertex 20.72 21.23 0
    endloop
  endfacet
  facet normal -0 0 -1
    outer loop
      vertex 20.72 21.23 0
      vertex 0 2.5 0
      vertex 20.72 25.07 0
    endloop
  endfacet
  facet normal -0 0 -1
    outer loop
      vertex 20.72 25.07 0
      vertex 0 2.5 0
      vertex 20.72 26.99 0
    endloop
  endfacet
  facet normal 0 0 -1
    outer loop
      vertex 0 51.48 0
      vertex 20.72 26.99 0
      vertex 0 2.5 0
    endloop
  endfacet
  facet normal 0 0 -1
    outer loop
      vertex 20.72 26.99 0
      vertex 0 51.48 0
      vertex 20.72 29.87 0
    endloop
  endfacet
  facet normal 0 0 -1
    outer loop
      vertex 20.72 29.87 0
      vertex 0 51.48 0
      vertex 20.72 30.83 0
    endloop
  endfacet
  facet normal 0 0 -1
    outer loop
      vertex 20.72 30.83 0
      vertex 0 51.48 0
      vertex 20.72 33.71 0
    endloop
  endfacet
  facet normal 0 0 -1
    outer loop
      vertex 20.72 33.71 0
      vertex 0 51.48 0
      vertex 20.72 34.67 0
    endloop
  endfacet
  facet normal 0 0 -1
    outer loop
      vertex 20.72 34.67 0
      vertex 0 51.48 0
      vertex 20.72 37.55 0
    endloop
  endfacet
  facet normal 0 0 -1
    outer loop
      vertex 20.72 37.55 0
      vertex 0 51.48 0
      vertex 20.72 39.47 0
    endloop
  endfacet
  facet normal 0 0 -1
    outer loop
      vertex 0 2.5 0
      vertex 20.72 4.91 0
      vertex 2.34302 0.0049324 0
    endloop
  endfacet
  facet normal -0 0 -1
    outer loop
      vertex 30.32 4.91 0
      vertex 2.34302 0.0049324 0
      vertex 20.72 4.91 0
    endloop
  endfacet
  facet normal 0 0 -1
    outer loop
      vertex 85.6 2.5 0
      vertex 65.84 14.51 0
      vertex 65.84 15.47 0
    endloop
  endfacet
  facet normal 0 0 -1
    outer loop
      vertex 85.6 2.5 0
      vertex 65.84 15.47 0
      vertex 65.84 22.19 0
    endloop
  endfacet
  facet normal 0 0 -1
    outer loop
      vertex 85.6 2.5 0
      vertex 65.84 22.19 0
      vertex 65.84 27.95 0
    endloop
  endfacet
  facet normal 0 0 -1
    outer loop
      vertex 85.4244 52.4003 0
      vertex 83.257 53.9751 0
      vertex 85.2908 52.6844 0
    endloop
  endfacet
  facet normal 0 0 -1
    outer loop
      vertex 85.1225 52.9495 0
      vertex 83.257 53.9751 0
      vertex 84.9224 53.1914 0
    endloop
  endfacet
  facet normal 0 0 -1
    outer loop
      vertex 84.9224 53.1914 0
      vertex 83.257 53.9751 0
      vertex 84.6936 53.4063 0
    endloop
  endfacet
  facet normal 0 0 -1
    outer loop
      vertex 84.6936 53.4063 0
      vertex 83.257 53.9751 0
      vertex 84.4396 53.5908 0
    endloop
  endfacet
  facet normal 0 0 -1
    outer loop
      vertex 84.1644 53.7421 0
      vertex 83.257 53.9751 0
      vertex 83.8725 53.8576 0
    endloop
  endfacet
  facet normal 0 0 -1
    outer loop
      vertex 83.8725 53.8576 0
      vertex 83.257 53.9751 0
      vertex 83.5685 53.9357 0
    endloop
  endfacet
  facet normal 0 0 -1
    outer loop
      vertex 84.4396 53.5908 0
      vertex 83.257 53.9751 0
      vertex 84.1644 53.7421 0
    endloop
  endfacet
  facet normal 0 0 -1
    outer loop
      vertex 85.2908 52.6844 0
      vertex 83.257 53.9751 0
      vertex 85.1225 52.9495 0
    endloop
  endfacet
  facet normal 0 0 -1
    outer loop
      vertex 85.5803 51.7933 0
      vertex 83.257 53.9751 0
      vertex 85.5215 52.1017 0
    endloop
  endfacet
  facet normal -0 0 -1
    outer loop
      vertex 85.6 51.48 0
      vertex 65.84 46.19 0
      vertex 83.257 53.9751 0
    endloop
  endfacet
  facet normal 0 0 -1
    outer loop
      vertex 65.84 47.15 0
      vertex 83.257 53.9751 0
      vertex 65.84 46.19 0
    endloop
  endfacet
  facet normal 0 0 -1
    outer loop
      vertex 65.84 49.07 0
      vertex 83.257 53.9751 0
      vertex 65.84 47.15 0
    endloop
  endfacet
  facet normal 0 0 -1
    outer loop
      vertex 62.96 50.03 0
      vertex 65.84 49.07 0
      vertex 64.88 49.07 0
    endloop
  endfacet
  facet normal 0 0 -1
    outer loop
      vertex 64.88 47.15 0
      vertex 62.96 47.15 0
      vertex 64.88 49.07 0
    endloop
  endfacet
  facet normal 0 0 -1
    outer loop
      vertex 62.96 49.07 0
      vertex 64.88 49.07 0
      vertex 62.96 47.15 0
    endloop
  endfacet
  facet normal 0 0 -1
    outer loop
      vertex 62.96 50.03 0
      vertex 64.88 49.07 0
      vertex 62.96 49.07 0
    endloop
  endfacet
  facet normal 0 0 -1
    outer loop
      vertex 65.84 49.07 0
      vertex 62.96 50.03 0
      vertex 83.257 53.9751 0
    endloop
  endfacet
  facet normal 0 0 -1
    outer loop
      vertex 59.12 50.03 0
      vertex 83.257 53.9751 0
      vertex 62.96 50.03 0
    endloop
  endfacet
  facet normal 0 0 -1
    outer loop
      vertex 56.24 50.03 0
      vertex 59.12 50.03 0
      vertex 56.24 49.07 0
    endloop
  endfacet
  facet normal 0 0 -1
    outer loop
      vertex 56.24 50.03 0
      vertex 83.257 53.9751 0
      vertex 59.12 50.03 0
    endloop
  endfacet
  facet normal 0 0 -1
    outer loop
      vertex 55.28 50.03 0
      vertex 83.257 53.9751 0
      vertex 56.24 50.03 0
    endloop
  endfacet
  facet normal 0 0 -1
    outer loop
      vertex 55.28 49.07 0
      vertex 53.36 50.03 0
      vertex 55.28 50.03 0
    endloop
  endfacet
  facet normal 0 0 -1
    outer loop
      vertex 53.36 50.03 0
      vertex 83.257 53.9751 0
      vertex 55.28 50.03 0
    endloop
  endfacet
  facet normal 0 0 -1
    outer loop
      vertex 52.4 50.03 0
      vertex 83.257 53.9751 0
      vertex 53.36 50.03 0
    endloop
  endfacet
  facet normal 0 0 -1
    outer loop
      vertex 50.48 50.03 0
      vertex 52.4 50.03 0
      vertex 50.48 49.07 0
    endloop
  endfacet
  facet normal 0 0 -1
    outer loop
      vertex 50.48 50.03 0
      vertex 83.257 53.9751 0
      vertex 52.4 50.03 0
    endloop
  endfacet
  facet normal 0 0 -1
    outer loop
      vertex 49.52 50.03 0
      vertex 83.257 53.9751 0
      vertex 50.48 50.03 0
    endloop
  endfacet
  facet normal 0 0 -1
    outer loop
      vertex 47.6 50.03 0
      vertex 49.52 50.03 0
      vertex 47.6 49.07 0
    endloop
  endfacet
  facet normal 0 0 -1
    outer loop
      vertex 47.6 50.03 0
      vertex 83.257 53.9751 0
      vertex 49.52 50.03 0
    endloop
  endfacet
  facet normal 0 0 -1
    outer loop
      vertex 43.76 50.03 0
      vertex 83.257 53.9751 0
      vertex 47.6 50.03 0
    endloop
  endfacet
  facet normal 0 0 -1
    outer loop
      vertex 43.76 47.15 0
      vertex 40.88 49.07 0
      vertex 43.76 50.03 0
    endloop
  endfacet
  facet normal 0 0 -1
    outer loop
      vertex 40.88 50.03 0
      vertex 43.76 50.03 0
      vertex 40.88 49.07 0
    endloop
  endfacet
  facet normal 0 0 -1
    outer loop
      vertex 40.88 50.03 0
      vertex 83.257 53.9751 0
      vertex 43.76 50.03 0
    endloop
  endfacet
  facet normal 0 0 -1
    outer loop
      vertex 2.34302 53.9751 0
      vertex 40.88 50.03 0
      vertex 38 50.03 0
    endloop
  endfacet
  facet normal 0 0 -1
    outer loop
      vertex 34.16 47.15 0
      vertex 37.04 47.15 0
      vertex 36.08 46.19 0
    endloop
  endfacet
  facet normal 0 0 -1
    outer loop
      vertex 37.04 47.15 0
      vertex 34.16 47.15 0
      vertex 34.16 49.07 0
    endloop
  endfacet
  facet normal 0 0 -1
    outer loop
      vertex 37.04 47.15 0
      vertex 34.16 49.07 0
      vertex 38 50.03 0
    endloop
  endfacet
  facet normal 0 0 -1
    outer loop
      vertex 33.2 50.03 0
      vertex 34.16 49.07 0
      vertex 33.2 49.07 0
    endloop
  endfacet
  facet normal 0 0 -1
    outer loop
      vertex 34.16 49.07 0
      vertex 33.2 50.03 0
      vertex 38 50.03 0
    endloop
  endfacet
  facet normal 0 0 -1
    outer loop
      vertex 2.34302 53.9751 0
      vertex 38 50.03 0
      vertex 33.2 50.03 0
    endloop
  endfacet
  facet normal 0 0 -1
    outer loop
      vertex 2.34302 53.9751 0
      vertex 33.2 50.03 0
      vertex 31.28 50.03 0
    endloop
  endfacet
  facet normal 0 0 -1
    outer loop
      vertex 31.28 49.07 0
      vertex 30.32 50.03 0
      vertex 31.28 50.03 0
    endloop
  endfacet
  facet normal 0 0 -1
    outer loop
      vertex 2.34302 53.9751 0
      vertex 31.28 50.03 0
      vertex 30.32 50.03 0
    endloop
  endfacet
  facet normal 0 0 -1
    outer loop
      vertex 2.34302 53.9751 0
      vertex 30.32 50.03 0
      vertex 20.72 50.03 0
    endloop
  endfacet
  facet normal 0 0 -1
    outer loop
      vertex 40.88 50.03 0
      vertex 2.34302 53.9751 0
      vertex 83.257 53.9751 0
    endloop
  endfacet
  facet normal 0 0 -1
    outer loop
      vertex 20.72 39.47 0
      vertex 0 51.48 0
      vertex 20.72 40.43 0
    endloop
  endfacet
  facet normal 0 0 -1
    outer loop
      vertex 0 2.5 0
      vertex 2.34302 0.0049324 0
      vertex 2.03155 0.044281 0
    endloop
  endfacet
  facet normal 0 -0 -1
    outer loop
      vertex 2.34302 53.9751 0
      vertex 20.72 40.43 0
      vertex 0 51.48 0
    endloop
  endfacet
  facet normal 0 0 -1
    outer loop
      vertex 0 2.5 0
      vertex 2.03155 0.044281 0
      vertex 1.72746 0.122358 0
    endloop
  endfacet
  facet normal 0 0 -1
    outer loop
      vertex 20.72 40.43 0
      vertex 2.34302 53.9751 0
      vertex 20.72 50.03 0
    endloop
  endfacet
  facet normal 0 0 -1
    outer loop
      vertex 0 2.5 0
      vertex 1.72746 0.122358 0
      vertex 1.43555 0.237932 0
    endloop
  endfacet
  facet normal 0 0 -1
    outer loop
      vertex 2.34302 53.9751 0
      vertex 0 51.48 0
      vertex 2.03155 53.9357 0
    endloop
  endfacet
  facet normal 0 0 -1
    outer loop
      vertex 0 2.5 0
      vertex 1.43555 0.237932 0
      vertex 1.16043 0.38918 0
    endloop
  endfacet
  facet normal 0 0 -1
    outer loop
      vertex 2.03155 53.9357 0
      vertex 0 51.48 0
      vertex 1.72746 53.8576 0
    endloop
  endfacet
  facet normal 0 0 -1
    outer loop
      vertex 0 2.5 0
      vertex 1.16043 0.38918 0
      vertex 0.90644 0.573716 0
    endloop
  endfacet
  facet normal 0 0 -1
    outer loop
      vertex 1.72746 53.8576 0
      vertex 0 51.48 0
      vertex 1.43555 53.7421 0
    endloop
  endfacet
  facet normal 0 0 -1
    outer loop
      vertex 0 2.5 0
      vertex 0.90644 0.573716 0
      vertex 0.677578 0.788631 0
    endloop
  endfacet
  facet normal 0 0 -1
    outer loop
      vertex 1.43555 53.7421 0
      vertex 0 51.48 0
      vertex 1.16043 53.5908 0
    endloop
  endfacet
  facet normal 0 0 -1
    outer loop
      vertex 0 2.5 0
      vertex 0.677578 0.788631 0
      vertex 0.477457 1.03054 0
    endloop
  endfacet
  facet normal 0 0 -1
    outer loop
      vertex 1.16043 53.5908 0
      vertex 0 51.48 0
      vertex 0.90644 53.4063 0
    endloop
  endfacet
  facet normal 0 0 -1
    outer loop
      vertex 0 2.5 0
      vertex 0.477457 1.03054 0
      vertex 0.309233 1.29562 0
    endloop
  endfacet
  facet normal 0 0 -1
    outer loop
      vertex 0.90644 53.4063 0
      vertex 0 51.48 0
      vertex 0.677578 53.1914 0
    endloop
  endfacet
  facet normal 0 0 -1
    outer loop
      vertex 0 2.5 0
      vertex 0.309233 1.29562 0
      vertex 0.175558 1.57969 0
    endloop
  endfacet
  facet normal 0 0 -1
    outer loop
      vertex 0.677578 53.1914 0
      vertex 0 51.48 0
      vertex 0.477457 52.9495 0
    endloop
  endfacet
  facet normal 0 0 -1
    outer loop
      vertex 0 2.5 0
      vertex 0.175558 1.57969 0
      vertex 0.0785418 1.87827 0
    endloop
  endfacet
  facet normal 0 0 -1
    outer loop
      vertex 0.477457 52.9495 0
      vertex 0 51.48 0
      vertex 0.309233 52.6844 0
    endloop
  endfacet
  facet normal 0 0 -1
    outer loop
      vertex 0 2.5 0
      vertex 0.0785418 1.87827 0
      vertex 0.0197124 2.18667 0
    endloop
  endfacet
  facet normal 0 0 -1
    outer loop
      vertex 0.309233 52.6844 0
      vertex 0 51.48 0
      vertex 0.175558 52.4003 0
    endloop
  endfacet
  facet normal 0 0 -1
    outer loop
      vertex 0.175558 52.4003 0
      vertex 0 51.48 0
      vertex 0.0785418 52.1017 0
    endloop
  endfacet
  facet normal 0 0 -1
    outer loop
      vertex 0.0785418 52.1017 0
      vertex 0 51.48 0
      vertex 0.0197124 51.7933 0
    endloop
  endfacet
  facet normal 0 0 -1
    outer loop
      vertex 64.88 33.71 0
      vertex 62 34.67 0
      vertex 64.88 34.67 0
    endloop
  endfacet
  facet normal 0 0 -1
    outer loop
      vertex 60.08 33.71 0
      vertex 62 36.59 0
      vertex 62 34.67 0
    endloop
  endfacet
  facet normal 0 0 -1
    outer loop
      vertex 60.08 33.71 0
      vertex 62 34.67 0
      vertex 64.88 33.71 0
    endloop
  endfacet
  facet normal 0 0 -1
    outer loop
      vertex 57.2 36.59 0
      vertex 62 36.59 0
      vertex 60.08 33.71 0
    endloop
  endfacet
  facet normal 0 0 -1
    outer loop
      vertex 59.12 33.71 0
      vertex 60.08 33.71 0
      vertex 59.12 31.79 0
    endloop
  endfacet
  facet normal 0 0 -1
    outer loop
      vertex 57.2 36.59 0
      vertex 60.08 33.71 0
      vertex 59.12 33.71 0
    endloop
  endfacet
  facet normal 0 0 -1
    outer loop
      vertex 57.2 34.67 0
      vertex 59.12 33.71 0
      vertex 57.2 33.71 0
    endloop
  endfacet
  facet normal 0 0 -1
    outer loop
      vertex 57.2 36.59 0
      vertex 59.12 33.71 0
      vertex 57.2 34.67 0
    endloop
  endfacet
  facet normal 0 0 -1
    outer loop
      vertex 62 36.59 0
      vertex 57.2 36.59 0
      vertex 62 37.55 0
    endloop
  endfacet
  facet normal -0 0 -1
    outer loop
      vertex 62 37.55 0
      vertex 57.2 36.59 0
      vertex 57.2 37.55 0
    endloop
  endfacet
  facet normal -0 0 -1
    outer loop
      vertex 65.84 41.39 0
      vertex 64.88 37.55 0
      vertex 64.88 41.39 0
    endloop
  endfacet
  facet normal 0 0 -1
    outer loop
      vertex 62.96 44.27 0
      vertex 64.88 46.19 0
      vertex 64.88 44.27 0
    endloop
  endfacet
  facet normal 0 0 -1
    outer loop
      vertex 62.96 47.15 0
      vertex 64.88 46.19 0
      vertex 62.96 44.27 0
    endloop
  endfacet
  facet normal 0 0 -1
    outer loop
      vertex 64.88 46.19 0
      vertex 62.96 47.15 0
      vertex 64.88 47.15 0
    endloop
  endfacet
  facet normal 0 0 -1
    outer loop
      vertex 21.68 25.07 0
      vertex 23.6 26.99 0
      vertex 23.6 25.07 0
    endloop
  endfacet
  facet normal -0 0 -1
    outer loop
      vertex 23.6 26.99 0
      vertex 21.68 25.07 0
      vertex 21.68 26.99 0
    endloop
  endfacet
  facet normal 0 0 -1
    outer loop
      vertex 29.36 5.87 0
      vertex 27.44 7.79 0
      vertex 29.36 13.55 0
    endloop
  endfacet
  facet normal 0 0 -1
    outer loop
      vertex 29.36 5.87 0
      vertex 23.6 7.79 0
      vertex 27.44 7.79 0
    endloop
  endfacet
  facet normal -0 0 -1
    outer loop
      vertex 23.6 7.79 0
      vertex 21.68 5.87 0
      vertex 23.6 11.63 0
    endloop
  endfacet
  facet normal 0 0 -1
    outer loop
      vertex 21.68 5.87 0
      vertex 23.6 7.79 0
      vertex 29.36 5.87 0
    endloop
  endfacet
  facet normal 0 0 -1
    outer loop
      vertex 27.44 11.63 0
      vertex 29.36 13.55 0
      vertex 27.44 7.79 0
    endloop
  endfacet
  facet normal 0 0 -1
    outer loop
      vertex 23.6 11.63 0
      vertex 29.36 13.55 0
      vertex 27.44 11.63 0
    endloop
  endfacet
  facet normal 0 0 -1
    outer loop
      vertex 23.6 11.63 0
      vertex 21.68 13.55 0
      vertex 29.36 13.55 0
    endloop
  endfacet
  facet normal 0 0 -1
    outer loop
      vertex 21.68 13.55 0
      vertex 23.6 11.63 0
      vertex 21.68 5.87 0
    endloop
  endfacet
  facet normal 0 0 -1
    outer loop
      vertex 29.36 41.39 0
      vertex 27.44 43.31 0
      vertex 29.36 49.07 0
    endloop
  endfacet
  facet normal 0 0 -1
    outer loop
      vertex 29.36 41.39 0
      vertex 23.6 43.31 0
      vertex 27.44 43.31 0
    endloop
  endfacet
  facet normal -0 0 -1
    outer loop
      vertex 23.6 43.31 0
      vertex 21.68 41.39 0
      vertex 23.6 47.15 0
    endloop
  endfacet
  facet normal 0 0 -1
    outer loop
      vertex 21.68 41.39 0
      vertex 23.6 43.31 0
      vertex 29.36 41.39 0
    endloop
  endfacet
  facet normal 0 0 -1
    outer loop
      vertex 27.44 47.15 0
      vertex 29.36 49.07 0
      vertex 27.44 43.31 0
    endloop
  endfacet
  facet normal 0 0 -1
    outer loop
      vertex 23.6 47.15 0
      vertex 29.36 49.07 0
      vertex 27.44 47.15 0
    endloop
  endfacet
  facet normal 0 0 -1
    outer loop
      vertex 23.6 47.15 0
      vertex 21.68 49.07 0
      vertex 29.36 49.07 0
    endloop
  endfacet
  facet normal 0 0 -1
    outer loop
      vertex 21.68 49.07 0
      vertex 23.6 47.15 0
      vertex 21.68 41.39 0
    endloop
  endfacet
  facet normal 0 0 -1
    outer loop
      vertex 23.6 20.27 0
      vertex 24.56 21.23 0
      vertex 24.56 20.27 0
    endloop
  endfacet
  facet normal -0 0 -1
    outer loop
      vertex 24.56 21.23 0
      vertex 23.6 20.27 0
      vertex 23.6 21.23 0
    endloop
  endfacet
  facet normal 0 0 -1
    outer loop
      vertex 24.56 27.95 0
      vertex 26.48 27.95 0
      vertex 26.48 26.99 0
    endloop
  endfacet
  facet normal 0 0 -1
    outer loop
      vertex 26.48 27.95 0
      vertex 24.56 27.95 0
      vertex 26.48 29.87 0
    endloop
  endfacet
  facet normal 0 0 -1
    outer loop
      vertex 24.56 30.83 0
      vertex 26.48 29.87 0
      vertex 24.56 27.95 0
    endloop
  endfacet
  facet normal 0 0 -1
    outer loop
      vertex 23.6 26.99 0
      vertex 24.56 27.95 0
      vertex 26.48 26.99 0
    endloop
  endfacet
  facet normal -0 0 -1
    outer loop
      vertex 24.56 27.95 0
      vertex 23.6 26.99 0
      vertex 23.6 27.95 0
    endloop
  endfacet
  facet normal 0 0 -1
    outer loop
      vertex 26.48 27.95 0
      vertex 27.44 29.87 0
      vertex 27.44 27.95 0
    endloop
  endfacet
  facet normal -0 0 -1
    outer loop
      vertex 27.44 29.87 0
      vertex 26.48 27.95 0
      vertex 26.48 29.87 0
    endloop
  endfacet
  facet normal 0 0 -1
    outer loop
      vertex 26.48 29.87 0
      vertex 24.56 30.83 0
      vertex 26.48 31.79 0
    endloop
  endfacet
  facet normal 0 0 -1
    outer loop
      vertex 24.56 30.83 0
      vertex 24.56 31.79 0
      vertex 26.48 31.79 0
    endloop
  endfacet
  facet normal 0 0 -1
    outer loop
      vertex 23.6 30.83 0
      vertex 24.56 31.79 0
      vertex 24.56 30.83 0
    endloop
  endfacet
  facet normal 0 0 -1
    outer loop
      vertex 23.6 33.71 0
      vertex 24.56 31.79 0
      vertex 23.6 30.83 0
    endloop
  endfacet
  facet normal 0 0 -1
    outer loop
      vertex 24.56 31.79 0
      vertex 23.6 33.71 0
      vertex 24.56 33.71 0
    endloop
  endfacet
  facet normal 0 0 -1
    outer loop
      vertex 26.48 17.39 0
      vertex 24.56 17.39 0
      vertex 26.48 18.35 0
    endloop
  endfacet
  facet normal 0 0 -1
    outer loop
      vertex 26.48 18.35 0
      vertex 27.44 20.27 0
      vertex 27.44 18.35 0
    endloop
  endfacet
  facet normal 0 0 -1
    outer loop
      vertex 24.56 20.27 0
      vertex 26.48 18.35 0
      vertex 24.56 17.39 0
    endloop
  endfacet
  facet normal 0 0 -1
    outer loop
      vertex 26.48 18.35 0
      vertex 24.56 20.27 0
      vertex 27.44 20.27 0
    endloop
  endfacet
  facet normal 0 0 -1
    outer loop
      vertex 29.36 21.23 0
      vertex 27.44 22.19 0
      vertex 29.36 22.19 0
    endloop
  endfacet
  facet normal 0 0 -1
    outer loop
      vertex 26.48 21.23 0
      vertex 27.44 22.19 0
      vertex 29.36 21.23 0
    endloop
  endfacet
  facet normal 0 0 -1
    outer loop
      vertex 26.48 22.19 0
      vertex 27.44 22.19 0
      vertex 26.48 21.23 0
    endloop
  endfacet
  facet normal 0 0 -1
    outer loop
      vertex 27.44 22.19 0
      vertex 26.48 22.19 0
      vertex 27.44 24.11 0
    endloop
  endfacet
  facet normal 0 0 -1
    outer loop
      vertex 26.48 22.19 0
      vertex 26.48 24.11 0
      vertex 27.44 24.11 0
    endloop
  endfacet
  facet normal 0 0 -1
    outer loop
      vertex 24.56 22.19 0
      vertex 26.48 24.11 0
      vertex 26.48 22.19 0
    endloop
  endfacet
  facet normal 0 0 -1
    outer loop
      vertex 24.56 25.07 0
      vertex 26.48 24.11 0
      vertex 24.56 22.19 0
    endloop
  endfacet
  facet normal 0 0 -1
    outer loop
      vertex 26.48 24.11 0
      vertex 24.56 25.07 0
      vertex 26.48 25.07 0
    endloop
  endfacet
  facet normal 0 0 -1
    outer loop
      vertex 24.56 34.67 0
      vertex 27.44 36.59 0
      vertex 27.44 34.67 0
    endloop
  endfacet
  facet normal -0 0 -1
    outer loop
      vertex 27.44 36.59 0
      vertex 24.56 34.67 0
      vertex 24.56 36.59 0
    endloop
  endfacet
  facet normal 0 0 -1
    outer loop
      vertex 29.36 31.79 0
      vertex 27.44 33.71 0
      vertex 29.36 33.71 0
    endloop
  endfacet
  facet normal 0 0 -1
    outer loop
      vertex 26.48 31.79 0
      vertex 27.44 33.71 0
      vertex 29.36 31.79 0
    endloop
  endfacet
  facet normal -0 0 -1
    outer loop
      vertex 27.44 33.71 0
      vertex 26.48 31.79 0
      vertex 26.48 33.71 0
    endloop
  endfacet
  facet normal 0 0 -1
    outer loop
      vertex 36.08 27.95 0
      vertex 34.16 29.87 0
      vertex 36.08 29.87 0
    endloop
  endfacet
  facet normal 0 0 -1
    outer loop
      vertex 33.2 27.95 0
      vertex 34.16 29.87 0
      vertex 36.08 27.95 0
    endloop
  endfacet
  facet normal 0 0 -1
    outer loop
      vertex 33.2 29.87 0
      vertex 34.16 29.87 0
      vertex 33.2 27.95 0
    endloop
  endfacet
  facet normal 0 0 -1
    outer loop
      vertex 34.16 29.87 0
      vertex 33.2 29.87 0
      vertex 34.16 30.83 0
    endloop
  endfacet
  facet normal 0 0 -1
    outer loop
      vertex 33.2 29.87 0
      vertex 33.2 30.83 0
      vertex 34.16 30.83 0
    endloop
  endfacet
  facet normal 0 0 -1
    outer loop
      vertex 31.28 30.83 0
      vertex 33.2 30.83 0
      vertex 33.2 29.87 0
    endloop
  endfacet
  facet normal 0 0 -1
    outer loop
      vertex 31.28 30.83 0
      vertex 33.2 29.87 0
      vertex 31.28 29.87 0
    endloop
  endfacet
  facet normal 0 0 -1
    outer loop
      vertex 36.08 27.95 0
      vertex 37.04 26.99 0
      vertex 36.08 26.99 0
    endloop
  endfacet
  facet normal 0 0 -1
    outer loop
      vertex 37.04 29.87 0
      vertex 38 31.79 0
      vertex 38 29.87 0
    endloop
  endfacet
  facet normal 0 0 -1
    outer loop
      vertex 37.04 26.99 0
      vertex 36.08 27.95 0
      vertex 37.04 29.87 0
    endloop
  endfacet
  facet normal 0 0 -1
    outer loop
      vertex 36.08 29.87 0
      vertex 37.04 29.87 0
      vertex 36.08 27.95 0
    endloop
  endfacet
  facet normal 0 0 -1
    outer loop
      vertex 36.08 30.83 0
      vertex 37.04 29.87 0
      vertex 36.08 29.87 0
    endloop
  endfacet
  facet normal 0 0 -1
    outer loop
      vertex 37.04 29.87 0
      vertex 36.08 30.83 0
      vertex 38 31.79 0
    endloop
  endfacet
  facet normal 0 0 -1
    outer loop
      vertex 34.16 31.79 0
      vertex 36.08 30.83 0
      vertex 34.16 30.83 0
    endloop
  endfacet
  facet normal 0 0 -1
    outer loop
      vertex 36.08 30.83 0
      vertex 34.16 31.79 0
      vertex 38 31.79 0
    endloop
  endfacet
  facet normal 0 0 -1
    outer loop
      vertex 34.16 36.59 0
      vertex 36.08 34.67 0
      vertex 34.16 34.67 0
    endloop
  endfacet
  facet normal 0 0 -1
    outer loop
      vertex 36.08 34.67 0
      vertex 34.16 36.59 0
      vertex 36.08 37.55 0
    endloop
  endfacet
  facet normal -0 0 -1
    outer loop
      vertex 36.08 37.55 0
      vertex 34.16 36.59 0
      vertex 34.16 37.55 0
    endloop
  endfacet
  facet normal 0 0 -1
    outer loop
      vertex 33.2 31.79 0
      vertex 34.16 34.67 0
      vertex 34.16 31.79 0
    endloop
  endfacet
  facet normal 0 0 -1
    outer loop
      vertex 31.28 33.71 0
      vertex 34.16 34.67 0
      vertex 33.2 31.79 0
    endloop
  endfacet
  facet normal 0 0 -1
    outer loop
      vertex 33.2 30.83 0
      vertex 31.28 30.83 0
      vertex 33.2 31.79 0
    endloop
  endfacet
  facet normal 0 0 -1
    outer loop
      vertex 31.28 31.79 0
      vertex 33.2 31.79 0
      vertex 31.28 30.83 0
    endloop
  endfacet
  facet normal 0 0 -1
    outer loop
      vertex 31.28 33.71 0
      vertex 33.2 31.79 0
      vertex 31.28 31.79 0
    endloop
  endfacet
  facet normal -0 0 -1
    outer loop
      vertex 34.16 34.67 0
      vertex 31.28 33.71 0
      vertex 34.16 36.59 0
    endloop
  endfacet
  facet normal 0 0 -1
    outer loop
      vertex 30.32 34.67 0
      vertex 34.16 36.59 0
      vertex 31.28 33.71 0
    endloop
  endfacet
  facet normal -0 0 -1
    outer loop
      vertex 34.16 36.59 0
      vertex 30.32 34.67 0
      vertex 30.32 36.59 0
    endloop
  endfacet
  facet normal 0 0 -1
    outer loop
      vertex 29.36 33.71 0
      vertex 30.32 34.67 0
      vertex 31.28 33.71 0
    endloop
  endfacet
  facet normal 0 0 -1
    outer loop
      vertex 27.44 34.67 0
      vertex 29.36 33.71 0
      vertex 27.44 33.71 0
    endloop
  endfacet
  facet normal 0 0 -1
    outer loop
      vertex 29.36 33.71 0
      vertex 27.44 34.67 0
      vertex 30.32 34.67 0
    endloop
  endfacet
  facet normal 0 0 -1
    outer loop
      vertex 29.36 30.83 0
      vertex 31.28 31.79 0
      vertex 31.28 30.83 0
    endloop
  endfacet
  facet normal -0 0 -1
    outer loop
      vertex 31.28 31.79 0
      vertex 29.36 30.83 0
      vertex 29.36 31.79 0
    endloop
  endfacet
  facet normal 0 0 -1
    outer loop
      vertex 26.48 25.07 0
      vertex 27.44 26.99 0
      vertex 27.44 25.07 0
    endloop
  endfacet
  facet normal -0 0 -1
    outer loop
      vertex 27.44 26.99 0
      vertex 26.48 25.07 0
      vertex 26.48 26.99 0
    endloop
  endfacet
  facet normal 0 0 -1
    outer loop
      vertex 27.44 24.11 0
      vertex 29.36 25.07 0
      vertex 29.36 24.11 0
    endloop
  endfacet
  facet normal -0 0 -1
    outer loop
      vertex 29.36 25.07 0
      vertex 27.44 24.11 0
      vertex 27.44 25.07 0
    endloop
  endfacet
  facet normal 0 0 -1
    outer loop
      vertex 33.2 15.47 0
      vertex 31.28 15.47 0
      vertex 33.2 17.39 0
    endloop
  endfacet
  facet normal 0 0 -1
    outer loop
      vertex 33.2 17.39 0
      vertex 34.16 18.35 0
      vertex 34.16 17.39 0
    endloop
  endfacet
  facet normal 0 0 -1
    outer loop
      vertex 31.28 17.39 0
      vertex 33.2 17.39 0
      vertex 31.28 15.47 0
    endloop
  endfacet
  facet normal 0 0 -1
    outer loop
      vertex 33.2 17.39 0
      vertex 31.28 17.39 0
      vertex 34.16 18.35 0
    endloop
  endfacet
  facet normal 0 0 -1
    outer loop
      vertex 27.44 18.35 0
      vertex 31.28 17.39 0
      vertex 27.44 17.39 0
    endloop
  endfacet
  facet normal 0 0 -1
    outer loop
      vertex 31.28 17.39 0
      vertex 27.44 18.35 0
      vertex 34.16 18.35 0
    endloop
  endfacet
  facet normal 0 0 -1
    outer loop
      vertex 27.44 29.87 0
      vertex 29.36 30.83 0
      vertex 29.36 29.87 0
    endloop
  endfacet
  facet normal -0 0 -1
    outer loop
      vertex 29.36 30.83 0
      vertex 27.44 29.87 0
      vertex 27.44 30.83 0
    endloop
  endfacet
  facet normal 0 0 -1
    outer loop
      vertex 29.36 22.19 0
      vertex 30.32 24.11 0
      vertex 30.32 22.19 0
    endloop
  endfacet
  facet normal -0 0 -1
    outer loop
      vertex 30.32 24.11 0
      vertex 29.36 22.19 0
      vertex 29.36 24.11 0
    endloop
  endfacet
  facet normal 0 0 -1
    outer loop
      vertex 34.16 22.19 0
      vertex 36.08 21.23 0
      vertex 34.16 21.23 0
    endloop
  endfacet
  facet normal 0 0 -1
    outer loop
      vertex 36.08 21.23 0
      vertex 34.16 22.19 0
      vertex 36.08 24.11 0
    endloop
  endfacet
  facet normal 0 0 -1
    outer loop
      vertex 34.16 22.19 0
      vertex 34.16 24.11 0
      vertex 36.08 24.11 0
    endloop
  endfacet
  facet normal 0 0 -1
    outer loop
      vertex 33.2 24.11 0
      vertex 34.16 24.11 0
      vertex 34.16 22.19 0
    endloop
  endfacet
  facet normal 0 0 -1
    outer loop
      vertex 34.16 24.11 0
      vertex 33.2 24.11 0
      vertex 34.16 25.07 0
    endloop
  endfacet
  facet normal 0 0 -1
    outer loop
      vertex 31.28 22.19 0
      vertex 33.2 24.11 0
      vertex 34.16 22.19 0
    endloop
  endfacet
  facet normal -0 0 -1
    outer loop
      vertex 33.2 24.11 0
      vertex 31.28 22.19 0
      vertex 31.28 24.11 0
    endloop
  endfacet
  facet normal -0 0 -1
    outer loop
      vertex 34.16 25.07 0
      vertex 33.2 24.11 0
      vertex 33.2 25.07 0
    endloop
  endfacet
  facet normal 0 0 -1
    outer loop
      vertex 31.28 26.99 0
      vertex 33.2 25.07 0
      vertex 31.28 25.07 0
    endloop
  endfacet
  facet normal 0 0 -1
    outer loop
      vertex 33.2 25.07 0
      vertex 31.28 26.99 0
      vertex 33.2 27.95 0
    endloop
  endfacet
  facet normal -0 0 -1
    outer loop
      vertex 33.2 27.95 0
      vertex 31.28 26.99 0
      vertex 31.28 27.95 0
    endloop
  endfacet
  facet normal 0 0 -1
    outer loop
      vertex 30.32 22.19 0
      vertex 31.28 22.19 0
      vertex 31.28 21.23 0
    endloop
  endfacet
  facet normal 0 0 -1
    outer loop
      vertex 31.28 22.19 0
      vertex 30.32 22.19 0
      vertex 31.28 24.11 0
    endloop
  endfacet
  facet normal 0 0 -1
    outer loop
      vertex 31.28 24.11 0
      vertex 30.32 24.11 0
      vertex 31.28 25.07 0
    endloop
  endfacet
  facet normal 0 0 -1
    outer loop
      vertex 30.32 22.19 0
      vertex 31.28 21.23 0
      vertex 30.32 21.23 0
    endloop
  endfacet
  facet normal -0 0 -1
    outer loop
      vertex 31.28 24.11 0
      vertex 30.32 22.19 0
      vertex 30.32 24.11 0
    endloop
  endfacet
  facet normal 0 0 -1
    outer loop
      vertex 30.32 25.07 0
      vertex 31.28 25.07 0
      vertex 30.32 24.11 0
    endloop
  endfacet
  facet normal 0 0 -1
    outer loop
      vertex 31.28 25.07 0
      vertex 30.32 25.07 0
      vertex 31.28 26.99 0
    endloop
  endfacet
  facet normal 0 0 -1
    outer loop
      vertex 29.36 26.99 0
      vertex 30.32 25.07 0
      vertex 29.36 25.07 0
    endloop
  endfacet
  facet normal 0 0 -1
    outer loop
      vertex 30.32 25.07 0
      vertex 29.36 26.99 0
      vertex 31.28 26.99 0
    endloop
  endfacet
  facet normal 0 0 -1
    outer loop
      vertex 29.36 20.27 0
      vertex 30.32 21.23 0
      vertex 30.32 20.27 0
    endloop
  endfacet
  facet normal -0 0 -1
    outer loop
      vertex 30.32 21.23 0
      vertex 29.36 20.27 0
      vertex 29.36 21.23 0
    endloop
  endfacet
  facet normal 0 0 -1
    outer loop
      vertex 29.36 27.95 0
      vertex 30.32 29.87 0
      vertex 30.32 27.95 0
    endloop
  endfacet
  facet normal -0 0 -1
    outer loop
      vertex 30.32 29.87 0
      vertex 29.36 27.95 0
      vertex 29.36 29.87 0
    endloop
  endfacet
  facet normal 0 0 -1
    outer loop
      vertex 31.28 20.27 0
      vertex 34.16 21.23 0
      vertex 34.16 20.27 0
    endloop
  endfacet
  facet normal -0 0 -1
    outer loop
      vertex 34.16 21.23 0
      vertex 31.28 20.27 0
      vertex 31.28 21.23 0
    endloop
  endfacet
  facet normal 0 0 -1
    outer loop
      vertex 40.88 39.47 0
      vertex 39.92 39.47 0
      vertex 40.88 40.43 0
    endloop
  endfacet
  facet normal 0 0 -1
    outer loop
      vertex 40.88 40.43 0
      vertex 42.8 41.39 0
      vertex 42.8 40.43 0
    endloop
  endfacet
  facet normal 0 0 -1
    outer loop
      vertex 40.88 40.43 0
      vertex 39.92 41.39 0
      vertex 42.8 41.39 0
    endloop
  endfacet
  facet normal 0 0 -1
    outer loop
      vertex 39.92 41.39 0
      vertex 40.88 40.43 0
      vertex 39.92 39.47 0
    endloop
  endfacet
  facet normal 0 0 -1
    outer loop
      vertex 38 37.55 0
      vertex 39.92 39.47 0
      vertex 39.92 37.55 0
    endloop
  endfacet
  facet normal -0 0 -1
    outer loop
      vertex 39.92 39.47 0
      vertex 38 37.55 0
      vertex 39.92 41.39 0
    endloop
  endfacet
  facet normal -0 0 -1
    outer loop
      vertex 39.92 41.39 0
      vertex 38 37.55 0
      vertex 38 43.31 0
    endloop
  endfacet
  facet normal 0 0 -1
    outer loop
      vertex 39.92 41.39 0
      vertex 38 43.31 0
      vertex 39.92 44.27 0
    endloop
  endfacet
  facet normal 0 0 -1
    outer loop
      vertex 38 43.31 0
      vertex 38 44.27 0
      vertex 39.92 44.27 0
    endloop
  endfacet
  facet normal 0 0 -1
    outer loop
      vertex 37.04 44.27 0
      vertex 38 44.27 0
      vertex 38 43.31 0
    endloop
  endfacet
  facet normal 0 0 -1
    outer loop
      vertex 37.04 44.27 0
      vertex 38 43.31 0
      vertex 37.04 43.31 0
    endloop
  endfacet
  facet normal 0 0 -1
    outer loop
      vertex 38 44.27 0
      vertex 37.04 44.27 0
      vertex 38 46.19 0
    endloop
  endfacet
  facet normal -0 0 -1
    outer loop
      vertex 38 46.19 0
      vertex 37.04 44.27 0
      vertex 37.04 46.19 0
    endloop
  endfacet
  facet normal 0 0 -1
    outer loop
      vertex 36.08 43.31 0
      vertex 37.04 43.31 0
      vertex 37.04 41.39 0
    endloop
  endfacet
  facet normal 0 0 -1
    outer loop
      vertex 36.08 43.31 0
      vertex 37.04 41.39 0
      vertex 36.08 41.39 0
    endloop
  endfacet
  facet normal 0 0 -1
    outer loop
      vertex 37.04 43.31 0
      vertex 36.08 43.31 0
      vertex 37.04 44.27 0
    endloop
  endfacet
  facet normal -0 0 -1
    outer loop
      vertex 37.04 44.27 0
      vertex 36.08 43.31 0
      vertex 36.08 44.27 0
    endloop
  endfacet
  facet normal 0 0 -1
    outer loop
      vertex 33.2 39.47 0
      vertex 36.08 41.39 0
      vertex 36.08 39.47 0
    endloop
  endfacet
  facet normal 0 0 -1
    outer loop
      vertex 33.2 43.31 0
      vertex 36.08 41.39 0
      vertex 33.2 39.47 0
    endloop
  endfacet
  facet normal 0 0 -1
    outer loop
      vertex 36.08 41.39 0
      vertex 33.2 43.31 0
      vertex 36.08 43.31 0
    endloop
  endfacet
  facet normal 0 0 -1
    outer loop
      vertex 34.16 18.35 0
      vertex 36.08 20.27 0
      vertex 36.08 18.35 0
    endloop
  endfacet
  facet normal -0 0 -1
    outer loop
      vertex 36.08 20.27 0
      vertex 34.16 18.35 0
      vertex 34.16 20.27 0
    endloop
  endfacet
  facet normal 0 0 -1
    outer loop
      vertex 34.16 25.07 0
      vertex 36.08 26.99 0
      vertex 36.08 25.07 0
    endloop
  endfacet
  facet normal -0 0 -1
    outer loop
      vertex 36.08 26.99 0
      vertex 34.16 25.07 0
      vertex 34.16 26.99 0
    endloop
  endfacet
  facet normal 0 0 -1
    outer loop
      vertex 36.08 33.71 0
      vertex 37.04 34.67 0
      vertex 37.04 33.71 0
    endloop
  endfacet
  facet normal -0 0 -1
    outer loop
      vertex 37.04 34.67 0
      vertex 36.08 33.71 0
      vertex 36.08 34.67 0
    endloop
  endfacet
  facet normal 0 0 -1
    outer loop
      vertex 40.88 34.67 0
      vertex 39.92 36.59 0
      vertex 40.88 37.55 0
    endloop
  endfacet
  facet normal 0 0 -1
    outer loop
      vertex 40.88 34.67 0
      vertex 38 36.59 0
      vertex 39.92 36.59 0
    endloop
  endfacet
  facet normal 0 0 -1
    outer loop
      vertex 37.04 34.67 0
      vertex 38 36.59 0
      vertex 40.88 34.67 0
    endloop
  endfacet
  facet normal 0 0 -1
    outer loop
      vertex 37.04 37.55 0
      vertex 38 36.59 0
      vertex 37.04 34.67 0
    endloop
  endfacet
  facet normal 0 0 -1
    outer loop
      vertex 38 36.59 0
      vertex 37.04 37.55 0
      vertex 38 37.55 0
    endloop
  endfacet
  facet normal -0 0 -1
    outer loop
      vertex 40.88 37.55 0
      vertex 39.92 36.59 0
      vertex 39.92 37.55 0
    endloop
  endfacet
  facet normal 0 0 -1
    outer loop
      vertex 38 31.79 0
      vertex 39.92 33.71 0
      vertex 39.92 31.79 0
    endloop
  endfacet
  facet normal -0 0 -1
    outer loop
      vertex 39.92 33.71 0
      vertex 38 31.79 0
      vertex 38 33.71 0
    endloop
  endfacet
  facet normal 0 0 -1
    outer loop
      vertex 40.88 43.31 0
      vertex 42.8 46.19 0
      vertex 42.8 43.31 0
    endloop
  endfacet
  facet normal -0 0 -1
    outer loop
      vertex 42.8 46.19 0
      vertex 40.88 43.31 0
      vertex 40.88 46.19 0
    endloop
  endfacet
  facet normal 0 0 -1
    outer loop
      vertex 40.88 13.55 0
      vertex 42.8 14.51 0
      vertex 42.8 13.55 0
    endloop
  endfacet
  facet normal -0 0 -1
    outer loop
      vertex 42.8 14.51 0
      vertex 40.88 13.55 0
      vertex 40.88 14.51 0
    endloop
  endfacet
  facet normal 0 0 -1
    outer loop
      vertex 40.88 37.55 0
      vertex 42.8 39.47 0
      vertex 42.8 37.55 0
    endloop
  endfacet
  facet normal -0 0 -1
    outer loop
      vertex 42.8 39.47 0
      vertex 40.88 37.55 0
      vertex 40.88 39.47 0
    endloop
  endfacet
  facet normal 0 0 -1
    outer loop
      vertex 40.88 31.79 0
      vertex 42.8 33.71 0
      vertex 42.8 31.79 0
    endloop
  endfacet
  facet normal -0 0 -1
    outer loop
      vertex 42.8 33.71 0
      vertex 40.88 31.79 0
      vertex 40.88 33.71 0
    endloop
  endfacet
  facet normal 0 0 -1
    outer loop
      vertex 43.76 34.67 0
      vertex 42.8 34.67 0
      vertex 43.76 36.59 0
    endloop
  endfacet
  facet normal 0 0 -1
    outer loop
      vertex 43.76 36.59 0
      vertex 45.68 37.55 0
      vertex 45.68 36.59 0
    endloop
  endfacet
  facet normal 0 0 -1
    outer loop
      vertex 43.76 36.59 0
      vertex 42.8 37.55 0
      vertex 45.68 37.55 0
    endloop
  endfacet
  facet normal 0 0 -1
    outer loop
      vertex 42.8 37.55 0
      vertex 43.76 36.59 0
      vertex 42.8 34.67 0
    endloop
  endfacet
  facet normal 0 0 -1
    outer loop
      vertex 43.76 18.35 0
      vertex 45.68 20.27 0
      vertex 45.68 18.35 0
    endloop
  endfacet
  facet normal -0 0 -1
    outer loop
      vertex 45.68 20.27 0
      vertex 43.76 18.35 0
      vertex 43.76 20.27 0
    endloop
  endfacet
  facet normal 0 0 -1
    outer loop
      vertex 43.76 39.47 0
      vertex 46.64 40.43 0
      vertex 46.64 39.47 0
    endloop
  endfacet
  facet normal -0 0 -1
    outer loop
      vertex 46.64 40.43 0
      vertex 43.76 39.47 0
      vertex 43.76 40.43 0
    endloop
  endfacet
  facet normal 0 0 -1
    outer loop
      vertex 46.64 31.79 0
      vertex 45.68 33.71 0
      vertex 46.64 34.67 0
    endloop
  endfacet
  facet normal 0 0 -1
    outer loop
      vertex 43.76 31.79 0
      vertex 45.68 33.71 0
      vertex 46.64 31.79 0
    endloop
  endfacet
  facet normal -0 0 -1
    outer loop
      vertex 45.68 33.71 0
      vertex 43.76 31.79 0
      vertex 43.76 33.71 0
    endloop
  endfacet
  facet normal -0 0 -1
    outer loop
      vertex 46.64 34.67 0
      vertex 45.68 33.71 0
      vertex 45.68 34.67 0
    endloop
  endfacet
  facet normal 0 0 -1
    outer loop
      vertex 43.76 13.55 0
      vertex 45.68 14.51 0
      vertex 45.68 13.55 0
    endloop
  endfacet
  facet normal -0 0 -1
    outer loop
      vertex 45.68 14.51 0
      vertex 43.76 13.55 0
      vertex 43.76 14.51 0
    endloop
  endfacet
  facet normal 0 0 -1
    outer loop
      vertex 47.6 44.27 0
      vertex 45.68 44.27 0
      vertex 47.6 46.19 0
    endloop
  endfacet
  facet normal 0 0 -1
    outer loop
      vertex 47.6 46.19 0
      vertex 49.52 47.15 0
      vertex 49.52 46.19 0
    endloop
  endfacet
  facet normal 0 0 -1
    outer loop
      vertex 47.6 46.19 0
      vertex 45.68 47.15 0
      vertex 49.52 47.15 0
    endloop
  endfacet
  facet normal 0 0 -1
    outer loop
      vertex 45.68 47.15 0
      vertex 47.6 46.19 0
      vertex 45.68 44.27 0
    endloop
  endfacet
  facet normal 0 0 -1
    outer loop
      vertex 45.68 10.67 0
      vertex 46.64 13.55 0
      vertex 46.64 10.67 0
    endloop
  endfacet
  facet normal -0 0 -1
    outer loop
      vertex 46.64 13.55 0
      vertex 45.68 10.67 0
      vertex 45.68 13.55 0
    endloop
  endfacet
  facet normal 0 0 -1
    outer loop
      vertex 46.64 13.55 0
      vertex 47.6 14.51 0
      vertex 47.6 13.55 0
    endloop
  endfacet
  facet normal -0 0 -1
    outer loop
      vertex 47.6 14.51 0
      vertex 46.64 13.55 0
      vertex 46.64 14.51 0
    endloop
  endfacet
  facet normal 0 0 -1
    outer loop
      vertex 49.52 41.39 0
      vertex 47.6 43.31 0
      vertex 49.52 44.27 0
    endloop
  endfacet
  facet normal 0 0 -1
    outer loop
      vertex 46.64 41.39 0
      vertex 47.6 43.31 0
      vertex 49.52 41.39 0
    endloop
  endfacet
  facet normal -0 0 -1
    outer loop
      vertex 47.6 43.31 0
      vertex 46.64 41.39 0
      vertex 46.64 43.31 0
    endloop
  endfacet
  facet normal -0 0 -1
    outer loop
      vertex 49.52 44.27 0
      vertex 47.6 43.31 0
      vertex 47.6 44.27 0
    endloop
  endfacet
  facet normal 0 0 -1
    outer loop
      vertex 47.6 11.63 0
      vertex 49.52 13.55 0
      vertex 49.52 11.63 0
    endloop
  endfacet
  facet normal -0 0 -1
    outer loop
      vertex 49.52 13.55 0
      vertex 47.6 11.63 0
      vertex 47.6 13.55 0
    endloop
  endfacet
  facet normal 0 0 -1
    outer loop
      vertex 49.52 7.79 0
      vertex 50.48 8.75 0
      vertex 50.48 7.79 0
    endloop
  endfacet
  facet normal -0 0 -1
    outer loop
      vertex 50.48 8.75 0
      vertex 49.52 7.79 0
      vertex 50.48 10.67 0
    endloop
  endfacet
  facet normal 0 0 -1
    outer loop
      vertex 49.52 11.63 0
      vertex 50.48 10.67 0
      vertex 49.52 7.79 0
    endloop
  endfacet
  facet normal 0 0 -1
    outer loop
      vertex 50.48 10.67 0
      vertex 49.52 11.63 0
      vertex 50.48 11.63 0
    endloop
  endfacet
  facet normal 0 0 -1
    outer loop
      vertex 50.48 8.75 0
      vertex 52.4 10.67 0
      vertex 52.4 8.75 0
    endloop
  endfacet
  facet normal -0 0 -1
    outer loop
      vertex 52.4 10.67 0
      vertex 50.48 8.75 0
      vertex 50.48 10.67 0
    endloop
  endfacet
  facet normal 0 0 -1
    outer loop
      vertex 57.2 44.27 0
      vertex 53.36 46.19 0
      vertex 57.2 46.19 0
    endloop
  endfacet
  facet normal 0 0 -1
    outer loop
      vertex 53.36 46.19 0
      vertex 52.4 46.19 0
      vertex 53.36 47.15 0
    endloop
  endfacet
  facet normal 0 0 -1
    outer loop
      vertex 49.52 44.27 0
      vertex 53.36 46.19 0
      vertex 57.2 44.27 0
    endloop
  endfacet
  facet normal -0 0 -1
    outer loop
      vertex 53.36 46.19 0
      vertex 49.52 44.27 0
      vertex 52.4 46.19 0
    endloop
  endfacet
  facet normal -0 0 -1
    outer loop
      vertex 52.4 46.19 0
      vertex 49.52 44.27 0
      vertex 49.52 46.19 0
    endloop
  endfacet
  facet normal -0 0 -1
    outer loop
      vertex 53.36 47.15 0
      vertex 52.4 46.19 0
      vertex 52.4 47.15 0
    endloop
  endfacet
  facet normal 0 0 -1
    outer loop
      vertex 50.48 41.39 0
      vertex 52.4 43.31 0
      vertex 52.4 41.39 0
    endloop
  endfacet
  facet normal -0 0 -1
    outer loop
      vertex 52.4 43.31 0
      vertex 50.48 41.39 0
      vertex 50.48 43.31 0
    endloop
  endfacet
  facet normal 0 0 -1
    outer loop
      vertex 50.48 25.07 0
      vertex 52.4 26.99 0
      vertex 52.4 25.07 0
    endloop
  endfacet
  facet normal -0 0 -1
    outer loop
      vertex 52.4 26.99 0
      vertex 50.48 25.07 0
      vertex 50.48 26.99 0
    endloop
  endfacet
  facet normal 0 0 -1
    outer loop
      vertex 52.4 26.99 0
      vertex 55.28 27.95 0
      vertex 55.28 26.99 0
    endloop
  endfacet
  facet normal -0 0 -1
    outer loop
      vertex 55.28 27.95 0
      vertex 52.4 26.99 0
      vertex 52.4 27.95 0
    endloop
  endfacet
  facet normal 0 0 -1
    outer loop
      vertex 52.4 24.11 0
      vertex 56.24 25.07 0
      vertex 56.24 24.11 0
    endloop
  endfacet
  facet normal -0 0 -1
    outer loop
      vertex 56.24 25.07 0
      vertex 52.4 24.11 0
      vertex 52.4 25.07 0
    endloop
  endfacet
  facet normal 0 0 -1
    outer loop
      vertex 52.4 29.87 0
      vertex 55.28 30.83 0
      vertex 55.28 29.87 0
    endloop
  endfacet
  facet normal -0 0 -1
    outer loop
      vertex 55.28 30.83 0
      vertex 52.4 29.87 0
      vertex 52.4 30.83 0
    endloop
  endfacet
  facet normal 0 0 -1
    outer loop
      vertex 57.2 41.39 0
      vertex 59.12 39.47 0
      vertex 57.2 40.43 0
    endloop
  endfacet
  facet normal 0 0 -1
    outer loop
      vertex 55.28 39.47 0
      vertex 57.2 40.43 0
      vertex 59.12 39.47 0
    endloop
  endfacet
  facet normal -0 0 -1
    outer loop
      vertex 56.24 40.43 0
      vertex 55.28 39.47 0
      vertex 56.24 41.39 0
    endloop
  endfacet
  facet normal -0 0 -1
    outer loop
      vertex 57.2 40.43 0
      vertex 55.28 39.47 0
      vertex 56.24 40.43 0
    endloop
  endfacet
  facet normal 0 0 -1
    outer loop
      vertex 59.12 39.47 0
      vertex 57.2 41.39 0
      vertex 59.12 43.31 0
    endloop
  endfacet
  facet normal 0 0 -1
    outer loop
      vertex 55.28 43.31 0
      vertex 57.2 41.39 0
      vertex 56.24 41.39 0
    endloop
  endfacet
  facet normal 0 0 -1
    outer loop
      vertex 57.2 41.39 0
      vertex 55.28 43.31 0
      vertex 59.12 43.31 0
    endloop
  endfacet
  facet normal 0 0 -1
    outer loop
      vertex 55.28 43.31 0
      vertex 56.24 41.39 0
      vertex 55.28 39.47 0
    endloop
  endfacet
  facet normal 0 0 -1
    outer loop
      vertex 55.28 36.59 0
      vertex 56.24 37.55 0
      vertex 56.24 36.59 0
    endloop
  endfacet
  facet normal -0 0 -1
    outer loop
      vertex 56.24 37.55 0
      vertex 55.28 36.59 0
      vertex 55.28 37.55 0
    endloop
  endfacet
  facet normal 0 0 -1
    outer loop
      vertex 55.28 30.83 0
      vertex 56.24 31.79 0
      vertex 56.24 30.83 0
    endloop
  endfacet
  facet normal -0 0 -1
    outer loop
      vertex 56.24 31.79 0
      vertex 55.28 30.83 0
      vertex 55.28 31.79 0
    endloop
  endfacet
  facet normal 0 0 -1
    outer loop
      vertex 56.24 29.87 0
      vertex 57.2 30.83 0
      vertex 57.2 29.87 0
    endloop
  endfacet
  facet normal -0 0 -1
    outer loop
      vertex 57.2 30.83 0
      vertex 56.24 29.87 0
      vertex 56.24 30.83 0
    endloop
  endfacet
  facet normal 0 0 -1
    outer loop
      vertex 56.24 31.79 0
      vertex 57.2 33.71 0
      vertex 57.2 31.79 0
    endloop
  endfacet
  facet normal -0 0 -1
    outer loop
      vertex 57.2 33.71 0
      vertex 56.24 31.79 0
      vertex 56.24 33.71 0
    endloop
  endfacet
  facet normal 0 0 -1
    outer loop
      vertex 57.2 26.99 0
      vertex 59.12 29.87 0
      vertex 59.12 26.99 0
    endloop
  endfacet
  facet normal -0 0 -1
    outer loop
      vertex 59.12 29.87 0
      vertex 57.2 26.99 0
      vertex 57.2 29.87 0
    endloop
  endfacet
  facet normal 0 0 -1
    outer loop
      vertex 64.88 5.87 0
      vertex 62.96 7.79 0
      vertex 64.88 13.55 0
    endloop
  endfacet
  facet normal 0 0 -1
    outer loop
      vertex 64.88 5.87 0
      vertex 59.12 7.79 0
      vertex 62.96 7.79 0
    endloop
  endfacet
  facet normal -0 0 -1
    outer loop
      vertex 59.12 7.79 0
      vertex 57.2 5.87 0
      vertex 59.12 11.63 0
    endloop
  endfacet
  facet normal 0 0 -1
    outer loop
      vertex 57.2 5.87 0
      vertex 59.12 7.79 0
      vertex 64.88 5.87 0
    endloop
  endfacet
  facet normal 0 0 -1
    outer loop
      vertex 62.96 11.63 0
      vertex 64.88 13.55 0
      vertex 62.96 7.79 0
    endloop
  endfacet
  facet normal 0 0 -1
    outer loop
      vertex 59.12 11.63 0
      vertex 64.88 13.55 0
      vertex 62.96 11.63 0
    endloop
  endfacet
  facet normal 0 0 -1
    outer loop
      vertex 59.12 11.63 0
      vertex 57.2 13.55 0
      vertex 64.88 13.55 0
    endloop
  endfacet
  facet normal 0 0 -1
    outer loop
      vertex 57.2 13.55 0
      vertex 59.12 11.63 0
      vertex 57.2 5.87 0
    endloop
  endfacet
  facet normal 0 0 -1
    outer loop
      vertex 57.2 30.83 0
      vertex 59.12 31.79 0
      vertex 59.12 30.83 0
    endloop
  endfacet
  facet normal -0 0 -1
    outer loop
      vertex 59.12 31.79 0
      vertex 57.2 30.83 0
      vertex 57.2 31.79 0
    endloop
  endfacet
  facet normal 0 0 -1
    outer loop
      vertex 60.08 44.27 0
      vertex 62 43.31 0
      vertex 60.08 43.31 0
    endloop
  endfacet
  facet normal 0 0 -1
    outer loop
      vertex 62 43.31 0
      vertex 60.08 44.27 0
      vertex 62 47.15 0
    endloop
  endfacet
  facet normal 0 0 -1
    outer loop
      vertex 59.12 47.15 0
      vertex 60.08 44.27 0
      vertex 59.12 44.27 0
    endloop
  endfacet
  facet normal 0 0 -1
    outer loop
      vertex 60.08 44.27 0
      vertex 59.12 47.15 0
      vertex 62 47.15 0
    endloop
  endfacet
  facet normal 0 0 -1
    outer loop
      vertex 59.12 20.27 0
      vertex 60.08 21.23 0
      vertex 60.08 20.27 0
    endloop
  endfacet
  facet normal -0 0 -1
    outer loop
      vertex 60.08 21.23 0
      vertex 59.12 20.27 0
      vertex 59.12 21.23 0
    endloop
  endfacet
  facet normal 0 0 -1
    outer loop
      vertex 62 29.87 0
      vertex 60.08 29.87 0
      vertex 62 30.83 0
    endloop
  endfacet
  facet normal 0 0 -1
    outer loop
      vertex 62 30.83 0
      vertex 64.88 31.79 0
      vertex 64.88 30.83 0
    endloop
  endfacet
  facet normal 0 0 -1
    outer loop
      vertex 62 30.83 0
      vertex 60.08 31.79 0
      vertex 64.88 31.79 0
    endloop
  endfacet
  facet normal 0 0 -1
    outer loop
      vertex 60.08 31.79 0
      vertex 62 30.83 0
      vertex 60.08 29.87 0
    endloop
  endfacet
  facet normal 0 0 -1
    outer loop
      vertex 62 27.95 0
      vertex 62.96 29.87 0
      vertex 62.96 27.95 0
    endloop
  endfacet
  facet normal -0 0 -1
    outer loop
      vertex 62.96 29.87 0
      vertex 62 27.95 0
      vertex 62 29.87 0
    endloop
  endfacet
  facet normal 0 0 1
    outer loop
      vertex 42.0382 38.3756 1.05
      vertex 39.4775 37.9131 1.05
      vertex 39.5116 37.323 1.05
    endloop
  endfacet
  facet normal 0 0 1
    outer loop
      vertex 40.4958 41.1896 1.05
      vertex 39.3751 38.4396 1.05
      vertex 39.4775 37.9131 1.05
    endloop
  endfacet
  facet normal 0 0 1
    outer loop
      vertex 40.4958 41.1896 1.05
      vertex 39.2046 38.9027 1.05
      vertex 39.3751 38.4396 1.05
    endloop
  endfacet
  facet normal 0 0 1
    outer loop
      vertex 40.4958 41.1896 1.05
      vertex 38.9657 39.3023 1.05
      vertex 39.2046 38.9027 1.05
    endloop
  endfacet
  facet normal 0 0 1
    outer loop
      vertex 38.3309 39.8542 1.05
      vertex 39.679 41.7103 1.05
      vertex 38.7085 42.0227 1.05
    endloop
  endfacet
  facet normal 0 0 1
    outer loop
      vertex 40.4958 41.1896 1.05
      vertex 38.6706 39.6242 1.05
      vertex 38.9657 39.3023 1.05
    endloop
  endfacet
  facet normal 0 0 1
    outer loop
      vertex 39.679 41.7103 1.05
      vertex 38.3309 39.8542 1.05
      vertex 38.6706 39.6242 1.05
    endloop
  endfacet
  facet normal 0 0 1
    outer loop
      vertex 38.7085 42.0227 1.05
      vertex 37.9467 39.9922 1.05
      vertex 38.3309 39.8542 1.05
    endloop
  endfacet
  facet normal 0 0 1
    outer loop
      vertex 37.5844 42.1268 1.05
      vertex 37.9467 39.9922 1.05
      vertex 38.7085 42.0227 1.05
    endloop
  endfacet
  facet normal 0 0 1
    outer loop
      vertex 37.5844 42.1268 1.05
      vertex 37.518 40.0382 1.05
      vertex 37.9467 39.9922 1.05
    endloop
  endfacet
  facet normal 0 0 1
    outer loop
      vertex 37.5844 42.1268 1.05
      vertex 37.1 39.9981 1.05
      vertex 37.518 40.0382 1.05
    endloop
  endfacet
  facet normal -0 0 1
    outer loop
      vertex 36.5321 42.0527 1.05
      vertex 37.1 39.9981 1.05
      vertex 37.5844 42.1268 1.05
    endloop
  endfacet
  facet normal 0 0 1
    outer loop
      vertex 37.1 39.9981 1.05
      vertex 36.5321 42.0527 1.05
      vertex 36.7288 39.8779 1.05
    endloop
  endfacet
  facet normal -0 0 1
    outer loop
      vertex 35.6062 41.8301 1.05
      vertex 36.7288 39.8779 1.05
      vertex 36.5321 42.0527 1.05
    endloop
  endfacet
  facet normal 0 0 1
    outer loop
      vertex 36.7288 39.8779 1.05
      vertex 35.6062 41.8301 1.05
      vertex 36.4045 39.6777 1.05
    endloop
  endfacet
  facet normal -0 0 1
    outer loop
      vertex 34.8067 41.4593 1.05
      vertex 36.4045 39.6777 1.05
      vertex 35.6062 41.8301 1.05
    endloop
  endfacet
  facet normal 0 0 1
    outer loop
      vertex 36.4045 39.6777 1.05
      vertex 34.8067 41.4593 1.05
      vertex 36.1271 39.3972 1.05
    endloop
  endfacet
  facet normal -0 0 1
    outer loop
      vertex 33.5998 40.2892 1.05
      vertex 35.9049 39.0463 1.05
      vertex 34.1335 40.94 1.05
    endloop
  endfacet
  facet normal 0 0 1
    outer loop
      vertex 36.1271 39.3972 1.05
      vertex 34.1335 40.94 1.05
      vertex 35.9049 39.0463 1.05
    endloop
  endfacet
  facet normal -0 0 1
    outer loop
      vertex 34.1335 40.94 1.05
      vertex 36.1271 39.3972 1.05
      vertex 34.8067 41.4593 1.05
    endloop
  endfacet
  facet normal -0 0 1
    outer loop
      vertex 39.3704 36.4436 1.05
      vertex 42.3313 35.4527 1.05
      vertex 42.2581 37.0189 1.05
    endloop
  endfacet
  facet normal -0 0 1
    outer loop
      vertex 39.5116 37.323 1.05
      vertex 42.2581 37.0189 1.05
      vertex 42.0382 38.3756 1.05
    endloop
  endfacet
  facet normal 0 0 1
    outer loop
      vertex 42.3313 35.4527 1.05
      vertex 39.3704 36.4436 1.05
      vertex 39.711 34.7122 1.05
    endloop
  endfacet
  facet normal 0 0 1
    outer loop
      vertex 39.4775 37.9131 1.05
      vertex 42.0382 38.3756 1.05
      vertex 41.6718 39.5229 1.05
    endloop
  endfacet
  facet normal 0 0 1
    outer loop
      vertex 39.665 33.723 1.05
      vertex 42.25 33.7848 1.05
      vertex 39.711 34.7122 1.05
    endloop
  endfacet
  facet normal 0 0 1
    outer loop
      vertex 39.4775 37.9131 1.05
      vertex 41.6718 39.5229 1.05
      vertex 41.1588 40.4607 1.05
    endloop
  endfacet
  facet normal 0 0 1
    outer loop
      vertex 42.25 33.7848 1.05
      vertex 39.665 33.723 1.05
      vertex 42.0062 32.3411 1.05
    endloop
  endfacet
  facet normal 0 0 1
    outer loop
      vertex 39.4775 37.9131 1.05
      vertex 41.1588 40.4607 1.05
      vertex 40.4958 41.1896 1.05
    endloop
  endfacet
  facet normal -0 0 1
    outer loop
      vertex 39.5461 32.8633 1.05
      vertex 42.0062 32.3411 1.05
      vertex 39.665 33.723 1.05
    endloop
  endfacet
  facet normal 0 0 1
    outer loop
      vertex 39.3541 32.1329 1.05
      vertex 42.0062 32.3411 1.05
      vertex 39.5461 32.8633 1.05
    endloop
  endfacet
  facet normal 0 0 1
    outer loop
      vertex 38.6706 39.6242 1.05
      vertex 40.4958 41.1896 1.05
      vertex 39.679 41.7103 1.05
    endloop
  endfacet
  facet normal 0 0 1
    outer loop
      vertex 42.2581 37.0189 1.05
      vertex 39.5116 37.323 1.05
      vertex 39.4763 36.8587 1.05
    endloop
  endfacet
  facet normal 0 0 1
    outer loop
      vertex 42.2581 37.0189 1.05
      vertex 39.4763 36.8587 1.05
      vertex 39.3704 36.4436 1.05
    endloop
  endfacet
  facet normal 0 0 1
    outer loop
      vertex 42.3313 35.4527 1.05
      vertex 39.711 34.7122 1.05
      vertex 42.25 33.7848 1.05
    endloop
  endfacet
  facet normal -0 0 1
    outer loop
      vertex 39.1938 36.0778 1.05
      vertex 39.711 34.7122 1.05
      vertex 39.3704 36.4436 1.05
    endloop
  endfacet
  facet normal -0 0 1
    outer loop
      vertex 38.9467 35.7612 1.05
      vertex 39.711 34.7122 1.05
      vertex 39.1938 36.0778 1.05
    endloop
  endfacet
  facet normal -0 0 1
    outer loop
      vertex 38.6462 35.5057 1.05
      vertex 39.711 34.7122 1.05
      vertex 38.9467 35.7612 1.05
    endloop
  endfacet
  facet normal 0 0 1
    outer loop
      vertex 39.711 34.7122 1.05
      vertex 38.6462 35.5057 1.05
      vertex 39.5019 34.3754 1.05
    endloop
  endfacet
  facet normal -0 0 1
    outer loop
      vertex 38.3095 35.3233 1.05
      vertex 39.5019 34.3754 1.05
      vertex 38.6462 35.5057 1.05
    endloop
  endfacet
  facet normal 0 0 1
    outer loop
      vertex 39.5019 34.3754 1.05
      vertex 38.3095 35.3233 1.05
      vertex 39.2352 34.0773 1.05
    endloop
  endfacet
  facet normal 0 0 1
    outer loop
      vertex 39.2352 34.0773 1.05
      vertex 38.3095 35.3233 1.05
      vertex 38.9109 33.8177 1.05
    endloop
  endfacet
  facet normal -0 0 1
    outer loop
      vertex 37.9366 35.2138 1.05
      vertex 38.9109 33.8177 1.05
      vertex 38.3095 35.3233 1.05
    endloop
  endfacet
  facet normal 0 0 1
    outer loop
      vertex 38.9109 33.8177 1.05
      vertex 37.9366 35.2138 1.05
      vertex 38.5291 33.5966 1.05
    endloop
  endfacet
  facet normal 0 0 1
    outer loop
      vertex 38.5291 33.5966 1.05
      vertex 37.9366 35.2138 1.05
      vertex 38.1105 33.4201 1.05
    endloop
  endfacet
  facet normal -0 0 1
    outer loop
      vertex 37.5275 35.1774 1.05
      vertex 38.1105 33.4201 1.05
      vertex 37.9366 35.2138 1.05
    endloop
  endfacet
  facet normal 0 0 1
    outer loop
      vertex 38.1105 33.4201 1.05
      vertex 37.5275 35.1774 1.05
      vertex 37.6758 33.294 1.05
    endloop
  endfacet
  facet normal 0 0 1
    outer loop
      vertex 37.5275 35.1774 1.05
      vertex 37.2252 33.2184 1.05
      vertex 37.6758 33.294 1.05
    endloop
  endfacet
  facet normal 0 0 1
    outer loop
      vertex 37.1014 35.2192 1.05
      vertex 37.2252 33.2184 1.05
      vertex 37.5275 35.1774 1.05
    endloop
  endfacet
  facet normal 0 0 1
    outer loop
      vertex 37.1014 35.2192 1.05
      vertex 36.7585 33.1932 1.05
      vertex 37.2252 33.2184 1.05
    endloop
  endfacet
  facet normal 0 0 1
    outer loop
      vertex 36.7252 35.3447 1.05
      vertex 36.7585 33.1932 1.05
      vertex 37.1014 35.2192 1.05
    endloop
  endfacet
  facet normal 0 0 1
    outer loop
      vertex 35.921 33.2682 1.05
      vertex 36.7252 35.3447 1.05
      vertex 36.3988 35.5539 1.05
    endloop
  endfacet
  facet normal 0 0 1
    outer loop
      vertex 34.5182 33.8687 1.05
      vertex 36.3988 35.5539 1.05
      vertex 36.1223 35.8467 1.05
    endloop
  endfacet
  facet normal 0 0 1
    outer loop
      vertex 36.7252 35.3447 1.05
      vertex 35.921 33.2682 1.05
      vertex 36.7585 33.1932 1.05
    endloop
  endfacet
  facet normal 0 0 1
    outer loop
      vertex 33.953 34.3941 1.05
      vertex 36.1223 35.8467 1.05
      vertex 35.9022 36.209 1.05
    endloop
  endfacet
  facet normal 0 0 1
    outer loop
      vertex 33.4983 35.0477 1.05
      vertex 35.9022 36.209 1.05
      vertex 35.745 36.6264 1.05
    endloop
  endfacet
  facet normal -0 0 1
    outer loop
      vertex 32.9785 36.6735 1.05
      vertex 35.745 36.6264 1.05
      vertex 35.6506 37.099 1.05
    endloop
  endfacet
  facet normal 0 0 1
    outer loop
      vertex 36.3988 35.5539 1.05
      vertex 35.1742 33.4934 1.05
      vertex 35.921 33.2682 1.05
    endloop
  endfacet
  facet normal 0 0 1
    outer loop
      vertex 32.9135 37.6457 1.05
      vertex 35.6506 37.099 1.05
      vertex 35.6192 37.6268 1.05
    endloop
  endfacet
  facet normal 0 0 1
    outer loop
      vertex 35.9049 39.0463 1.05
      vertex 33.5998 40.2892 1.05
      vertex 35.7462 38.6342 1.05
    endloop
  endfacet
  facet normal -0 0 1
    outer loop
      vertex 33.2185 39.5231 1.05
      vertex 35.7462 38.6342 1.05
      vertex 33.5998 40.2892 1.05
    endloop
  endfacet
  facet normal 0 0 1
    outer loop
      vertex 35.6506 37.099 1.05
      vertex 32.9135 37.6457 1.05
      vertex 32.9785 36.6735 1.05
    endloop
  endfacet
  facet normal -0 0 1
    outer loop
      vertex 32.9898 38.642 1.05
      vertex 35.7462 38.6342 1.05
      vertex 33.2185 39.5231 1.05
    endloop
  endfacet
  facet normal 0 0 1
    outer loop
      vertex 35.745 36.6264 1.05
      vertex 32.9785 36.6735 1.05
      vertex 33.1734 35.8075 1.05
    endloop
  endfacet
  facet normal 0 0 1
    outer loop
      vertex 35.7462 38.6342 1.05
      vertex 32.9898 38.642 1.05
      vertex 35.6509 38.1611 1.05
    endloop
  endfacet
  facet normal 0 0 1
    outer loop
      vertex 35.745 36.6264 1.05
      vertex 33.1734 35.8075 1.05
      vertex 33.4983 35.0477 1.05
    endloop
  endfacet
  facet normal 0 0 1
    outer loop
      vertex 32.9135 37.6457 1.05
      vertex 35.6509 38.1611 1.05
      vertex 32.9898 38.642 1.05
    endloop
  endfacet
  facet normal 0 0 1
    outer loop
      vertex 35.9022 36.209 1.05
      vertex 33.4983 35.0477 1.05
      vertex 33.953 34.3941 1.05
    endloop
  endfacet
  facet normal 0 0 1
    outer loop
      vertex 35.6509 38.1611 1.05
      vertex 32.9135 37.6457 1.05
      vertex 35.6192 37.6268 1.05
    endloop
  endfacet
  facet normal 0 0 1
    outer loop
      vertex 36.1223 35.8467 1.05
      vertex 33.953 34.3941 1.05
      vertex 34.5182 33.8687 1.05
    endloop
  endfacet
  facet normal 0 0 1
    outer loop
      vertex 36.3988 35.5539 1.05
      vertex 34.5182 33.8687 1.05
      vertex 35.1742 33.4934 1.05
    endloop
  endfacet
  facet normal 0 0 1
    outer loop
      vertex 42.0062 32.3411 1.05
      vertex 39.3541 32.1329 1.05
      vertex 41.5997 31.1218 1.05
    endloop
  endfacet
  facet normal -0 0 1
    outer loop
      vertex 39.0892 31.5318 1.05
      vertex 41.5997 31.1218 1.05
      vertex 39.3541 32.1329 1.05
    endloop
  endfacet
  facet normal 0 0 1
    outer loop
      vertex 41.5997 31.1218 1.05
      vertex 39.0892 31.5318 1.05
      vertex 41.0306 30.1267 1.05
    endloop
  endfacet
  facet normal -0 0 1
    outer loop
      vertex 38.7555 31.0624 1.05
      vertex 41.0306 30.1267 1.05
      vertex 39.0892 31.5318 1.05
    endloop
  endfacet
  facet normal 0 0 1
    outer loop
      vertex 41.0306 30.1267 1.05
      vertex 38.7555 31.0624 1.05
      vertex 40.3121 29.3542 1.05
    endloop
  endfacet
  facet normal -0 0 1
    outer loop
      vertex 38.357 30.7272 1.05
      vertex 40.3121 29.3542 1.05
      vertex 38.7555 31.0624 1.05
    endloop
  endfacet
  facet normal 0 0 1
    outer loop
      vertex 40.3121 29.3542 1.05
      vertex 38.357 30.7272 1.05
      vertex 39.457 28.8024 1.05
    endloop
  endfacet
  facet normal 0 0 1
    outer loop
      vertex 39.457 28.8024 1.05
      vertex 38.357 30.7272 1.05
      vertex 38.4655 28.4713 1.05
    endloop
  endfacet
  facet normal -0 0 1
    outer loop
      vertex 37.8939 30.526 1.05
      vertex 38.4655 28.4713 1.05
      vertex 38.357 30.7272 1.05
    endloop
  endfacet
  facet normal 0 0 1
    outer loop
      vertex 37.3375 28.3609 1.05
      vertex 37.8939 30.526 1.05
      vertex 37.3661 30.459 1.05
    endloop
  endfacet
  facet normal 0 0 1
    outer loop
      vertex 37.8939 30.526 1.05
      vertex 37.3375 28.3609 1.05
      vertex 38.4655 28.4713 1.05
    endloop
  endfacet
  facet normal 0 0 1
    outer loop
      vertex 36.5024 28.4081 1.05
      vertex 37.3661 30.459 1.05
      vertex 36.7573 30.5462 1.05
    endloop
  endfacet
  facet normal 0 0 1
    outer loop
      vertex 37.3661 30.459 1.05
      vertex 36.5024 28.4081 1.05
      vertex 37.3375 28.3609 1.05
    endloop
  endfacet
  facet normal 0 0 1
    outer loop
      vertex 35.7628 28.5496 1.05
      vertex 36.7573 30.5462 1.05
      vertex 36.2696 30.8079 1.05
    endloop
  endfacet
  facet normal 0 0 1
    outer loop
      vertex 34.1059 29.5479 1.05
      vertex 36.2696 30.8079 1.05
      vertex 35.9029 31.244 1.05
    endloop
  endfacet
  facet normal 0 0 1
    outer loop
      vertex 36.7573 30.5462 1.05
      vertex 35.7628 28.5496 1.05
      vertex 36.5024 28.4081 1.05
    endloop
  endfacet
  facet normal 0 0 1
    outer loop
      vertex 33.3962 30.7418 1.05
      vertex 35.9029 31.244 1.05
      vertex 35.6573 31.8546 1.05
    endloop
  endfacet
  facet normal 0 0 1
    outer loop
      vertex 36.2696 30.8079 1.05
      vertex 35.1187 28.7855 1.05
      vertex 35.7628 28.5496 1.05
    endloop
  endfacet
  facet normal 0 0 1
    outer loop
      vertex 36.2696 30.8079 1.05
      vertex 34.5702 29.1157 1.05
      vertex 35.1187 28.7855 1.05
    endloop
  endfacet
  facet normal 0 0 1
    outer loop
      vertex 36.2696 30.8079 1.05
      vertex 34.1059 29.5479 1.05
      vertex 34.5702 29.1157 1.05
    endloop
  endfacet
  facet normal 0 0 1
    outer loop
      vertex 35.9029 31.244 1.05
      vertex 33.7146 30.09 1.05
      vertex 34.1059 29.5479 1.05
    endloop
  endfacet
  facet normal 0 0 1
    outer loop
      vertex 35.9029 31.244 1.05
      vertex 33.3962 30.7418 1.05
      vertex 33.7146 30.09 1.05
    endloop
  endfacet
  facet normal 0 -0 1
    outer loop
      vertex 33.3962 30.7418 1.05
      vertex 35.6573 31.8546 1.05
      vertex 33.1508 31.5034 1.05
    endloop
  endfacet
  facet normal 0 0 1
    outer loop
      vertex 52.5988 38.3756 1.05
      vertex 50.038 37.9131 1.05
      vertex 50.0722 37.323 1.05
    endloop
  endfacet
  facet normal 0 0 1
    outer loop
      vertex 51.0563 41.1896 1.05
      vertex 49.9357 38.4396 1.05
      vertex 50.038 37.9131 1.05
    endloop
  endfacet
  facet normal 0 0 1
    outer loop
      vertex 51.0563 41.1896 1.05
      vertex 49.7651 38.9027 1.05
      vertex 49.9357 38.4396 1.05
    endloop
  endfacet
  facet normal 0 0 1
    outer loop
      vertex 51.0563 41.1896 1.05
      vertex 49.5263 39.3023 1.05
      vertex 49.7651 38.9027 1.05
    endloop
  endfacet
  facet normal 0 0 1
    outer loop
      vertex 48.8914 39.8542 1.05
      vertex 50.2395 41.7103 1.05
      vertex 49.2691 42.0227 1.05
    endloop
  endfacet
  facet normal 0 0 1
    outer loop
      vertex 51.0563 41.1896 1.05
      vertex 49.2311 39.6242 1.05
      vertex 49.5263 39.3023 1.05
    endloop
  endfacet
  facet normal 0 0 1
    outer loop
      vertex 50.2395 41.7103 1.05
      vertex 48.8914 39.8542 1.05
      vertex 49.2311 39.6242 1.05
    endloop
  endfacet
  facet normal 0 0 1
    outer loop
      vertex 49.2691 42.0227 1.05
      vertex 48.5072 39.9922 1.05
      vertex 48.8914 39.8542 1.05
    endloop
  endfacet
  facet normal 0 0 1
    outer loop
      vertex 48.1449 42.1268 1.05
      vertex 48.5072 39.9922 1.05
      vertex 49.2691 42.0227 1.05
    endloop
  endfacet
  facet normal 0 0 1
    outer loop
      vertex 48.1449 42.1268 1.05
      vertex 48.0785 40.0382 1.05
      vertex 48.5072 39.9922 1.05
    endloop
  endfacet
  facet normal 0 0 1
    outer loop
      vertex 48.1449 42.1268 1.05
      vertex 47.6605 39.9981 1.05
      vertex 48.0785 40.0382 1.05
    endloop
  endfacet
  facet normal -0 0 1
    outer loop
      vertex 47.0926 42.0527 1.05
      vertex 47.6605 39.9981 1.05
      vertex 48.1449 42.1268 1.05
    endloop
  endfacet
  facet normal 0 0 1
    outer loop
      vertex 47.6605 39.9981 1.05
      vertex 47.0926 42.0527 1.05
      vertex 47.2893 39.8779 1.05
    endloop
  endfacet
  facet normal -0 0 1
    outer loop
      vertex 46.1667 41.8301 1.05
      vertex 47.2893 39.8779 1.05
      vertex 47.0926 42.0527 1.05
    endloop
  endfacet
  facet normal 0 0 1
    outer loop
      vertex 47.2893 39.8779 1.05
      vertex 46.1667 41.8301 1.05
      vertex 46.9651 39.6777 1.05
    endloop
  endfacet
  facet normal -0 0 1
    outer loop
      vertex 45.3672 41.4593 1.05
      vertex 46.9651 39.6777 1.05
      vertex 46.1667 41.8301 1.05
    endloop
  endfacet
  facet normal 0 0 1
    outer loop
      vertex 46.9651 39.6777 1.05
      vertex 45.3672 41.4593 1.05
      vertex 46.6876 39.3972 1.05
    endloop
  endfacet
  facet normal -0 0 1
    outer loop
      vertex 44.1603 40.2892 1.05
      vertex 46.4654 39.0463 1.05
      vertex 44.6941 40.94 1.05
    endloop
  endfacet
  facet normal 0 0 1
    outer loop
      vertex 46.6876 39.3972 1.05
      vertex 44.6941 40.94 1.05
      vertex 46.4654 39.0463 1.05
    endloop
  endfacet
  facet normal -0 0 1
    outer loop
      vertex 44.6941 40.94 1.05
      vertex 46.6876 39.3972 1.05
      vertex 45.3672 41.4593 1.05
    endloop
  endfacet
  facet normal -0 0 1
    outer loop
      vertex 49.9309 36.4436 1.05
      vertex 52.8919 35.4527 1.05
      vertex 52.8186 37.0189 1.05
    endloop
  endfacet
  facet normal -0 0 1
    outer loop
      vertex 50.0722 37.323 1.05
      vertex 52.8186 37.0189 1.05
      vertex 52.5988 38.3756 1.05
    endloop
  endfacet
  facet normal 0 0 1
    outer loop
      vertex 52.8919 35.4527 1.05
      vertex 49.9309 36.4436 1.05
      vertex 50.2715 34.7122 1.05
    endloop
  endfacet
  facet normal 0 0 1
    outer loop
      vertex 50.038 37.9131 1.05
      vertex 52.5988 38.3756 1.05
      vertex 52.2324 39.5229 1.05
    endloop
  endfacet
  facet normal 0 0 1
    outer loop
      vertex 50.2256 33.723 1.05
      vertex 52.8106 33.7848 1.05
      vertex 50.2715 34.7122 1.05
    endloop
  endfacet
  facet normal 0 0 1
    outer loop
      vertex 50.038 37.9131 1.05
      vertex 52.2324 39.5229 1.05
      vertex 51.7194 40.4607 1.05
    endloop
  endfacet
  facet normal 0 0 1
    outer loop
      vertex 52.8106 33.7848 1.05
      vertex 50.2256 33.723 1.05
      vertex 52.5667 32.3411 1.05
    endloop
  endfacet
  facet normal 0 0 1
    outer loop
      vertex 50.038 37.9131 1.05
      vertex 51.7194 40.4607 1.05
      vertex 51.0563 41.1896 1.05
    endloop
  endfacet
  facet normal -0 0 1
    outer loop
      vertex 50.1066 32.8633 1.05
      vertex 52.5667 32.3411 1.05
      vertex 50.2256 33.723 1.05
    endloop
  endfacet
  facet normal 0 0 1
    outer loop
      vertex 49.9147 32.1329 1.05
      vertex 52.5667 32.3411 1.05
      vertex 50.1066 32.8633 1.05
    endloop
  endfacet
  facet normal 0 0 1
    outer loop
      vertex 49.2311 39.6242 1.05
      vertex 51.0563 41.1896 1.05
      vertex 50.2395 41.7103 1.05
    endloop
  endfacet
  facet normal 0 0 1
    outer loop
      vertex 52.8186 37.0189 1.05
      vertex 50.0722 37.323 1.05
      vertex 50.0368 36.8587 1.05
    endloop
  endfacet
  facet normal 0 0 1
    outer loop
      vertex 52.8186 37.0189 1.05
      vertex 50.0368 36.8587 1.05
      vertex 49.9309 36.4436 1.05
    endloop
  endfacet
  facet normal 0 0 1
    outer loop
      vertex 52.8919 35.4527 1.05
      vertex 50.2715 34.7122 1.05
      vertex 52.8106 33.7848 1.05
    endloop
  endfacet
  facet normal -0 0 1
    outer loop
      vertex 49.7544 36.0778 1.05
      vertex 50.2715 34.7122 1.05
      vertex 49.9309 36.4436 1.05
    endloop
  endfacet
  facet normal -0 0 1
    outer loop
      vertex 49.5072 35.7612 1.05
      vertex 50.2715 34.7122 1.05
      vertex 49.7544 36.0778 1.05
    endloop
  endfacet
  facet normal -0 0 1
    outer loop
      vertex 49.2068 35.5057 1.05
      vertex 50.2715 34.7122 1.05
      vertex 49.5072 35.7612 1.05
    endloop
  endfacet
  facet normal 0 0 1
    outer loop
      vertex 50.2715 34.7122 1.05
      vertex 49.2068 35.5057 1.05
      vertex 50.0624 34.3754 1.05
    endloop
  endfacet
  facet normal -0 0 1
    outer loop
      vertex 48.8701 35.3233 1.05
      vertex 50.0624 34.3754 1.05
      vertex 49.2068 35.5057 1.05
    endloop
  endfacet
  facet normal 0 0 1
    outer loop
      vertex 50.0624 34.3754 1.05
      vertex 48.8701 35.3233 1.05
      vertex 49.7957 34.0773 1.05
    endloop
  endfacet
  facet normal 0 0 1
    outer loop
      vertex 49.7957 34.0773 1.05
      vertex 48.8701 35.3233 1.05
      vertex 49.4715 33.8177 1.05
    endloop
  endfacet
  facet normal -0 0 1
    outer loop
      vertex 48.4972 35.2138 1.05
      vertex 49.4715 33.8177 1.05
      vertex 48.8701 35.3233 1.05
    endloop
  endfacet
  facet normal 0 0 1
    outer loop
      vertex 49.4715 33.8177 1.05
      vertex 48.4972 35.2138 1.05
      vertex 49.0896 33.5966 1.05
    endloop
  endfacet
  facet normal 0 0 1
    outer loop
      vertex 49.0896 33.5966 1.05
      vertex 48.4972 35.2138 1.05
      vertex 48.671 33.4201 1.05
    endloop
  endfacet
  facet normal -0 0 1
    outer loop
      vertex 48.0881 35.1774 1.05
      vertex 48.671 33.4201 1.05
      vertex 48.4972 35.2138 1.05
    endloop
  endfacet
  facet normal 0 0 1
    outer loop
      vertex 48.671 33.4201 1.05
      vertex 48.0881 35.1774 1.05
      vertex 48.2364 33.294 1.05
    endloop
  endfacet
  facet normal 0 0 1
    outer loop
      vertex 48.0881 35.1774 1.05
      vertex 47.7857 33.2184 1.05
      vertex 48.2364 33.294 1.05
    endloop
  endfacet
  facet normal 0 0 1
    outer loop
      vertex 47.662 35.2192 1.05
      vertex 47.7857 33.2184 1.05
      vertex 48.0881 35.1774 1.05
    endloop
  endfacet
  facet normal 0 0 1
    outer loop
      vertex 47.662 35.2192 1.05
      vertex 47.3191 33.1932 1.05
      vertex 47.7857 33.2184 1.05
    endloop
  endfacet
  facet normal 0 0 1
    outer loop
      vertex 47.2858 35.3447 1.05
      vertex 47.3191 33.1932 1.05
      vertex 47.662 35.2192 1.05
    endloop
  endfacet
  facet normal 0 0 1
    outer loop
      vertex 46.4815 33.2682 1.05
      vertex 47.2858 35.3447 1.05
      vertex 46.9594 35.5539 1.05
    endloop
  endfacet
  facet normal 0 0 1
    outer loop
      vertex 45.0788 33.8687 1.05
      vertex 46.9594 35.5539 1.05
      vertex 46.6829 35.8467 1.05
    endloop
  endfacet
  facet normal 0 0 1
    outer loop
      vertex 47.2858 35.3447 1.05
      vertex 46.4815 33.2682 1.05
      vertex 47.3191 33.1932 1.05
    endloop
  endfacet
  facet normal 0 0 1
    outer loop
      vertex 44.5136 34.3941 1.05
      vertex 46.6829 35.8467 1.05
      vertex 46.4628 36.209 1.05
    endloop
  endfacet
  facet normal 0 0 1
    outer loop
      vertex 44.0588 35.0477 1.05
      vertex 46.4628 36.209 1.05
      vertex 46.3055 36.6264 1.05
    endloop
  endfacet
  facet normal -0 0 1
    outer loop
      vertex 43.5391 36.6735 1.05
      vertex 46.3055 36.6264 1.05
      vertex 46.2112 37.099 1.05
    endloop
  endfacet
  facet normal 0 0 1
    outer loop
      vertex 46.9594 35.5539 1.05
      vertex 45.7348 33.4934 1.05
      vertex 46.4815 33.2682 1.05
    endloop
  endfacet
  facet normal 0 0 1
    outer loop
      vertex 43.4741 37.6457 1.05
      vertex 46.2112 37.099 1.05
      vertex 46.1797 37.6268 1.05
    endloop
  endfacet
  facet normal 0 0 1
    outer loop
      vertex 46.4654 39.0463 1.05
      vertex 44.1603 40.2892 1.05
      vertex 46.3067 38.6342 1.05
    endloop
  endfacet
  facet normal -0 0 1
    outer loop
      vertex 43.7791 39.5231 1.05
      vertex 46.3067 38.6342 1.05
      vertex 44.1603 40.2892 1.05
    endloop
  endfacet
  facet normal 0 0 1
    outer loop
      vertex 46.2112 37.099 1.05
      vertex 43.4741 37.6457 1.05
      vertex 43.5391 36.6735 1.05
    endloop
  endfacet
  facet normal -0 0 1
    outer loop
      vertex 43.5503 38.642 1.05
      vertex 46.3067 38.6342 1.05
      vertex 43.7791 39.5231 1.05
    endloop
  endfacet
  facet normal 0 0 1
    outer loop
      vertex 46.3055 36.6264 1.05
      vertex 43.5391 36.6735 1.05
      vertex 43.734 35.8075 1.05
    endloop
  endfacet
  facet normal 0 0 1
    outer loop
      vertex 46.3067 38.6342 1.05
      vertex 43.5503 38.642 1.05
      vertex 46.2115 38.1611 1.05
    endloop
  endfacet
  facet normal 0 0 1
    outer loop
      vertex 46.3055 36.6264 1.05
      vertex 43.734 35.8075 1.05
      vertex 44.0588 35.0477 1.05
    endloop
  endfacet
  facet normal 0 0 1
    outer loop
      vertex 43.4741 37.6457 1.05
      vertex 46.2115 38.1611 1.05
      vertex 43.5503 38.642 1.05
    endloop
  endfacet
  facet normal 0 0 1
    outer loop
      vertex 46.4628 36.209 1.05
      vertex 44.0588 35.0477 1.05
      vertex 44.5136 34.3941 1.05
    endloop
  endfacet
  facet normal 0 0 1
    outer loop
      vertex 46.2115 38.1611 1.05
      vertex 43.4741 37.6457 1.05
      vertex 46.1797 37.6268 1.05
    endloop
  endfacet
  facet normal 0 0 1
    outer loop
      vertex 46.6829 35.8467 1.05
      vertex 44.5136 34.3941 1.05
      vertex 45.0788 33.8687 1.05
    endloop
  endfacet
  facet normal 0 0 1
    outer loop
      vertex 46.9594 35.5539 1.05
      vertex 45.0788 33.8687 1.05
      vertex 45.7348 33.4934 1.05
    endloop
  endfacet
  facet normal 0 0 1
    outer loop
      vertex 52.5667 32.3411 1.05
      vertex 49.9147 32.1329 1.05
      vertex 52.1602 31.1218 1.05
    endloop
  endfacet
  facet normal -0 0 1
    outer loop
      vertex 49.6498 31.5318 1.05
      vertex 52.1602 31.1218 1.05
      vertex 49.9147 32.1329 1.05
    endloop
  endfacet
  facet normal 0 0 1
    outer loop
      vertex 52.1602 31.1218 1.05
      vertex 49.6498 31.5318 1.05
      vertex 51.5912 30.1267 1.05
    endloop
  endfacet
  facet normal -0 0 1
    outer loop
      vertex 49.316 31.0624 1.05
      vertex 51.5912 30.1267 1.05
      vertex 49.6498 31.5318 1.05
    endloop
  endfacet
  facet normal 0 0 1
    outer loop
      vertex 51.5912 30.1267 1.05
      vertex 49.316 31.0624 1.05
      vertex 50.8726 29.3542 1.05
    endloop
  endfacet
  facet normal -0 0 1
    outer loop
      vertex 48.9176 30.7272 1.05
      vertex 50.8726 29.3542 1.05
      vertex 49.316 31.0624 1.05
    endloop
  endfacet
  facet normal 0 0 1
    outer loop
      vertex 50.8726 29.3542 1.05
      vertex 48.9176 30.7272 1.05
      vertex 50.0176 28.8024 1.05
    endloop
  endfacet
  facet normal 0 0 1
    outer loop
      vertex 50.0176 28.8024 1.05
      vertex 48.9176 30.7272 1.05
      vertex 49.0261 28.4713 1.05
    endloop
  endfacet
  facet normal -0 0 1
    outer loop
      vertex 48.4544 30.526 1.05
      vertex 49.0261 28.4713 1.05
      vertex 48.9176 30.7272 1.05
    endloop
  endfacet
  facet normal 0 0 1
    outer loop
      vertex 47.8981 28.3609 1.05
      vertex 48.4544 30.526 1.05
      vertex 47.9266 30.459 1.05
    endloop
  endfacet
  facet normal 0 0 1
    outer loop
      vertex 48.4544 30.526 1.05
      vertex 47.8981 28.3609 1.05
      vertex 49.0261 28.4713 1.05
    endloop
  endfacet
  facet normal 0 0 1
    outer loop
      vertex 47.063 28.4081 1.05
      vertex 47.9266 30.459 1.05
      vertex 47.3178 30.5462 1.05
    endloop
  endfacet
  facet normal 0 0 1
    outer loop
      vertex 47.9266 30.459 1.05
      vertex 47.063 28.4081 1.05
      vertex 47.8981 28.3609 1.05
    endloop
  endfacet
  facet normal 0 0 1
    outer loop
      vertex 46.3233 28.5496 1.05
      vertex 47.3178 30.5462 1.05
      vertex 46.8301 30.8079 1.05
    endloop
  endfacet
  facet normal 0 0 1
    outer loop
      vertex 44.6664 29.5479 1.05
      vertex 46.8301 30.8079 1.05
      vertex 46.4634 31.244 1.05
    endloop
  endfacet
  facet normal 0 0 1
    outer loop
      vertex 47.3178 30.5462 1.05
      vertex 46.3233 28.5496 1.05
      vertex 47.063 28.4081 1.05
    endloop
  endfacet
  facet normal 0 0 1
    outer loop
      vertex 43.9568 30.7418 1.05
      vertex 46.4634 31.244 1.05
      vertex 46.2178 31.8546 1.05
    endloop
  endfacet
  facet normal 0 0 1
    outer loop
      vertex 46.8301 30.8079 1.05
      vertex 45.6793 28.7855 1.05
      vertex 46.3233 28.5496 1.05
    endloop
  endfacet
  facet normal 0 0 1
    outer loop
      vertex 46.8301 30.8079 1.05
      vertex 45.1307 29.1157 1.05
      vertex 45.6793 28.7855 1.05
    endloop
  endfacet
  facet normal 0 0 1
    outer loop
      vertex 46.8301 30.8079 1.05
      vertex 44.6664 29.5479 1.05
      vertex 45.1307 29.1157 1.05
    endloop
  endfacet
  facet normal 0 0 1
    outer loop
      vertex 46.4634 31.244 1.05
      vertex 44.2751 30.09 1.05
      vertex 44.6664 29.5479 1.05
    endloop
  endfacet
  facet normal 0 0 1
    outer loop
      vertex 46.4634 31.244 1.05
      vertex 43.9568 30.7418 1.05
      vertex 44.2751 30.09 1.05
    endloop
  endfacet
  facet normal 0 -0 1
    outer loop
      vertex 43.9568 30.7418 1.05
      vertex 46.2178 31.8546 1.05
      vertex 43.7114 31.5034 1.05
    endloop
  endfacet
  facet normal 0 0 1
    outer loop
      vertex 63.1593 38.3756 1.05
      vertex 60.5986 37.9131 1.05
      vertex 60.6327 37.323 1.05
    endloop
  endfacet
  facet normal 0 0 1
    outer loop
      vertex 61.6169 41.1896 1.05
      vertex 60.4963 38.4396 1.05
      vertex 60.5986 37.9131 1.05
    endloop
  endfacet
  facet normal 0 0 1
    outer loop
      vertex 61.6169 41.1896 1.05
      vertex 60.3257 38.9027 1.05
      vertex 60.4963 38.4396 1.05
    endloop
  endfacet
  facet normal 0 0 1
    outer loop
      vertex 61.6169 41.1896 1.05
      vertex 60.0869 39.3023 1.05
      vertex 60.3257 38.9027 1.05
    endloop
  endfacet
  facet normal 0 0 1
    outer loop
      vertex 59.452 39.8542 1.05
      vertex 60.8001 41.7103 1.05
      vertex 59.8296 42.0227 1.05
    endloop
  endfacet
  facet normal 0 0 1
    outer loop
      vertex 61.6169 41.1896 1.05
      vertex 59.7917 39.6242 1.05
      vertex 60.0869 39.3023 1.05
    endloop
  endfacet
  facet normal 0 0 1
    outer loop
      vertex 60.8001 41.7103 1.05
      vertex 59.452 39.8542 1.05
      vertex 59.7917 39.6242 1.05
    endloop
  endfacet
  facet normal 0 0 1
    outer loop
      vertex 59.8296 42.0227 1.05
      vertex 59.0678 39.9922 1.05
      vertex 59.452 39.8542 1.05
    endloop
  endfacet
  facet normal 0 0 1
    outer loop
      vertex 58.7055 42.1268 1.05
      vertex 59.0678 39.9922 1.05
      vertex 59.8296 42.0227 1.05
    endloop
  endfacet
  facet normal 0 0 1
    outer loop
      vertex 58.7055 42.1268 1.05
      vertex 58.6391 40.0382 1.05
      vertex 59.0678 39.9922 1.05
    endloop
  endfacet
  facet normal 0 0 1
    outer loop
      vertex 58.7055 42.1268 1.05
      vertex 58.2211 39.9981 1.05
      vertex 58.6391 40.0382 1.05
    endloop
  endfacet
  facet normal -0 0 1
    outer loop
      vertex 57.6532 42.0527 1.05
      vertex 58.2211 39.9981 1.05
      vertex 58.7055 42.1268 1.05
    endloop
  endfacet
  facet normal 0 0 1
    outer loop
      vertex 58.2211 39.9981 1.05
      vertex 57.6532 42.0527 1.05
      vertex 57.8499 39.8779 1.05
    endloop
  endfacet
  facet normal -0 0 1
    outer loop
      vertex 56.7273 41.8301 1.05
      vertex 57.8499 39.8779 1.05
      vertex 57.6532 42.0527 1.05
    endloop
  endfacet
  facet normal 0 0 1
    outer loop
      vertex 57.8499 39.8779 1.05
      vertex 56.7273 41.8301 1.05
      vertex 57.5256 39.6777 1.05
    endloop
  endfacet
  facet normal -0 0 1
    outer loop
      vertex 55.9278 41.4593 1.05
      vertex 57.5256 39.6777 1.05
      vertex 56.7273 41.8301 1.05
    endloop
  endfacet
  facet normal 0 0 1
    outer loop
      vertex 57.5256 39.6777 1.05
      vertex 55.9278 41.4593 1.05
      vertex 57.2482 39.3972 1.05
    endloop
  endfacet
  facet normal -0 0 1
    outer loop
      vertex 54.7209 40.2892 1.05
      vertex 57.026 39.0463 1.05
      vertex 55.2546 40.94 1.05
    endloop
  endfacet
  facet normal 0 0 1
    outer loop
      vertex 57.2482 39.3972 1.05
      vertex 55.2546 40.94 1.05
      vertex 57.026 39.0463 1.05
    endloop
  endfacet
  facet normal -0 0 1
    outer loop
      vertex 55.2546 40.94 1.05
      vertex 57.2482 39.3972 1.05
      vertex 55.9278 41.4593 1.05
    endloop
  endfacet
  facet normal -0 0 1
    outer loop
      vertex 60.4915 36.4436 1.05
      vertex 63.4525 35.4527 1.05
      vertex 63.3792 37.0189 1.05
    endloop
  endfacet
  facet normal -0 0 1
    outer loop
      vertex 60.6327 37.323 1.05
      vertex 63.3792 37.0189 1.05
      vertex 63.1593 38.3756 1.05
    endloop
  endfacet
  facet normal 0 0 1
    outer loop
      vertex 63.4525 35.4527 1.05
      vertex 60.4915 36.4436 1.05
      vertex 60.8321 34.7122 1.05
    endloop
  endfacet
  facet normal 0 0 1
    outer loop
      vertex 60.5986 37.9131 1.05
      vertex 63.1593 38.3756 1.05
      vertex 62.7929 39.5229 1.05
    endloop
  endfacet
  facet normal 0 0 1
    outer loop
      vertex 60.7861 33.723 1.05
      vertex 63.3712 33.7848 1.05
      vertex 60.8321 34.7122 1.05
    endloop
  endfacet
  facet normal 0 0 1
    outer loop
      vertex 60.5986 37.9131 1.05
      vertex 62.7929 39.5229 1.05
      vertex 62.28 40.4607 1.05
    endloop
  endfacet
  facet normal 0 0 1
    outer loop
      vertex 63.3712 33.7848 1.05
      vertex 60.7861 33.723 1.05
      vertex 63.1273 32.3411 1.05
    endloop
  endfacet
  facet normal 0 0 1
    outer loop
      vertex 60.5986 37.9131 1.05
      vertex 62.28 40.4607 1.05
      vertex 61.6169 41.1896 1.05
    endloop
  endfacet
  facet normal -0 0 1
    outer loop
      vertex 60.6672 32.8633 1.05
      vertex 63.1273 32.3411 1.05
      vertex 60.7861 33.723 1.05
    endloop
  endfacet
  facet normal 0 0 1
    outer loop
      vertex 60.4753 32.1329 1.05
      vertex 63.1273 32.3411 1.05
      vertex 60.6672 32.8633 1.05
    endloop
  endfacet
  facet normal 0 0 1
    outer loop
      vertex 59.7917 39.6242 1.05
      vertex 61.6169 41.1896 1.05
      vertex 60.8001 41.7103 1.05
    endloop
  endfacet
  facet normal 0 0 1
    outer loop
      vertex 63.3792 37.0189 1.05
      vertex 60.6327 37.323 1.05
      vertex 60.5974 36.8587 1.05
    endloop
  endfacet
  facet normal 0 0 1
    outer loop
      vertex 63.3792 37.0189 1.05
      vertex 60.5974 36.8587 1.05
      vertex 60.4915 36.4436 1.05
    endloop
  endfacet
  facet normal 0 0 1
    outer loop
      vertex 63.4525 35.4527 1.05
      vertex 60.8321 34.7122 1.05
      vertex 63.3712 33.7848 1.05
    endloop
  endfacet
  facet normal -0 0 1
    outer loop
      vertex 60.315 36.0778 1.05
      vertex 60.8321 34.7122 1.05
      vertex 60.4915 36.4436 1.05
    endloop
  endfacet
  facet normal -0 0 1
    outer loop
      vertex 60.0678 35.7612 1.05
      vertex 60.8321 34.7122 1.05
      vertex 60.315 36.0778 1.05
    endloop
  endfacet
  facet normal -0 0 1
    outer loop
      vertex 59.7673 35.5057 1.05
      vertex 60.8321 34.7122 1.05
      vertex 60.0678 35.7612 1.05
    endloop
  endfacet
  facet normal 0 0 1
    outer loop
      vertex 60.8321 34.7122 1.05
      vertex 59.7673 35.5057 1.05
      vertex 60.623 34.3754 1.05
    endloop
  endfacet
  facet normal -0 0 1
    outer loop
      vertex 59.4306 35.3233 1.05
      vertex 60.623 34.3754 1.05
      vertex 59.7673 35.5057 1.05
    endloop
  endfacet
  facet normal 0 0 1
    outer loop
      vertex 60.623 34.3754 1.05
      vertex 59.4306 35.3233 1.05
      vertex 60.3563 34.0773 1.05
    endloop
  endfacet
  facet normal 0 0 1
    outer loop
      vertex 60.3563 34.0773 1.05
      vertex 59.4306 35.3233 1.05
      vertex 60.032 33.8177 1.05
    endloop
  endfacet
  facet normal -0 0 1
    outer loop
      vertex 59.0578 35.2138 1.05
      vertex 60.032 33.8177 1.05
      vertex 59.4306 35.3233 1.05
    endloop
  endfacet
  facet normal 0 0 1
    outer loop
      vertex 60.032 33.8177 1.05
      vertex 59.0578 35.2138 1.05
      vertex 59.6502 33.5966 1.05
    endloop
  endfacet
  facet normal 0 0 1
    outer loop
      vertex 59.6502 33.5966 1.05
      vertex 59.0578 35.2138 1.05
      vertex 59.2316 33.4201 1.05
    endloop
  endfacet
  facet normal -0 0 1
    outer loop
      vertex 58.6486 35.1774 1.05
      vertex 59.2316 33.4201 1.05
      vertex 59.0578 35.2138 1.05
    endloop
  endfacet
  facet normal 0 0 1
    outer loop
      vertex 59.2316 33.4201 1.05
      vertex 58.6486 35.1774 1.05
      vertex 58.7969 33.294 1.05
    endloop
  endfacet
  facet normal 0 0 1
    outer loop
      vertex 58.6486 35.1774 1.05
      vertex 58.3463 33.2184 1.05
      vertex 58.7969 33.294 1.05
    endloop
  endfacet
  facet normal 0 0 1
    outer loop
      vertex 58.2226 35.2192 1.05
      vertex 58.3463 33.2184 1.05
      vertex 58.6486 35.1774 1.05
    endloop
  endfacet
  facet normal 0 0 1
    outer loop
      vertex 58.2226 35.2192 1.05
      vertex 57.8796 33.1932 1.05
      vertex 58.3463 33.2184 1.05
    endloop
  endfacet
  facet normal 0 0 1
    outer loop
      vertex 57.8463 35.3447 1.05
      vertex 57.8796 33.1932 1.05
      vertex 58.2226 35.2192 1.05
    endloop
  endfacet
  facet normal 0 0 1
    outer loop
      vertex 57.0421 33.2682 1.05
      vertex 57.8463 35.3447 1.05
      vertex 57.52 35.5539 1.05
    endloop
  endfacet
  facet normal 0 0 1
    outer loop
      vertex 55.6394 33.8687 1.05
      vertex 57.52 35.5539 1.05
      vertex 57.2435 35.8467 1.05
    endloop
  endfacet
  facet normal 0 0 1
    outer loop
      vertex 57.8463 35.3447 1.05
      vertex 57.0421 33.2682 1.05
      vertex 57.8796 33.1932 1.05
    endloop
  endfacet
  facet normal 0 0 1
    outer loop
      vertex 55.0742 34.3941 1.05
      vertex 57.2435 35.8467 1.05
      vertex 57.0233 36.209 1.05
    endloop
  endfacet
  facet normal 0 0 1
    outer loop
      vertex 54.6194 35.0477 1.05
      vertex 57.0233 36.209 1.05
      vertex 56.8661 36.6264 1.05
    endloop
  endfacet
  facet normal -0 0 1
    outer loop
      vertex 54.0996 36.6735 1.05
      vertex 56.8661 36.6264 1.05
      vertex 56.7717 37.099 1.05
    endloop
  endfacet
  facet normal 0 0 1
    outer loop
      vertex 57.52 35.5539 1.05
      vertex 56.2953 33.4934 1.05
      vertex 57.0421 33.2682 1.05
    endloop
  endfacet
  facet normal 0 0 1
    outer loop
      vertex 54.0347 37.6457 1.05
      vertex 56.7717 37.099 1.05
      vertex 56.7403 37.6268 1.05
    endloop
  endfacet
  facet normal 0 0 1
    outer loop
      vertex 57.026 39.0463 1.05
      vertex 54.7209 40.2892 1.05
      vertex 56.8673 38.6342 1.05
    endloop
  endfacet
  facet normal -0 0 1
    outer loop
      vertex 54.3396 39.5231 1.05
      vertex 56.8673 38.6342 1.05
      vertex 54.7209 40.2892 1.05
    endloop
  endfacet
  facet normal 0 0 1
    outer loop
      vertex 56.7717 37.099 1.05
      vertex 54.0347 37.6457 1.05
      vertex 54.0996 36.6735 1.05
    endloop
  endfacet
  facet normal -0 0 1
    outer loop
      vertex 54.1109 38.642 1.05
      vertex 56.8673 38.6342 1.05
      vertex 54.3396 39.5231 1.05
    endloop
  endfacet
  facet normal 0 0 1
    outer loop
      vertex 56.8661 36.6264 1.05
      vertex 54.0996 36.6735 1.05
      vertex 54.2945 35.8075 1.05
    endloop
  endfacet
  facet normal 0 0 1
    outer loop
      vertex 56.8673 38.6342 1.05
      vertex 54.1109 38.642 1.05
      vertex 56.772 38.1611 1.05
    endloop
  endfacet
  facet normal 0 0 1
    outer loop
      vertex 56.8661 36.6264 1.05
      vertex 54.2945 35.8075 1.05
      vertex 54.6194 35.0477 1.05
    endloop
  endfacet
  facet normal 0 0 1
    outer loop
      vertex 54.0347 37.6457 1.05
      vertex 56.772 38.1611 1.05
      vertex 54.1109 38.642 1.05
    endloop
  endfacet
  facet normal 0 0 1
    outer loop
      vertex 57.0233 36.209 1.05
      vertex 54.6194 35.0477 1.05
      vertex 55.0742 34.3941 1.05
    endloop
  endfacet
  facet normal 0 0 1
    outer loop
      vertex 56.772 38.1611 1.05
      vertex 54.0347 37.6457 1.05
      vertex 56.7403 37.6268 1.05
    endloop
  endfacet
  facet normal 0 0 1
    outer loop
      vertex 57.2435 35.8467 1.05
      vertex 55.0742 34.3941 1.05
      vertex 55.6394 33.8687 1.05
    endloop
  endfacet
  facet normal 0 0 1
    outer loop
      vertex 57.52 35.5539 1.05
      vertex 55.6394 33.8687 1.05
      vertex 56.2953 33.4934 1.05
    endloop
  endfacet
  facet normal 0 0 1
    outer loop
      vertex 63.1273 32.3411 1.05
      vertex 60.4753 32.1329 1.05
      vertex 62.7208 31.1218 1.05
    endloop
  endfacet
  facet normal -0 0 1
    outer loop
      vertex 60.2103 31.5318 1.05
      vertex 62.7208 31.1218 1.05
      vertex 60.4753 32.1329 1.05
    endloop
  endfacet
  facet normal 0 0 1
    outer loop
      vertex 62.7208 31.1218 1.05
      vertex 60.2103 31.5318 1.05
      vertex 62.1517 30.1267 1.05
    endloop
  endfacet
  facet normal -0 0 1
    outer loop
      vertex 59.8766 31.0624 1.05
      vertex 62.1517 30.1267 1.05
      vertex 60.2103 31.5318 1.05
    endloop
  endfacet
  facet normal 0 0 1
    outer loop
      vertex 62.1517 30.1267 1.05
      vertex 59.8766 31.0624 1.05
      vertex 61.4332 29.3542 1.05
    endloop
  endfacet
  facet normal -0 0 1
    outer loop
      vertex 59.4781 30.7272 1.05
      vertex 61.4332 29.3542 1.05
      vertex 59.8766 31.0624 1.05
    endloop
  endfacet
  facet normal 0 0 1
    outer loop
      vertex 61.4332 29.3542 1.05
      vertex 59.4781 30.7272 1.05
      vertex 60.5782 28.8024 1.05
    endloop
  endfacet
  facet normal 0 0 1
    outer loop
      vertex 60.5782 28.8024 1.05
      vertex 59.4781 30.7272 1.05
      vertex 59.5867 28.4713 1.05
    endloop
  endfacet
  facet normal -0 0 1
    outer loop
      vertex 59.015 30.526 1.05
      vertex 59.5867 28.4713 1.05
      vertex 59.4781 30.7272 1.05
    endloop
  endfacet
  facet normal 0 0 1
    outer loop
      vertex 58.4587 28.3609 1.05
      vertex 59.015 30.526 1.05
      vertex 58.4872 30.459 1.05
    endloop
  endfacet
  facet normal 0 0 1
    outer loop
      vertex 59.015 30.526 1.05
      vertex 58.4587 28.3609 1.05
      vertex 59.5867 28.4713 1.05
    endloop
  endfacet
  facet normal 0 0 1
    outer loop
      vertex 57.6235 28.4081 1.05
      vertex 58.4872 30.459 1.05
      vertex 57.8784 30.5462 1.05
    endloop
  endfacet
  facet normal 0 0 1
    outer loop
      vertex 58.4872 30.459 1.05
      vertex 57.6235 28.4081 1.05
      vertex 58.4587 28.3609 1.05
    endloop
  endfacet
  facet normal 0 0 1
    outer loop
      vertex 56.8839 28.5496 1.05
      vertex 57.8784 30.5462 1.05
      vertex 57.3907 30.8079 1.05
    endloop
  endfacet
  facet normal 0 0 1
    outer loop
      vertex 55.227 29.5479 1.05
      vertex 57.3907 30.8079 1.05
      vertex 57.024 31.244 1.05
    endloop
  endfacet
  facet normal 0 0 1
    outer loop
      vertex 57.8784 30.5462 1.05
      vertex 56.8839 28.5496 1.05
      vertex 57.6235 28.4081 1.05
    endloop
  endfacet
  facet normal 0 0 1
    outer loop
      vertex 54.5173 30.7418 1.05
      vertex 57.024 31.244 1.05
      vertex 56.7784 31.8546 1.05
    endloop
  endfacet
  facet normal 0 0 1
    outer loop
      vertex 57.3907 30.8079 1.05
      vertex 56.2398 28.7855 1.05
      vertex 56.8839 28.5496 1.05
    endloop
  endfacet
  facet normal 0 0 1
    outer loop
      vertex 57.3907 30.8079 1.05
      vertex 55.6913 29.1157 1.05
      vertex 56.2398 28.7855 1.05
    endloop
  endfacet
  facet normal 0 0 1
    outer loop
      vertex 57.3907 30.8079 1.05
      vertex 55.227 29.5479 1.05
      vertex 55.6913 29.1157 1.05
    endloop
  endfacet
  facet normal 0 0 1
    outer loop
      vertex 57.024 31.244 1.05
      vertex 54.8357 30.09 1.05
      vertex 55.227 29.5479 1.05
    endloop
  endfacet
  facet normal 0 0 1
    outer loop
      vertex 57.024 31.244 1.05
      vertex 54.5173 30.7418 1.05
      vertex 54.8357 30.09 1.05
    endloop
  endfacet
  facet normal 0 -0 1
    outer loop
      vertex 54.5173 30.7418 1.05
      vertex 56.7784 31.8546 1.05
      vertex 54.272 31.5034 1.05
    endloop
  endfacet
  facet normal 0 0 1
    outer loop
      vertex 26.2168 39.6585 1.05
      vertex 28.8847 41.9275 1.05
      vertex 26.3594 41.9275 1.05
    endloop
  endfacet
  facet normal -0 0 1
    outer loop
      vertex 28.8847 30.535 1.05
      vertex 31.9511 28.5508 1.05
      vertex 31.9511 30.535 1.05
    endloop
  endfacet
  facet normal 0 0 1
    outer loop
      vertex 28.8847 41.9275 1.05
      vertex 26.2168 39.6585 1.05
      vertex 28.8847 30.535 1.05
    endloop
  endfacet
  facet normal 0 0 1
    outer loop
      vertex 26.2168 30.535 1.05
      vertex 28.8847 30.535 1.05
      vertex 26.2168 39.6585 1.05
    endloop
  endfacet
  facet normal -0 0 1
    outer loop
      vertex 26.2168 30.535 1.05
      vertex 31.9511 28.5508 1.05
      vertex 28.8847 30.535 1.05
    endloop
  endfacet
  facet normal 0 0 1
    outer loop
      vertex 22.9036 28.5508 1.05
      vertex 26.2168 30.535 1.05
      vertex 22.9036 30.535 1.05
    endloop
  endfacet
  facet normal 0 0 1
    outer loop
      vertex 26.2168 30.535 1.05
      vertex 22.9036 28.5508 1.05
      vertex 31.9511 28.5508 1.05
    endloop
  endfacet
  facet normal -0 0 1
    outer loop
      vertex 23.008 39.7534 1.05
      vertex 26.2168 39.6585 1.05
      vertex 26.3594 41.9275 1.05
    endloop
  endfacet
  facet normal 0 0 1
    outer loop
      vertex 26.2168 39.6585 1.05
      vertex 23.008 39.7534 1.05
      vertex 23.008 37.6552 1.05
    endloop
  endfacet
  facet normal -0.316744 0.948511 0
    outer loop
      vertex 39.457 28.8024 1.05
      vertex 38.4655 28.4713 1.6
      vertex 39.457 28.8024 1.6
    endloop
  endfacet
  facet normal -0.316744 0.948511 0
    outer loop
      vertex 38.4655 28.4713 1.6
      vertex 39.457 28.8024 1.05
      vertex 38.4655 28.4713 1.05
    endloop
  endfacet
  facet normal -0.542212 0.840242 0
    outer loop
      vertex 40.3121 29.3542 1.05
      vertex 39.457 28.8024 1.6
      vertex 40.3121 29.3542 1.6
    endloop
  endfacet
  facet normal -0.542212 0.840242 0
    outer loop
      vertex 39.457 28.8024 1.6
      vertex 40.3121 29.3542 1.05
      vertex 39.457 28.8024 1.05
    endloop
  endfacet
  facet normal -0.732236 0.681051 0
    outer loop
      vertex 40.3121 29.3542 1.05
      vertex 41.0306 30.1267 1.6
      vertex 41.0306 30.1267 1.05
    endloop
  endfacet
  facet normal -0.732236 0.681051 0
    outer loop
      vertex 41.0306 30.1267 1.6
      vertex 40.3121 29.3542 1.05
      vertex 40.3121 29.3542 1.6
    endloop
  endfacet
  facet normal -0.868066 0.496449 0
    outer loop
      vertex 41.0306 30.1267 1.05
      vertex 41.5997 31.1218 1.6
      vertex 41.5997 31.1218 1.05
    endloop
  endfacet
  facet normal -0.868066 0.496449 0
    outer loop
      vertex 41.5997 31.1218 1.6
      vertex 41.0306 30.1267 1.05
      vertex 41.0306 30.1267 1.6
    endloop
  endfacet
  facet normal -0.948668 0.316274 0
    outer loop
      vertex 41.5997 31.1218 1.05
      vertex 42.0062 32.3411 1.6
      vertex 42.0062 32.3411 1.05
    endloop
  endfacet
  facet normal -0.948668 0.316274 0
    outer loop
      vertex 42.0062 32.3411 1.6
      vertex 41.5997 31.1218 1.05
      vertex 41.5997 31.1218 1.6
    endloop
  endfacet
  facet normal -0.986039 0.166514 0
    outer loop
      vertex 42.0062 32.3411 1.05
      vertex 42.25 33.7848 1.6
      vertex 42.25 33.7848 1.05
    endloop
  endfacet
  facet normal -0.986039 0.166514 0
    outer loop
      vertex 42.25 33.7848 1.6
      vertex 42.0062 32.3411 1.05
      vertex 42.0062 32.3411 1.6
    endloop
  endfacet
  facet normal -0.998814 0.0486861 0
    outer loop
      vertex 42.25 33.7848 1.05
      vertex 42.3313 35.4527 1.6
      vertex 42.3313 35.4527 1.05
    endloop
  endfacet
  facet normal -0.998814 0.0486861 0
    outer loop
      vertex 42.3313 35.4527 1.6
      vertex 42.25 33.7848 1.05
      vertex 42.25 33.7848 1.6
    endloop
  endfacet
  facet normal -0.99891 -0.0466864 0
    outer loop
      vertex 42.3313 35.4527 1.05
      vertex 42.2581 37.0189 1.6
      vertex 42.2581 37.0189 1.05
    endloop
  endfacet
  facet normal -0.99891 -0.0466864 0
    outer loop
      vertex 42.2581 37.0189 1.6
      vertex 42.3313 35.4527 1.05
      vertex 42.3313 35.4527 1.6
    endloop
  endfacet
  facet normal -0.987118 -0.159996 0
    outer loop
      vertex 42.2581 37.0189 1.05
      vertex 42.0382 38.3756 1.6
      vertex 42.0382 38.3756 1.05
    endloop
  endfacet
  facet normal -0.987118 -0.159996 0
    outer loop
      vertex 42.0382 38.3756 1.6
      vertex 42.2581 37.0189 1.05
      vertex 42.2581 37.0189 1.6
    endloop
  endfacet
  facet normal -0.952601 -0.304221 0
    outer loop
      vertex 42.0382 38.3756 1.05
      vertex 41.6718 39.5229 1.6
      vertex 41.6718 39.5229 1.05
    endloop
  endfacet
  facet normal -0.952601 -0.304221 0
    outer loop
      vertex 41.6718 39.5229 1.6
      vertex 42.0382 38.3756 1.05
      vertex 42.0382 38.3756 1.6
    endloop
  endfacet
  facet normal -0.877316 -0.479914 0
    outer loop
      vertex 41.6718 39.5229 1.05
      vertex 41.1588 40.4607 1.6
      vertex 41.1588 40.4607 1.05
    endloop
  endfacet
  facet normal -0.877316 -0.479914 0
    outer loop
      vertex 41.1588 40.4607 1.6
      vertex 41.6718 39.5229 1.05
      vertex 41.6718 39.5229 1.6
    endloop
  endfacet
  facet normal -0.739756 -0.672875 0
    outer loop
      vertex 41.1588 40.4607 1.05
      vertex 40.4958 41.1896 1.6
      vertex 40.4958 41.1896 1.05
    endloop
  endfacet
  facet normal -0.739756 -0.672875 0
    outer loop
      vertex 40.4958 41.1896 1.6
      vertex 41.1588 40.4607 1.05
      vertex 41.1588 40.4607 1.6
    endloop
  endfacet
  facet normal -0.53755 -0.843232 0
    outer loop
      vertex 39.679 41.7103 1.05
      vertex 40.4958 41.1896 1.6
      vertex 39.679 41.7103 1.6
    endloop
  endfacet
  facet normal -0.53755 -0.843232 -0
    outer loop
      vertex 40.4958 41.1896 1.6
      vertex 39.679 41.7103 1.05
      vertex 40.4958 41.1896 1.05
    endloop
  endfacet
  facet normal -0.306412 -0.951899 0
    outer loop
      vertex 38.7085 42.0227 1.05
      vertex 39.679 41.7103 1.6
      vertex 38.7085 42.0227 1.6
    endloop
  endfacet
  facet normal -0.306412 -0.951899 -0
    outer loop
      vertex 39.679 41.7103 1.6
      vertex 38.7085 42.0227 1.05
      vertex 39.679 41.7103 1.05
    endloop
  endfacet
  facet normal -0.0922128 -0.995739 0
    outer loop
      vertex 37.5844 42.1268 1.05
      vertex 38.7085 42.0227 1.6
      vertex 37.5844 42.1268 1.6
    endloop
  endfacet
  facet normal -0.0922128 -0.995739 -0
    outer loop
      vertex 38.7085 42.0227 1.6
      vertex 37.5844 42.1268 1.05
      vertex 38.7085 42.0227 1.05
    endloop
  endfacet
  facet normal 0.0702432 -0.99753 0
    outer loop
      vertex 36.5321 42.0527 1.05
      vertex 37.5844 42.1268 1.6
      vertex 36.5321 42.0527 1.6
    endloop
  endfacet
  facet normal 0.0702432 -0.99753 0
    outer loop
      vertex 37.5844 42.1268 1.6
      vertex 36.5321 42.0527 1.05
      vertex 37.5844 42.1268 1.05
    endloop
  endfacet
  facet normal 0.233754 -0.972296 0
    outer loop
      vertex 35.6062 41.8301 1.05
      vertex 36.5321 42.0527 1.6
      vertex 35.6062 41.8301 1.6
    endloop
  endfacet
  facet normal 0.233754 -0.972296 0
    outer loop
      vertex 36.5321 42.0527 1.6
      vertex 35.6062 41.8301 1.05
      vertex 36.5321 42.0527 1.05
    endloop
  endfacet
  facet normal 0.420741 -0.907181 0
    outer loop
      vertex 34.8067 41.4593 1.05
      vertex 35.6062 41.8301 1.6
      vertex 34.8067 41.4593 1.6
    endloop
  endfacet
  facet normal 0.420741 -0.907181 0
    outer loop
      vertex 35.6062 41.8301 1.6
      vertex 34.8067 41.4593 1.05
      vertex 35.6062 41.8301 1.05
    endloop
  endfacet
  facet normal 0.610784 -0.791797 0
    outer loop
      vertex 34.1335 40.94 1.05
      vertex 34.8067 41.4593 1.6
      vertex 34.1335 40.94 1.6
    endloop
  endfacet
  facet normal 0.610784 -0.791797 0
    outer loop
      vertex 34.8067 41.4593 1.6
      vertex 34.1335 40.94 1.05
      vertex 34.8067 41.4593 1.05
    endloop
  endfacet
  facet normal 0.773242 -0.634111 0
    outer loop
      vertex 33.5998 40.2892 1.6
      vertex 34.1335 40.94 1.05
      vertex 34.1335 40.94 1.6
    endloop
  endfacet
  facet normal 0.773242 -0.634111 0
    outer loop
      vertex 34.1335 40.94 1.05
      vertex 33.5998 40.2892 1.6
      vertex 33.5998 40.2892 1.05
    endloop
  endfacet
  facet normal 0.895244 -0.445577 0
    outer loop
      vertex 33.2185 39.5231 1.6
      vertex 33.5998 40.2892 1.05
      vertex 33.5998 40.2892 1.6
    endloop
  endfacet
  facet normal 0.895244 -0.445577 0
    outer loop
      vertex 33.5998 40.2892 1.05
      vertex 33.2185 39.5231 1.6
      vertex 33.2185 39.5231 1.05
    endloop
  endfacet
  facet normal 0.967926 -0.251237 0
    outer loop
      vertex 32.9898 38.642 1.6
      vertex 33.2185 39.5231 1.05
      vertex 33.2185 39.5231 1.6
    endloop
  endfacet
  facet normal 0.967926 -0.251237 0
    outer loop
      vertex 33.2185 39.5231 1.05
      vertex 32.9898 38.642 1.6
      vertex 32.9898 38.642 1.05
    endloop
  endfacet
  facet normal 0.99708 -0.0763598 0
    outer loop
      vertex 32.9135 37.6457 1.6
      vertex 32.9898 38.642 1.05
      vertex 32.9898 38.642 1.6
    endloop
  endfacet
  facet normal 0.99708 -0.0763598 0
    outer loop
      vertex 32.9898 38.642 1.05
      vertex 32.9135 37.6457 1.6
      vertex 32.9135 37.6457 1.05
    endloop
  endfacet
  facet normal 0.997772 0.0667097 0
    outer loop
      vertex 32.9785 36.6735 1.6
      vertex 32.9135 37.6457 1.05
      vertex 32.9135 37.6457 1.6
    endloop
  endfacet
  facet normal 0.997772 0.0667097 0
    outer loop
      vertex 32.9135 37.6457 1.05
      vertex 32.9785 36.6735 1.6
      vertex 32.9785 36.6735 1.05
    endloop
  endfacet
  facet normal 0.975598 0.219566 0
    outer loop
      vertex 33.1734 35.8075 1.6
      vertex 32.9785 36.6735 1.05
      vertex 32.9785 36.6735 1.6
    endloop
  endfacet
  facet normal 0.975598 0.219566 0
    outer loop
      vertex 32.9785 36.6735 1.05
      vertex 33.1734 35.8075 1.6
      vertex 33.1734 35.8075 1.05
    endloop
  endfacet
  facet normal 0.919464 0.393174 0
    outer loop
      vertex 33.4983 35.0477 1.6
      vertex 33.1734 35.8075 1.05
      vertex 33.1734 35.8075 1.6
    endloop
  endfacet
  facet normal 0.919464 0.393174 0
    outer loop
      vertex 33.1734 35.8075 1.05
      vertex 33.4983 35.0477 1.6
      vertex 33.4983 35.0477 1.05
    endloop
  endfacet
  facet normal 0.820892 0.571083 0
    outer loop
      vertex 33.953 34.3941 1.6
      vertex 33.4983 35.0477 1.05
      vertex 33.4983 35.0477 1.6
    endloop
  endfacet
  facet normal 0.820892 0.571083 0
    outer loop
      vertex 33.4983 35.0477 1.05
      vertex 33.953 34.3941 1.6
      vertex 33.953 34.3941 1.05
    endloop
  endfacet
  facet normal 0.680849 0.732424 -0
    outer loop
      vertex 34.5182 33.8687 1.05
      vertex 33.953 34.3941 1.6
      vertex 34.5182 33.8687 1.6
    endloop
  endfacet
  facet normal 0.680849 0.732424 0
    outer loop
      vertex 33.953 34.3941 1.6
      vertex 34.5182 33.8687 1.05
      vertex 33.953 34.3941 1.05
    endloop
  endfacet
  facet normal 0.496581 0.867991 -0
    outer loop
      vertex 35.1742 33.4934 1.05
      vertex 34.5182 33.8687 1.6
      vertex 35.1742 33.4934 1.6
    endloop
  endfacet
  facet normal 0.496581 0.867991 0
    outer loop
      vertex 34.5182 33.8687 1.6
      vertex 35.1742 33.4934 1.05
      vertex 34.5182 33.8687 1.05
    endloop
  endfacet
  facet normal 0.288712 0.957416 -0
    outer loop
      vertex 35.921 33.2682 1.05
      vertex 35.1742 33.4934 1.6
      vertex 35.921 33.2682 1.6
    endloop
  endfacet
  facet normal 0.288712 0.957416 0
    outer loop
      vertex 35.1742 33.4934 1.6
      vertex 35.921 33.2682 1.05
      vertex 35.1742 33.4934 1.05
    endloop
  endfacet
  facet normal 0.0891953 0.996014 -0
    outer loop
      vertex 36.7585 33.1932 1.05
      vertex 35.921 33.2682 1.6
      vertex 36.7585 33.1932 1.6
    endloop
  endfacet
  facet normal 0.0891953 0.996014 0
    outer loop
      vertex 35.921 33.2682 1.6
      vertex 36.7585 33.1932 1.05
      vertex 35.921 33.2682 1.05
    endloop
  endfacet
  facet normal -0.0539176 0.998545 0
    outer loop
      vertex 37.2252 33.2184 1.05
      vertex 36.7585 33.1932 1.6
      vertex 37.2252 33.2184 1.6
    endloop
  endfacet
  facet normal -0.0539176 0.998545 0
    outer loop
      vertex 36.7585 33.1932 1.6
      vertex 37.2252 33.2184 1.05
      vertex 36.7585 33.1932 1.05
    endloop
  endfacet
  facet normal -0.165464 0.986216 0
    outer loop
      vertex 37.6758 33.294 1.05
      vertex 37.2252 33.2184 1.6
      vertex 37.6758 33.294 1.6
    endloop
  endfacet
  facet normal -0.165464 0.986216 0
    outer loop
      vertex 37.2252 33.2184 1.6
      vertex 37.6758 33.294 1.05
      vertex 37.2252 33.2184 1.05
    endloop
  endfacet
  facet normal -0.2786 0.960407 0
    outer loop
      vertex 38.1105 33.4201 1.05
      vertex 37.6758 33.294 1.6
      vertex 38.1105 33.4201 1.6
    endloop
  endfacet
  facet normal -0.2786 0.960407 0
    outer loop
      vertex 37.6758 33.294 1.6
      vertex 38.1105 33.4201 1.05
      vertex 37.6758 33.294 1.05
    endloop
  endfacet
  facet normal -0.388519 0.921441 0
    outer loop
      vertex 38.5291 33.5966 1.05
      vertex 38.1105 33.4201 1.6
      vertex 38.5291 33.5966 1.6
    endloop
  endfacet
  facet normal -0.388519 0.921441 0
    outer loop
      vertex 38.1105 33.4201 1.6
      vertex 38.5291 33.5966 1.05
      vertex 38.1105 33.4201 1.05
    endloop
  endfacet
  facet normal -0.501135 0.865369 0
    outer loop
      vertex 38.9109 33.8177 1.05
      vertex 38.5291 33.5966 1.6
      vertex 38.9109 33.8177 1.6
    endloop
  endfacet
  facet normal -0.501135 0.865369 0
    outer loop
      vertex 38.5291 33.5966 1.6
      vertex 38.9109 33.8177 1.05
      vertex 38.5291 33.5966 1.05
    endloop
  endfacet
  facet normal -0.62493 0.780681 0
    outer loop
      vertex 39.2352 34.0773 1.05
      vertex 38.9109 33.8177 1.6
      vertex 39.2352 34.0773 1.6
    endloop
  endfacet
  facet normal -0.62493 0.780681 0
    outer loop
      vertex 38.9109 33.8177 1.6
      vertex 39.2352 34.0773 1.05
      vertex 38.9109 33.8177 1.05
    endloop
  endfacet
  facet normal -0.745267 0.666766 0
    outer loop
      vertex 39.2352 34.0773 1.05
      vertex 39.5019 34.3754 1.6
      vertex 39.5019 34.3754 1.05
    endloop
  endfacet
  facet normal -0.745267 0.666766 0
    outer loop
      vertex 39.5019 34.3754 1.6
      vertex 39.2352 34.0773 1.05
      vertex 39.2352 34.0773 1.6
    endloop
  endfacet
  facet normal -0.849582 0.527457 0
    outer loop
      vertex 39.5019 34.3754 1.05
      vertex 39.711 34.7122 1.6
      vertex 39.711 34.7122 1.05
    endloop
  endfacet
  facet normal -0.849582 0.527457 0
    outer loop
      vertex 39.711 34.7122 1.6
      vertex 39.5019 34.3754 1.05
      vertex 39.5019 34.3754 1.6
    endloop
  endfacet
  facet normal 0.998921 -0.046452 0
    outer loop
      vertex 39.665 33.723 1.6
      vertex 39.711 34.7122 1.05
      vertex 39.711 34.7122 1.6
    endloop
  endfacet
  facet normal 0.998921 -0.046452 0
    outer loop
      vertex 39.711 34.7122 1.05
      vertex 39.665 33.723 1.6
      vertex 39.665 33.723 1.05
    endloop
  endfacet
  facet normal 0.990571 -0.137 0
    outer loop
      vertex 39.5461 32.8633 1.6
      vertex 39.665 33.723 1.05
      vertex 39.665 33.723 1.6
    endloop
  endfacet
  facet normal 0.990571 -0.137 0
    outer loop
      vertex 39.665 33.723 1.05
      vertex 39.5461 32.8633 1.6
      vertex 39.5461 32.8633 1.05
    endloop
  endfacet
  facet normal 0.967143 -0.254233 0
    outer loop
      vertex 39.3541 32.1329 1.6
      vertex 39.5461 32.8633 1.05
      vertex 39.5461 32.8633 1.6
    endloop
  endfacet
  facet normal 0.967143 -0.254233 0
    outer loop
      vertex 39.5461 32.8633 1.05
      vertex 39.3541 32.1329 1.6
      vertex 39.3541 32.1329 1.05
    endloop
  endfacet
  facet normal 0.915081 -0.403269 0
    outer loop
      vertex 39.0892 31.5318 1.6
      vertex 39.3541 32.1329 1.05
      vertex 39.3541 32.1329 1.6
    endloop
  endfacet
  facet normal 0.915081 -0.403269 0
    outer loop
      vertex 39.3541 32.1329 1.05
      vertex 39.0892 31.5318 1.6
      vertex 39.0892 31.5318 1.05
    endloop
  endfacet
  facet normal 0.815034 -0.579414 0
    outer loop
      vertex 38.7555 31.0624 1.6
      vertex 39.0892 31.5318 1.05
      vertex 39.0892 31.5318 1.6
    endloop
  endfacet
  facet normal 0.815034 -0.579414 0
    outer loop
      vertex 39.0892 31.5318 1.05
      vertex 38.7555 31.0624 1.6
      vertex 38.7555 31.0624 1.05
    endloop
  endfacet
  facet normal 0.64371 -0.76527 0
    outer loop
      vertex 38.357 30.7272 1.05
      vertex 38.7555 31.0624 1.6
      vertex 38.357 30.7272 1.6
    endloop
  endfacet
  facet normal 0.64371 -0.76527 0
    outer loop
      vertex 38.7555 31.0624 1.6
      vertex 38.357 30.7272 1.05
      vertex 38.7555 31.0624 1.05
    endloop
  endfacet
  facet normal 0.39848 -0.917177 0
    outer loop
      vertex 37.8939 30.526 1.05
      vertex 38.357 30.7272 1.6
      vertex 37.8939 30.526 1.6
    endloop
  endfacet
  facet normal 0.39848 -0.917177 0
    outer loop
      vertex 38.357 30.7272 1.6
      vertex 37.8939 30.526 1.05
      vertex 38.357 30.7272 1.05
    endloop
  endfacet
  facet normal 0.125931 -0.992039 0
    outer loop
      vertex 37.3661 30.459 1.05
      vertex 37.8939 30.526 1.6
      vertex 37.3661 30.459 1.6
    endloop
  endfacet
  facet normal 0.125931 -0.992039 0
    outer loop
      vertex 37.8939 30.526 1.6
      vertex 37.3661 30.459 1.05
      vertex 37.8939 30.526 1.05
    endloop
  endfacet
  facet normal -0.141786 -0.989897 0
    outer loop
      vertex 36.7573 30.5462 1.05
      vertex 37.3661 30.459 1.6
      vertex 36.7573 30.5462 1.6
    endloop
  endfacet
  facet normal -0.141786 -0.989897 -0
    outer loop
      vertex 37.3661 30.459 1.6
      vertex 36.7573 30.5462 1.05
      vertex 37.3661 30.459 1.05
    endloop
  endfacet
  facet normal -0.472828 -0.881155 0
    outer loop
      vertex 36.2696 30.8079 1.05
      vertex 36.7573 30.5462 1.6
      vertex 36.2696 30.8079 1.6
    endloop
  endfacet
  facet normal -0.472828 -0.881155 -0
    outer loop
      vertex 36.7573 30.5462 1.6
      vertex 36.2696 30.8079 1.05
      vertex 36.7573 30.5462 1.05
    endloop
  endfacet
  facet normal -0.76538 -0.643579 0
    outer loop
      vertex 36.2696 30.8079 1.05
      vertex 35.9029 31.244 1.6
      vertex 35.9029 31.244 1.05
    endloop
  endfacet
  facet normal -0.76538 -0.643579 0
    outer loop
      vertex 35.9029 31.244 1.6
      vertex 36.2696 30.8079 1.05
      vertex 36.2696 30.8079 1.6
    endloop
  endfacet
  facet normal -0.927762 -0.373171 0
    outer loop
      vertex 35.9029 31.244 1.05
      vertex 35.6573 31.8546 1.6
      vertex 35.6573 31.8546 1.05
    endloop
  endfacet
  facet normal -0.927762 -0.373171 0
    outer loop
      vertex 35.6573 31.8546 1.6
      vertex 35.9029 31.244 1.05
      vertex 35.9029 31.244 1.6
    endloop
  endfacet
  facet normal 0.13876 -0.990326 0
    outer loop
      vertex 33.1508 31.5034 1.05
      vertex 35.6573 31.8546 1.6
      vertex 33.1508 31.5034 1.6
    endloop
  endfacet
  facet normal 0.13876 -0.990326 0
    outer loop
      vertex 35.6573 31.8546 1.6
      vertex 33.1508 31.5034 1.05
      vertex 35.6573 31.8546 1.05
    endloop
  endfacet
  facet normal 0.95181 0.306689 0
    outer loop
      vertex 33.3962 30.7418 1.6
      vertex 33.1508 31.5034 1.05
      vertex 33.1508 31.5034 1.6
    endloop
  endfacet
  facet normal 0.95181 0.306689 0
    outer loop
      vertex 33.1508 31.5034 1.05
      vertex 33.3962 30.7418 1.6
      vertex 33.3962 30.7418 1.05
    endloop
  endfacet
  facet normal 0.898525 0.438923 0
    outer loop
      vertex 33.7146 30.09 1.6
      vertex 33.3962 30.7418 1.05
      vertex 33.3962 30.7418 1.6
    endloop
  endfacet
  facet normal 0.898525 0.438923 0
    outer loop
      vertex 33.3962 30.7418 1.05
      vertex 33.7146 30.09 1.6
      vertex 33.7146 30.09 1.05
    endloop
  endfacet
  facet normal 0.810833 0.585278 0
    outer loop
      vertex 34.1059 29.5479 1.6
      vertex 33.7146 30.09 1.05
      vertex 33.7146 30.09 1.6
    endloop
  endfacet
  facet normal 0.810833 0.585278 0
    outer loop
      vertex 33.7146 30.09 1.05
      vertex 34.1059 29.5479 1.6
      vertex 34.1059 29.5479 1.05
    endloop
  endfacet
  facet normal 0.681352 0.731956 -0
    outer loop
      vertex 34.5702 29.1157 1.05
      vertex 34.1059 29.5479 1.6
      vertex 34.5702 29.1157 1.6
    endloop
  endfacet
  facet normal 0.681352 0.731956 0
    outer loop
      vertex 34.1059 29.5479 1.6
      vertex 34.5702 29.1157 1.05
      vertex 34.1059 29.5479 1.05
    endloop
  endfacet
  facet normal 0.515759 0.856734 -0
    outer loop
      vertex 35.1187 28.7855 1.05
      vertex 34.5702 29.1157 1.6
      vertex 35.1187 28.7855 1.6
    endloop
  endfacet
  facet normal 0.515759 0.856734 0
    outer loop
      vertex 34.5702 29.1157 1.6
      vertex 35.1187 28.7855 1.05
      vertex 34.5702 29.1157 1.05
    endloop
  endfacet
  facet normal 0.343908 0.939003 -0
    outer loop
      vertex 35.7628 28.5496 1.05
      vertex 35.1187 28.7855 1.6
      vertex 35.7628 28.5496 1.6
    endloop
  endfacet
  facet normal 0.343908 0.939003 0
    outer loop
      vertex 35.1187 28.7855 1.6
      vertex 35.7628 28.5496 1.05
      vertex 35.1187 28.7855 1.05
    endloop
  endfacet
  facet normal 0.187911 0.982186 -0
    outer loop
      vertex 36.5024 28.4081 1.05
      vertex 35.7628 28.5496 1.6
      vertex 36.5024 28.4081 1.6
    endloop
  endfacet
  facet normal 0.187911 0.982186 0
    outer loop
      vertex 35.7628 28.5496 1.6
      vertex 36.5024 28.4081 1.05
      vertex 35.7628 28.5496 1.05
    endloop
  endfacet
  facet normal 0.0564301 0.998407 -0
    outer loop
      vertex 37.3375 28.3609 1.05
      vertex 36.5024 28.4081 1.6
      vertex 37.3375 28.3609 1.6
    endloop
  endfacet
  facet normal 0.0564301 0.998407 0
    outer loop
      vertex 36.5024 28.4081 1.6
      vertex 37.3375 28.3609 1.05
      vertex 36.5024 28.4081 1.05
    endloop
  endfacet
  facet normal -0.0974069 0.995245 0
    outer loop
      vertex 38.4655 28.4713 1.05
      vertex 37.3375 28.3609 1.6
      vertex 38.4655 28.4713 1.6
    endloop
  endfacet
  facet normal -0.0974069 0.995245 0
    outer loop
      vertex 37.3375 28.3609 1.6
      vertex 38.4655 28.4713 1.05
      vertex 37.3375 28.3609 1.05
    endloop
  endfacet
  facet normal -0.316455 -0.948608 0
    outer loop
      vertex 36.7252 35.3447 1.05
      vertex 37.1014 35.2192 1.6
      vertex 36.7252 35.3447 1.6
    endloop
  endfacet
  facet normal -0.316455 -0.948608 -0
    outer loop
      vertex 37.1014 35.2192 1.6
      vertex 36.7252 35.3447 1.05
      vertex 37.1014 35.2192 1.05
    endloop
  endfacet
  facet normal -0.53961 -0.841915 0
    outer loop
      vertex 36.3988 35.5539 1.05
      vertex 36.7252 35.3447 1.6
      vertex 36.3988 35.5539 1.6
    endloop
  endfacet
  facet normal -0.53961 -0.841915 -0
    outer loop
      vertex 36.7252 35.3447 1.6
      vertex 36.3988 35.5539 1.05
      vertex 36.7252 35.3447 1.05
    endloop
  endfacet
  facet normal -0.727054 -0.68658 0
    outer loop
      vertex 36.3988 35.5539 1.05
      vertex 36.1223 35.8467 1.6
      vertex 36.1223 35.8467 1.05
    endloop
  endfacet
  facet normal -0.727054 -0.68658 0
    outer loop
      vertex 36.1223 35.8467 1.6
      vertex 36.3988 35.5539 1.05
      vertex 36.3988 35.5539 1.6
    endloop
  endfacet
  facet normal -0.854649 -0.519206 0
    outer loop
      vertex 36.1223 35.8467 1.05
      vertex 35.9022 36.209 1.6
      vertex 35.9022 36.209 1.05
    endloop
  endfacet
  facet normal -0.854649 -0.519206 0
    outer loop
      vertex 35.9022 36.209 1.6
      vertex 36.1223 35.8467 1.05
      vertex 36.1223 35.8467 1.6
    endloop
  endfacet
  facet normal -0.935831 -0.35245 0
    outer loop
      vertex 35.9022 36.209 1.05
      vertex 35.745 36.6264 1.6
      vertex 35.745 36.6264 1.05
    endloop
  endfacet
  facet normal -0.935831 -0.35245 0
    outer loop
      vertex 35.745 36.6264 1.6
      vertex 35.9022 36.209 1.05
      vertex 35.9022 36.209 1.6
    endloop
  endfacet
  facet normal -0.980629 -0.195877 0
    outer loop
      vertex 35.745 36.6264 1.05
      vertex 35.6506 37.099 1.6
      vertex 35.6506 37.099 1.05
    endloop
  endfacet
  facet normal -0.980629 -0.195877 0
    outer loop
      vertex 35.6506 37.099 1.6
      vertex 35.745 36.6264 1.05
      vertex 35.745 36.6264 1.6
    endloop
  endfacet
  facet normal -0.998235 -0.0593872 0
    outer loop
      vertex 35.6506 37.099 1.05
      vertex 35.6192 37.6268 1.6
      vertex 35.6192 37.6268 1.05
    endloop
  endfacet
  facet normal -0.998235 -0.0593872 0
    outer loop
      vertex 35.6192 37.6268 1.6
      vertex 35.6506 37.099 1.05
      vertex 35.6506 37.099 1.6
    endloop
  endfacet
  facet normal -0.998245 0.0592258 0
    outer loop
      vertex 35.6192 37.6268 1.05
      vertex 35.6509 38.1611 1.6
      vertex 35.6509 38.1611 1.05
    endloop
  endfacet
  facet normal -0.998245 0.0592258 0
    outer loop
      vertex 35.6509 38.1611 1.6
      vertex 35.6192 37.6268 1.05
      vertex 35.6192 37.6268 1.6
    endloop
  endfacet
  facet normal -0.980309 0.197471 0
    outer loop
      vertex 35.6509 38.1611 1.05
      vertex 35.7462 38.6342 1.6
      vertex 35.7462 38.6342 1.05
    endloop
  endfacet
  facet normal -0.980309 0.197471 0
    outer loop
      vertex 35.7462 38.6342 1.6
      vertex 35.6509 38.1611 1.05
      vertex 35.6509 38.1611 1.6
    endloop
  endfacet
  facet normal -0.933194 0.359374 0
    outer loop
      vertex 35.7462 38.6342 1.05
      vertex 35.9049 39.0463 1.6
      vertex 35.9049 39.0463 1.05
    endloop
  endfacet
  facet normal -0.933194 0.359374 0
    outer loop
      vertex 35.9049 39.0463 1.6
      vertex 35.7462 38.6342 1.05
      vertex 35.7462 38.6342 1.6
    endloop
  endfacet
  facet normal -0.844859 0.534989 0
    outer loop
      vertex 35.9049 39.0463 1.05
      vertex 36.1271 39.3972 1.6
      vertex 36.1271 39.3972 1.05
    endloop
  endfacet
  facet normal -0.844859 0.534989 0
    outer loop
      vertex 36.1271 39.3972 1.6
      vertex 35.9049 39.0463 1.05
      vertex 35.9049 39.0463 1.6
    endloop
  endfacet
  facet normal -0.711025 0.703167 0
    outer loop
      vertex 36.1271 39.3972 1.05
      vertex 36.4045 39.6777 1.6
      vertex 36.4045 39.6777 1.05
    endloop
  endfacet
  facet normal -0.711025 0.703167 0
    outer loop
      vertex 36.4045 39.6777 1.6
      vertex 36.1271 39.3972 1.05
      vertex 36.1271 39.3972 1.6
    endloop
  endfacet
  facet normal -0.525297 0.850919 0
    outer loop
      vertex 36.7288 39.8779 1.05
      vertex 36.4045 39.6777 1.6
      vertex 36.7288 39.8779 1.6
    endloop
  endfacet
  facet normal -0.525297 0.850919 0
    outer loop
      vertex 36.4045 39.6777 1.6
      vertex 36.7288 39.8779 1.05
      vertex 36.4045 39.6777 1.05
    endloop
  endfacet
  facet normal -0.308066 0.951365 0
    outer loop
      vertex 37.1 39.9981 1.05
      vertex 36.7288 39.8779 1.6
      vertex 37.1 39.9981 1.6
    endloop
  endfacet
  facet normal -0.308066 0.951365 0
    outer loop
      vertex 36.7288 39.8779 1.6
      vertex 37.1 39.9981 1.05
      vertex 36.7288 39.8779 1.05
    endloop
  endfacet
  facet normal -0.0954946 0.99543 0
    outer loop
      vertex 37.518 40.0382 1.05
      vertex 37.1 39.9981 1.6
      vertex 37.518 40.0382 1.6
    endloop
  endfacet
  facet normal -0.0954946 0.99543 0
    outer loop
      vertex 37.1 39.9981 1.6
      vertex 37.518 40.0382 1.05
      vertex 37.1 39.9981 1.05
    endloop
  endfacet
  facet normal 0.106689 0.994292 -0
    outer loop
      vertex 37.9467 39.9922 1.05
      vertex 37.518 40.0382 1.6
      vertex 37.9467 39.9922 1.6
    endloop
  endfacet
  facet normal 0.106689 0.994292 0
    outer loop
      vertex 37.518 40.0382 1.6
      vertex 37.9467 39.9922 1.05
      vertex 37.518 40.0382 1.05
    endloop
  endfacet
  facet normal 0.338043 0.941131 -0
    outer loop
      vertex 38.3309 39.8542 1.05
      vertex 37.9467 39.9922 1.6
      vertex 38.3309 39.8542 1.6
    endloop
  endfacet
  facet normal 0.338043 0.941131 0
    outer loop
      vertex 37.9467 39.9922 1.6
      vertex 38.3309 39.8542 1.05
      vertex 37.9467 39.9922 1.05
    endloop
  endfacet
  facet normal 0.560649 0.828054 -0
    outer loop
      vertex 38.6706 39.6242 1.05
      vertex 38.3309 39.8542 1.6
      vertex 38.6706 39.6242 1.6
    endloop
  endfacet
  facet normal 0.560649 0.828054 0
    outer loop
      vertex 38.3309 39.8542 1.6
      vertex 38.6706 39.6242 1.05
      vertex 38.3309 39.8542 1.05
    endloop
  endfacet
  facet normal 0.737126 0.675756 0
    outer loop
      vertex 38.9657 39.3023 1.6
      vertex 38.6706 39.6242 1.05
      vertex 38.6706 39.6242 1.6
    endloop
  endfacet
  facet normal 0.737126 0.675756 0
    outer loop
      vertex 38.6706 39.6242 1.05
      vertex 38.9657 39.3023 1.6
      vertex 38.9657 39.3023 1.05
    endloop
  endfacet
  facet normal 0.858307 0.513137 0
    outer loop
      vertex 39.2046 38.9027 1.6
      vertex 38.9657 39.3023 1.05
      vertex 38.9657 39.3023 1.6
    endloop
  endfacet
  facet normal 0.858307 0.513137 0
    outer loop
      vertex 38.9657 39.3023 1.05
      vertex 39.2046 38.9027 1.6
      vertex 39.2046 38.9027 1.05
    endloop
  endfacet
  facet normal 0.938419 0.345499 0
    outer loop
      vertex 39.3751 38.4396 1.6
      vertex 39.2046 38.9027 1.05
      vertex 39.2046 38.9027 1.6
    endloop
  endfacet
  facet normal 0.938419 0.345499 0
    outer loop
      vertex 39.2046 38.9027 1.05
      vertex 39.3751 38.4396 1.6
      vertex 39.3751 38.4396 1.05
    endloop
  endfacet
  facet normal 0.981607 0.190915 0
    outer loop
      vertex 39.4775 37.9131 1.6
      vertex 39.3751 38.4396 1.05
      vertex 39.3751 38.4396 1.6
    endloop
  endfacet
  facet normal 0.981607 0.190915 0
    outer loop
      vertex 39.3751 38.4396 1.05
      vertex 39.4775 37.9131 1.6
      vertex 39.4775 37.9131 1.05
    endloop
  endfacet
  facet normal 0.998335 0.0576906 0
    outer loop
      vertex 39.5116 37.323 1.6
      vertex 39.4775 37.9131 1.05
      vertex 39.4775 37.9131 1.6
    endloop
  endfacet
  facet normal 0.998335 0.0576906 0
    outer loop
      vertex 39.4775 37.9131 1.05
      vertex 39.5116 37.323 1.6
      vertex 39.5116 37.323 1.05
    endloop
  endfacet
  facet normal 0.997122 -0.0758096 0
    outer loop
      vertex 39.4763 36.8587 1.6
      vertex 39.5116 37.323 1.05
      vertex 39.5116 37.323 1.6
    endloop
  endfacet
  facet normal 0.997122 -0.0758096 0
    outer loop
      vertex 39.5116 37.323 1.05
      vertex 39.4763 36.8587 1.6
      vertex 39.4763 36.8587 1.05
    endloop
  endfacet
  facet normal 0.968964 -0.247201 0
    outer loop
      vertex 39.3704 36.4436 1.6
      vertex 39.4763 36.8587 1.05
      vertex 39.4763 36.8587 1.6
    endloop
  endfacet
  facet normal 0.968964 -0.247201 0
    outer loop
      vertex 39.4763 36.8587 1.05
      vertex 39.3704 36.4436 1.6
      vertex 39.3704 36.4436 1.05
    endloop
  endfacet
  facet normal 0.900545 -0.434763 0
    outer loop
      vertex 39.1938 36.0778 1.6
      vertex 39.3704 36.4436 1.05
      vertex 39.3704 36.4436 1.6
    endloop
  endfacet
  facet normal 0.900545 -0.434763 0
    outer loop
      vertex 39.3704 36.4436 1.05
      vertex 39.1938 36.0778 1.6
      vertex 39.1938 36.0778 1.05
    endloop
  endfacet
  facet normal 0.788319 -0.615267 0
    outer loop
      vertex 38.9467 35.7612 1.6
      vertex 39.1938 36.0778 1.05
      vertex 39.1938 36.0778 1.6
    endloop
  endfacet
  facet normal 0.788319 -0.615267 0
    outer loop
      vertex 39.1938 36.0778 1.05
      vertex 38.9467 35.7612 1.6
      vertex 38.9467 35.7612 1.05
    endloop
  endfacet
  facet normal 0.647759 -0.761845 0
    outer loop
      vertex 38.6462 35.5057 1.05
      vertex 38.9467 35.7612 1.6
      vertex 38.6462 35.5057 1.6
    endloop
  endfacet
  facet normal 0.647759 -0.761845 0
    outer loop
      vertex 38.9467 35.7612 1.6
      vertex 38.6462 35.5057 1.05
      vertex 38.9467 35.7612 1.05
    endloop
  endfacet
  facet normal 0.476325 -0.879269 0
    outer loop
      vertex 38.3095 35.3233 1.05
      vertex 38.6462 35.5057 1.6
      vertex 38.3095 35.3233 1.6
    endloop
  endfacet
  facet normal 0.476325 -0.879269 0
    outer loop
      vertex 38.6462 35.5057 1.6
      vertex 38.3095 35.3233 1.05
      vertex 38.6462 35.5057 1.05
    endloop
  endfacet
  facet normal 0.281748 -0.959488 0
    outer loop
      vertex 37.9366 35.2138 1.05
      vertex 38.3095 35.3233 1.6
      vertex 37.9366 35.2138 1.6
    endloop
  endfacet
  facet normal 0.281748 -0.959488 0
    outer loop
      vertex 38.3095 35.3233 1.6
      vertex 37.9366 35.2138 1.05
      vertex 38.3095 35.3233 1.05
    endloop
  endfacet
  facet normal 0.0886257 -0.996065 0
    outer loop
      vertex 37.5275 35.1774 1.05
      vertex 37.9366 35.2138 1.6
      vertex 37.5275 35.1774 1.6
    endloop
  endfacet
  facet normal 0.0886257 -0.996065 0
    outer loop
      vertex 37.9366 35.2138 1.6
      vertex 37.5275 35.1774 1.05
      vertex 37.9366 35.2138 1.05
    endloop
  endfacet
  facet normal -0.0976304 -0.995223 0
    outer loop
      vertex 37.1014 35.2192 1.05
      vertex 37.5275 35.1774 1.6
      vertex 37.1014 35.2192 1.6
    endloop
  endfacet
  facet normal -0.0976304 -0.995223 -0
    outer loop
      vertex 37.5275 35.1774 1.6
      vertex 37.1014 35.2192 1.05
      vertex 37.5275 35.1774 1.05
    endloop
  endfacet
  facet normal -0.316744 0.948511 0
    outer loop
      vertex 50.0176 28.8024 1.05
      vertex 49.0261 28.4713 1.6
      vertex 50.0176 28.8024 1.6
    endloop
  endfacet
  facet normal -0.316744 0.948511 0
    outer loop
      vertex 49.0261 28.4713 1.6
      vertex 50.0176 28.8024 1.05
      vertex 49.0261 28.4713 1.05
    endloop
  endfacet
  facet normal -0.542257 0.840213 0
    outer loop
      vertex 50.8726 29.3542 1.05
      vertex 50.0176 28.8024 1.6
      vertex 50.8726 29.3542 1.6
    endloop
  endfacet
  facet normal -0.542257 0.840213 0
    outer loop
      vertex 50.0176 28.8024 1.6
      vertex 50.8726 29.3542 1.05
      vertex 50.0176 28.8024 1.05
    endloop
  endfacet
  facet normal -0.732189 0.681102 0
    outer loop
      vertex 50.8726 29.3542 1.05
      vertex 51.5912 30.1267 1.6
      vertex 51.5912 30.1267 1.05
    endloop
  endfacet
  facet normal -0.732189 0.681102 0
    outer loop
      vertex 51.5912 30.1267 1.6
      vertex 50.8726 29.3542 1.05
      vertex 50.8726 29.3542 1.6
    endloop
  endfacet
  facet normal -0.868104 0.496383 0
    outer loop
      vertex 51.5912 30.1267 1.05
      vertex 52.1602 31.1218 1.6
      vertex 52.1602 31.1218 1.05
    endloop
  endfacet
  facet normal -0.868104 0.496383 0
    outer loop
      vertex 52.1602 31.1218 1.6
      vertex 51.5912 30.1267 1.05
      vertex 51.5912 30.1267 1.6
    endloop
  endfacet
  facet normal -0.948668 0.316274 0
    outer loop
      vertex 52.1602 31.1218 1.05
      vertex 52.5667 32.3411 1.6
      vertex 52.5667 32.3411 1.05
    endloop
  endfacet
  facet normal -0.948668 0.316274 0
    outer loop
      vertex 52.5667 32.3411 1.6
      vertex 52.1602 31.1218 1.05
      vertex 52.1602 31.1218 1.6
    endloop
  endfacet
  facet normal -0.986028 0.16658 0
    outer loop
      vertex 52.5667 32.3411 1.05
      vertex 52.8106 33.7848 1.6
      vertex 52.8106 33.7848 1.05
    endloop
  endfacet
  facet normal -0.986028 0.16658 0
    outer loop
      vertex 52.8106 33.7848 1.6
      vertex 52.5667 32.3411 1.05
      vertex 52.5667 32.3411 1.6
    endloop
  endfacet
  facet normal -0.998814 0.0486861 0
    outer loop
      vertex 52.8106 33.7848 1.05
      vertex 52.8919 35.4527 1.6
      vertex 52.8919 35.4527 1.05
    endloop
  endfacet
  facet normal -0.998814 0.0486861 0
    outer loop
      vertex 52.8919 35.4527 1.6
      vertex 52.8106 33.7848 1.05
      vertex 52.8106 33.7848 1.6
    endloop
  endfacet
  facet normal -0.998907 -0.04675 0
    outer loop
      vertex 52.8919 35.4527 1.05
      vertex 52.8186 37.0189 1.6
      vertex 52.8186 37.0189 1.05
    endloop
  endfacet
  facet normal -0.998907 -0.04675 0
    outer loop
      vertex 52.8186 37.0189 1.6
      vertex 52.8919 35.4527 1.05
      vertex 52.8919 35.4527 1.6
    endloop
  endfacet
  facet normal -0.987129 -0.159926 0
    outer loop
      vertex 52.8186 37.0189 1.05
      vertex 52.5988 38.3756 1.6
      vertex 52.5988 38.3756 1.05
    endloop
  endfacet
  facet normal -0.987129 -0.159926 0
    outer loop
      vertex 52.5988 38.3756 1.6
      vertex 52.8186 37.0189 1.05
      vertex 52.8186 37.0189 1.6
    endloop
  endfacet
  facet normal -0.952601 -0.304221 0
    outer loop
      vertex 52.5988 38.3756 1.05
      vertex 52.2324 39.5229 1.6
      vertex 52.2324 39.5229 1.05
    endloop
  endfacet
  facet normal -0.952601 -0.304221 0
    outer loop
      vertex 52.2324 39.5229 1.6
      vertex 52.5988 38.3756 1.05
      vertex 52.5988 38.3756 1.6
    endloop
  endfacet
  facet normal -0.877316 -0.479914 0
    outer loop
      vertex 52.2324 39.5229 1.05
      vertex 51.7194 40.4607 1.6
      vertex 51.7194 40.4607 1.05
    endloop
  endfacet
  facet normal -0.877316 -0.479914 0
    outer loop
      vertex 51.7194 40.4607 1.6
      vertex 52.2324 39.5229 1.05
      vertex 52.2324 39.5229 1.6
    endloop
  endfacet
  facet normal -0.739706 -0.67293 0
    outer loop
      vertex 51.7194 40.4607 1.05
      vertex 51.0563 41.1896 1.6
      vertex 51.0563 41.1896 1.05
    endloop
  endfacet
  facet normal -0.739706 -0.67293 0
    outer loop
      vertex 51.0563 41.1896 1.6
      vertex 51.7194 40.4607 1.05
      vertex 51.7194 40.4607 1.6
    endloop
  endfacet
  facet normal -0.53755 -0.843232 0
    outer loop
      vertex 50.2395 41.7103 1.05
      vertex 51.0563 41.1896 1.6
      vertex 50.2395 41.7103 1.6
    endloop
  endfacet
  facet normal -0.53755 -0.843232 -0
    outer loop
      vertex 51.0563 41.1896 1.6
      vertex 50.2395 41.7103 1.05
      vertex 51.0563 41.1896 1.05
    endloop
  endfacet
  facet normal -0.306441 -0.95189 0
    outer loop
      vertex 49.2691 42.0227 1.05
      vertex 50.2395 41.7103 1.6
      vertex 49.2691 42.0227 1.6
    endloop
  endfacet
  facet normal -0.306441 -0.95189 -0
    outer loop
      vertex 50.2395 41.7103 1.6
      vertex 49.2691 42.0227 1.05
      vertex 50.2395 41.7103 1.05
    endloop
  endfacet
  facet normal -0.0922047 -0.99574 0
    outer loop
      vertex 48.1449 42.1268 1.05
      vertex 49.2691 42.0227 1.6
      vertex 48.1449 42.1268 1.6
    endloop
  endfacet
  facet normal -0.0922047 -0.99574 -0
    outer loop
      vertex 49.2691 42.0227 1.6
      vertex 48.1449 42.1268 1.05
      vertex 49.2691 42.0227 1.05
    endloop
  endfacet
  facet normal 0.0702432 -0.99753 0
    outer loop
      vertex 47.0926 42.0527 1.05
      vertex 48.1449 42.1268 1.6
      vertex 47.0926 42.0527 1.6
    endloop
  endfacet
  facet normal 0.0702432 -0.99753 0
    outer loop
      vertex 48.1449 42.1268 1.6
      vertex 47.0926 42.0527 1.05
      vertex 48.1449 42.1268 1.05
    endloop
  endfacet
  facet normal 0.233754 -0.972296 0
    outer loop
      vertex 46.1667 41.8301 1.05
      vertex 47.0926 42.0527 1.6
      vertex 46.1667 41.8301 1.6
    endloop
  endfacet
  facet normal 0.233754 -0.972296 0
    outer loop
      vertex 47.0926 42.0527 1.6
      vertex 46.1667 41.8301 1.05
      vertex 47.0926 42.0527 1.05
    endloop
  endfacet
  facet normal 0.420741 -0.907181 0
    outer loop
      vertex 45.3672 41.4593 1.05
      vertex 46.1667 41.8301 1.6
      vertex 45.3672 41.4593 1.6
    endloop
  endfacet
  facet normal 0.420741 -0.907181 0
    outer loop
      vertex 46.1667 41.8301 1.6
      vertex 45.3672 41.4593 1.05
      vertex 46.1667 41.8301 1.05
    endloop
  endfacet
  facet normal 0.610841 -0.791753 0
    outer loop
      vertex 44.6941 40.94 1.05
      vertex 45.3672 41.4593 1.6
      vertex 44.6941 40.94 1.6
    endloop
  endfacet
  facet normal 0.610841 -0.791753 0
    outer loop
      vertex 45.3672 41.4593 1.6
      vertex 44.6941 40.94 1.05
      vertex 45.3672 41.4593 1.05
    endloop
  endfacet
  facet normal 0.773184 -0.634182 0
    outer loop
      vertex 44.1603 40.2892 1.6
      vertex 44.6941 40.94 1.05
      vertex 44.6941 40.94 1.6
    endloop
  endfacet
  facet normal 0.773184 -0.634182 0
    outer loop
      vertex 44.6941 40.94 1.05
      vertex 44.1603 40.2892 1.6
      vertex 44.1603 40.2892 1.05
    endloop
  endfacet
  facet normal 0.89529 -0.445483 0
    outer loop
      vertex 43.7791 39.5231 1.6
      vertex 44.1603 40.2892 1.05
      vertex 44.1603 40.2892 1.6
    endloop
  endfacet
  facet normal 0.89529 -0.445483 0
    outer loop
      vertex 44.1603 40.2892 1.05
      vertex 43.7791 39.5231 1.6
      vertex 43.7791 39.5231 1.05
    endloop
  endfacet
  facet normal 0.967899 -0.25134 0
    outer loop
      vertex 43.5503 38.642 1.6
      vertex 43.7791 39.5231 1.05
      vertex 43.7791 39.5231 1.6
    endloop
  endfacet
  facet normal 0.967899 -0.25134 0
    outer loop
      vertex 43.7791 39.5231 1.05
      vertex 43.5503 38.642 1.6
      vertex 43.5503 38.642 1.05
    endloop
  endfacet
  facet normal 0.997088 -0.0762603 0
    outer loop
      vertex 43.4741 37.6457 1.6
      vertex 43.5503 38.642 1.05
      vertex 43.5503 38.642 1.6
    endloop
  endfacet
  facet normal 0.997088 -0.0762603 0
    outer loop
      vertex 43.5503 38.642 1.05
      vertex 43.4741 37.6457 1.6
      vertex 43.4741 37.6457 1.05
    endloop
  endfacet
  facet normal 0.997772 0.0667097 0
    outer loop
      vertex 43.5391 36.6735 1.6
      vertex 43.4741 37.6457 1.05
      vertex 43.4741 37.6457 1.6
    endloop
  endfacet
  facet normal 0.997772 0.0667097 0
    outer loop
      vertex 43.4741 37.6457 1.05
      vertex 43.5391 36.6735 1.6
      vertex 43.5391 36.6735 1.05
    endloop
  endfacet
  facet normal 0.975598 0.219566 0
    outer loop
      vertex 43.734 35.8075 1.6
      vertex 43.5391 36.6735 1.05
      vertex 43.5391 36.6735 1.6
    endloop
  endfacet
  facet normal 0.975598 0.219566 0
    outer loop
      vertex 43.5391 36.6735 1.05
      vertex 43.734 35.8075 1.6
      vertex 43.734 35.8075 1.05
    endloop
  endfacet
  facet normal 0.919508 0.393072 0
    outer loop
      vertex 44.0588 35.0477 1.6
      vertex 43.734 35.8075 1.05
      vertex 43.734 35.8075 1.6
    endloop
  endfacet
  facet normal 0.919508 0.393072 0
    outer loop
      vertex 43.734 35.8075 1.05
      vertex 44.0588 35.0477 1.6
      vertex 44.0588 35.0477 1.05
    endloop
  endfacet
  facet normal 0.820834 0.571168 0
    outer loop
      vertex 44.5136 34.3941 1.6
      vertex 44.0588 35.0477 1.05
      vertex 44.0588 35.0477 1.6
    endloop
  endfacet
  facet normal 0.820834 0.571168 0
    outer loop
      vertex 44.0588 35.0477 1.05
      vertex 44.5136 34.3941 1.6
      vertex 44.5136 34.3941 1.05
    endloop
  endfacet
  facet normal 0.680849 0.732424 -0
    outer loop
      vertex 45.0788 33.8687 1.05
      vertex 44.5136 34.3941 1.6
      vertex 45.0788 33.8687 1.6
    endloop
  endfacet
  facet normal 0.680849 0.732424 0
    outer loop
      vertex 44.5136 34.3941 1.6
      vertex 45.0788 33.8687 1.05
      vertex 44.5136 34.3941 1.05
    endloop
  endfacet
  facet normal 0.496581 0.867991 -0
    outer loop
      vertex 45.7348 33.4934 1.05
      vertex 45.0788 33.8687 1.6
      vertex 45.7348 33.4934 1.6
    endloop
  endfacet
  facet normal 0.496581 0.867991 0
    outer loop
      vertex 45.0788 33.8687 1.6
      vertex 45.7348 33.4934 1.05
      vertex 45.0788 33.8687 1.05
    endloop
  endfacet
  facet normal 0.288747 0.957405 -0
    outer loop
      vertex 46.4815 33.2682 1.05
      vertex 45.7348 33.4934 1.6
      vertex 46.4815 33.2682 1.6
    endloop
  endfacet
  facet normal 0.288747 0.957405 0
    outer loop
      vertex 45.7348 33.4934 1.6
      vertex 46.4815 33.2682 1.05
      vertex 45.7348 33.4934 1.05
    endloop
  endfacet
  facet normal 0.0891847 0.996015 -0
    outer loop
      vertex 47.3191 33.1932 1.05
      vertex 46.4815 33.2682 1.6
      vertex 47.3191 33.1932 1.6
    endloop
  endfacet
  facet normal 0.0891847 0.996015 0
    outer loop
      vertex 46.4815 33.2682 1.6
      vertex 47.3191 33.1932 1.05
      vertex 46.4815 33.2682 1.05
    endloop
  endfacet
  facet normal -0.0539291 0.998545 0
    outer loop
      vertex 47.7857 33.2184 1.05
      vertex 47.3191 33.1932 1.6
      vertex 47.7857 33.2184 1.6
    endloop
  endfacet
  facet normal -0.0539291 0.998545 0
    outer loop
      vertex 47.3191 33.1932 1.6
      vertex 47.7857 33.2184 1.05
      vertex 47.3191 33.1932 1.05
    endloop
  endfacet
  facet normal -0.165428 0.986222 0
    outer loop
      vertex 48.2364 33.294 1.05
      vertex 47.7857 33.2184 1.6
      vertex 48.2364 33.294 1.6
    endloop
  endfacet
  facet normal -0.165428 0.986222 0
    outer loop
      vertex 47.7857 33.2184 1.6
      vertex 48.2364 33.294 1.05
      vertex 47.7857 33.2184 1.05
    endloop
  endfacet
  facet normal -0.278659 0.96039 0
    outer loop
      vertex 48.671 33.4201 1.05
      vertex 48.2364 33.294 1.6
      vertex 48.671 33.4201 1.6
    endloop
  endfacet
  facet normal -0.278659 0.96039 0
    outer loop
      vertex 48.2364 33.294 1.6
      vertex 48.671 33.4201 1.05
      vertex 48.2364 33.294 1.05
    endloop
  endfacet
  facet normal -0.388519 0.921441 0
    outer loop
      vertex 49.0896 33.5966 1.05
      vertex 48.671 33.4201 1.6
      vertex 49.0896 33.5966 1.6
    endloop
  endfacet
  facet normal -0.388519 0.921441 0
    outer loop
      vertex 48.671 33.4201 1.6
      vertex 49.0896 33.5966 1.05
      vertex 48.671 33.4201 1.05
    endloop
  endfacet
  facet normal -0.501036 0.865426 0
    outer loop
      vertex 49.4715 33.8177 1.05
      vertex 49.0896 33.5966 1.6
      vertex 49.4715 33.8177 1.6
    endloop
  endfacet
  facet normal -0.501036 0.865426 0
    outer loop
      vertex 49.0896 33.5966 1.6
      vertex 49.4715 33.8177 1.05
      vertex 49.0896 33.5966 1.05
    endloop
  endfacet
  facet normal -0.625047 0.780587 0
    outer loop
      vertex 49.7957 34.0773 1.05
      vertex 49.4715 33.8177 1.6
      vertex 49.7957 34.0773 1.6
    endloop
  endfacet
  facet normal -0.625047 0.780587 0
    outer loop
      vertex 49.4715 33.8177 1.6
      vertex 49.7957 34.0773 1.05
      vertex 49.4715 33.8177 1.05
    endloop
  endfacet
  facet normal -0.745267 0.666766 0
    outer loop
      vertex 49.7957 34.0773 1.05
      vertex 50.0624 34.3754 1.6
      vertex 50.0624 34.3754 1.05
    endloop
  endfacet
  facet normal -0.745267 0.666766 0
    outer loop
      vertex 50.0624 34.3754 1.6
      vertex 49.7957 34.0773 1.05
      vertex 49.7957 34.0773 1.6
    endloop
  endfacet
  facet normal -0.849582 0.527457 0
    outer loop
      vertex 50.0624 34.3754 1.05
      vertex 50.2715 34.7122 1.6
      vertex 50.2715 34.7122 1.05
    endloop
  endfacet
  facet normal -0.849582 0.527457 0
    outer loop
      vertex 50.2715 34.7122 1.6
      vertex 50.0624 34.3754 1.05
      vertex 50.0624 34.3754 1.6
    endloop
  endfacet
  facet normal 0.998925 -0.0463513 0
    outer loop
      vertex 50.2256 33.723 1.6
      vertex 50.2715 34.7122 1.05
      vertex 50.2715 34.7122 1.6
    endloop
  endfacet
  facet normal 0.998925 -0.0463513 0
    outer loop
      vertex 50.2715 34.7122 1.05
      vertex 50.2256 33.723 1.6
      vertex 50.2256 33.723 1.05
    endloop
  endfacet
  facet normal 0.990555 -0.137113 0
    outer loop
      vertex 50.1066 32.8633 1.6
      vertex 50.2256 33.723 1.05
      vertex 50.2256 33.723 1.6
    endloop
  endfacet
  facet normal 0.990555 -0.137113 0
    outer loop
      vertex 50.2256 33.723 1.05
      vertex 50.1066 32.8633 1.6
      vertex 50.1066 32.8633 1.05
    endloop
  endfacet
  facet normal 0.967176 -0.254109 0
    outer loop
      vertex 49.9147 32.1329 1.6
      vertex 50.1066 32.8633 1.05
      vertex 50.1066 32.8633 1.6
    endloop
  endfacet
  facet normal 0.967176 -0.254109 0
    outer loop
      vertex 50.1066 32.8633 1.05
      vertex 49.9147 32.1329 1.6
      vertex 49.9147 32.1329 1.05
    endloop
  endfacet
  facet normal 0.915081 -0.403269 0
    outer loop
      vertex 49.6498 31.5318 1.6
      vertex 49.9147 32.1329 1.05
      vertex 49.9147 32.1329 1.6
    endloop
  endfacet
  facet normal 0.915081 -0.403269 0
    outer loop
      vertex 49.9147 32.1329 1.05
      vertex 49.6498 31.5318 1.6
      vertex 49.6498 31.5318 1.05
    endloop
  endfacet
  facet normal 0.814952 -0.579529 0
    outer loop
      vertex 49.316 31.0624 1.6
      vertex 49.6498 31.5318 1.05
      vertex 49.6498 31.5318 1.6
    endloop
  endfacet
  facet normal 0.814952 -0.579529 0
    outer loop
      vertex 49.6498 31.5318 1.05
      vertex 49.316 31.0624 1.6
      vertex 49.316 31.0624 1.05
    endloop
  endfacet
  facet normal 0.643804 -0.76519 0
    outer loop
      vertex 48.9176 30.7272 1.05
      vertex 49.316 31.0624 1.6
      vertex 48.9176 30.7272 1.6
    endloop
  endfacet
  facet normal 0.643804 -0.76519 0
    outer loop
      vertex 49.316 31.0624 1.6
      vertex 48.9176 30.7272 1.05
      vertex 49.316 31.0624 1.05
    endloop
  endfacet
  facet normal 0.398407 -0.917209 0
    outer loop
      vertex 48.4544 30.526 1.05
      vertex 48.9176 30.7272 1.6
      vertex 48.4544 30.526 1.6
    endloop
  endfacet
  facet normal 0.398407 -0.917209 0
    outer loop
      vertex 48.9176 30.7272 1.6
      vertex 48.4544 30.526 1.05
      vertex 48.9176 30.7272 1.05
    endloop
  endfacet
  facet normal 0.125931 -0.992039 0
    outer loop
      vertex 47.9266 30.459 1.05
      vertex 48.4544 30.526 1.6
      vertex 47.9266 30.459 1.6
    endloop
  endfacet
  facet normal 0.125931 -0.992039 0
    outer loop
      vertex 48.4544 30.526 1.6
      vertex 47.9266 30.459 1.05
      vertex 48.4544 30.526 1.05
    endloop
  endfacet
  facet normal -0.141786 -0.989897 0
    outer loop
      vertex 47.3178 30.5462 1.05
      vertex 47.9266 30.459 1.6
      vertex 47.3178 30.5462 1.6
    endloop
  endfacet
  facet normal -0.141786 -0.989897 -0
    outer loop
      vertex 47.9266 30.459 1.6
      vertex 47.3178 30.5462 1.05
      vertex 47.9266 30.459 1.05
    endloop
  endfacet
  facet normal -0.472828 -0.881155 0
    outer loop
      vertex 46.8301 30.8079 1.05
      vertex 47.3178 30.5462 1.6
      vertex 46.8301 30.8079 1.6
    endloop
  endfacet
  facet normal -0.472828 -0.881155 -0
    outer loop
      vertex 47.3178 30.5462 1.6
      vertex 46.8301 30.8079 1.05
      vertex 47.3178 30.5462 1.05
    endloop
  endfacet
  facet normal -0.76538 -0.643579 0
    outer loop
      vertex 46.8301 30.8079 1.05
      vertex 46.4634 31.244 1.6
      vertex 46.4634 31.244 1.05
    endloop
  endfacet
  facet normal -0.76538 -0.643579 0
    outer loop
      vertex 46.4634 31.244 1.6
      vertex 46.8301 30.8079 1.05
      vertex 46.8301 30.8079 1.6
    endloop
  endfacet
  facet normal -0.927762 -0.373171 0
    outer loop
      vertex 46.4634 31.244 1.05
      vertex 46.2178 31.8546 1.6
      vertex 46.2178 31.8546 1.05
    endloop
  endfacet
  facet normal -0.927762 -0.373171 0
    outer loop
      vertex 46.2178 31.8546 1.6
      vertex 46.4634 31.244 1.05
      vertex 46.4634 31.244 1.6
    endloop
  endfacet
  facet normal 0.138766 -0.990325 0
    outer loop
      vertex 43.7114 31.5034 1.05
      vertex 46.2178 31.8546 1.6
      vertex 43.7114 31.5034 1.6
    endloop
  endfacet
  facet normal 0.138766 -0.990325 0
    outer loop
      vertex 46.2178 31.8546 1.6
      vertex 43.7114 31.5034 1.05
      vertex 46.2178 31.8546 1.05
    endloop
  endfacet
  facet normal 0.95181 0.306689 0
    outer loop
      vertex 43.9568 30.7418 1.6
      vertex 43.7114 31.5034 1.05
      vertex 43.7114 31.5034 1.6
    endloop
  endfacet
  facet normal 0.95181 0.306689 0
    outer loop
      vertex 43.7114 31.5034 1.05
      vertex 43.9568 30.7418 1.6
      vertex 43.9568 30.7418 1.05
    endloop
  endfacet
  facet normal 0.898579 0.438812 0
    outer loop
      vertex 44.2751 30.09 1.6
      vertex 43.9568 30.7418 1.05
      vertex 43.9568 30.7418 1.6
    endloop
  endfacet
  facet normal 0.898579 0.438812 0
    outer loop
      vertex 43.9568 30.7418 1.05
      vertex 44.2751 30.09 1.6
      vertex 44.2751 30.09 1.05
    endloop
  endfacet
  facet normal 0.810833 0.585278 0
    outer loop
      vertex 44.6664 29.5479 1.6
      vertex 44.2751 30.09 1.05
      vertex 44.2751 30.09 1.6
    endloop
  endfacet
  facet normal 0.810833 0.585278 0
    outer loop
      vertex 44.2751 30.09 1.05
      vertex 44.6664 29.5479 1.6
      vertex 44.6664 29.5479 1.05
    endloop
  endfacet
  facet normal 0.681352 0.731956 -0
    outer loop
      vertex 45.1307 29.1157 1.05
      vertex 44.6664 29.5479 1.6
      vertex 45.1307 29.1157 1.6
    endloop
  endfacet
  facet normal 0.681352 0.731956 0
    outer loop
      vertex 44.6664 29.5479 1.6
      vertex 45.1307 29.1157 1.05
      vertex 44.6664 29.5479 1.05
    endloop
  endfacet
  facet normal 0.51569 0.856776 -0
    outer loop
      vertex 45.6793 28.7855 1.05
      vertex 45.1307 29.1157 1.6
      vertex 45.6793 28.7855 1.6
    endloop
  endfacet
  facet normal 0.51569 0.856776 0
    outer loop
      vertex 45.1307 29.1157 1.6
      vertex 45.6793 28.7855 1.05
      vertex 45.1307 29.1157 1.05
    endloop
  endfacet
  facet normal 0.343955 0.938986 -0
    outer loop
      vertex 46.3233 28.5496 1.05
      vertex 45.6793 28.7855 1.6
      vertex 46.3233 28.5496 1.6
    endloop
  endfacet
  facet normal 0.343955 0.938986 0
    outer loop
      vertex 45.6793 28.7855 1.6
      vertex 46.3233 28.5496 1.05
      vertex 45.6793 28.7855 1.05
    endloop
  endfacet
  facet normal 0.187887 0.982191 -0
    outer loop
      vertex 47.063 28.4081 1.05
      vertex 46.3233 28.5496 1.6
      vertex 47.063 28.4081 1.6
    endloop
  endfacet
  facet normal 0.187887 0.982191 0
    outer loop
      vertex 46.3233 28.5496 1.6
      vertex 47.063 28.4081 1.05
      vertex 46.3233 28.5496 1.05
    endloop
  endfacet
  facet normal 0.0564301 0.998407 -0
    outer loop
      vertex 47.8981 28.3609 1.05
      vertex 47.063 28.4081 1.6
      vertex 47.8981 28.3609 1.6
    endloop
  endfacet
  facet normal 0.0564301 0.998407 0
    outer loop
      vertex 47.063 28.4081 1.6
      vertex 47.8981 28.3609 1.05
      vertex 47.063 28.4081 1.05
    endloop
  endfacet
  facet normal -0.0974069 0.995245 0
    outer loop
      vertex 49.0261 28.4713 1.05
      vertex 47.8981 28.3609 1.6
      vertex 49.0261 28.4713 1.6
    endloop
  endfacet
  facet normal -0.0974069 0.995245 0
    outer loop
      vertex 47.8981 28.3609 1.6
      vertex 49.0261 28.4713 1.05
      vertex 47.8981 28.3609 1.05
    endloop
  endfacet
  facet normal -0.316455 -0.948608 0
    outer loop
      vertex 47.2858 35.3447 1.05
      vertex 47.662 35.2192 1.6
      vertex 47.2858 35.3447 1.6
    endloop
  endfacet
  facet normal -0.316455 -0.948608 -0
    outer loop
      vertex 47.662 35.2192 1.6
      vertex 47.2858 35.3447 1.05
      vertex 47.662 35.2192 1.05
    endloop
  endfacet
  facet normal -0.53961 -0.841915 0
    outer loop
      vertex 46.9594 35.5539 1.05
      vertex 47.2858 35.3447 1.6
      vertex 46.9594 35.5539 1.6
    endloop
  endfacet
  facet normal -0.53961 -0.841915 -0
    outer loop
      vertex 47.2858 35.3447 1.6
      vertex 46.9594 35.5539 1.05
      vertex 47.2858 35.3447 1.05
    endloop
  endfacet
  facet normal -0.727054 -0.68658 0
    outer loop
      vertex 46.9594 35.5539 1.05
      vertex 46.6829 35.8467 1.6
      vertex 46.6829 35.8467 1.05
    endloop
  endfacet
  facet normal -0.727054 -0.68658 0
    outer loop
      vertex 46.6829 35.8467 1.6
      vertex 46.9594 35.5539 1.05
      vertex 46.9594 35.5539 1.6
    endloop
  endfacet
  facet normal -0.854649 -0.519206 0
    outer loop
      vertex 46.6829 35.8467 1.05
      vertex 46.4628 36.209 1.6
      vertex 46.4628 36.209 1.05
    endloop
  endfacet
  facet normal -0.854649 -0.519206 0
    outer loop
      vertex 46.4628 36.209 1.6
      vertex 46.6829 35.8467 1.05
      vertex 46.6829 35.8467 1.6
    endloop
  endfacet
  facet normal -0.935757 -0.352646 0
    outer loop
      vertex 46.4628 36.209 1.05
      vertex 46.3055 36.6264 1.6
      vertex 46.3055 36.6264 1.05
    endloop
  endfacet
  facet normal -0.935757 -0.352646 0
    outer loop
      vertex 46.3055 36.6264 1.6
      vertex 46.4628 36.209 1.05
      vertex 46.4628 36.209 1.6
    endloop
  endfacet
  facet normal -0.980668 -0.195677 0
    outer loop
      vertex 46.3055 36.6264 1.05
      vertex 46.2112 37.099 1.6
      vertex 46.2112 37.099 1.05
    endloop
  endfacet
  facet normal -0.980668 -0.195677 0
    outer loop
      vertex 46.2112 37.099 1.6
      vertex 46.3055 36.6264 1.05
      vertex 46.3055 36.6264 1.6
    endloop
  endfacet
  facet normal -0.998224 -0.0595757 0
    outer loop
      vertex 46.2112 37.099 1.05
      vertex 46.1797 37.6268 1.6
      vertex 46.1797 37.6268 1.05
    endloop
  endfacet
  facet normal -0.998224 -0.0595757 0
    outer loop
      vertex 46.1797 37.6268 1.6
      vertex 46.2112 37.099 1.05
      vertex 46.2112 37.099 1.6
    endloop
  endfacet
  facet normal -0.998234 0.059412 0
    outer loop
      vertex 46.1797 37.6268 1.05
      vertex 46.2115 38.1611 1.6
      vertex 46.2115 38.1611 1.05
    endloop
  endfacet
  facet normal -0.998234 0.059412 0
    outer loop
      vertex 46.2115 38.1611 1.6
      vertex 46.1797 37.6268 1.05
      vertex 46.1797 37.6268 1.6
    endloop
  endfacet
  facet normal -0.980349 0.197272 0
    outer loop
      vertex 46.2115 38.1611 1.05
      vertex 46.3067 38.6342 1.6
      vertex 46.3067 38.6342 1.05
    endloop
  endfacet
  facet normal -0.980349 0.197272 0
    outer loop
      vertex 46.3067 38.6342 1.6
      vertex 46.2115 38.1611 1.05
      vertex 46.2115 38.1611 1.6
    endloop
  endfacet
  facet normal -0.933194 0.359374 0
    outer loop
      vertex 46.3067 38.6342 1.05
      vertex 46.4654 39.0463 1.6
      vertex 46.4654 39.0463 1.05
    endloop
  endfacet
  facet normal -0.933194 0.359374 0
    outer loop
      vertex 46.4654 39.0463 1.6
      vertex 46.3067 38.6342 1.05
      vertex 46.3067 38.6342 1.6
    endloop
  endfacet
  facet normal -0.844859 0.534989 0
    outer loop
      vertex 46.4654 39.0463 1.05
      vertex 46.6876 39.3972 1.6
      vertex 46.6876 39.3972 1.05
    endloop
  endfacet
  facet normal -0.844859 0.534989 0
    outer loop
      vertex 46.6876 39.3972 1.6
      vertex 46.4654 39.0463 1.05
      vertex 46.4654 39.0463 1.6
    endloop
  endfacet
  facet normal -0.710898 0.703295 0
    outer loop
      vertex 46.6876 39.3972 1.05
      vertex 46.9651 39.6777 1.6
      vertex 46.9651 39.6777 1.05
    endloop
  endfacet
  facet normal -0.710898 0.703295 0
    outer loop
      vertex 46.9651 39.6777 1.6
      vertex 46.6876 39.3972 1.05
      vertex 46.6876 39.3972 1.6
    endloop
  endfacet
  facet normal -0.525415 0.850846 0
    outer loop
      vertex 47.2893 39.8779 1.05
      vertex 46.9651 39.6777 1.6
      vertex 47.2893 39.8779 1.6
    endloop
  endfacet
  facet normal -0.525415 0.850846 0
    outer loop
      vertex 46.9651 39.6777 1.6
      vertex 47.2893 39.8779 1.05
      vertex 46.9651 39.6777 1.05
    endloop
  endfacet
  facet normal -0.308066 0.951365 0
    outer loop
      vertex 47.6605 39.9981 1.05
      vertex 47.2893 39.8779 1.6
      vertex 47.6605 39.9981 1.6
    endloop
  endfacet
  facet normal -0.308066 0.951365 0
    outer loop
      vertex 47.2893 39.8779 1.6
      vertex 47.6605 39.9981 1.05
      vertex 47.2893 39.8779 1.05
    endloop
  endfacet
  facet normal -0.0954946 0.99543 0
    outer loop
      vertex 48.0785 40.0382 1.05
      vertex 47.6605 39.9981 1.6
      vertex 48.0785 40.0382 1.6
    endloop
  endfacet
  facet normal -0.0954946 0.99543 0
    outer loop
      vertex 47.6605 39.9981 1.6
      vertex 48.0785 40.0382 1.05
      vertex 47.6605 39.9981 1.05
    endloop
  endfacet
  facet normal 0.106689 0.994292 -0
    outer loop
      vertex 48.5072 39.9922 1.05
      vertex 48.0785 40.0382 1.6
      vertex 48.5072 39.9922 1.6
    endloop
  endfacet
  facet normal 0.106689 0.994292 0
    outer loop
      vertex 48.0785 40.0382 1.6
      vertex 48.5072 39.9922 1.05
      vertex 48.0785 40.0382 1.05
    endloop
  endfacet
  facet normal 0.338043 0.941131 -0
    outer loop
      vertex 48.8914 39.8542 1.05
      vertex 48.5072 39.9922 1.6
      vertex 48.8914 39.8542 1.6
    endloop
  endfacet
  facet normal 0.338043 0.941131 0
    outer loop
      vertex 48.5072 39.9922 1.6
      vertex 48.8914 39.8542 1.05
      vertex 48.5072 39.9922 1.05
    endloop
  endfacet
  facet normal 0.560649 0.828054 -0
    outer loop
      vertex 49.2311 39.6242 1.05
      vertex 48.8914 39.8542 1.6
      vertex 49.2311 39.6242 1.6
    endloop
  endfacet
  facet normal 0.560649 0.828054 0
    outer loop
      vertex 48.8914 39.8542 1.6
      vertex 49.2311 39.6242 1.05
      vertex 48.8914 39.8542 1.05
    endloop
  endfacet
  facet normal 0.737012 0.67588 0
    outer loop
      vertex 49.5263 39.3023 1.6
      vertex 49.2311 39.6242 1.05
      vertex 49.2311 39.6242 1.6
    endloop
  endfacet
  facet normal 0.737012 0.67588 0
    outer loop
      vertex 49.2311 39.6242 1.05
      vertex 49.5263 39.3023 1.6
      vertex 49.5263 39.3023 1.05
    endloop
  endfacet
  facet normal 0.858401 0.512979 0
    outer loop
      vertex 49.7651 38.9027 1.6
      vertex 49.5263 39.3023 1.05
      vertex 49.5263 39.3023 1.6
    endloop
  endfacet
  facet normal 0.858401 0.512979 0
    outer loop
      vertex 49.5263 39.3023 1.05
      vertex 49.7651 38.9027 1.6
      vertex 49.7651 38.9027 1.05
    endloop
  endfacet
  facet normal 0.938353 0.345677 0
    outer loop
      vertex 49.9357 38.4396 1.6
      vertex 49.7651 38.9027 1.05
      vertex 49.7651 38.9027 1.6
    endloop
  endfacet
  facet normal 0.938353 0.345677 0
    outer loop
      vertex 49.7651 38.9027 1.05
      vertex 49.9357 38.4396 1.6
      vertex 49.9357 38.4396 1.05
    endloop
  endfacet
  facet normal 0.981642 0.190735 0
    outer loop
      vertex 50.038 37.9131 1.6
      vertex 49.9357 38.4396 1.05
      vertex 49.9357 38.4396 1.6
    endloop
  endfacet
  facet normal 0.981642 0.190735 0
    outer loop
      vertex 49.9357 38.4396 1.05
      vertex 50.038 37.9131 1.6
      vertex 50.038 37.9131 1.05
    endloop
  endfacet
  facet normal 0.998325 0.0578592 0
    outer loop
      vertex 50.0722 37.323 1.6
      vertex 50.038 37.9131 1.05
      vertex 50.038 37.9131 1.6
    endloop
  endfacet
  facet normal 0.998325 0.0578592 0
    outer loop
      vertex 50.038 37.9131 1.05
      vertex 50.0722 37.323 1.6
      vertex 50.0722 37.323 1.05
    endloop
  endfacet
  facet normal 0.997106 -0.0760232 0
    outer loop
      vertex 50.0368 36.8587 1.6
      vertex 50.0722 37.323 1.05
      vertex 50.0722 37.323 1.6
    endloop
  endfacet
  facet normal 0.997106 -0.0760232 0
    outer loop
      vertex 50.0722 37.323 1.05
      vertex 50.0368 36.8587 1.6
      vertex 50.0368 36.8587 1.05
    endloop
  endfacet
  facet normal 0.968964 -0.247201 0
    outer loop
      vertex 49.9309 36.4436 1.6
      vertex 50.0368 36.8587 1.05
      vertex 50.0368 36.8587 1.6
    endloop
  endfacet
  facet normal 0.968964 -0.247201 0
    outer loop
      vertex 50.0368 36.8587 1.05
      vertex 49.9309 36.4436 1.6
      vertex 49.9309 36.4436 1.05
    endloop
  endfacet
  facet normal 0.900641 -0.434563 0
    outer loop
      vertex 49.7544 36.0778 1.6
      vertex 49.9309 36.4436 1.05
      vertex 49.9309 36.4436 1.6
    endloop
  endfacet
  facet normal 0.900641 -0.434563 0
    outer loop
      vertex 49.9309 36.4436 1.05
      vertex 49.7544 36.0778 1.6
      vertex 49.7544 36.0778 1.05
    endloop
  endfacet
  facet normal 0.788198 -0.615422 0
    outer loop
      vertex 49.5072 35.7612 1.6
      vertex 49.7544 36.0778 1.05
      vertex 49.7544 36.0778 1.6
    endloop
  endfacet
  facet normal 0.788198 -0.615422 0
    outer loop
      vertex 49.7544 36.0778 1.05
      vertex 49.5072 35.7612 1.6
      vertex 49.5072 35.7612 1.05
    endloop
  endfacet
  facet normal 0.647884 -0.761739 0
    outer loop
      vertex 49.2068 35.5057 1.05
      vertex 49.5072 35.7612 1.6
      vertex 49.2068 35.5057 1.6
    endloop
  endfacet
  facet normal 0.647884 -0.761739 0
    outer loop
      vertex 49.5072 35.7612 1.6
      vertex 49.2068 35.5057 1.05
      vertex 49.5072 35.7612 1.05
    endloop
  endfacet
  facet normal 0.476325 -0.879269 0
    outer loop
      vertex 48.8701 35.3233 1.05
      vertex 49.2068 35.5057 1.6
      vertex 48.8701 35.3233 1.6
    endloop
  endfacet
  facet normal 0.476325 -0.879269 0
    outer loop
      vertex 49.2068 35.5057 1.6
      vertex 48.8701 35.3233 1.05
      vertex 49.2068 35.5057 1.05
    endloop
  endfacet
  facet normal 0.281748 -0.959488 0
    outer loop
      vertex 48.4972 35.2138 1.05
      vertex 48.8701 35.3233 1.6
      vertex 48.4972 35.2138 1.6
    endloop
  endfacet
  facet normal 0.281748 -0.959488 0
    outer loop
      vertex 48.8701 35.3233 1.6
      vertex 48.4972 35.2138 1.05
      vertex 48.8701 35.3233 1.05
    endloop
  endfacet
  facet normal 0.0886257 -0.996065 0
    outer loop
      vertex 48.0881 35.1774 1.05
      vertex 48.4972 35.2138 1.6
      vertex 48.0881 35.1774 1.6
    endloop
  endfacet
  facet normal 0.0886257 -0.996065 0
    outer loop
      vertex 48.4972 35.2138 1.6
      vertex 48.0881 35.1774 1.05
      vertex 48.4972 35.2138 1.05
    endloop
  endfacet
  facet normal -0.0976304 -0.995223 0
    outer loop
      vertex 47.662 35.2192 1.05
      vertex 48.0881 35.1774 1.6
      vertex 47.662 35.2192 1.6
    endloop
  endfacet
  facet normal -0.0976304 -0.995223 -0
    outer loop
      vertex 48.0881 35.1774 1.6
      vertex 47.662 35.2192 1.05
      vertex 48.0881 35.1774 1.05
    endloop
  endfacet
  facet normal -0.316744 0.948511 0
    outer loop
      vertex 60.5782 28.8024 1.05
      vertex 59.5867 28.4713 1.6
      vertex 60.5782 28.8024 1.6
    endloop
  endfacet
  facet normal -0.316744 0.948511 0
    outer loop
      vertex 59.5867 28.4713 1.6
      vertex 60.5782 28.8024 1.05
      vertex 59.5867 28.4713 1.05
    endloop
  endfacet
  facet normal -0.542257 0.840213 0
    outer loop
      vertex 61.4332 29.3542 1.05
      vertex 60.5782 28.8024 1.6
      vertex 61.4332 29.3542 1.6
    endloop
  endfacet
  facet normal -0.542257 0.840213 0
    outer loop
      vertex 60.5782 28.8024 1.6
      vertex 61.4332 29.3542 1.05
      vertex 60.5782 28.8024 1.05
    endloop
  endfacet
  facet normal -0.732236 0.681051 0
    outer loop
      vertex 61.4332 29.3542 1.05
      vertex 62.1517 30.1267 1.6
      vertex 62.1517 30.1267 1.05
    endloop
  endfacet
  facet normal -0.732236 0.681051 0
    outer loop
      vertex 62.1517 30.1267 1.6
      vertex 61.4332 29.3542 1.05
      vertex 61.4332 29.3542 1.6
    endloop
  endfacet
  facet normal -0.868066 0.496449 0
    outer loop
      vertex 62.1517 30.1267 1.05
      vertex 62.7208 31.1218 1.6
      vertex 62.7208 31.1218 1.05
    endloop
  endfacet
  facet normal -0.868066 0.496449 0
    outer loop
      vertex 62.7208 31.1218 1.6
      vertex 62.1517 30.1267 1.05
      vertex 62.1517 30.1267 1.6
    endloop
  endfacet
  facet normal -0.948668 0.316274 0
    outer loop
      vertex 62.7208 31.1218 1.05
      vertex 63.1273 32.3411 1.6
      vertex 63.1273 32.3411 1.05
    endloop
  endfacet
  facet normal -0.948668 0.316274 0
    outer loop
      vertex 63.1273 32.3411 1.6
      vertex 62.7208 31.1218 1.05
      vertex 62.7208 31.1218 1.6
    endloop
  endfacet
  facet normal -0.986028 0.16658 0
    outer loop
      vertex 63.1273 32.3411 1.05
      vertex 63.3712 33.7848 1.6
      vertex 63.3712 33.7848 1.05
    endloop
  endfacet
  facet normal -0.986028 0.16658 0
    outer loop
      vertex 63.3712 33.7848 1.6
      vertex 63.1273 32.3411 1.05
      vertex 63.1273 32.3411 1.6
    endloop
  endfacet
  facet normal -0.998814 0.0486861 0
    outer loop
      vertex 63.3712 33.7848 1.05
      vertex 63.4525 35.4527 1.6
      vertex 63.4525 35.4527 1.05
    endloop
  endfacet
  facet normal -0.998814 0.0486861 0
    outer loop
      vertex 63.4525 35.4527 1.6
      vertex 63.3712 33.7848 1.05
      vertex 63.3712 33.7848 1.6
    endloop
  endfacet
  facet normal -0.998907 -0.04675 0
    outer loop
      vertex 63.4525 35.4527 1.05
      vertex 63.3792 37.0189 1.6
      vertex 63.3792 37.0189 1.05
    endloop
  endfacet
  facet normal -0.998907 -0.04675 0
    outer loop
      vertex 63.3792 37.0189 1.6
      vertex 63.4525 35.4527 1.05
      vertex 63.4525 35.4527 1.6
    endloop
  endfacet
  facet normal -0.987118 -0.159996 0
    outer loop
      vertex 63.3792 37.0189 1.05
      vertex 63.1593 38.3756 1.6
      vertex 63.1593 38.3756 1.05
    endloop
  endfacet
  facet normal -0.987118 -0.159996 0
    outer loop
      vertex 63.1593 38.3756 1.6
      vertex 63.3792 37.0189 1.05
      vertex 63.3792 37.0189 1.6
    endloop
  endfacet
  facet normal -0.952601 -0.304221 0
    outer loop
      vertex 63.1593 38.3756 1.05
      vertex 62.7929 39.5229 1.6
      vertex 62.7929 39.5229 1.05
    endloop
  endfacet
  facet normal -0.952601 -0.304221 0
    outer loop
      vertex 62.7929 39.5229 1.6
      vertex 63.1593 38.3756 1.05
      vertex 63.1593 38.3756 1.6
    endloop
  endfacet
  facet normal -0.877355 -0.479842 0
    outer loop
      vertex 62.7929 39.5229 1.05
      vertex 62.28 40.4607 1.6
      vertex 62.28 40.4607 1.05
    endloop
  endfacet
  facet normal -0.877355 -0.479842 0
    outer loop
      vertex 62.28 40.4607 1.6
      vertex 62.7929 39.5229 1.05
      vertex 62.7929 39.5229 1.6
    endloop
  endfacet
  facet normal -0.739706 -0.67293 0
    outer loop
      vertex 62.28 40.4607 1.05
      vertex 61.6169 41.1896 1.6
      vertex 61.6169 41.1896 1.05
    endloop
  endfacet
  facet normal -0.739706 -0.67293 0
    outer loop
      vertex 61.6169 41.1896 1.6
      vertex 62.28 40.4607 1.05
      vertex 62.28 40.4607 1.6
    endloop
  endfacet
  facet normal -0.53755 -0.843232 0
    outer loop
      vertex 60.8001 41.7103 1.05
      vertex 61.6169 41.1896 1.6
      vertex 60.8001 41.7103 1.6
    endloop
  endfacet
  facet normal -0.53755 -0.843232 -0
    outer loop
      vertex 61.6169 41.1896 1.6
      vertex 60.8001 41.7103 1.05
      vertex 61.6169 41.1896 1.05
    endloop
  endfacet
  facet normal -0.306412 -0.951899 0
    outer loop
      vertex 59.8296 42.0227 1.05
      vertex 60.8001 41.7103 1.6
      vertex 59.8296 42.0227 1.6
    endloop
  endfacet
  facet normal -0.306412 -0.951899 -0
    outer loop
      vertex 60.8001 41.7103 1.6
      vertex 59.8296 42.0227 1.05
      vertex 60.8001 41.7103 1.05
    endloop
  endfacet
  facet normal -0.0922128 -0.995739 0
    outer loop
      vertex 58.7055 42.1268 1.05
      vertex 59.8296 42.0227 1.6
      vertex 58.7055 42.1268 1.6
    endloop
  endfacet
  facet normal -0.0922128 -0.995739 -0
    outer loop
      vertex 59.8296 42.0227 1.6
      vertex 58.7055 42.1268 1.05
      vertex 59.8296 42.0227 1.05
    endloop
  endfacet
  facet normal 0.0702432 -0.99753 0
    outer loop
      vertex 57.6532 42.0527 1.05
      vertex 58.7055 42.1268 1.6
      vertex 57.6532 42.0527 1.6
    endloop
  endfacet
  facet normal 0.0702432 -0.99753 0
    outer loop
      vertex 58.7055 42.1268 1.6
      vertex 57.6532 42.0527 1.05
      vertex 58.7055 42.1268 1.05
    endloop
  endfacet
  facet normal 0.233754 -0.972296 0
    outer loop
      vertex 56.7273 41.8301 1.05
      vertex 57.6532 42.0527 1.6
      vertex 56.7273 41.8301 1.6
    endloop
  endfacet
  facet normal 0.233754 -0.972296 0
    outer loop
      vertex 57.6532 42.0527 1.6
      vertex 56.7273 41.8301 1.05
      vertex 57.6532 42.0527 1.05
    endloop
  endfacet
  facet normal 0.420741 -0.907181 0
    outer loop
      vertex 55.9278 41.4593 1.05
      vertex 56.7273 41.8301 1.6
      vertex 55.9278 41.4593 1.6
    endloop
  endfacet
  facet normal 0.420741 -0.907181 0
    outer loop
      vertex 56.7273 41.8301 1.6
      vertex 55.9278 41.4593 1.05
      vertex 56.7273 41.8301 1.05
    endloop
  endfacet
  facet normal 0.610784 -0.791797 0
    outer loop
      vertex 55.2546 40.94 1.05
      vertex 55.9278 41.4593 1.6
      vertex 55.2546 40.94 1.6
    endloop
  endfacet
  facet normal 0.610784 -0.791797 0
    outer loop
      vertex 55.9278 41.4593 1.6
      vertex 55.2546 40.94 1.05
      vertex 55.9278 41.4593 1.05
    endloop
  endfacet
  facet normal 0.773242 -0.634111 0
    outer loop
      vertex 54.7209 40.2892 1.6
      vertex 55.2546 40.94 1.05
      vertex 55.2546 40.94 1.6
    endloop
  endfacet
  facet normal 0.773242 -0.634111 0
    outer loop
      vertex 55.2546 40.94 1.05
      vertex 54.7209 40.2892 1.6
      vertex 54.7209 40.2892 1.05
    endloop
  endfacet
  facet normal 0.895244 -0.445577 0
    outer loop
      vertex 54.3396 39.5231 1.6
      vertex 54.7209 40.2892 1.05
      vertex 54.7209 40.2892 1.6
    endloop
  endfacet
  facet normal 0.895244 -0.445577 0
    outer loop
      vertex 54.7209 40.2892 1.05
      vertex 54.3396 39.5231 1.6
      vertex 54.3396 39.5231 1.05
    endloop
  endfacet
  facet normal 0.967926 -0.251237 0
    outer loop
      vertex 54.1109 38.642 1.6
      vertex 54.3396 39.5231 1.05
      vertex 54.3396 39.5231 1.6
    endloop
  endfacet
  facet normal 0.967926 -0.251237 0
    outer loop
      vertex 54.3396 39.5231 1.05
      vertex 54.1109 38.642 1.6
      vertex 54.1109 38.642 1.05
    endloop
  endfacet
  facet normal 0.997088 -0.0762603 0
    outer loop
      vertex 54.0347 37.6457 1.6
      vertex 54.1109 38.642 1.05
      vertex 54.1109 38.642 1.6
    endloop
  endfacet
  facet normal 0.997088 -0.0762603 0
    outer loop
      vertex 54.1109 38.642 1.05
      vertex 54.0347 37.6457 1.6
      vertex 54.0347 37.6457 1.05
    endloop
  endfacet
  facet normal 0.997779 0.0666076 0
    outer loop
      vertex 54.0996 36.6735 1.6
      vertex 54.0347 37.6457 1.05
      vertex 54.0347 37.6457 1.6
    endloop
  endfacet
  facet normal 0.997779 0.0666076 0
    outer loop
      vertex 54.0347 37.6457 1.05
      vertex 54.0996 36.6735 1.6
      vertex 54.0996 36.6735 1.05
    endloop
  endfacet
  facet normal 0.975598 0.219566 0
    outer loop
      vertex 54.2945 35.8075 1.6
      vertex 54.0996 36.6735 1.05
      vertex 54.0996 36.6735 1.6
    endloop
  endfacet
  facet normal 0.975598 0.219566 0
    outer loop
      vertex 54.0996 36.6735 1.05
      vertex 54.2945 35.8075 1.6
      vertex 54.2945 35.8075 1.05
    endloop
  endfacet
  facet normal 0.919464 0.393174 0
    outer loop
      vertex 54.6194 35.0477 1.6
      vertex 54.2945 35.8075 1.05
      vertex 54.2945 35.8075 1.6
    endloop
  endfacet
  facet normal 0.919464 0.393174 0
    outer loop
      vertex 54.2945 35.8075 1.05
      vertex 54.6194 35.0477 1.6
      vertex 54.6194 35.0477 1.05
    endloop
  endfacet
  facet normal 0.820834 0.571168 0
    outer loop
      vertex 55.0742 34.3941 1.6
      vertex 54.6194 35.0477 1.05
      vertex 54.6194 35.0477 1.6
    endloop
  endfacet
  facet normal 0.820834 0.571168 0
    outer loop
      vertex 54.6194 35.0477 1.05
      vertex 55.0742 34.3941 1.6
      vertex 55.0742 34.3941 1.05
    endloop
  endfacet
  facet normal 0.680849 0.732424 -0
    outer loop
      vertex 55.6394 33.8687 1.05
      vertex 55.0742 34.3941 1.6
      vertex 55.6394 33.8687 1.6
    endloop
  endfacet
  facet normal 0.680849 0.732424 0
    outer loop
      vertex 55.0742 34.3941 1.6
      vertex 55.6394 33.8687 1.05
      vertex 55.0742 34.3941 1.05
    endloop
  endfacet
  facet normal 0.496638 0.867958 -0
    outer loop
      vertex 56.2953 33.4934 1.05
      vertex 55.6394 33.8687 1.6
      vertex 56.2953 33.4934 1.6
    endloop
  endfacet
  facet normal 0.496638 0.867958 0
    outer loop
      vertex 55.6394 33.8687 1.6
      vertex 56.2953 33.4934 1.05
      vertex 55.6394 33.8687 1.05
    endloop
  endfacet
  facet normal 0.288712 0.957416 -0
    outer loop
      vertex 57.0421 33.2682 1.05
      vertex 56.2953 33.4934 1.6
      vertex 57.0421 33.2682 1.6
    endloop
  endfacet
  facet normal 0.288712 0.957416 0
    outer loop
      vertex 56.2953 33.4934 1.6
      vertex 57.0421 33.2682 1.05
      vertex 56.2953 33.4934 1.05
    endloop
  endfacet
  facet normal 0.0891953 0.996014 -0
    outer loop
      vertex 57.8796 33.1932 1.05
      vertex 57.0421 33.2682 1.6
      vertex 57.8796 33.1932 1.6
    endloop
  endfacet
  facet normal 0.0891953 0.996014 0
    outer loop
      vertex 57.0421 33.2682 1.6
      vertex 57.8796 33.1932 1.05
      vertex 57.0421 33.2682 1.05
    endloop
  endfacet
  facet normal -0.0539176 0.998545 0
    outer loop
      vertex 58.3463 33.2184 1.05
      vertex 57.8796 33.1932 1.6
      vertex 58.3463 33.2184 1.6
    endloop
  endfacet
  facet normal -0.0539176 0.998545 0
    outer loop
      vertex 57.8796 33.1932 1.6
      vertex 58.3463 33.2184 1.05
      vertex 57.8796 33.1932 1.05
    endloop
  endfacet
  facet normal -0.165464 0.986216 0
    outer loop
      vertex 58.7969 33.294 1.05
      vertex 58.3463 33.2184 1.6
      vertex 58.7969 33.294 1.6
    endloop
  endfacet
  facet normal -0.165464 0.986216 0
    outer loop
      vertex 58.3463 33.2184 1.6
      vertex 58.7969 33.294 1.05
      vertex 58.3463 33.2184 1.05
    endloop
  endfacet
  facet normal -0.2786 0.960407 0
    outer loop
      vertex 59.2316 33.4201 1.05
      vertex 58.7969 33.294 1.6
      vertex 59.2316 33.4201 1.6
    endloop
  endfacet
  facet normal -0.2786 0.960407 0
    outer loop
      vertex 58.7969 33.294 1.6
      vertex 59.2316 33.4201 1.05
      vertex 58.7969 33.294 1.05
    endloop
  endfacet
  facet normal -0.388519 0.921441 0
    outer loop
      vertex 59.6502 33.5966 1.05
      vertex 59.2316 33.4201 1.6
      vertex 59.6502 33.5966 1.6
    endloop
  endfacet
  facet normal -0.388519 0.921441 0
    outer loop
      vertex 59.2316 33.4201 1.6
      vertex 59.6502 33.5966 1.05
      vertex 59.2316 33.4201 1.05
    endloop
  endfacet
  facet normal -0.501135 0.865369 0
    outer loop
      vertex 60.032 33.8177 1.05
      vertex 59.6502 33.5966 1.6
      vertex 60.032 33.8177 1.6
    endloop
  endfacet
  facet normal -0.501135 0.865369 0
    outer loop
      vertex 59.6502 33.5966 1.6
      vertex 60.032 33.8177 1.05
      vertex 59.6502 33.5966 1.05
    endloop
  endfacet
  facet normal -0.62493 0.780681 0
    outer loop
      vertex 60.3563 34.0773 1.05
      vertex 60.032 33.8177 1.6
      vertex 60.3563 34.0773 1.6
    endloop
  endfacet
  facet normal -0.62493 0.780681 0
    outer loop
      vertex 60.032 33.8177 1.6
      vertex 60.3563 34.0773 1.05
      vertex 60.032 33.8177 1.05
    endloop
  endfacet
  facet normal -0.745267 0.666766 0
    outer loop
      vertex 60.3563 34.0773 1.05
      vertex 60.623 34.3754 1.6
      vertex 60.623 34.3754 1.05
    endloop
  endfacet
  facet normal -0.745267 0.666766 0
    outer loop
      vertex 60.623 34.3754 1.6
      vertex 60.3563 34.0773 1.05
      vertex 60.3563 34.0773 1.6
    endloop
  endfacet
  facet normal -0.849582 0.527457 0
    outer loop
      vertex 60.623 34.3754 1.05
      vertex 60.8321 34.7122 1.6
      vertex 60.8321 34.7122 1.05
    endloop
  endfacet
  facet normal -0.849582 0.527457 0
    outer loop
      vertex 60.8321 34.7122 1.6
      vertex 60.623 34.3754 1.05
      vertex 60.623 34.3754 1.6
    endloop
  endfacet
  facet normal 0.998921 -0.046452 0
    outer loop
      vertex 60.7861 33.723 1.6
      vertex 60.8321 34.7122 1.05
      vertex 60.8321 34.7122 1.6
    endloop
  endfacet
  facet normal 0.998921 -0.046452 0
    outer loop
      vertex 60.8321 34.7122 1.05
      vertex 60.7861 33.723 1.6
      vertex 60.7861 33.723 1.05
    endloop
  endfacet
  facet normal 0.990571 -0.137 0
    outer loop
      vertex 60.6672 32.8633 1.6
      vertex 60.7861 33.723 1.05
      vertex 60.7861 33.723 1.6
    endloop
  endfacet
  facet normal 0.990571 -0.137 0
    outer loop
      vertex 60.7861 33.723 1.05
      vertex 60.6672 32.8633 1.6
      vertex 60.6672 32.8633 1.05
    endloop
  endfacet
  facet normal 0.967176 -0.254109 0
    outer loop
      vertex 60.4753 32.1329 1.6
      vertex 60.6672 32.8633 1.05
      vertex 60.6672 32.8633 1.6
    endloop
  endfacet
  facet normal 0.967176 -0.254109 0
    outer loop
      vertex 60.6672 32.8633 1.05
      vertex 60.4753 32.1329 1.6
      vertex 60.4753 32.1329 1.05
    endloop
  endfacet
  facet normal 0.915025 -0.403397 0
    outer loop
      vertex 60.2103 31.5318 1.6
      vertex 60.4753 32.1329 1.05
      vertex 60.4753 32.1329 1.6
    endloop
  endfacet
  facet normal 0.915025 -0.403397 0
    outer loop
      vertex 60.4753 32.1329 1.05
      vertex 60.2103 31.5318 1.6
      vertex 60.2103 31.5318 1.05
    endloop
  endfacet
  facet normal 0.815034 -0.579414 0
    outer loop
      vertex 59.8766 31.0624 1.6
      vertex 60.2103 31.5318 1.05
      vertex 60.2103 31.5318 1.6
    endloop
  endfacet
  facet normal 0.815034 -0.579414 0
    outer loop
      vertex 60.2103 31.5318 1.05
      vertex 59.8766 31.0624 1.6
      vertex 59.8766 31.0624 1.05
    endloop
  endfacet
  facet normal 0.64371 -0.76527 0
    outer loop
      vertex 59.4781 30.7272 1.05
      vertex 59.8766 31.0624 1.6
      vertex 59.4781 30.7272 1.6
    endloop
  endfacet
  facet normal 0.64371 -0.76527 0
    outer loop
      vertex 59.8766 31.0624 1.6
      vertex 59.4781 30.7272 1.05
      vertex 59.8766 31.0624 1.05
    endloop
  endfacet
  facet normal 0.39848 -0.917177 0
    outer loop
      vertex 59.015 30.526 1.05
      vertex 59.4781 30.7272 1.6
      vertex 59.015 30.526 1.6
    endloop
  endfacet
  facet normal 0.39848 -0.917177 0
    outer loop
      vertex 59.4781 30.7272 1.6
      vertex 59.015 30.526 1.05
      vertex 59.4781 30.7272 1.05
    endloop
  endfacet
  facet normal 0.125931 -0.992039 0
    outer loop
      vertex 58.4872 30.459 1.05
      vertex 59.015 30.526 1.6
      vertex 58.4872 30.459 1.6
    endloop
  endfacet
  facet normal 0.125931 -0.992039 0
    outer loop
      vertex 59.015 30.526 1.6
      vertex 58.4872 30.459 1.05
      vertex 59.015 30.526 1.05
    endloop
  endfacet
  facet normal -0.141786 -0.989897 0
    outer loop
      vertex 57.8784 30.5462 1.05
      vertex 58.4872 30.459 1.6
      vertex 57.8784 30.5462 1.6
    endloop
  endfacet
  facet normal -0.141786 -0.989897 -0
    outer loop
      vertex 58.4872 30.459 1.6
      vertex 57.8784 30.5462 1.05
      vertex 58.4872 30.459 1.05
    endloop
  endfacet
  facet normal -0.472828 -0.881155 0
    outer loop
      vertex 57.3907 30.8079 1.05
      vertex 57.8784 30.5462 1.6
      vertex 57.3907 30.8079 1.6
    endloop
  endfacet
  facet normal -0.472828 -0.881155 -0
    outer loop
      vertex 57.8784 30.5462 1.6
      vertex 57.3907 30.8079 1.05
      vertex 57.8784 30.5462 1.05
    endloop
  endfacet
  facet normal -0.76538 -0.643579 0
    outer loop
      vertex 57.3907 30.8079 1.05
      vertex 57.024 31.244 1.6
      vertex 57.024 31.244 1.05
    endloop
  endfacet
  facet normal -0.76538 -0.643579 0
    outer loop
      vertex 57.024 31.244 1.6
      vertex 57.3907 30.8079 1.05
      vertex 57.3907 30.8079 1.6
    endloop
  endfacet
  facet normal -0.927762 -0.373171 0
    outer loop
      vertex 57.024 31.244 1.05
      vertex 56.7784 31.8546 1.6
      vertex 56.7784 31.8546 1.05
    endloop
  endfacet
  facet normal -0.927762 -0.373171 0
    outer loop
      vertex 56.7784 31.8546 1.6
      vertex 57.024 31.244 1.05
      vertex 57.024 31.244 1.6
    endloop
  endfacet
  facet normal 0.138766 -0.990325 0
    outer loop
      vertex 54.272 31.5034 1.05
      vertex 56.7784 31.8546 1.6
      vertex 54.272 31.5034 1.6
    endloop
  endfacet
  facet normal 0.138766 -0.990325 0
    outer loop
      vertex 56.7784 31.8546 1.6
      vertex 54.272 31.5034 1.05
      vertex 56.7784 31.8546 1.05
    endloop
  endfacet
  facet normal 0.951846 0.306576 0
    outer loop
      vertex 54.5173 30.7418 1.6
      vertex 54.272 31.5034 1.05
      vertex 54.272 31.5034 1.6
    endloop
  endfacet
  facet normal 0.951846 0.306576 0
    outer loop
      vertex 54.272 31.5034 1.05
      vertex 54.5173 30.7418 1.6
      vertex 54.5173 30.7418 1.05
    endloop
  endfacet
  facet normal 0.898525 0.438923 0
    outer loop
      vertex 54.8357 30.09 1.6
      vertex 54.5173 30.7418 1.05
      vertex 54.5173 30.7418 1.6
    endloop
  endfacet
  facet normal 0.898525 0.438923 0
    outer loop
      vertex 54.5173 30.7418 1.05
      vertex 54.8357 30.09 1.6
      vertex 54.8357 30.09 1.05
    endloop
  endfacet
  facet normal 0.810833 0.585278 0
    outer loop
      vertex 55.227 29.5479 1.6
      vertex 54.8357 30.09 1.05
      vertex 54.8357 30.09 1.6
    endloop
  endfacet
  facet normal 0.810833 0.585278 0
    outer loop
      vertex 54.8357 30.09 1.05
      vertex 55.227 29.5479 1.6
      vertex 55.227 29.5479 1.05
    endloop
  endfacet
  facet normal 0.681352 0.731956 -0
    outer loop
      vertex 55.6913 29.1157 1.05
      vertex 55.227 29.5479 1.6
      vertex 55.6913 29.1157 1.6
    endloop
  endfacet
  facet normal 0.681352 0.731956 0
    outer loop
      vertex 55.227 29.5479 1.6
      vertex 55.6913 29.1157 1.05
      vertex 55.227 29.5479 1.05
    endloop
  endfacet
  facet normal 0.515759 0.856734 -0
    outer loop
      vertex 56.2398 28.7855 1.05
      vertex 55.6913 29.1157 1.6
      vertex 56.2398 28.7855 1.6
    endloop
  endfacet
  facet normal 0.515759 0.856734 0
    outer loop
      vertex 55.6913 29.1157 1.6
      vertex 56.2398 28.7855 1.05
      vertex 55.6913 29.1157 1.05
    endloop
  endfacet
  facet normal 0.343908 0.939003 -0
    outer loop
      vertex 56.8839 28.5496 1.05
      vertex 56.2398 28.7855 1.6
      vertex 56.8839 28.5496 1.6
    endloop
  endfacet
  facet normal 0.343908 0.939003 0
    outer loop
      vertex 56.2398 28.7855 1.6
      vertex 56.8839 28.5496 1.05
      vertex 56.2398 28.7855 1.05
    endloop
  endfacet
  facet normal 0.187911 0.982186 -0
    outer loop
      vertex 57.6235 28.4081 1.05
      vertex 56.8839 28.5496 1.6
      vertex 57.6235 28.4081 1.6
    endloop
  endfacet
  facet normal 0.187911 0.982186 0
    outer loop
      vertex 56.8839 28.5496 1.6
      vertex 57.6235 28.4081 1.05
      vertex 56.8839 28.5496 1.05
    endloop
  endfacet
  facet normal 0.0564234 0.998407 -0
    outer loop
      vertex 58.4587 28.3609 1.05
      vertex 57.6235 28.4081 1.6
      vertex 58.4587 28.3609 1.6
    endloop
  endfacet
  facet normal 0.0564234 0.998407 0
    outer loop
      vertex 57.6235 28.4081 1.6
      vertex 58.4587 28.3609 1.05
      vertex 57.6235 28.4081 1.05
    endloop
  endfacet
  facet normal -0.0974069 0.995245 0
    outer loop
      vertex 59.5867 28.4713 1.05
      vertex 58.4587 28.3609 1.6
      vertex 59.5867 28.4713 1.6
    endloop
  endfacet
  facet normal -0.0974069 0.995245 0
    outer loop
      vertex 58.4587 28.3609 1.6
      vertex 59.5867 28.4713 1.05
      vertex 58.4587 28.3609 1.05
    endloop
  endfacet
  facet normal -0.316379 -0.948633 0
    outer loop
      vertex 57.8463 35.3447 1.05
      vertex 58.2226 35.2192 1.6
      vertex 57.8463 35.3447 1.6
    endloop
  endfacet
  facet normal -0.316379 -0.948633 -0
    outer loop
      vertex 58.2226 35.2192 1.6
      vertex 57.8463 35.3447 1.05
      vertex 58.2226 35.2192 1.05
    endloop
  endfacet
  facet normal -0.539727 -0.84184 0
    outer loop
      vertex 57.52 35.5539 1.05
      vertex 57.8463 35.3447 1.6
      vertex 57.52 35.5539 1.6
    endloop
  endfacet
  facet normal -0.539727 -0.84184 -0
    outer loop
      vertex 57.8463 35.3447 1.6
      vertex 57.52 35.5539 1.05
      vertex 57.8463 35.3447 1.05
    endloop
  endfacet
  facet normal -0.727054 -0.68658 0
    outer loop
      vertex 57.52 35.5539 1.05
      vertex 57.2435 35.8467 1.6
      vertex 57.2435 35.8467 1.05
    endloop
  endfacet
  facet normal -0.727054 -0.68658 0
    outer loop
      vertex 57.2435 35.8467 1.6
      vertex 57.52 35.5539 1.05
      vertex 57.52 35.5539 1.6
    endloop
  endfacet
  facet normal -0.854545 -0.519378 0
    outer loop
      vertex 57.2435 35.8467 1.05
      vertex 57.0233 36.209 1.6
      vertex 57.0233 36.209 1.05
    endloop
  endfacet
  facet normal -0.854545 -0.519378 0
    outer loop
      vertex 57.0233 36.209 1.6
      vertex 57.2435 35.8467 1.05
      vertex 57.2435 35.8467 1.6
    endloop
  endfacet
  facet normal -0.935831 -0.35245 0
    outer loop
      vertex 57.0233 36.209 1.05
      vertex 56.8661 36.6264 1.6
      vertex 56.8661 36.6264 1.05
    endloop
  endfacet
  facet normal -0.935831 -0.35245 0
    outer loop
      vertex 56.8661 36.6264 1.6
      vertex 57.0233 36.209 1.05
      vertex 57.0233 36.209 1.6
    endloop
  endfacet
  facet normal -0.980629 -0.195877 0
    outer loop
      vertex 56.8661 36.6264 1.05
      vertex 56.7717 37.099 1.6
      vertex 56.7717 37.099 1.05
    endloop
  endfacet
  facet normal -0.980629 -0.195877 0
    outer loop
      vertex 56.7717 37.099 1.6
      vertex 56.8661 36.6264 1.05
      vertex 56.8661 36.6264 1.6
    endloop
  endfacet
  facet normal -0.998235 -0.0593872 0
    outer loop
      vertex 56.7717 37.099 1.05
      vertex 56.7403 37.6268 1.6
      vertex 56.7403 37.6268 1.05
    endloop
  endfacet
  facet normal -0.998235 -0.0593872 0
    outer loop
      vertex 56.7403 37.6268 1.6
      vertex 56.7717 37.099 1.05
      vertex 56.7717 37.099 1.6
    endloop
  endfacet
  facet normal -0.998245 0.0592258 0
    outer loop
      vertex 56.7403 37.6268 1.05
      vertex 56.772 38.1611 1.6
      vertex 56.772 38.1611 1.05
    endloop
  endfacet
  facet normal -0.998245 0.0592258 0
    outer loop
      vertex 56.772 38.1611 1.6
      vertex 56.7403 37.6268 1.05
      vertex 56.7403 37.6268 1.6
    endloop
  endfacet
  facet normal -0.980309 0.197471 0
    outer loop
      vertex 56.772 38.1611 1.05
      vertex 56.8673 38.6342 1.6
      vertex 56.8673 38.6342 1.05
    endloop
  endfacet
  facet normal -0.980309 0.197471 0
    outer loop
      vertex 56.8673 38.6342 1.6
      vertex 56.772 38.1611 1.05
      vertex 56.772 38.1611 1.6
    endloop
  endfacet
  facet normal -0.933194 0.359374 0
    outer loop
      vertex 56.8673 38.6342 1.05
      vertex 57.026 39.0463 1.6
      vertex 57.026 39.0463 1.05
    endloop
  endfacet
  facet normal -0.933194 0.359374 0
    outer loop
      vertex 57.026 39.0463 1.6
      vertex 56.8673 38.6342 1.05
      vertex 56.8673 38.6342 1.6
    endloop
  endfacet
  facet normal -0.844859 0.534989 0
    outer loop
      vertex 57.026 39.0463 1.05
      vertex 57.2482 39.3972 1.6
      vertex 57.2482 39.3972 1.05
    endloop
  endfacet
  facet normal -0.844859 0.534989 0
    outer loop
      vertex 57.2482 39.3972 1.6
      vertex 57.026 39.0463 1.05
      vertex 57.026 39.0463 1.6
    endloop
  endfacet
  facet normal -0.711025 0.703167 0
    outer loop
      vertex 57.2482 39.3972 1.05
      vertex 57.5256 39.6777 1.6
      vertex 57.5256 39.6777 1.05
    endloop
  endfacet
  facet normal -0.711025 0.703167 0
    outer loop
      vertex 57.5256 39.6777 1.6
      vertex 57.2482 39.3972 1.05
      vertex 57.2482 39.3972 1.6
    endloop
  endfacet
  facet normal -0.525297 0.850919 0
    outer loop
      vertex 57.8499 39.8779 1.05
      vertex 57.5256 39.6777 1.6
      vertex 57.8499 39.8779 1.6
    endloop
  endfacet
  facet normal -0.525297 0.850919 0
    outer loop
      vertex 57.5256 39.6777 1.6
      vertex 57.8499 39.8779 1.05
      vertex 57.5256 39.6777 1.05
    endloop
  endfacet
  facet normal -0.308066 0.951365 0
    outer loop
      vertex 58.2211 39.9981 1.05
      vertex 57.8499 39.8779 1.6
      vertex 58.2211 39.9981 1.6
    endloop
  endfacet
  facet normal -0.308066 0.951365 0
    outer loop
      vertex 57.8499 39.8779 1.6
      vertex 58.2211 39.9981 1.05
      vertex 57.8499 39.8779 1.05
    endloop
  endfacet
  facet normal -0.0954946 0.99543 0
    outer loop
      vertex 58.6391 40.0382 1.05
      vertex 58.2211 39.9981 1.6
      vertex 58.6391 40.0382 1.6
    endloop
  endfacet
  facet normal -0.0954946 0.99543 0
    outer loop
      vertex 58.2211 39.9981 1.6
      vertex 58.6391 40.0382 1.05
      vertex 58.2211 39.9981 1.05
    endloop
  endfacet
  facet normal 0.106689 0.994292 -0
    outer loop
      vertex 59.0678 39.9922 1.05
      vertex 58.6391 40.0382 1.6
      vertex 59.0678 39.9922 1.6
    endloop
  endfacet
  facet normal 0.106689 0.994292 0
    outer loop
      vertex 58.6391 40.0382 1.6
      vertex 59.0678 39.9922 1.05
      vertex 58.6391 40.0382 1.05
    endloop
  endfacet
  facet normal 0.338043 0.941131 -0
    outer loop
      vertex 59.452 39.8542 1.05
      vertex 59.0678 39.9922 1.6
      vertex 59.452 39.8542 1.6
    endloop
  endfacet
  facet normal 0.338043 0.941131 0
    outer loop
      vertex 59.0678 39.9922 1.6
      vertex 59.452 39.8542 1.05
      vertex 59.0678 39.9922 1.05
    endloop
  endfacet
  facet normal 0.560649 0.828054 -0
    outer loop
      vertex 59.7917 39.6242 1.05
      vertex 59.452 39.8542 1.6
      vertex 59.7917 39.6242 1.6
    endloop
  endfacet
  facet normal 0.560649 0.828054 0
    outer loop
      vertex 59.452 39.8542 1.6
      vertex 59.7917 39.6242 1.05
      vertex 59.452 39.8542 1.05
    endloop
  endfacet
  facet normal 0.737012 0.67588 0
    outer loop
      vertex 60.0869 39.3023 1.6
      vertex 59.7917 39.6242 1.05
      vertex 59.7917 39.6242 1.6
    endloop
  endfacet
  facet normal 0.737012 0.67588 0
    outer loop
      vertex 59.7917 39.6242 1.05
      vertex 60.0869 39.3023 1.6
      vertex 60.0869 39.3023 1.05
    endloop
  endfacet
  facet normal 0.858401 0.512979 0
    outer loop
      vertex 60.3257 38.9027 1.6
      vertex 60.0869 39.3023 1.05
      vertex 60.0869 39.3023 1.6
    endloop
  endfacet
  facet normal 0.858401 0.512979 0
    outer loop
      vertex 60.0869 39.3023 1.05
      vertex 60.3257 38.9027 1.6
      vertex 60.3257 38.9027 1.05
    endloop
  endfacet
  facet normal 0.938353 0.345677 0
    outer loop
      vertex 60.4963 38.4396 1.6
      vertex 60.3257 38.9027 1.05
      vertex 60.3257 38.9027 1.6
    endloop
  endfacet
  facet normal 0.938353 0.345677 0
    outer loop
      vertex 60.3257 38.9027 1.05
      vertex 60.4963 38.4396 1.6
      vertex 60.4963 38.4396 1.05
    endloop
  endfacet
  facet normal 0.981642 0.190735 0
    outer loop
      vertex 60.5986 37.9131 1.6
      vertex 60.4963 38.4396 1.05
      vertex 60.4963 38.4396 1.6
    endloop
  endfacet
  facet normal 0.981642 0.190735 0
    outer loop
      vertex 60.4963 38.4396 1.05
      vertex 60.5986 37.9131 1.6
      vertex 60.5986 37.9131 1.05
    endloop
  endfacet
  facet normal 0.998335 0.0576906 0
    outer loop
      vertex 60.6327 37.323 1.6
      vertex 60.5986 37.9131 1.05
      vertex 60.5986 37.9131 1.6
    endloop
  endfacet
  facet normal 0.998335 0.0576906 0
    outer loop
      vertex 60.5986 37.9131 1.05
      vertex 60.6327 37.323 1.6
      vertex 60.6327 37.323 1.05
    endloop
  endfacet
  facet normal 0.997122 -0.0758096 0
    outer loop
      vertex 60.5974 36.8587 1.6
      vertex 60.6327 37.323 1.05
      vertex 60.6327 37.323 1.6
    endloop
  endfacet
  facet normal 0.997122 -0.0758096 0
    outer loop
      vertex 60.6327 37.323 1.05
      vertex 60.5974 36.8587 1.6
      vertex 60.5974 36.8587 1.05
    endloop
  endfacet
  facet normal 0.968964 -0.247201 0
    outer loop
      vertex 60.4915 36.4436 1.6
      vertex 60.5974 36.8587 1.05
      vertex 60.5974 36.8587 1.6
    endloop
  endfacet
  facet normal 0.968964 -0.247201 0
    outer loop
      vertex 60.5974 36.8587 1.05
      vertex 60.4915 36.4436 1.6
      vertex 60.4915 36.4436 1.05
    endloop
  endfacet
  facet normal 0.900641 -0.434563 0
    outer loop
      vertex 60.315 36.0778 1.6
      vertex 60.4915 36.4436 1.05
      vertex 60.4915 36.4436 1.6
    endloop
  endfacet
  facet normal 0.900641 -0.434563 0
    outer loop
      vertex 60.4915 36.4436 1.05
      vertex 60.315 36.0778 1.6
      vertex 60.315 36.0778 1.05
    endloop
  endfacet
  facet normal 0.788198 -0.615422 0
    outer loop
      vertex 60.0678 35.7612 1.6
      vertex 60.315 36.0778 1.05
      vertex 60.315 36.0778 1.6
    endloop
  endfacet
  facet normal 0.788198 -0.615422 0
    outer loop
      vertex 60.315 36.0778 1.05
      vertex 60.0678 35.7612 1.6
      vertex 60.0678 35.7612 1.05
    endloop
  endfacet
  facet normal 0.647759 -0.761845 0
    outer loop
      vertex 59.7673 35.5057 1.05
      vertex 60.0678 35.7612 1.6
      vertex 59.7673 35.5057 1.6
    endloop
  endfacet
  facet normal 0.647759 -0.761845 0
    outer loop
      vertex 60.0678 35.7612 1.6
      vertex 59.7673 35.5057 1.05
      vertex 60.0678 35.7612 1.05
    endloop
  endfacet
  facet normal 0.476325 -0.879269 0
    outer loop
      vertex 59.4306 35.3233 1.05
      vertex 59.7673 35.5057 1.6
      vertex 59.4306 35.3233 1.6
    endloop
  endfacet
  facet normal 0.476325 -0.879269 0
    outer loop
      vertex 59.7673 35.5057 1.6
      vertex 59.4306 35.3233 1.05
      vertex 59.7673 35.5057 1.05
    endloop
  endfacet
  facet normal 0.281818 -0.959468 0
    outer loop
      vertex 59.0578 35.2138 1.05
      vertex 59.4306 35.3233 1.6
      vertex 59.0578 35.2138 1.6
    endloop
  endfacet
  facet normal 0.281818 -0.959468 0
    outer loop
      vertex 59.4306 35.3233 1.6
      vertex 59.0578 35.2138 1.05
      vertex 59.4306 35.3233 1.05
    endloop
  endfacet
  facet normal 0.0886042 -0.996067 0
    outer loop
      vertex 58.6486 35.1774 1.05
      vertex 59.0578 35.2138 1.6
      vertex 58.6486 35.1774 1.6
    endloop
  endfacet
  facet normal 0.0886042 -0.996067 0
    outer loop
      vertex 59.0578 35.2138 1.6
      vertex 58.6486 35.1774 1.05
      vertex 59.0578 35.2138 1.05
    endloop
  endfacet
  facet normal -0.0976531 -0.995221 0
    outer loop
      vertex 58.2226 35.2192 1.05
      vertex 58.6486 35.1774 1.6
      vertex 58.2226 35.2192 1.6
    endloop
  endfacet
  facet normal -0.0976531 -0.995221 -0
    outer loop
      vertex 58.6486 35.1774 1.6
      vertex 58.2226 35.2192 1.05
      vertex 58.6486 35.1774 1.05
    endloop
  endfacet
  facet normal 0 -1 0
    outer loop
      vertex 28.8847 30.535 1.05
      vertex 31.9511 30.535 1.6
      vertex 28.8847 30.535 1.6
    endloop
  endfacet
  facet normal 0 -1 -0
    outer loop
      vertex 31.9511 30.535 1.6
      vertex 28.8847 30.535 1.05
      vertex 31.9511 30.535 1.05
    endloop
  endfacet
  facet normal -1 0 0
    outer loop
      vertex 28.8847 30.535 1.05
      vertex 28.8847 41.9275 1.6
      vertex 28.8847 41.9275 1.05
    endloop
  endfacet
  facet normal -1 -0 0
    outer loop
      vertex 28.8847 41.9275 1.6
      vertex 28.8847 30.535 1.05
      vertex 28.8847 30.535 1.6
    endloop
  endfacet
  facet normal 0 -1 0
    outer loop
      vertex 26.3594 41.9275 1.05
      vertex 28.8847 41.9275 1.6
      vertex 26.3594 41.9275 1.6
    endloop
  endfacet
  facet normal 0 -1 -0
    outer loop
      vertex 28.8847 41.9275 1.6
      vertex 26.3594 41.9275 1.05
      vertex 28.8847 41.9275 1.05
    endloop
  endfacet
  facet normal 0.54423 -0.838936 0
    outer loop
      vertex 23.008 39.7534 1.05
      vertex 26.3594 41.9275 1.6
      vertex 23.008 39.7534 1.6
    endloop
  endfacet
  facet normal 0.54423 -0.838936 0
    outer loop
      vertex 26.3594 41.9275 1.6
      vertex 23.008 39.7534 1.05
      vertex 26.3594 41.9275 1.05
    endloop
  endfacet
  facet normal 1 -0 0
    outer loop
      vertex 23.008 37.6552 1.6
      vertex 23.008 39.7534 1.05
      vertex 23.008 39.7534 1.6
    endloop
  endfacet
  facet normal 1 0 0
    outer loop
      vertex 23.008 39.7534 1.05
      vertex 23.008 37.6552 1.6
      vertex 23.008 37.6552 1.05
    endloop
  endfacet
  facet normal -0.529581 0.84826 0
    outer loop
      vertex 26.2168 39.6585 1.05
      vertex 23.008 37.6552 1.6
      vertex 26.2168 39.6585 1.6
    endloop
  endfacet
  facet normal -0.529581 0.84826 0
    outer loop
      vertex 23.008 37.6552 1.6
      vertex 26.2168 39.6585 1.05
      vertex 23.008 37.6552 1.05
    endloop
  endfacet
  facet normal 1 -0 0
    outer loop
      vertex 26.2168 30.535 1.6
      vertex 26.2168 39.6585 1.05
      vertex 26.2168 39.6585 1.6
    endloop
  endfacet
  facet normal 1 0 0
    outer loop
      vertex 26.2168 39.6585 1.05
      vertex 26.2168 30.535 1.6
      vertex 26.2168 30.535 1.05
    endloop
  endfacet
  facet normal 0 -1 0
    outer loop
      vertex 22.9036 30.535 1.05
      vertex 26.2168 30.535 1.6
      vertex 22.9036 30.535 1.6
    endloop
  endfacet
  facet normal 0 -1 -0
    outer loop
      vertex 26.2168 30.535 1.6
      vertex 22.9036 30.535 1.05
      vertex 26.2168 30.535 1.05
    endloop
  endfacet
  facet normal 1 -0 0
    outer loop
      vertex 22.9036 28.5508 1.6
      vertex 22.9036 30.535 1.05
      vertex 22.9036 30.535 1.6
    endloop
  endfacet
  facet normal 1 0 0
    outer loop
      vertex 22.9036 30.535 1.05
      vertex 22.9036 28.5508 1.6
      vertex 22.9036 28.5508 1.05
    endloop
  endfacet
  facet normal 0 1 -0
    outer loop
      vertex 31.9511 28.5508 1.05
      vertex 22.9036 28.5508 1.6
      vertex 31.9511 28.5508 1.6
    endloop
  endfacet
  facet normal 0 1 0
    outer loop
      vertex 22.9036 28.5508 1.6
      vertex 31.9511 28.5508 1.05
      vertex 22.9036 28.5508 1.05
    endloop
  endfacet
  facet normal -1 0 0
    outer loop
      vertex 31.9511 28.5508 1.05
      vertex 31.9511 30.535 1.6
      vertex 31.9511 30.535 1.05
    endloop
  endfacet
  facet normal -1 -0 0
    outer loop
      vertex 31.9511 30.535 1.6
      vertex 31.9511 28.5508 1.05
      vertex 31.9511 28.5508 1.6
    endloop
  endfacet
  facet normal -0 0 1
    outer loop
      vertex 34.6098 24.9827 1.05
      vertex 35.8485 18.4415 1.05
      vertex 35.8485 24.9827 1.05
    endloop
  endfacet
  facet normal 0 0 1
    outer loop
      vertex 35.8485 18.4415 1.05
      vertex 34.6098 24.9827 1.05
      vertex 34.6098 18.4415 1.05
    endloop
  endfacet
  facet normal 0 0 1
    outer loop
      vertex 33.7779 24.6521 1.05
      vertex 30.4984 23.6472 1.05
      vertex 33.7779 23.6472 1.05
    endloop
  endfacet
  facet normal 0 0 1
    outer loop
      vertex 29.1981 24.6521 1.05
      vertex 30.4984 21.7253 1.05
      vertex 30.4984 23.6472 1.05
    endloop
  endfacet
  facet normal 0 0 1
    outer loop
      vertex 29.1981 18.4415 1.05
      vertex 30.4984 21.7253 1.05
      vertex 29.1981 24.6521 1.05
    endloop
  endfacet
  facet normal -0 0 1
    outer loop
      vertex 29.1981 24.6521 1.05
      vertex 30.4984 23.6472 1.05
      vertex 33.7779 24.6521 1.05
    endloop
  endfacet
  facet normal 0 0 1
    outer loop
      vertex 30.4984 21.7253 1.05
      vertex 29.1981 18.4415 1.05
      vertex 30.4984 20.7204 1.05
    endloop
  endfacet
  facet normal 0 0 1
    outer loop
      vertex 30.4984 20.7204 1.05
      vertex 29.1981 18.4415 1.05
      vertex 30.4984 18.4415 1.05
    endloop
  endfacet
  facet normal -0 0 1
    outer loop
      vertex 30.4984 21.7253 1.05
      vertex 33.6765 20.7204 1.05
      vertex 33.6765 21.7253 1.05
    endloop
  endfacet
  facet normal 0 0 1
    outer loop
      vertex 33.6765 20.7204 1.05
      vertex 30.4984 21.7253 1.05
      vertex 30.4984 20.7204 1.05
    endloop
  endfacet
  facet normal 0 0 1
    outer loop
      vertex 55.4085 22.1925 1.05
      vertex 54.2039 22.3383 1.05
      vertex 54.2052 22.0912 1.05
    endloop
  endfacet
  facet normal 0 0 1
    outer loop
      vertex 55.361 23.1219 1.05
      vertex 54.2003 22.5565 1.05
      vertex 54.2039 22.3383 1.05
    endloop
  endfacet
  facet normal 0 0 1
    outer loop
      vertex 55.361 23.1219 1.05
      vertex 54.1941 22.7458 1.05
      vertex 54.2003 22.5565 1.05
    endloop
  endfacet
  facet normal 0 0 1
    outer loop
      vertex 55.361 23.1219 1.05
      vertex 54.1865 22.914 1.05
      vertex 54.1941 22.7458 1.05
    endloop
  endfacet
  facet normal 0 0 1
    outer loop
      vertex 55.361 23.1219 1.05
      vertex 54.1785 23.069 1.05
      vertex 54.1865 22.914 1.05
    endloop
  endfacet
  facet normal 0 -0 1
    outer loop
      vertex 54.1785 23.069 1.05
      vertex 55.3512 23.2108 1.05
      vertex 54.1699 23.2108 1.05
    endloop
  endfacet
  facet normal 0 0 1
    outer loop
      vertex 56.5829 22.2601 1.05
      vertex 56.9512 23.2372 1.05
      vertex 56.844 23.2739 1.05
    endloop
  endfacet
  facet normal 0 0 1
    outer loop
      vertex 56.9512 23.2372 1.05
      vertex 56.7592 22.2381 1.05
      vertex 56.9512 22.2014 1.05
    endloop
  endfacet
  facet normal 0 0 1
    outer loop
      vertex 56.5829 22.2601 1.05
      vertex 56.844 23.2739 1.05
      vertex 56.7162 23.296 1.05
    endloop
  endfacet
  facet normal 0 0 1
    outer loop
      vertex 56.9512 23.2372 1.05
      vertex 56.5829 22.2601 1.05
      vertex 56.7592 22.2381 1.05
    endloop
  endfacet
  facet normal 0 0 1
    outer loop
      vertex 56.5678 23.3033 1.05
      vertex 56.5829 22.2601 1.05
      vertex 56.7162 23.296 1.05
    endloop
  endfacet
  facet normal 0 0 1
    outer loop
      vertex 56.5678 23.3033 1.05
      vertex 56.4223 22.2675 1.05
      vertex 56.5829 22.2601 1.05
    endloop
  endfacet
  facet normal -0 0 1
    outer loop
      vertex 56.3846 23.2923 1.05
      vertex 56.4223 22.2675 1.05
      vertex 56.5678 23.3033 1.05
    endloop
  endfacet
  facet normal -0 0 1
    outer loop
      vertex 56.223 23.2593 1.05
      vertex 56.4223 22.2675 1.05
      vertex 56.3846 23.2923 1.05
    endloop
  endfacet
  facet normal -0 0 1
    outer loop
      vertex 56.0829 23.2041 1.05
      vertex 56.4223 22.2675 1.05
      vertex 56.223 23.2593 1.05
    endloop
  endfacet
  facet normal -0 0 1
    outer loop
      vertex 55.9595 23.1263 1.05
      vertex 56.4223 22.2675 1.05
      vertex 56.0829 23.2041 1.05
    endloop
  endfacet
  facet normal -0 0 1
    outer loop
      vertex 55.8478 23.0249 1.05
      vertex 56.4223 22.2675 1.05
      vertex 55.9595 23.1263 1.05
    endloop
  endfacet
  facet normal 0 0 1
    outer loop
      vertex 56.4223 22.2675 1.05
      vertex 55.8478 23.0249 1.05
      vertex 56.1365 22.2259 1.05
    endloop
  endfacet
  facet normal -0 0 1
    outer loop
      vertex 55.7479 22.9 1.05
      vertex 56.1365 22.2259 1.05
      vertex 55.8478 23.0249 1.05
    endloop
  endfacet
  facet normal -0 0 1
    outer loop
      vertex 55.6495 22.7303 1.05
      vertex 56.1365 22.2259 1.05
      vertex 55.7479 22.9 1.05
    endloop
  endfacet
  facet normal -0 0 1
    outer loop
      vertex 55.5422 22.4945 1.05
      vertex 56.1365 22.2259 1.05
      vertex 55.6495 22.7303 1.05
    endloop
  endfacet
  facet normal 0 0 1
    outer loop
      vertex 56.1365 22.2259 1.05
      vertex 55.5422 22.4945 1.05
      vertex 55.8963 22.101 1.05
    endloop
  endfacet
  facet normal -0 0 1
    outer loop
      vertex 55.4261 22.1925 1.05
      vertex 55.8963 22.101 1.05
      vertex 55.5422 22.4945 1.05
    endloop
  endfacet
  facet normal 0 0 1
    outer loop
      vertex 55.8963 22.101 1.05
      vertex 55.4261 22.1925 1.05
      vertex 55.7017 21.8928 1.05
    endloop
  endfacet
  facet normal -0 0 1
    outer loop
      vertex 55.4085 22.1925 1.05
      vertex 55.7017 21.8928 1.05
      vertex 55.4261 22.1925 1.05
    endloop
  endfacet
  facet normal 0 0 1
    outer loop
      vertex 55.7017 21.8928 1.05
      vertex 55.4085 22.1925 1.05
      vertex 55.5584 21.6029 1.05
    endloop
  endfacet
  facet normal -0 0 1
    outer loop
      vertex 54.2052 22.0912 1.05
      vertex 55.5584 21.6029 1.05
      vertex 55.4085 22.1925 1.05
    endloop
  endfacet
  facet normal 0 0 1
    outer loop
      vertex 55.5584 21.6029 1.05
      vertex 54.2052 22.0912 1.05
      vertex 55.4725 21.2326 1.05
    endloop
  endfacet
  facet normal 0 0 1
    outer loop
      vertex 55.4725 21.2326 1.05
      vertex 54.2052 22.0912 1.05
      vertex 55.4438 20.7821 1.05
    endloop
  endfacet
  facet normal 0 0 1
    outer loop
      vertex 54.2039 22.3383 1.05
      vertex 55.4085 22.1925 1.05
      vertex 55.406 22.3108 1.05
    endloop
  endfacet
  facet normal -0 0 1
    outer loop
      vertex 54.2039 22.3383 1.05
      vertex 55.406 22.3108 1.05
      vertex 55.3987 22.4894 1.05
    endloop
  endfacet
  facet normal 0 0 1
    outer loop
      vertex 54.2039 22.3383 1.05
      vertex 55.3987 22.4894 1.05
      vertex 55.3865 22.7281 1.05
    endloop
  endfacet
  facet normal 0 0 1
    outer loop
      vertex 54.2039 22.3383 1.05
      vertex 55.3865 22.7281 1.05
      vertex 55.3728 22.961 1.05
    endloop
  endfacet
  facet normal 0 0 1
    outer loop
      vertex 54.2039 22.3383 1.05
      vertex 55.3728 22.961 1.05
      vertex 55.361 23.1219 1.05
    endloop
  endfacet
  facet normal 0 0 1
    outer loop
      vertex 54.1785 23.069 1.05
      vertex 55.361 23.1219 1.05
      vertex 55.3512 23.2108 1.05
    endloop
  endfacet
  facet normal 0 0 1
    outer loop
      vertex 54.2052 18.4415 1.05
      vertex 55.4438 20.7821 1.05
      vertex 54.2052 22.0912 1.05
    endloop
  endfacet
  facet normal 0 0 1
    outer loop
      vertex 55.4438 20.7821 1.05
      vertex 54.2052 18.4415 1.05
      vertex 55.4438 18.4415 1.05
    endloop
  endfacet
  facet normal 0 0 1
    outer loop
      vertex 47.0199 20.1473 1.05
      vertex 48.8535 23.2108 1.05
      vertex 47.7075 23.2108 1.05
    endloop
  endfacet
  facet normal 0 0 1
    outer loop
      vertex 48.8535 23.2108 1.05
      vertex 47.0199 20.1473 1.05
      vertex 47.6017 18.4415 1.05
    endloop
  endfacet
  facet normal -0 0 1
    outer loop
      vertex 46.8965 19.5655 1.05
      vertex 47.6017 18.4415 1.05
      vertex 47.0199 20.1473 1.05
    endloop
  endfacet
  facet normal 0 0 1
    outer loop
      vertex 45.5344 21.3507 1.05
      vertex 46.8235 19.9314 1.05
      vertex 46.7632 20.212 1.05
    endloop
  endfacet
  facet normal 0 0 1
    outer loop
      vertex 45.5344 21.3507 1.05
      vertex 46.7632 20.212 1.05
      vertex 46.7158 20.4074 1.05
    endloop
  endfacet
  facet normal 0 0 1
    outer loop
      vertex 46.8965 19.5655 1.05
      vertex 46.2926 18.4415 1.05
      vertex 47.6017 18.4415 1.05
    endloop
  endfacet
  facet normal 0 0 1
    outer loop
      vertex 46.8235 19.9314 1.05
      vertex 46.2926 18.4415 1.05
      vertex 46.8965 19.5655 1.05
    endloop
  endfacet
  facet normal -0 0 1
    outer loop
      vertex 45.4879 21.5476 1.05
      vertex 46.7158 20.4074 1.05
      vertex 45.9841 23.2108 1.05
    endloop
  endfacet
  facet normal 0 0 1
    outer loop
      vertex 46.8235 19.9314 1.05
      vertex 45.5344 21.3507 1.05
      vertex 46.2926 18.4415 1.05
    endloop
  endfacet
  facet normal 0 0 1
    outer loop
      vertex 46.7158 20.4074 1.05
      vertex 45.4879 21.5476 1.05
      vertex 45.5344 21.3507 1.05
    endloop
  endfacet
  facet normal 0 0 1
    outer loop
      vertex 45.9841 23.2108 1.05
      vertex 45.4189 21.8738 1.05
      vertex 45.4879 21.5476 1.05
    endloop
  endfacet
  facet normal 0 0 1
    outer loop
      vertex 45.9841 23.2108 1.05
      vertex 45.3273 22.3292 1.05
      vertex 45.4189 21.8738 1.05
    endloop
  endfacet
  facet normal -0 0 1
    outer loop
      vertex 44.6573 23.2108 1.05
      vertex 45.3273 22.3292 1.05
      vertex 45.9841 23.2108 1.05
    endloop
  endfacet
  facet normal 0 0 1
    outer loop
      vertex 44.6573 23.2108 1.05
      vertex 45.098 21.3419 1.05
      vertex 45.3273 22.3292 1.05
    endloop
  endfacet
  facet normal 0 0 1
    outer loop
      vertex 43.9079 20.4074 1.05
      vertex 45.098 21.3419 1.05
      vertex 44.6573 23.2108 1.05
    endloop
  endfacet
  facet normal 0 0 1
    outer loop
      vertex 43.7978 19.8917 1.05
      vertex 45.098 21.3419 1.05
      vertex 43.9079 20.4074 1.05
    endloop
  endfacet
  facet normal 0 0 1
    outer loop
      vertex 45.098 21.3419 1.05
      vertex 43.7978 19.8917 1.05
      vertex 44.3311 18.4415 1.05
    endloop
  endfacet
  facet normal -0 0 1
    outer loop
      vertex 43.736 19.5655 1.05
      vertex 44.3311 18.4415 1.05
      vertex 43.7978 19.8917 1.05
    endloop
  endfacet
  facet normal 0 0 1
    outer loop
      vertex 43.736 19.5655 1.05
      vertex 43.022 18.4415 1.05
      vertex 44.3311 18.4415 1.05
    endloop
  endfacet
  facet normal -0 0 1
    outer loop
      vertex 41.7878 23.2108 1.05
      vertex 43.736 19.5655 1.05
      vertex 42.9515 23.2108 1.05
    endloop
  endfacet
  facet normal 0 0 1
    outer loop
      vertex 43.736 19.5655 1.05
      vertex 41.7878 23.2108 1.05
      vertex 43.022 18.4415 1.05
    endloop
  endfacet
  facet normal -0 0 1
    outer loop
      vertex 40.2638 21.3458 1.05
      vertex 41.5905 20.8306 1.05
      vertex 41.5222 21.565 1.05
    endloop
  endfacet
  facet normal 0 0 1
    outer loop
      vertex 40.2638 21.3458 1.05
      vertex 41.5222 21.565 1.05
      vertex 41.3172 22.1754 1.05
    endloop
  endfacet
  facet normal 0 0 1
    outer loop
      vertex 41.5905 20.8306 1.05
      vertex 40.2946 20.8306 1.05
      vertex 41.519 20.1133 1.05
    endloop
  endfacet
  facet normal 0 0 1
    outer loop
      vertex 40.1712 21.7572 1.05
      vertex 41.3172 22.1754 1.05
      vertex 40.9756 22.662 1.05
    endloop
  endfacet
  facet normal 0 0 1
    outer loop
      vertex 40.1678 19.9245 1.05
      vertex 41.519 20.1133 1.05
      vertex 40.2946 20.8306 1.05
    endloop
  endfacet
  facet normal 0 0 1
    outer loop
      vertex 40.0169 22.0647 1.05
      vertex 40.9756 22.662 1.05
      vertex 40.5042 23.0158 1.05
    endloop
  endfacet
  facet normal 0 0 1
    outer loop
      vertex 41.5905 20.8306 1.05
      vertex 40.2638 21.3458 1.05
      vertex 40.2946 20.8306 1.05
    endloop
  endfacet
  facet normal 0 0 1
    outer loop
      vertex 41.3045 19.5073 1.05
      vertex 40.1678 19.9245 1.05
      vertex 40.9469 19.0124 1.05
    endloop
  endfacet
  facet normal 0 0 1
    outer loop
      vertex 41.519 20.1133 1.05
      vertex 40.1678 19.9245 1.05
      vertex 41.3045 19.5073 1.05
    endloop
  endfacet
  facet normal 0 0 1
    outer loop
      vertex 41.3172 22.1754 1.05
      vertex 40.1712 21.7572 1.05
      vertex 40.2638 21.3458 1.05
    endloop
  endfacet
  facet normal 0 0 1
    outer loop
      vertex 40.9756 22.662 1.05
      vertex 40.0169 22.0647 1.05
      vertex 40.1712 21.7572 1.05
    endloop
  endfacet
  facet normal 0 0 1
    outer loop
      vertex 39.8039 22.2778 1.05
      vertex 40.5042 23.0158 1.05
      vertex 39.9099 23.2281 1.05
    endloop
  endfacet
  facet normal 0 0 1
    outer loop
      vertex 40.5042 23.0158 1.05
      vertex 39.8039 22.2778 1.05
      vertex 40.0169 22.0647 1.05
    endloop
  endfacet
  facet normal 0 0 1
    outer loop
      vertex 39.9099 23.2281 1.05
      vertex 39.535 22.4056 1.05
      vertex 39.8039 22.2778 1.05
    endloop
  endfacet
  facet normal 0 0 1
    outer loop
      vertex 39.1926 23.2989 1.05
      vertex 39.535 22.4056 1.05
      vertex 39.9099 23.2281 1.05
    endloop
  endfacet
  facet normal 0 0 1
    outer loop
      vertex 39.535 22.4056 1.05
      vertex 39.1926 23.2989 1.05
      vertex 39.2103 22.4482 1.05
    endloop
  endfacet
  facet normal -0 0 1
    outer loop
      vertex 38.4879 23.2257 1.05
      vertex 39.2103 22.4482 1.05
      vertex 39.1926 23.2989 1.05
    endloop
  endfacet
  facet normal 0 0 1
    outer loop
      vertex 39.2103 22.4482 1.05
      vertex 38.4879 23.2257 1.05
      vertex 38.5834 22.2685 1.05
    endloop
  endfacet
  facet normal -0 0 1
    outer loop
      vertex 37.8958 23.006 1.05
      vertex 38.5834 22.2685 1.05
      vertex 38.4879 23.2257 1.05
    endloop
  endfacet
  facet normal 0 0 1
    outer loop
      vertex 38.5834 22.2685 1.05
      vertex 37.4163 22.6399 1.05
      vertex 38.2073 21.7293 1.05
    endloop
  endfacet
  facet normal -0 0 1
    outer loop
      vertex 37.4163 22.6399 1.05
      vertex 38.5834 22.2685 1.05
      vertex 37.8958 23.006 1.05
    endloop
  endfacet
  facet normal -0 0 1
    outer loop
      vertex 39.7872 19.3809 1.05
      vertex 40.9469 19.0124 1.05
      vertex 40.1678 19.9245 1.05
    endloop
  endfacet
  facet normal 0 0 1
    outer loop
      vertex 40.9469 19.0124 1.05
      vertex 39.7872 19.3809 1.05
      vertex 40.4631 18.6463 1.05
    endloop
  endfacet
  facet normal 0 0 1
    outer loop
      vertex 40.4631 18.6463 1.05
      vertex 39.7872 19.3809 1.05
      vertex 39.8695 18.4266 1.05
    endloop
  endfacet
  facet normal -0 0 1
    outer loop
      vertex 39.153 19.1997 1.05
      vertex 39.8695 18.4266 1.05
      vertex 39.7872 19.3809 1.05
    endloop
  endfacet
  facet normal 0 0 1
    outer loop
      vertex 39.8695 18.4266 1.05
      vertex 39.153 19.1997 1.05
      vertex 39.1662 18.3534 1.05
    endloop
  endfacet
  facet normal 0 0 1
    outer loop
      vertex 38.8334 19.246 1.05
      vertex 39.1662 18.3534 1.05
      vertex 39.153 19.1997 1.05
    endloop
  endfacet
  facet normal 0 0 1
    outer loop
      vertex 38.4762 18.4269 1.05
      vertex 38.8334 19.246 1.05
      vertex 38.5682 19.3848 1.05
    endloop
  endfacet
  facet normal 0 0 1
    outer loop
      vertex 38.8334 19.246 1.05
      vertex 38.4762 18.4269 1.05
      vertex 39.1662 18.3534 1.05
    endloop
  endfacet
  facet normal 0 0 1
    outer loop
      vertex 37.8928 18.6473 1.05
      vertex 38.5682 19.3848 1.05
      vertex 38.3574 19.6162 1.05
    endloop
  endfacet
  facet normal 0 0 1
    outer loop
      vertex 37.4163 19.0146 1.05
      vertex 38.3574 19.6162 1.05
      vertex 38.2043 19.9363 1.05
    endloop
  endfacet
  facet normal 0 0 1
    outer loop
      vertex 37.0637 19.5102 1.05
      vertex 38.2043 19.9363 1.05
      vertex 38.1125 20.341 1.05
    endloop
  endfacet
  facet normal -0 0 1
    outer loop
      vertex 37.0637 22.146 1.05
      vertex 38.2073 21.7293 1.05
      vertex 37.4163 22.6399 1.05
    endloop
  endfacet
  facet normal 0 0 1
    outer loop
      vertex 38.5682 19.3848 1.05
      vertex 37.8928 18.6473 1.05
      vertex 38.4762 18.4269 1.05
    endloop
  endfacet
  facet normal 0 0 1
    outer loop
      vertex 36.8521 21.5429 1.05
      vertex 38.2073 21.7293 1.05
      vertex 37.0637 22.146 1.05
    endloop
  endfacet
  facet normal 0 0 1
    outer loop
      vertex 38.2073 21.7293 1.05
      vertex 36.8521 21.5429 1.05
      vertex 38.0819 20.8306 1.05
    endloop
  endfacet
  facet normal 0 -0 1
    outer loop
      vertex 36.8521 20.1155 1.05
      vertex 38.1125 20.341 1.05
      vertex 36.7816 20.8306 1.05
    endloop
  endfacet
  facet normal 0 0 1
    outer loop
      vertex 36.7816 20.8306 1.05
      vertex 38.0819 20.8306 1.05
      vertex 36.8521 21.5429 1.05
    endloop
  endfacet
  facet normal 0 -0 1
    outer loop
      vertex 37.0637 19.5102 1.05
      vertex 38.1125 20.341 1.05
      vertex 36.8521 20.1155 1.05
    endloop
  endfacet
  facet normal 0 0 1
    outer loop
      vertex 38.0819 20.8306 1.05
      vertex 36.7816 20.8306 1.05
      vertex 38.1125 20.341 1.05
    endloop
  endfacet
  facet normal 0 0 1
    outer loop
      vertex 38.2043 19.9363 1.05
      vertex 37.0637 19.5102 1.05
      vertex 37.4163 19.0146 1.05
    endloop
  endfacet
  facet normal 0 0 1
    outer loop
      vertex 38.3574 19.6162 1.05
      vertex 37.4163 19.0146 1.05
      vertex 37.8928 18.6473 1.05
    endloop
  endfacet
  facet normal 0 0 1
    outer loop
      vertex 53.3235 21.4288 1.05
      vertex 52.1382 21.7168 1.05
      vertex 52.1848 21.3639 1.05
    endloop
  endfacet
  facet normal 0 0 1
    outer loop
      vertex 52.8415 22.6179 1.05
      vertex 52.0457 22.0055 1.05
      vertex 52.1382 21.7168 1.05
    endloop
  endfacet
  facet normal 0 0 1
    outer loop
      vertex 52.8415 22.6179 1.05
      vertex 51.907 22.23 1.05
      vertex 52.0457 22.0055 1.05
    endloop
  endfacet
  facet normal 0 0 1
    outer loop
      vertex 51.7268 22.3904 1.05
      vertex 52.4262 22.9962 1.05
      vertex 51.9031 23.2232 1.05
    endloop
  endfacet
  facet normal 0 0 1
    outer loop
      vertex 52.4262 22.9962 1.05
      vertex 51.7268 22.3904 1.05
      vertex 51.907 22.23 1.05
    endloop
  endfacet
  facet normal 0 0 1
    outer loop
      vertex 51.9031 23.2232 1.05
      vertex 51.5094 22.4867 1.05
      vertex 51.7268 22.3904 1.05
    endloop
  endfacet
  facet normal 0 0 1
    outer loop
      vertex 51.2723 23.2989 1.05
      vertex 51.5094 22.4867 1.05
      vertex 51.9031 23.2232 1.05
    endloop
  endfacet
  facet normal 0 0 1
    outer loop
      vertex 51.2723 23.2989 1.05
      vertex 51.2547 22.5188 1.05
      vertex 51.5094 22.4867 1.05
    endloop
  endfacet
  facet normal 0 0 1
    outer loop
      vertex 51.2723 23.2989 1.05
      vertex 50.9861 22.485 1.05
      vertex 51.2547 22.5188 1.05
    endloop
  endfacet
  facet normal -0 0 1
    outer loop
      vertex 50.6097 23.2284 1.05
      vertex 50.9861 22.485 1.05
      vertex 51.2723 23.2989 1.05
    endloop
  endfacet
  facet normal 0 0 1
    outer loop
      vertex 50.9861 22.485 1.05
      vertex 50.6097 23.2284 1.05
      vertex 50.762 22.3836 1.05
    endloop
  endfacet
  facet normal -0 0 1
    outer loop
      vertex 50.0558 23.0168 1.05
      vertex 50.762 22.3836 1.05
      vertex 50.6097 23.2284 1.05
    endloop
  endfacet
  facet normal 0 0 1
    outer loop
      vertex 50.762 22.3836 1.05
      vertex 50.0558 23.0168 1.05
      vertex 50.5825 22.2146 1.05
    endloop
  endfacet
  facet normal -0 0 1
    outer loop
      vertex 49.6106 22.6642 1.05
      vertex 50.5825 22.2146 1.05
      vertex 50.0558 23.0168 1.05
    endloop
  endfacet
  facet normal 0 0 1
    outer loop
      vertex 50.4501 21.9849 1.05
      vertex 49.2849 22.1803 1.05
      vertex 50.367 21.7013 1.05
    endloop
  endfacet
  facet normal -0 0 1
    outer loop
      vertex 49.2849 22.1803 1.05
      vertex 50.4501 21.9849 1.05
      vertex 49.6106 22.6642 1.05
    endloop
  endfacet
  facet normal 0 0 1
    outer loop
      vertex 50.5825 22.2146 1.05
      vertex 49.6106 22.6642 1.05
      vertex 50.4501 21.9849 1.05
    endloop
  endfacet
  facet normal -0 0 1
    outer loop
      vertex 52.1848 21.3639 1.05
      vertex 53.3837 20.6234 1.05
      vertex 53.3235 21.4288 1.05
    endloop
  endfacet
  facet normal -0 0 1
    outer loop
      vertex 52.1382 21.7168 1.05
      vertex 53.3235 21.4288 1.05
      vertex 53.1428 22.0936 1.05
    endloop
  endfacet
  facet normal 0 0 1
    outer loop
      vertex 52.1382 21.7168 1.05
      vertex 53.1428 22.0936 1.05
      vertex 52.8415 22.6179 1.05
    endloop
  endfacet
  facet normal 0 0 1
    outer loop
      vertex 51.907 22.23 1.05
      vertex 52.8415 22.6179 1.05
      vertex 52.4262 22.9962 1.05
    endloop
  endfacet
  facet normal 0 0 1
    outer loop
      vertex 53.3837 20.6234 1.05
      vertex 52.1848 21.3639 1.05
      vertex 53.3837 20.5882 1.05
    endloop
  endfacet
  facet normal 0 0 1
    outer loop
      vertex 50.3247 20.5882 1.05
      vertex 52.1848 21.3639 1.05
      vertex 50.3335 21.3639 1.05
    endloop
  endfacet
  facet normal 0 0 1
    outer loop
      vertex 52.1848 21.3639 1.05
      vertex 50.3247 20.5882 1.05
      vertex 53.3837 20.5882 1.05
    endloop
  endfacet
  facet normal 0 0 1
    outer loop
      vertex 52.1451 19.7506 1.05
      vertex 52.8592 18.9294 1.05
      vertex 53.3132 19.6493 1.05
    endloop
  endfacet
  facet normal 0 0 1
    outer loop
      vertex 52.8592 18.9294 1.05
      vertex 52.1451 19.7506 1.05
      vertex 51.9766 19.4348 1.05
    endloop
  endfacet
  facet normal 0 0 1
    outer loop
      vertex 52.8592 18.9294 1.05
      vertex 51.9766 19.4348 1.05
      vertex 52.173 18.4974 1.05
    endloop
  endfacet
  facet normal -0 0 1
    outer loop
      vertex 51.7004 19.2453 1.05
      vertex 52.173 18.4974 1.05
      vertex 51.9766 19.4348 1.05
    endloop
  endfacet
  facet normal 0 0 1
    outer loop
      vertex 51.2547 18.3534 1.05
      vertex 51.7004 19.2453 1.05
      vertex 51.3164 19.1821 1.05
    endloop
  endfacet
  facet normal 0 0 1
    outer loop
      vertex 51.7004 19.2453 1.05
      vertex 51.2547 18.3534 1.05
      vertex 52.173 18.4974 1.05
    endloop
  endfacet
  facet normal 0 0 1
    outer loop
      vertex 51.0233 19.2215 1.05
      vertex 51.2547 18.3534 1.05
      vertex 51.3164 19.1821 1.05
    endloop
  endfacet
  facet normal 0 0 1
    outer loop
      vertex 50.593 18.4242 1.05
      vertex 51.0233 19.2215 1.05
      vertex 50.7787 19.3398 1.05
    endloop
  endfacet
  facet normal 0 0 1
    outer loop
      vertex 51.0233 19.2215 1.05
      vertex 50.593 18.4242 1.05
      vertex 51.2547 18.3534 1.05
    endloop
  endfacet
  facet normal 0 0 1
    outer loop
      vertex 50.0421 18.6365 1.05
      vertex 50.7787 19.3398 1.05
      vertex 50.5825 19.5369 1.05
    endloop
  endfacet
  facet normal 0 0 1
    outer loop
      vertex 49.6018 18.9903 1.05
      vertex 50.5825 19.5369 1.05
      vertex 50.4393 19.8114 1.05
    endloop
  endfacet
  facet normal 0 0 1
    outer loop
      vertex 49.281 19.4798 1.05
      vertex 50.4393 19.8114 1.05
      vertex 50.3533 20.1618 1.05
    endloop
  endfacet
  facet normal 0 0 1
    outer loop
      vertex 49.0895 21.575 1.05
      vertex 50.367 21.7013 1.05
      vertex 49.2849 22.1803 1.05
    endloop
  endfacet
  facet normal 0 0 1
    outer loop
      vertex 50.7787 19.3398 1.05
      vertex 50.0421 18.6365 1.05
      vertex 50.593 18.4242 1.05
    endloop
  endfacet
  facet normal 0 0 1
    outer loop
      vertex 50.367 21.7013 1.05
      vertex 49.0895 21.575 1.05
      vertex 50.3335 21.3639 1.05
    endloop
  endfacet
  facet normal 0 0 1
    outer loop
      vertex 49.0244 20.8482 1.05
      vertex 50.3335 21.3639 1.05
      vertex 49.0895 21.575 1.05
    endloop
  endfacet
  facet normal 0 0 1
    outer loop
      vertex 50.3247 20.5882 1.05
      vertex 49.0885 20.0991 1.05
      vertex 50.3533 20.1618 1.05
    endloop
  endfacet
  facet normal 0 0 1
    outer loop
      vertex 50.3335 21.3639 1.05
      vertex 49.0244 20.8482 1.05
      vertex 50.3247 20.5882 1.05
    endloop
  endfacet
  facet normal 0 -0 1
    outer loop
      vertex 49.281 19.4798 1.05
      vertex 50.3533 20.1618 1.05
      vertex 49.0885 20.0991 1.05
    endloop
  endfacet
  facet normal 0 -0 1
    outer loop
      vertex 49.0885 20.0991 1.05
      vertex 50.3247 20.5882 1.05
      vertex 49.0244 20.8482 1.05
    endloop
  endfacet
  facet normal 0 0 1
    outer loop
      vertex 50.4393 19.8114 1.05
      vertex 49.281 19.4798 1.05
      vertex 49.6018 18.9903 1.05
    endloop
  endfacet
  facet normal 0 0 1
    outer loop
      vertex 50.5825 19.5369 1.05
      vertex 49.6018 18.9903 1.05
      vertex 50.0421 18.6365 1.05
    endloop
  endfacet
  facet normal 0 -1 0
    outer loop
      vertex 34.6098 24.9827 1.05
      vertex 35.8485 24.9827 1.6
      vertex 34.6098 24.9827 1.6
    endloop
  endfacet
  facet normal 0 -1 -0
    outer loop
      vertex 35.8485 24.9827 1.6
      vertex 34.6098 24.9827 1.05
      vertex 35.8485 24.9827 1.05
    endloop
  endfacet
  facet normal 1 -0 0
    outer loop
      vertex 34.6098 18.4415 1.6
      vertex 34.6098 24.9827 1.05
      vertex 34.6098 24.9827 1.6
    endloop
  endfacet
  facet normal 1 0 0
    outer loop
      vertex 34.6098 24.9827 1.05
      vertex 34.6098 18.4415 1.6
      vertex 34.6098 18.4415 1.05
    endloop
  endfacet
  facet normal 0 1 -0
    outer loop
      vertex 35.8485 18.4415 1.05
      vertex 34.6098 18.4415 1.6
      vertex 35.8485 18.4415 1.6
    endloop
  endfacet
  facet normal 0 1 0
    outer loop
      vertex 34.6098 18.4415 1.6
      vertex 35.8485 18.4415 1.05
      vertex 34.6098 18.4415 1.05
    endloop
  endfacet
  facet normal -1 0 0
    outer loop
      vertex 35.8485 18.4415 1.05
      vertex 35.8485 24.9827 1.6
      vertex 35.8485 24.9827 1.05
    endloop
  endfacet
  facet normal -1 -0 0
    outer loop
      vertex 35.8485 24.9827 1.6
      vertex 35.8485 18.4415 1.05
      vertex 35.8485 18.4415 1.6
    endloop
  endfacet
  facet normal 0 1 -0
    outer loop
      vertex 33.6765 20.7204 1.05
      vertex 30.4984 20.7204 1.6
      vertex 33.6765 20.7204 1.6
    endloop
  endfacet
  facet normal 0 1 0
    outer loop
      vertex 30.4984 20.7204 1.6
      vertex 33.6765 20.7204 1.05
      vertex 30.4984 20.7204 1.05
    endloop
  endfacet
  facet normal -1 0 0
    outer loop
      vertex 33.6765 20.7204 1.05
      vertex 33.6765 21.7253 1.6
      vertex 33.6765 21.7253 1.05
    endloop
  endfacet
  facet normal -1 -0 0
    outer loop
      vertex 33.6765 21.7253 1.6
      vertex 33.6765 20.7204 1.05
      vertex 33.6765 20.7204 1.6
    endloop
  endfacet
  facet normal 0 -1 0
    outer loop
      vertex 30.4984 21.7253 1.05
      vertex 33.6765 21.7253 1.6
      vertex 30.4984 21.7253 1.6
    endloop
  endfacet
  facet normal 0 -1 -0
    outer loop
      vertex 33.6765 21.7253 1.6
      vertex 30.4984 21.7253 1.05
      vertex 33.6765 21.7253 1.05
    endloop
  endfacet
  facet normal -1 0 0
    outer loop
      vertex 30.4984 21.7253 1.05
      vertex 30.4984 23.6472 1.6
      vertex 30.4984 23.6472 1.05
    endloop
  endfacet
  facet normal -1 -0 0
    outer loop
      vertex 30.4984 23.6472 1.6
      vertex 30.4984 21.7253 1.05
      vertex 30.4984 21.7253 1.6
    endloop
  endfacet
  facet normal 0 1 -0
    outer loop
      vertex 33.7779 23.6472 1.05
      vertex 30.4984 23.6472 1.6
      vertex 33.7779 23.6472 1.6
    endloop
  endfacet
  facet normal 0 1 0
    outer loop
      vertex 30.4984 23.6472 1.6
      vertex 33.7779 23.6472 1.05
      vertex 30.4984 23.6472 1.05
    endloop
  endfacet
  facet normal -1 0 0
    outer loop
      vertex 33.7779 23.6472 1.05
      vertex 33.7779 24.6521 1.6
      vertex 33.7779 24.6521 1.05
    endloop
  endfacet
  facet normal -1 -0 0
    outer loop
      vertex 33.7779 24.6521 1.6
      vertex 33.7779 23.6472 1.05
      vertex 33.7779 23.6472 1.6
    endloop
  endfacet
  facet normal 0 -1 0
    outer loop
      vertex 29.1981 24.6521 1.05
      vertex 33.7779 24.6521 1.6
      vertex 29.1981 24.6521 1.6
    endloop
  endfacet
  facet normal 0 -1 -0
    outer loop
      vertex 33.7779 24.6521 1.6
      vertex 29.1981 24.6521 1.05
      vertex 33.7779 24.6521 1.05
    endloop
  endfacet
  facet normal 1 -0 0
    outer loop
      vertex 29.1981 18.4415 1.6
      vertex 29.1981 24.6521 1.05
      vertex 29.1981 24.6521 1.6
    endloop
  endfacet
  facet normal 1 0 0
    outer loop
      vertex 29.1981 24.6521 1.05
      vertex 29.1981 18.4415 1.6
      vertex 29.1981 18.4415 1.05
    endloop
  endfacet
  facet normal 0 1 -0
    outer loop
      vertex 30.4984 18.4415 1.05
      vertex 29.1981 18.4415 1.6
      vertex 30.4984 18.4415 1.6
    endloop
  endfacet
  facet normal 0 1 0
    outer loop
      vertex 29.1981 18.4415 1.6
      vertex 30.4984 18.4415 1.05
      vertex 29.1981 18.4415 1.05
    endloop
  endfacet
  facet normal -1 0 0
    outer loop
      vertex 30.4984 18.4415 1.05
      vertex 30.4984 20.7204 1.6
      vertex 30.4984 20.7204 1.05
    endloop
  endfacet
  facet normal -1 -0 0
    outer loop
      vertex 30.4984 20.7204 1.6
      vertex 30.4984 18.4415 1.05
      vertex 30.4984 18.4415 1.6
    endloop
  endfacet
  facet normal -0.997977 0.0635781 0
    outer loop
      vertex 55.4438 20.7821 1.05
      vertex 55.4725 21.2326 1.6
      vertex 55.4725 21.2326 1.05
    endloop
  endfacet
  facet normal -0.997977 0.0635781 0
    outer loop
      vertex 55.4725 21.2326 1.6
      vertex 55.4438 20.7821 1.05
      vertex 55.4438 20.7821 1.6
    endloop
  endfacet
  facet normal -0.974133 0.225974 0
    outer loop
      vertex 55.4725 21.2326 1.05
      vertex 55.5584 21.6029 1.6
      vertex 55.5584 21.6029 1.05
    endloop
  endfacet
  facet normal -0.974133 0.225974 0
    outer loop
      vertex 55.5584 21.6029 1.6
      vertex 55.4725 21.2326 1.05
      vertex 55.4725 21.2326 1.6
    endloop
  endfacet
  facet normal -0.896459 0.443127 0
    outer loop
      vertex 55.5584 21.6029 1.05
      vertex 55.7017 21.8928 1.6
      vertex 55.7017 21.8928 1.05
    endloop
  endfacet
  facet normal -0.896459 0.443127 0
    outer loop
      vertex 55.7017 21.8928 1.6
      vertex 55.5584 21.6029 1.05
      vertex 55.5584 21.6029 1.6
    endloop
  endfacet
  facet normal -0.730565 0.682843 0
    outer loop
      vertex 55.7017 21.8928 1.05
      vertex 55.8963 22.101 1.6
      vertex 55.8963 22.101 1.05
    endloop
  endfacet
  facet normal -0.730565 0.682843 0
    outer loop
      vertex 55.8963 22.101 1.6
      vertex 55.7017 21.8928 1.05
      vertex 55.7017 21.8928 1.6
    endloop
  endfacet
  facet normal -0.461341 0.887223 0
    outer loop
      vertex 56.1365 22.2259 1.05
      vertex 55.8963 22.101 1.6
      vertex 56.1365 22.2259 1.6
    endloop
  endfacet
  facet normal -0.461341 0.887223 0
    outer loop
      vertex 55.8963 22.101 1.6
      vertex 56.1365 22.2259 1.05
      vertex 55.8963 22.101 1.05
    endloop
  endfacet
  facet normal -0.144038 0.989572 0
    outer loop
      vertex 56.4223 22.2675 1.05
      vertex 56.1365 22.2259 1.6
      vertex 56.4223 22.2675 1.6
    endloop
  endfacet
  facet normal -0.144038 0.989572 0
    outer loop
      vertex 56.1365 22.2259 1.6
      vertex 56.4223 22.2675 1.05
      vertex 56.1365 22.2259 1.05
    endloop
  endfacet
  facet normal 0.0460284 0.99894 -0
    outer loop
      vertex 56.5829 22.2601 1.05
      vertex 56.4223 22.2675 1.6
      vertex 56.5829 22.2601 1.6
    endloop
  endfacet
  facet normal 0.0460284 0.99894 0
    outer loop
      vertex 56.4223 22.2675 1.6
      vertex 56.5829 22.2601 1.05
      vertex 56.4223 22.2675 1.05
    endloop
  endfacet
  facet normal 0.123827 0.992304 -0
    outer loop
      vertex 56.7592 22.2381 1.05
      vertex 56.5829 22.2601 1.6
      vertex 56.7592 22.2381 1.6
    endloop
  endfacet
  facet normal 0.123827 0.992304 0
    outer loop
      vertex 56.5829 22.2601 1.6
      vertex 56.7592 22.2381 1.05
      vertex 56.5829 22.2601 1.05
    endloop
  endfacet
  facet normal 0.187747 0.982217 -0
    outer loop
      vertex 56.9512 22.2014 1.05
      vertex 56.7592 22.2381 1.6
      vertex 56.9512 22.2014 1.6
    endloop
  endfacet
  facet normal 0.187747 0.982217 0
    outer loop
      vertex 56.7592 22.2381 1.6
      vertex 56.9512 22.2014 1.05
      vertex 56.7592 22.2381 1.05
    endloop
  endfacet
  facet normal -1 0 0
    outer loop
      vertex 56.9512 22.2014 1.05
      vertex 56.9512 23.2372 1.6
      vertex 56.9512 23.2372 1.05
    endloop
  endfacet
  facet normal -1 -0 0
    outer loop
      vertex 56.9512 23.2372 1.6
      vertex 56.9512 22.2014 1.05
      vertex 56.9512 22.2014 1.6
    endloop
  endfacet
  facet normal -0.323896 -0.946093 0
    outer loop
      vertex 56.844 23.2739 1.05
      vertex 56.9512 23.2372 1.6
      vertex 56.844 23.2739 1.6
    endloop
  endfacet
  facet normal -0.323896 -0.946093 -0
    outer loop
      vertex 56.9512 23.2372 1.6
      vertex 56.844 23.2739 1.05
      vertex 56.9512 23.2372 1.05
    endloop
  endfacet
  facet normal -0.170397 -0.985375 0
    outer loop
      vertex 56.7162 23.296 1.05
      vertex 56.844 23.2739 1.6
      vertex 56.7162 23.296 1.6
    endloop
  endfacet
  facet normal -0.170397 -0.985375 -0
    outer loop
      vertex 56.844 23.2739 1.6
      vertex 56.7162 23.296 1.05
      vertex 56.844 23.2739 1.05
    endloop
  endfacet
  facet normal -0.049132 -0.998792 0
    outer loop
      vertex 56.5678 23.3033 1.05
      vertex 56.7162 23.296 1.6
      vertex 56.5678 23.3033 1.6
    endloop
  endfacet
  facet normal -0.049132 -0.998792 -0
    outer loop
      vertex 56.7162 23.296 1.6
      vertex 56.5678 23.3033 1.05
      vertex 56.7162 23.296 1.05
    endloop
  endfacet
  facet normal 0.0599357 -0.998202 0
    outer loop
      vertex 56.3846 23.2923 1.05
      vertex 56.5678 23.3033 1.6
      vertex 56.3846 23.2923 1.6
    endloop
  endfacet
  facet normal 0.0599357 -0.998202 0
    outer loop
      vertex 56.5678 23.3033 1.6
      vertex 56.3846 23.2923 1.05
      vertex 56.5678 23.3033 1.05
    endloop
  endfacet
  facet normal 0.200079 -0.97978 0
    outer loop
      vertex 56.223 23.2593 1.05
      vertex 56.3846 23.2923 1.6
      vertex 56.223 23.2593 1.6
    endloop
  endfacet
  facet normal 0.200079 -0.97978 0
    outer loop
      vertex 56.3846 23.2923 1.6
      vertex 56.223 23.2593 1.05
      vertex 56.3846 23.2923 1.05
    endloop
  endfacet
  facet normal 0.366577 -0.930388 0
    outer loop
      vertex 56.0829 23.2041 1.05
      vertex 56.223 23.2593 1.6
      vertex 56.0829 23.2041 1.6
    endloop
  endfacet
  facet normal 0.366577 -0.930388 0
    outer loop
      vertex 56.223 23.2593 1.6
      vertex 56.0829 23.2041 1.05
      vertex 56.223 23.2593 1.05
    endloop
  endfacet
  facet normal 0.533322 -0.845912 0
    outer loop
      vertex 55.9595 23.1263 1.05
      vertex 56.0829 23.2041 1.6
      vertex 55.9595 23.1263 1.6
    endloop
  endfacet
  facet normal 0.533322 -0.845912 0
    outer loop
      vertex 56.0829 23.2041 1.6
      vertex 55.9595 23.1263 1.05
      vertex 56.0829 23.2041 1.05
    endloop
  endfacet
  facet normal 0.672145 -0.74042 0
    outer loop
      vertex 55.8478 23.0249 1.05
      vertex 55.9595 23.1263 1.6
      vertex 55.8478 23.0249 1.6
    endloop
  endfacet
  facet normal 0.672145 -0.74042 0
    outer loop
      vertex 55.9595 23.1263 1.6
      vertex 55.8478 23.0249 1.05
      vertex 55.9595 23.1263 1.05
    endloop
  endfacet
  facet normal 0.78093 -0.624619 0
    outer loop
      vertex 55.7479 22.9 1.6
      vertex 55.8478 23.0249 1.05
      vertex 55.8478 23.0249 1.6
    endloop
  endfacet
  facet normal 0.78093 -0.624619 0
    outer loop
      vertex 55.8478 23.0249 1.05
      vertex 55.7479 22.9 1.6
      vertex 55.7479 22.9 1.05
    endloop
  endfacet
  facet normal 0.865089 -0.501619 0
    outer loop
      vertex 55.6495 22.7303 1.6
      vertex 55.7479 22.9 1.05
      vertex 55.7479 22.9 1.6
    endloop
  endfacet
  facet normal 0.865089 -0.501619 0
    outer loop
      vertex 55.7479 22.9 1.05
      vertex 55.6495 22.7303 1.6
      vertex 55.6495 22.7303 1.05
    endloop
  endfacet
  facet normal 0.910195 -0.414181 0
    outer loop
      vertex 55.5422 22.4945 1.6
      vertex 55.6495 22.7303 1.05
      vertex 55.6495 22.7303 1.6
    endloop
  endfacet
  facet normal 0.910195 -0.414181 0
    outer loop
      vertex 55.6495 22.7303 1.05
      vertex 55.5422 22.4945 1.6
      vertex 55.5422 22.4945 1.05
    endloop
  endfacet
  facet normal 0.933401 -0.358834 0
    outer loop
      vertex 55.4261 22.1925 1.6
      vertex 55.5422 22.4945 1.05
      vertex 55.5422 22.4945 1.6
    endloop
  endfacet
  facet normal 0.933401 -0.358834 0
    outer loop
      vertex 55.5422 22.4945 1.05
      vertex 55.4261 22.1925 1.6
      vertex 55.4261 22.1925 1.05
    endloop
  endfacet
  facet normal 0 -1 0
    outer loop
      vertex 55.4085 22.1925 1.05
      vertex 55.4261 22.1925 1.6
      vertex 55.4085 22.1925 1.6
    endloop
  endfacet
  facet normal 0 -1 -0
    outer loop
      vertex 55.4261 22.1925 1.6
      vertex 55.4085 22.1925 1.05
      vertex 55.4261 22.1925 1.05
    endloop
  endfacet
  facet normal -0.999777 -0.021128 0
    outer loop
      vertex 55.4085 22.1925 1.05
      vertex 55.406 22.3108 1.6
      vertex 55.406 22.3108 1.05
    endloop
  endfacet
  facet normal -0.999777 -0.021128 0
    outer loop
      vertex 55.406 22.3108 1.6
      vertex 55.4085 22.1925 1.05
      vertex 55.4085 22.1925 1.6
    endloop
  endfacet
  facet normal -0.999166 -0.0408394 0
    outer loop
      vertex 55.406 22.3108 1.05
      vertex 55.3987 22.4894 1.6
      vertex 55.3987 22.4894 1.05
    endloop
  endfacet
  facet normal -0.999166 -0.0408394 0
    outer loop
      vertex 55.3987 22.4894 1.6
      vertex 55.406 22.3108 1.05
      vertex 55.406 22.3108 1.6
    endloop
  endfacet
  facet normal -0.998696 -0.0510436 0
    outer loop
      vertex 55.3987 22.4894 1.05
      vertex 55.3865 22.7281 1.6
      vertex 55.3865 22.7281 1.05
    endloop
  endfacet
  facet normal -0.998696 -0.0510436 0
    outer loop
      vertex 55.3865 22.7281 1.6
      vertex 55.3987 22.4894 1.05
      vertex 55.3987 22.4894 1.6
    endloop
  endfacet
  facet normal -0.998274 -0.058722 0
    outer loop
      vertex 55.3865 22.7281 1.05
      vertex 55.3728 22.961 1.6
      vertex 55.3728 22.961 1.05
    endloop
  endfacet
  facet normal -0.998274 -0.058722 0
    outer loop
      vertex 55.3728 22.961 1.6
      vertex 55.3865 22.7281 1.05
      vertex 55.3865 22.7281 1.6
    endloop
  endfacet
  facet normal -0.997322 -0.0731411 0
    outer loop
      vertex 55.3728 22.961 1.05
      vertex 55.361 23.1219 1.6
      vertex 55.361 23.1219 1.05
    endloop
  endfacet
  facet normal -0.997322 -0.0731411 0
    outer loop
      vertex 55.361 23.1219 1.6
      vertex 55.3728 22.961 1.05
      vertex 55.3728 22.961 1.6
    endloop
  endfacet
  facet normal -0.993979 -0.109572 0
    outer loop
      vertex 55.361 23.1219 1.05
      vertex 55.3512 23.2108 1.6
      vertex 55.3512 23.2108 1.05
    endloop
  endfacet
  facet normal -0.993979 -0.109572 0
    outer loop
      vertex 55.3512 23.2108 1.6
      vertex 55.361 23.1219 1.05
      vertex 55.361 23.1219 1.6
    endloop
  endfacet
  facet normal 0 -1 0
    outer loop
      vertex 54.1699 23.2108 1.05
      vertex 55.3512 23.2108 1.6
      vertex 54.1699 23.2108 1.6
    endloop
  endfacet
  facet normal 0 -1 -0
    outer loop
      vertex 55.3512 23.2108 1.6
      vertex 54.1699 23.2108 1.05
      vertex 55.3512 23.2108 1.05
    endloop
  endfacet
  facet normal 0.998166 0.0605376 0
    outer loop
      vertex 54.1785 23.069 1.6
      vertex 54.1699 23.2108 1.05
      vertex 54.1699 23.2108 1.6
    endloop
  endfacet
  facet normal 0.998166 0.0605376 0
    outer loop
      vertex 54.1699 23.2108 1.05
      vertex 54.1785 23.069 1.6
      vertex 54.1785 23.069 1.05
    endloop
  endfacet
  facet normal 0.998671 0.0515443 0
    outer loop
      vertex 54.1865 22.914 1.6
      vertex 54.1785 23.069 1.05
      vertex 54.1785 23.069 1.6
    endloop
  endfacet
  facet normal 0.998671 0.0515443 0
    outer loop
      vertex 54.1785 23.069 1.05
      vertex 54.1865 22.914 1.6
      vertex 54.1865 22.914 1.05
    endloop
  endfacet
  facet normal 0.998981 0.0451383 0
    outer loop
      vertex 54.1941 22.7458 1.6
      vertex 54.1865 22.914 1.05
      vertex 54.1865 22.914 1.6
    endloop
  endfacet
  facet normal 0.998981 0.0451383 0
    outer loop
      vertex 54.1865 22.914 1.05
      vertex 54.1941 22.7458 1.6
      vertex 54.1941 22.7458 1.05
    endloop
  endfacet
  facet normal 0.999464 0.0327347 0
    outer loop
      vertex 54.2003 22.5565 1.6
      vertex 54.1941 22.7458 1.05
      vertex 54.1941 22.7458 1.6
    endloop
  endfacet
  facet normal 0.999464 0.0327347 0
    outer loop
      vertex 54.1941 22.7458 1.05
      vertex 54.2003 22.5565 1.6
      vertex 54.2003 22.5565 1.05
    endloop
  endfacet
  facet normal 0.999864 0.0164964 0
    outer loop
      vertex 54.2039 22.3383 1.6
      vertex 54.2003 22.5565 1.05
      vertex 54.2003 22.5565 1.6
    endloop
  endfacet
  facet normal 0.999864 0.0164964 0
    outer loop
      vertex 54.2003 22.5565 1.05
      vertex 54.2039 22.3383 1.6
      vertex 54.2039 22.3383 1.05
    endloop
  endfacet
  facet normal 0.999986 0.00526096 0
    outer loop
      vertex 54.2052 22.0912 1.6
      vertex 54.2039 22.3383 1.05
      vertex 54.2039 22.3383 1.6
    endloop
  endfacet
  facet normal 0.999986 0.00526096 0
    outer loop
      vertex 54.2039 22.3383 1.05
      vertex 54.2052 22.0912 1.6
      vertex 54.2052 22.0912 1.05
    endloop
  endfacet
  facet normal 1 -0 0
    outer loop
      vertex 54.2052 18.4415 1.6
      vertex 54.2052 22.0912 1.05
      vertex 54.2052 22.0912 1.6
    endloop
  endfacet
  facet normal 1 0 0
    outer loop
      vertex 54.2052 22.0912 1.05
      vertex 54.2052 18.4415 1.6
      vertex 54.2052 18.4415 1.05
    endloop
  endfacet
  facet normal 0 1 -0
    outer loop
      vertex 55.4438 18.4415 1.05
      vertex 54.2052 18.4415 1.6
      vertex 55.4438 18.4415 1.6
    endloop
  endfacet
  facet normal 0 1 0
    outer loop
      vertex 54.2052 18.4415 1.6
      vertex 55.4438 18.4415 1.05
      vertex 54.2052 18.4415 1.05
    endloop
  endfacet
  facet normal -1 0 0
    outer loop
      vertex 55.4438 18.4415 1.05
      vertex 55.4438 20.7821 1.6
      vertex 55.4438 20.7821 1.05
    endloop
  endfacet
  facet normal -1 -0 0
    outer loop
      vertex 55.4438 20.7821 1.6
      vertex 55.4438 18.4415 1.05
      vertex 55.4438 18.4415 1.6
    endloop
  endfacet
  facet normal -0.347103 0.937827 0
    outer loop
      vertex 40.4631 18.6463 1.05
      vertex 39.8695 18.4266 1.6
      vertex 40.4631 18.6463 1.6
    endloop
  endfacet
  facet normal -0.347103 0.937827 0
    outer loop
      vertex 39.8695 18.4266 1.6
      vertex 40.4631 18.6463 1.05
      vertex 39.8695 18.4266 1.05
    endloop
  endfacet
  facet normal -0.603423 0.797421 0
    outer loop
      vertex 40.9469 19.0124 1.05
      vertex 40.4631 18.6463 1.6
      vertex 40.9469 19.0124 1.6
    endloop
  endfacet
  facet normal -0.603423 0.797421 0
    outer loop
      vertex 40.4631 18.6463 1.6
      vertex 40.9469 19.0124 1.05
      vertex 40.4631 18.6463 1.05
    endloop
  endfacet
  facet normal -0.810545 0.585676 0
    outer loop
      vertex 40.9469 19.0124 1.05
      vertex 41.3045 19.5073 1.6
      vertex 41.3045 19.5073 1.05
    endloop
  endfacet
  facet normal -0.810545 0.585676 0
    outer loop
      vertex 41.3045 19.5073 1.6
      vertex 40.9469 19.0124 1.05
      vertex 40.9469 19.0124 1.6
    endloop
  endfacet
  facet normal -0.942688 0.333674 0
    outer loop
      vertex 41.3045 19.5073 1.05
      vertex 41.519 20.1133 1.6
      vertex 41.519 20.1133 1.05
    endloop
  endfacet
  facet normal -0.942688 0.333674 0
    outer loop
      vertex 41.519 20.1133 1.6
      vertex 41.3045 19.5073 1.05
      vertex 41.3045 19.5073 1.6
    endloop
  endfacet
  facet normal -0.995069 0.0991878 0
    outer loop
      vertex 41.519 20.1133 1.05
      vertex 41.5905 20.8306 1.6
      vertex 41.5905 20.8306 1.05
    endloop
  endfacet
  facet normal -0.995069 0.0991878 0
    outer loop
      vertex 41.5905 20.8306 1.6
      vertex 41.519 20.1133 1.05
      vertex 41.519 20.1133 1.6
    endloop
  endfacet
  facet normal -0.995703 -0.0926015 0
    outer loop
      vertex 41.5905 20.8306 1.05
      vertex 41.5222 21.565 1.6
      vertex 41.5222 21.565 1.05
    endloop
  endfacet
  facet normal -0.995703 -0.0926015 0
    outer loop
      vertex 41.5222 21.565 1.6
      vertex 41.5905 20.8306 1.05
      vertex 41.5905 20.8306 1.6
    endloop
  endfacet
  facet normal -0.947966 -0.31837 0
    outer loop
      vertex 41.5222 21.565 1.05
      vertex 41.3172 22.1754 1.6
      vertex 41.3172 22.1754 1.05
    endloop
  endfacet
  facet normal -0.947966 -0.31837 0
    outer loop
      vertex 41.3172 22.1754 1.6
      vertex 41.5222 21.565 1.05
      vertex 41.5222 21.565 1.6
    endloop
  endfacet
  facet normal -0.818457 -0.574568 0
    outer loop
      vertex 41.3172 22.1754 1.05
      vertex 40.9756 22.662 1.6
      vertex 40.9756 22.662 1.05
    endloop
  endfacet
  facet normal -0.818457 -0.574568 0
    outer loop
      vertex 40.9756 22.662 1.6
      vertex 41.3172 22.1754 1.05
      vertex 41.3172 22.1754 1.6
    endloop
  endfacet
  facet normal -0.600271 -0.799796 0
    outer loop
      vertex 40.5042 23.0158 1.05
      vertex 40.9756 22.662 1.6
      vertex 40.5042 23.0158 1.6
    endloop
  endfacet
  facet normal -0.600271 -0.799796 -0
    outer loop
      vertex 40.9756 22.662 1.6
      vertex 40.5042 23.0158 1.05
      vertex 40.9756 22.662 1.05
    endloop
  endfacet
  facet normal -0.336407 -0.941717 0
    outer loop
      vertex 39.9099 23.2281 1.05
      vertex 40.5042 23.0158 1.6
      vertex 39.9099 23.2281 1.6
    endloop
  endfacet
  facet normal -0.336407 -0.941717 -0
    outer loop
      vertex 40.5042 23.0158 1.6
      vertex 39.9099 23.2281 1.05
      vertex 40.5042 23.0158 1.05
    endloop
  endfacet
  facet normal -0.0982262 -0.995164 0
    outer loop
      vertex 39.1926 23.2989 1.05
      vertex 39.9099 23.2281 1.6
      vertex 39.1926 23.2989 1.6
    endloop
  endfacet
  facet normal -0.0982262 -0.995164 -0
    outer loop
      vertex 39.9099 23.2281 1.6
      vertex 39.1926 23.2989 1.05
      vertex 39.9099 23.2281 1.05
    endloop
  endfacet
  facet normal 0.103318 -0.994648 0
    outer loop
      vertex 38.4879 23.2257 1.05
      vertex 39.1926 23.2989 1.6
      vertex 38.4879 23.2257 1.6
    endloop
  endfacet
  facet normal 0.103318 -0.994648 0
    outer loop
      vertex 39.1926 23.2989 1.6
      vertex 38.4879 23.2257 1.05
      vertex 39.1926 23.2989 1.05
    endloop
  endfacet
  facet normal 0.347876 -0.93754 0
    outer loop
      vertex 37.8958 23.006 1.05
      vertex 38.4879 23.2257 1.6
      vertex 37.8958 23.006 1.6
    endloop
  endfacet
  facet normal 0.347876 -0.93754 0
    outer loop
      vertex 38.4879 23.2257 1.6
      vertex 37.8958 23.006 1.05
      vertex 38.4879 23.2257 1.05
    endloop
  endfacet
  facet normal 0.606847 -0.794819 0
    outer loop
      vertex 37.4163 22.6399 1.05
      vertex 37.8958 23.006 1.6
      vertex 37.4163 22.6399 1.6
    endloop
  endfacet
  facet normal 0.606847 -0.794819 0
    outer loop
      vertex 37.8958 23.006 1.6
      vertex 37.4163 22.6399 1.05
      vertex 37.8958 23.006 1.05
    endloop
  endfacet
  facet normal 0.813878 -0.581036 0
    outer loop
      vertex 37.0637 22.146 1.6
      vertex 37.4163 22.6399 1.05
      vertex 37.4163 22.6399 1.6
    endloop
  endfacet
  facet normal 0.813878 -0.581036 0
    outer loop
      vertex 37.4163 22.6399 1.05
      vertex 37.0637 22.146 1.6
      vertex 37.0637 22.146 1.05
    endloop
  endfacet
  facet normal 0.943607 -0.331068 0
    outer loop
      vertex 36.8521 21.5429 1.6
      vertex 37.0637 22.146 1.05
      vertex 37.0637 22.146 1.6
    endloop
  endfacet
  facet normal 0.943607 -0.331068 0
    outer loop
      vertex 37.0637 22.146 1.05
      vertex 36.8521 21.5429 1.6
      vertex 36.8521 21.5429 1.05
    endloop
  endfacet
  facet normal 0.995138 -0.0984939 0
    outer loop
      vertex 36.7816 20.8306 1.6
      vertex 36.8521 21.5429 1.05
      vertex 36.8521 21.5429 1.6
    endloop
  endfacet
  facet normal 0.995138 -0.0984939 0
    outer loop
      vertex 36.8521 21.5429 1.05
      vertex 36.7816 20.8306 1.6
      vertex 36.7816 20.8306 1.05
    endloop
  endfacet
  facet normal 0.995175 0.098112 0
    outer loop
      vertex 36.8521 20.1155 1.6
      vertex 36.7816 20.8306 1.05
      vertex 36.7816 20.8306 1.6
    endloop
  endfacet
  facet normal 0.995175 0.098112 0
    outer loop
      vertex 36.7816 20.8306 1.05
      vertex 36.8521 20.1155 1.6
      vertex 36.8521 20.1155 1.05
    endloop
  endfacet
  facet normal 0.943982 0.329996 0
    outer loop
      vertex 37.0637 19.5102 1.6
      vertex 36.8521 20.1155 1.05
      vertex 36.8521 20.1155 1.6
    endloop
  endfacet
  facet normal 0.943982 0.329996 0
    outer loop
      vertex 36.8521 20.1155 1.05
      vertex 37.0637 19.5102 1.6
      vertex 37.0637 19.5102 1.05
    endloop
  endfacet
  facet normal 0.814821 0.579713 0
    outer loop
      vertex 37.4163 19.0146 1.6
      vertex 37.0637 19.5102 1.05
      vertex 37.0637 19.5102 1.6
    endloop
  endfacet
  facet normal 0.814821 0.579713 0
    outer loop
      vertex 37.0637 19.5102 1.05
      vertex 37.4163 19.0146 1.6
      vertex 37.4163 19.0146 1.05
    endloop
  endfacet
  facet normal 0.610506 0.792012 -0
    outer loop
      vertex 37.8928 18.6473 1.05
      vertex 37.4163 19.0146 1.6
      vertex 37.8928 18.6473 1.6
    endloop
  endfacet
  facet normal 0.610506 0.792012 0
    outer loop
      vertex 37.4163 19.0146 1.6
      vertex 37.8928 18.6473 1.05
      vertex 37.4163 19.0146 1.05
    endloop
  endfacet
  facet normal 0.353407 0.93547 -0
    outer loop
      vertex 38.4762 18.4269 1.05
      vertex 37.8928 18.6473 1.6
      vertex 38.4762 18.4269 1.6
    endloop
  endfacet
  facet normal 0.353407 0.93547 0
    outer loop
      vertex 37.8928 18.6473 1.6
      vertex 38.4762 18.4269 1.05
      vertex 37.8928 18.6473 1.05
    endloop
  endfacet
  facet normal 0.105922 0.994374 -0
    outer loop
      vertex 39.1662 18.3534 1.05
      vertex 38.4762 18.4269 1.6
      vertex 39.1662 18.3534 1.6
    endloop
  endfacet
  facet normal 0.105922 0.994374 0
    outer loop
      vertex 38.4762 18.4269 1.6
      vertex 39.1662 18.3534 1.05
      vertex 38.4762 18.4269 1.05
    endloop
  endfacet
  facet normal -0.103522 0.994627 0
    outer loop
      vertex 39.8695 18.4266 1.05
      vertex 39.1662 18.3534 1.6
      vertex 39.8695 18.4266 1.6
    endloop
  endfacet
  facet normal -0.103522 0.994627 0
    outer loop
      vertex 39.1662 18.3534 1.6
      vertex 39.8695 18.4266 1.05
      vertex 39.1662 18.3534 1.05
    endloop
  endfacet
  facet normal -0.463707 -0.885988 0
    outer loop
      vertex 38.5682 19.3848 1.05
      vertex 38.8334 19.246 1.6
      vertex 38.5682 19.3848 1.6
    endloop
  endfacet
  facet normal -0.463707 -0.885988 -0
    outer loop
      vertex 38.8334 19.246 1.6
      vertex 38.5682 19.3848 1.05
      vertex 38.8334 19.246 1.05
    endloop
  endfacet
  facet normal -0.739246 -0.673436 0
    outer loop
      vertex 38.5682 19.3848 1.05
      vertex 38.3574 19.6162 1.6
      vertex 38.3574 19.6162 1.05
    endloop
  endfacet
  facet normal -0.739246 -0.673436 0
    outer loop
      vertex 38.3574 19.6162 1.6
      vertex 38.5682 19.3848 1.05
      vertex 38.5682 19.3848 1.6
    endloop
  endfacet
  facet normal -0.902125 -0.431475 0
    outer loop
      vertex 38.3574 19.6162 1.05
      vertex 38.2043 19.9363 1.6
      vertex 38.2043 19.9363 1.05
    endloop
  endfacet
  facet normal -0.902125 -0.431475 0
    outer loop
      vertex 38.2043 19.9363 1.6
      vertex 38.3574 19.6162 1.05
      vertex 38.3574 19.6162 1.6
    endloop
  endfacet
  facet normal -0.975225 -0.221215 0
    outer loop
      vertex 38.2043 19.9363 1.05
      vertex 38.1125 20.341 1.6
      vertex 38.1125 20.341 1.05
    endloop
  endfacet
  facet normal -0.975225 -0.221215 0
    outer loop
      vertex 38.1125 20.341 1.6
      vertex 38.2043 19.9363 1.05
      vertex 38.2043 19.9363 1.6
    endloop
  endfacet
  facet normal -0.998053 -0.0623783 0
    outer loop
      vertex 38.1125 20.341 1.05
      vertex 38.0819 20.8306 1.6
      vertex 38.0819 20.8306 1.05
    endloop
  endfacet
  facet normal -0.998053 -0.0623783 0
    outer loop
      vertex 38.0819 20.8306 1.6
      vertex 38.1125 20.341 1.05
      vertex 38.1125 20.341 1.6
    endloop
  endfacet
  facet normal -0.990405 0.138196 0
    outer loop
      vertex 38.0819 20.8306 1.05
      vertex 38.2073 21.7293 1.6
      vertex 38.2073 21.7293 1.05
    endloop
  endfacet
  facet normal -0.990405 0.138196 0
    outer loop
      vertex 38.2073 21.7293 1.6
      vertex 38.0819 20.8306 1.05
      vertex 38.0819 20.8306 1.6
    endloop
  endfacet
  facet normal -0.820188 0.572094 0
    outer loop
      vertex 38.2073 21.7293 1.05
      vertex 38.5834 22.2685 1.6
      vertex 38.5834 22.2685 1.05
    endloop
  endfacet
  facet normal -0.820188 0.572094 0
    outer loop
      vertex 38.5834 22.2685 1.6
      vertex 38.2073 21.7293 1.05
      vertex 38.2073 21.7293 1.6
    endloop
  endfacet
  facet normal -0.275551 0.961286 0
    outer loop
      vertex 39.2103 22.4482 1.05
      vertex 38.5834 22.2685 1.6
      vertex 39.2103 22.4482 1.6
    endloop
  endfacet
  facet normal -0.275551 0.961286 0
    outer loop
      vertex 38.5834 22.2685 1.6
      vertex 39.2103 22.4482 1.05
      vertex 38.5834 22.2685 1.05
    endloop
  endfacet
  facet normal 0.130083 0.991503 -0
    outer loop
      vertex 39.535 22.4056 1.05
      vertex 39.2103 22.4482 1.6
      vertex 39.535 22.4056 1.6
    endloop
  endfacet
  facet normal 0.130083 0.991503 0
    outer loop
      vertex 39.2103 22.4482 1.6
      vertex 39.535 22.4056 1.05
      vertex 39.2103 22.4482 1.05
    endloop
  endfacet
  facet normal 0.429255 0.903183 -0
    outer loop
      vertex 39.8039 22.2778 1.05
      vertex 39.535 22.4056 1.6
      vertex 39.8039 22.2778 1.6
    endloop
  endfacet
  facet normal 0.429255 0.903183 0
    outer loop
      vertex 39.535 22.4056 1.6
      vertex 39.8039 22.2778 1.05
      vertex 39.535 22.4056 1.05
    endloop
  endfacet
  facet normal 0.707273 0.706941 0
    outer loop
      vertex 40.0169 22.0647 1.6
      vertex 39.8039 22.2778 1.05
      vertex 39.8039 22.2778 1.6
    endloop
  endfacet
  facet normal 0.707273 0.706941 0
    outer loop
      vertex 39.8039 22.2778 1.05
      vertex 40.0169 22.0647 1.6
      vertex 40.0169 22.0647 1.05
    endloop
  endfacet
  facet normal 0.893787 0.448492 0
    outer loop
      vertex 40.1712 21.7572 1.6
      vertex 40.0169 22.0647 1.05
      vertex 40.0169 22.0647 1.6
    endloop
  endfacet
  facet normal 0.893787 0.448492 0
    outer loop
      vertex 40.0169 22.0647 1.05
      vertex 40.1712 21.7572 1.6
      vertex 40.1712 21.7572 1.05
    endloop
  endfacet
  facet normal 0.975592 0.219591 0
    outer loop
      vertex 40.2638 21.3458 1.6
      vertex 40.1712 21.7572 1.05
      vertex 40.1712 21.7572 1.6
    endloop
  endfacet
  facet normal 0.975592 0.219591 0
    outer loop
      vertex 40.1712 21.7572 1.05
      vertex 40.2638 21.3458 1.6
      vertex 40.2638 21.3458 1.05
    endloop
  endfacet
  facet normal 0.998218 0.0596761 0
    outer loop
      vertex 40.2946 20.8306 1.6
      vertex 40.2638 21.3458 1.05
      vertex 40.2638 21.3458 1.6
    endloop
  endfacet
  facet normal 0.998218 0.0596761 0
    outer loop
      vertex 40.2638 21.3458 1.05
      vertex 40.2946 20.8306 1.6
      vertex 40.2946 20.8306 1.05
    endloop
  endfacet
  facet normal 0.99035 -0.13859 0
    outer loop
      vertex 40.1678 19.9245 1.6
      vertex 40.2946 20.8306 1.05
      vertex 40.2946 20.8306 1.6
    endloop
  endfacet
  facet normal 0.99035 -0.13859 0
    outer loop
      vertex 40.2946 20.8306 1.05
      vertex 40.1678 19.9245 1.6
      vertex 40.1678 19.9245 1.05
    endloop
  endfacet
  facet normal 0.819175 -0.573543 0
    outer loop
      vertex 39.7872 19.3809 1.6
      vertex 40.1678 19.9245 1.05
      vertex 40.1678 19.9245 1.6
    endloop
  endfacet
  facet normal 0.819175 -0.573543 0
    outer loop
      vertex 40.1678 19.9245 1.05
      vertex 39.7872 19.3809 1.6
      vertex 39.7872 19.3809 1.05
    endloop
  endfacet
  facet normal 0.274721 -0.961524 0
    outer loop
      vertex 39.153 19.1997 1.05
      vertex 39.7872 19.3809 1.6
      vertex 39.153 19.1997 1.6
    endloop
  endfacet
  facet normal 0.274721 -0.961524 0
    outer loop
      vertex 39.7872 19.3809 1.6
      vertex 39.153 19.1997 1.05
      vertex 39.7872 19.3809 1.05
    endloop
  endfacet
  facet normal -0.143372 -0.989669 0
    outer loop
      vertex 38.8334 19.246 1.05
      vertex 39.153 19.1997 1.6
      vertex 38.8334 19.246 1.6
    endloop
  endfacet
  facet normal -0.143372 -0.989669 -0
    outer loop
      vertex 39.153 19.1997 1.6
      vertex 38.8334 19.246 1.05
      vertex 39.153 19.1997 1.05
    endloop
  endfacet
  facet normal -0.532767 0.846262 0
    outer loop
      vertex 52.8592 18.9294 1.05
      vertex 52.173 18.4974 1.6
      vertex 52.8592 18.9294 1.6
    endloop
  endfacet
  facet normal -0.532767 0.846262 0
    outer loop
      vertex 52.173 18.4974 1.6
      vertex 52.8592 18.9294 1.05
      vertex 52.173 18.4974 1.05
    endloop
  endfacet
  facet normal -0.845846 0.533427 0
    outer loop
      vertex 52.8592 18.9294 1.05
      vertex 53.3132 19.6493 1.6
      vertex 53.3132 19.6493 1.05
    endloop
  endfacet
  facet normal -0.845846 0.533427 0
    outer loop
      vertex 53.3132 19.6493 1.6
      vertex 52.8592 18.9294 1.05
      vertex 52.8592 18.9294 1.6
    endloop
  endfacet
  facet normal -0.0863977 -0.996261 0
    outer loop
      vertex 52.1451 19.7506 1.05
      vertex 53.3132 19.6493 1.6
      vertex 52.1451 19.7506 1.6
    endloop
  endfacet
  facet normal -0.0863977 -0.996261 -0
    outer loop
      vertex 53.3132 19.6493 1.6
      vertex 52.1451 19.7506 1.05
      vertex 53.3132 19.6493 1.05
    endloop
  endfacet
  facet normal 0.882268 -0.470748 0
    outer loop
      vertex 51.9766 19.4348 1.6
      vertex 52.1451 19.7506 1.05
      vertex 52.1451 19.7506 1.6
    endloop
  endfacet
  facet normal 0.882268 -0.470748 0
    outer loop
      vertex 52.1451 19.7506 1.05
      vertex 51.9766 19.4348 1.6
      vertex 51.9766 19.4348 1.05
    endloop
  endfacet
  facet normal 0.565743 -0.824582 0
    outer loop
      vertex 51.7004 19.2453 1.05
      vertex 51.9766 19.4348 1.6
      vertex 51.7004 19.2453 1.6
    endloop
  endfacet
  facet normal 0.565743 -0.824582 0
    outer loop
      vertex 51.9766 19.4348 1.6
      vertex 51.7004 19.2453 1.05
      vertex 51.9766 19.4348 1.05
    endloop
  endfacet
  facet normal 0.162399 -0.986725 0
    outer loop
      vertex 51.3164 19.1821 1.05
      vertex 51.7004 19.2453 1.6
      vertex 51.3164 19.1821 1.6
    endloop
  endfacet
  facet normal 0.162399 -0.986725 0
    outer loop
      vertex 51.7004 19.2453 1.6
      vertex 51.3164 19.1821 1.05
      vertex 51.7004 19.2453 1.05
    endloop
  endfacet
  facet normal -0.133227 -0.991086 0
    outer loop
      vertex 51.0233 19.2215 1.05
      vertex 51.3164 19.1821 1.6
      vertex 51.0233 19.2215 1.6
    endloop
  endfacet
  facet normal -0.133227 -0.991086 -0
    outer loop
      vertex 51.3164 19.1821 1.6
      vertex 51.0233 19.2215 1.05
      vertex 51.3164 19.1821 1.05
    endloop
  endfacet
  facet normal -0.435397 -0.900238 0
    outer loop
      vertex 50.7787 19.3398 1.05
      vertex 51.0233 19.2215 1.6
      vertex 50.7787 19.3398 1.6
    endloop
  endfacet
  facet normal -0.435397 -0.900238 -0
    outer loop
      vertex 51.0233 19.2215 1.6
      vertex 50.7787 19.3398 1.05
      vertex 51.0233 19.2215 1.05
    endloop
  endfacet
  facet normal -0.708723 -0.705487 0
    outer loop
      vertex 50.7787 19.3398 1.05
      vertex 50.5825 19.5369 1.6
      vertex 50.5825 19.5369 1.05
    endloop
  endfacet
  facet normal -0.708723 -0.705487 0
    outer loop
      vertex 50.5825 19.5369 1.6
      vertex 50.7787 19.3398 1.05
      vertex 50.7787 19.3398 1.6
    endloop
  endfacet
  facet normal -0.886608 -0.462522 0
    outer loop
      vertex 50.5825 19.5369 1.05
      vertex 50.4393 19.8114 1.6
      vertex 50.4393 19.8114 1.05
    endloop
  endfacet
  facet normal -0.886608 -0.462522 0
    outer loop
      vertex 50.4393 19.8114 1.6
      vertex 50.5825 19.5369 1.05
      vertex 50.5825 19.5369 1.6
    endloop
  endfacet
  facet normal -0.971177 -0.23836 0
    outer loop
      vertex 50.4393 19.8114 1.05
      vertex 50.3533 20.1618 1.6
      vertex 50.3533 20.1618 1.05
    endloop
  endfacet
  facet normal -0.971177 -0.23836 0
    outer loop
      vertex 50.3533 20.1618 1.6
      vertex 50.4393 19.8114 1.05
      vertex 50.4393 19.8114 1.6
    endloop
  endfacet
  facet normal -0.997758 -0.0669228 0
    outer loop
      vertex 50.3533 20.1618 1.05
      vertex 50.3247 20.5882 1.6
      vertex 50.3247 20.5882 1.05
    endloop
  endfacet
  facet normal -0.997758 -0.0669228 0
    outer loop
      vertex 50.3247 20.5882 1.6
      vertex 50.3533 20.1618 1.05
      vertex 50.3533 20.1618 1.6
    endloop
  endfacet
  facet normal 0 1 -0
    outer loop
      vertex 53.3837 20.5882 1.05
      vertex 50.3247 20.5882 1.6
      vertex 53.3837 20.5882 1.6
    endloop
  endfacet
  facet normal 0 1 0
    outer loop
      vertex 50.3247 20.5882 1.6
      vertex 53.3837 20.5882 1.05
      vertex 50.3247 20.5882 1.05
    endloop
  endfacet
  facet normal -1 0 0
    outer loop
      vertex 53.3837 20.5882 1.05
      vertex 53.3837 20.6234 1.6
      vertex 53.3837 20.6234 1.05
    endloop
  endfacet
  facet normal -1 -0 0
    outer loop
      vertex 53.3837 20.6234 1.6
      vertex 53.3837 20.5882 1.05
      vertex 53.3837 20.5882 1.6
    endloop
  endfacet
  facet normal -0.997218 -0.0745375 0
    outer loop
      vertex 53.3837 20.6234 1.05
      vertex 53.3235 21.4288 1.6
      vertex 53.3235 21.4288 1.05
    endloop
  endfacet
  facet normal -0.997218 -0.0745375 0
    outer loop
      vertex 53.3235 21.4288 1.6
      vertex 53.3837 20.6234 1.05
      vertex 53.3837 20.6234 1.6
    endloop
  endfacet
  facet normal -0.964988 -0.262294 0
    outer loop
      vertex 53.3235 21.4288 1.05
      vertex 53.1428 22.0936 1.6
      vertex 53.1428 22.0936 1.05
    endloop
  endfacet
  facet normal -0.964988 -0.262294 0
    outer loop
      vertex 53.1428 22.0936 1.6
      vertex 53.3235 21.4288 1.05
      vertex 53.3235 21.4288 1.6
    endloop
  endfacet
  facet normal -0.86703 -0.498257 0
    outer loop
      vertex 53.1428 22.0936 1.05
      vertex 52.8415 22.6179 1.6
      vertex 52.8415 22.6179 1.05
    endloop
  endfacet
  facet normal -0.86703 -0.498257 0
    outer loop
      vertex 52.8415 22.6179 1.6
      vertex 53.1428 22.0936 1.05
      vertex 53.1428 22.0936 1.6
    endloop
  endfacet
  facet normal -0.673408 -0.739271 0
    outer loop
      vertex 52.4262 22.9962 1.05
      vertex 52.8415 22.6179 1.6
      vertex 52.4262 22.9962 1.6
    endloop
  endfacet
  facet normal -0.673408 -0.739271 -0
    outer loop
      vertex 52.8415 22.6179 1.6
      vertex 52.4262 22.9962 1.05
      vertex 52.8415 22.6179 1.05
    endloop
  endfacet
  facet normal -0.398085 -0.917349 0
    outer loop
      vertex 51.9031 23.2232 1.05
      vertex 52.4262 22.9962 1.6
      vertex 51.9031 23.2232 1.6
    endloop
  endfacet
  facet normal -0.398085 -0.917349 -0
    outer loop
      vertex 52.4262 22.9962 1.6
      vertex 51.9031 23.2232 1.05
      vertex 52.4262 22.9962 1.05
    endloop
  endfacet
  facet normal -0.119151 -0.992876 0
    outer loop
      vertex 51.2723 23.2989 1.05
      vertex 51.9031 23.2232 1.6
      vertex 51.2723 23.2989 1.6
    endloop
  endfacet
  facet normal -0.119151 -0.992876 -0
    outer loop
      vertex 51.9031 23.2232 1.6
      vertex 51.2723 23.2989 1.05
      vertex 51.9031 23.2232 1.05
    endloop
  endfacet
  facet normal 0.105802 -0.994387 0
    outer loop
      vertex 50.6097 23.2284 1.05
      vertex 51.2723 23.2989 1.6
      vertex 50.6097 23.2284 1.6
    endloop
  endfacet
  facet normal 0.105802 -0.994387 0
    outer loop
      vertex 51.2723 23.2989 1.6
      vertex 50.6097 23.2284 1.05
      vertex 51.2723 23.2989 1.05
    endloop
  endfacet
  facet normal 0.356865 -0.934156 0
    outer loop
      vertex 50.0558 23.0168 1.05
      vertex 50.6097 23.2284 1.6
      vertex 50.0558 23.0168 1.6
    endloop
  endfacet
  facet normal 0.356865 -0.934156 0
    outer loop
      vertex 50.6097 23.2284 1.6
      vertex 50.0558 23.0168 1.05
      vertex 50.6097 23.2284 1.05
    endloop
  endfacet
  facet normal 0.620865 -0.783917 0
    outer loop
      vertex 49.6106 22.6642 1.05
      vertex 50.0558 23.0168 1.6
      vertex 49.6106 22.6642 1.6
    endloop
  endfacet
  facet normal 0.620865 -0.783917 0
    outer loop
      vertex 50.0558 23.0168 1.6
      vertex 49.6106 22.6642 1.05
      vertex 50.0558 23.0168 1.05
    endloop
  endfacet
  facet normal 0.829589 -0.558374 0
    outer loop
      vertex 49.2849 22.1803 1.6
      vertex 49.6106 22.6642 1.05
      vertex 49.6106 22.6642 1.6
    endloop
  endfacet
  facet normal 0.829589 -0.558374 0
    outer loop
      vertex 49.6106 22.6642 1.05
      vertex 49.2849 22.1803 1.6
      vertex 49.2849 22.1803 1.05
    endloop
  endfacet
  facet normal 0.951643 -0.307205 0
    outer loop
      vertex 49.0895 21.575 1.6
      vertex 49.2849 22.1803 1.05
      vertex 49.2849 22.1803 1.6
    endloop
  endfacet
  facet normal 0.951643 -0.307205 0
    outer loop
      vertex 49.2849 22.1803 1.05
      vertex 49.0895 21.575 1.6
      vertex 49.0895 21.575 1.05
    endloop
  endfacet
  facet normal 0.996013 -0.0892136 0
    outer loop
      vertex 49.0244 20.8482 1.6
      vertex 49.0895 21.575 1.05
      vertex 49.0895 21.575 1.6
    endloop
  endfacet
  facet normal 0.996013 -0.0892136 0
    outer loop
      vertex 49.0895 21.575 1.05
      vertex 49.0244 20.8482 1.6
      vertex 49.0244 20.8482 1.05
    endloop
  endfacet
  facet normal 0.996359 0.0852578 0
    outer loop
      vertex 49.0885 20.0991 1.6
      vertex 49.0244 20.8482 1.05
      vertex 49.0244 20.8482 1.6
    endloop
  endfacet
  facet normal 0.996359 0.0852578 0
    outer loop
      vertex 49.0244 20.8482 1.05
      vertex 49.0885 20.0991 1.6
      vertex 49.0885 20.0991 1.05
    endloop
  endfacet
  facet normal 0.954932 0.296826 0
    outer loop
      vertex 49.281 19.4798 1.6
      vertex 49.0885 20.0991 1.05
      vertex 49.0885 20.0991 1.6
    endloop
  endfacet
  facet normal 0.954932 0.296826 0
    outer loop
      vertex 49.0885 20.0991 1.05
      vertex 49.281 19.4798 1.6
      vertex 49.281 19.4798 1.05
    endloop
  endfacet
  facet normal 0.836388 0.548138 0
    outer loop
      vertex 49.6018 18.9903 1.6
      vertex 49.281 19.4798 1.05
      vertex 49.281 19.4798 1.6
    endloop
  endfacet
  facet normal 0.836388 0.548138 0
    outer loop
      vertex 49.281 19.4798 1.05
      vertex 49.6018 18.9903 1.6
      vertex 49.6018 18.9903 1.05
    endloop
  endfacet
  facet normal 0.626378 0.77952 -0
    outer loop
      vertex 50.0421 18.6365 1.05
      vertex 49.6018 18.9903 1.6
      vertex 50.0421 18.6365 1.6
    endloop
  endfacet
  facet normal 0.626378 0.77952 0
    outer loop
      vertex 49.6018 18.9903 1.6
      vertex 50.0421 18.6365 1.05
      vertex 49.6018 18.9903 1.05
    endloop
  endfacet
  facet normal 0.359592 0.93311 -0
    outer loop
      vertex 50.593 18.4242 1.05
      vertex 50.0421 18.6365 1.6
      vertex 50.593 18.4242 1.6
    endloop
  endfacet
  facet normal 0.359592 0.93311 0
    outer loop
      vertex 50.0421 18.6365 1.6
      vertex 50.593 18.4242 1.05
      vertex 50.0421 18.6365 1.05
    endloop
  endfacet
  facet normal 0.10639 0.994324 -0
    outer loop
      vertex 51.2547 18.3534 1.05
      vertex 50.593 18.4242 1.6
      vertex 51.2547 18.3534 1.6
    endloop
  endfacet
  facet normal 0.10639 0.994324 0
    outer loop
      vertex 50.593 18.4242 1.6
      vertex 51.2547 18.3534 1.05
      vertex 50.593 18.4242 1.05
    endloop
  endfacet
  facet normal -0.154918 0.987927 0
    outer loop
      vertex 52.173 18.4974 1.05
      vertex 51.2547 18.3534 1.6
      vertex 52.173 18.4974 1.6
    endloop
  endfacet
  facet normal -0.154918 0.987927 0
    outer loop
      vertex 51.2547 18.3534 1.6
      vertex 52.173 18.4974 1.05
      vertex 51.2547 18.3534 1.05
    endloop
  endfacet
  facet normal -0.995107 0.0988029 0
    outer loop
      vertex 50.3335 21.3639 1.05
      vertex 50.367 21.7013 1.6
      vertex 50.367 21.7013 1.05
    endloop
  endfacet
  facet normal -0.995107 0.0988029 0
    outer loop
      vertex 50.367 21.7013 1.6
      vertex 50.3335 21.3639 1.05
      vertex 50.3335 21.3639 1.6
    endloop
  endfacet
  facet normal -0.959651 0.281195 0
    outer loop
      vertex 50.367 21.7013 1.05
      vertex 50.4501 21.9849 1.6
      vertex 50.4501 21.9849 1.05
    endloop
  endfacet
  facet normal -0.959651 0.281195 0
    outer loop
      vertex 50.4501 21.9849 1.6
      vertex 50.367 21.7013 1.05
      vertex 50.367 21.7013 1.6
    endloop
  endfacet
  facet normal -0.86638 0.499385 0
    outer loop
      vertex 50.4501 21.9849 1.05
      vertex 50.5825 22.2146 1.6
      vertex 50.5825 22.2146 1.05
    endloop
  endfacet
  facet normal -0.86638 0.499385 0
    outer loop
      vertex 50.5825 22.2146 1.6
      vertex 50.4501 21.9849 1.05
      vertex 50.4501 21.9849 1.6
    endloop
  endfacet
  facet normal -0.685491 0.728081 0
    outer loop
      vertex 50.762 22.3836 1.05
      vertex 50.5825 22.2146 1.6
      vertex 50.762 22.3836 1.6
    endloop
  endfacet
  facet normal -0.685491 0.728081 0
    outer loop
      vertex 50.5825 22.2146 1.6
      vertex 50.762 22.3836 1.05
      vertex 50.5825 22.2146 1.05
    endloop
  endfacet
  facet normal -0.41224 0.911075 0
    outer loop
      vertex 50.9861 22.485 1.05
      vertex 50.762 22.3836 1.6
      vertex 50.9861 22.485 1.6
    endloop
  endfacet
  facet normal -0.41224 0.911075 0
    outer loop
      vertex 50.762 22.3836 1.6
      vertex 50.9861 22.485 1.05
      vertex 50.762 22.3836 1.05
    endloop
  endfacet
  facet normal -0.124853 0.992175 0
    outer loop
      vertex 51.2547 22.5188 1.05
      vertex 50.9861 22.485 1.6
      vertex 51.2547 22.5188 1.6
    endloop
  endfacet
  facet normal -0.124853 0.992175 0
    outer loop
      vertex 50.9861 22.485 1.6
      vertex 51.2547 22.5188 1.05
      vertex 50.9861 22.485 1.05
    endloop
  endfacet
  facet normal 0.125041 0.992152 -0
    outer loop
      vertex 51.5094 22.4867 1.05
      vertex 51.2547 22.5188 1.6
      vertex 51.5094 22.4867 1.6
    endloop
  endfacet
  facet normal 0.125041 0.992152 0
    outer loop
      vertex 51.2547 22.5188 1.6
      vertex 51.5094 22.4867 1.05
      vertex 51.2547 22.5188 1.05
    endloop
  endfacet
  facet normal 0.405007 0.914314 -0
    outer loop
      vertex 51.7268 22.3904 1.05
      vertex 51.5094 22.4867 1.6
      vertex 51.7268 22.3904 1.6
    endloop
  endfacet
  facet normal 0.405007 0.914314 0
    outer loop
      vertex 51.5094 22.4867 1.6
      vertex 51.7268 22.3904 1.05
      vertex 51.5094 22.4867 1.05
    endloop
  endfacet
  facet normal 0.664878 0.746952 -0
    outer loop
      vertex 51.907 22.23 1.05
      vertex 51.7268 22.3904 1.6
      vertex 51.907 22.23 1.6
    endloop
  endfacet
  facet normal 0.664878 0.746952 0
    outer loop
      vertex 51.7268 22.3904 1.6
      vertex 51.907 22.23 1.05
      vertex 51.7268 22.3904 1.05
    endloop
  endfacet
  facet normal 0.850733 0.525598 0
    outer loop
      vertex 52.0457 22.0055 1.6
      vertex 51.907 22.23 1.05
      vertex 51.907 22.23 1.6
    endloop
  endfacet
  facet normal 0.850733 0.525598 0
    outer loop
      vertex 51.907 22.23 1.05
      vertex 52.0457 22.0055 1.6
      vertex 52.0457 22.0055 1.05
    endloop
  endfacet
  facet normal 0.952313 0.305123 0
    outer loop
      vertex 52.1382 21.7168 1.6
      vertex 52.0457 22.0055 1.05
      vertex 52.0457 22.0055 1.6
    endloop
  endfacet
  facet normal 0.952313 0.305123 0
    outer loop
      vertex 52.0457 22.0055 1.05
      vertex 52.1382 21.7168 1.6
      vertex 52.1382 21.7168 1.05
    endloop
  endfacet
  facet normal 0.991394 0.130912 0
    outer loop
      vertex 52.1848 21.3639 1.6
      vertex 52.1382 21.7168 1.05
      vertex 52.1382 21.7168 1.6
    endloop
  endfacet
  facet normal 0.991394 0.130912 0
    outer loop
      vertex 52.1382 21.7168 1.05
      vertex 52.1848 21.3639 1.6
      vertex 52.1848 21.3639 1.05
    endloop
  endfacet
  facet normal 0 -1 0
    outer loop
      vertex 50.3335 21.3639 1.05
      vertex 52.1848 21.3639 1.6
      vertex 50.3335 21.3639 1.6
    endloop
  endfacet
  facet normal 0 -1 -0
    outer loop
      vertex 52.1848 21.3639 1.6
      vertex 50.3335 21.3639 1.05
      vertex 52.1848 21.3639 1.05
    endloop
  endfacet
  facet normal -0.974074 0.226228 0
    outer loop
      vertex 45.098 21.3419 1.05
      vertex 45.3273 22.3292 1.6
      vertex 45.3273 22.3292 1.05
    endloop
  endfacet
  facet normal -0.974074 0.226228 0
    outer loop
      vertex 45.3273 22.3292 1.6
      vertex 45.098 21.3419 1.05
      vertex 45.098 21.3419 1.6
    endloop
  endfacet
  facet normal 0.980365 0.197192 0
    outer loop
      vertex 45.4189 21.8738 1.6
      vertex 45.3273 22.3292 1.05
      vertex 45.3273 22.3292 1.6
    endloop
  endfacet
  facet normal 0.980365 0.197192 0
    outer loop
      vertex 45.3273 22.3292 1.05
      vertex 45.4189 21.8738 1.6
      vertex 45.4189 21.8738 1.05
    endloop
  endfacet
  facet normal 0.978352 0.206948 0
    outer loop
      vertex 45.4879 21.5476 1.6
      vertex 45.4189 21.8738 1.05
      vertex 45.4189 21.8738 1.6
    endloop
  endfacet
  facet normal 0.978352 0.206948 0
    outer loop
      vertex 45.4189 21.8738 1.05
      vertex 45.4879 21.5476 1.6
      vertex 45.4879 21.5476 1.05
    endloop
  endfacet
  facet normal 0.973229 0.229838 0
    outer loop
      vertex 45.5344 21.3507 1.6
      vertex 45.4879 21.5476 1.05
      vertex 45.4879 21.5476 1.6
    endloop
  endfacet
  facet normal 0.973229 0.229838 0
    outer loop
      vertex 45.4879 21.5476 1.05
      vertex 45.5344 21.3507 1.6
      vertex 45.5344 21.3507 1.05
    endloop
  endfacet
  facet normal 0.967676 0.252197 0
    outer loop
      vertex 46.2926 18.4415 1.6
      vertex 45.5344 21.3507 1.05
      vertex 45.5344 21.3507 1.6
    endloop
  endfacet
  facet normal 0.967676 0.252197 0
    outer loop
      vertex 45.5344 21.3507 1.05
      vertex 46.2926 18.4415 1.6
      vertex 46.2926 18.4415 1.05
    endloop
  endfacet
  facet normal 0 1 -0
    outer loop
      vertex 47.6017 18.4415 1.05
      vertex 46.2926 18.4415 1.6
      vertex 47.6017 18.4415 1.6
    endloop
  endfacet
  facet normal 0 1 0
    outer loop
      vertex 46.2926 18.4415 1.6
      vertex 47.6017 18.4415 1.05
      vertex 46.2926 18.4415 1.05
    endloop
  endfacet
  facet normal -0.967238 0.253871 0
    outer loop
      vertex 47.6017 18.4415 1.05
      vertex 48.8535 23.2108 1.6
      vertex 48.8535 23.2108 1.05
    endloop
  endfacet
  facet normal -0.967238 0.253871 0
    outer loop
      vertex 48.8535 23.2108 1.6
      vertex 47.6017 18.4415 1.05
      vertex 47.6017 18.4415 1.6
    endloop
  endfacet
  facet normal 0 -1 0
    outer loop
      vertex 47.7075 23.2108 1.05
      vertex 48.8535 23.2108 1.6
      vertex 47.7075 23.2108 1.6
    endloop
  endfacet
  facet normal 0 -1 -0
    outer loop
      vertex 48.8535 23.2108 1.6
      vertex 47.7075 23.2108 1.05
      vertex 48.8535 23.2108 1.05
    endloop
  endfacet
  facet normal 0.975725 -0.219001 0
    outer loop
      vertex 47.0199 20.1473 1.6
      vertex 47.7075 23.2108 1.05
      vertex 47.7075 23.2108 1.6
    endloop
  endfacet
  facet normal 0.975725 -0.219001 0
    outer loop
      vertex 47.7075 23.2108 1.05
      vertex 47.0199 20.1473 1.6
      vertex 47.0199 20.1473 1.05
    endloop
  endfacet
  facet normal 0.978238 -0.207485 0
    outer loop
      vertex 46.8965 19.5655 1.6
      vertex 47.0199 20.1473 1.05
      vertex 47.0199 20.1473 1.6
    endloop
  endfacet
  facet normal 0.978238 -0.207485 0
    outer loop
      vertex 47.0199 20.1473 1.05
      vertex 46.8965 19.5655 1.6
      vertex 46.8965 19.5655 1.05
    endloop
  endfacet
  facet normal -0.980673 -0.195652 0
    outer loop
      vertex 46.8965 19.5655 1.05
      vertex 46.8235 19.9314 1.6
      vertex 46.8235 19.9314 1.05
    endloop
  endfacet
  facet normal -0.980673 -0.195652 0
    outer loop
      vertex 46.8235 19.9314 1.6
      vertex 46.8965 19.5655 1.05
      vertex 46.8965 19.5655 1.6
    endloop
  endfacet
  facet normal -0.97768 -0.2101 0
    outer loop
      vertex 46.8235 19.9314 1.05
      vertex 46.7632 20.212 1.6
      vertex 46.7632 20.212 1.05
    endloop
  endfacet
  facet normal -0.97768 -0.2101 0
    outer loop
      vertex 46.7632 20.212 1.6
      vertex 46.8235 19.9314 1.05
      vertex 46.8235 19.9314 1.6
    endloop
  endfacet
  facet normal -0.971816 -0.235742 0
    outer loop
      vertex 46.7632 20.212 1.05
      vertex 46.7158 20.4074 1.6
      vertex 46.7158 20.4074 1.05
    endloop
  endfacet
  facet normal -0.971816 -0.235742 0
    outer loop
      vertex 46.7158 20.4074 1.6
      vertex 46.7632 20.212 1.05
      vertex 46.7632 20.212 1.6
    endloop
  endfacet
  facet normal -0.967585 -0.252544 0
    outer loop
      vertex 46.7158 20.4074 1.05
      vertex 45.9841 23.2108 1.6
      vertex 45.9841 23.2108 1.05
    endloop
  endfacet
  facet normal -0.967585 -0.252544 0
    outer loop
      vertex 45.9841 23.2108 1.6
      vertex 46.7158 20.4074 1.05
      vertex 46.7158 20.4074 1.6
    endloop
  endfacet
  facet normal 0 -1 0
    outer loop
      vertex 44.6573 23.2108 1.05
      vertex 45.9841 23.2108 1.6
      vertex 44.6573 23.2108 1.6
    endloop
  endfacet
  facet normal 0 -1 -0
    outer loop
      vertex 45.9841 23.2108 1.6
      vertex 44.6573 23.2108 1.05
      vertex 45.9841 23.2108 1.05
    endloop
  endfacet
  facet normal 0.966078 -0.25825 0
    outer loop
      vertex 43.9079 20.4074 1.6
      vertex 44.6573 23.2108 1.05
      vertex 44.6573 23.2108 1.6
    endloop
  endfacet
  facet normal 0.966078 -0.25825 0
    outer loop
      vertex 44.6573 23.2108 1.05
      vertex 43.9079 20.4074 1.6
      vertex 43.9079 20.4074 1.05
    endloop
  endfacet
  facet normal 0.97796 -0.208791 0
    outer loop
      vertex 43.7978 19.8917 1.6
      vertex 43.9079 20.4074 1.05
      vertex 43.9079 20.4074 1.6
    endloop
  endfacet
  facet normal 0.97796 -0.208791 0
    outer loop
      vertex 43.9079 20.4074 1.05
      vertex 43.7978 19.8917 1.6
      vertex 43.7978 19.8917 1.05
    endloop
  endfacet
  facet normal 0.982523 -0.186143 0
    outer loop
      vertex 43.736 19.5655 1.6
      vertex 43.7978 19.8917 1.05
      vertex 43.7978 19.8917 1.6
    endloop
  endfacet
  facet normal 0.982523 -0.186143 0
    outer loop
      vertex 43.7978 19.8917 1.05
      vertex 43.736 19.5655 1.6
      vertex 43.736 19.5655 1.05
    endloop
  endfacet
  facet normal -0.977617 -0.210392 0
    outer loop
      vertex 43.736 19.5655 1.05
      vertex 42.9515 23.2108 1.6
      vertex 42.9515 23.2108 1.05
    endloop
  endfacet
  facet normal -0.977617 -0.210392 0
    outer loop
      vertex 42.9515 23.2108 1.6
      vertex 43.736 19.5655 1.05
      vertex 43.736 19.5655 1.6
    endloop
  endfacet
  facet normal 0 -1 0
    outer loop
      vertex 41.7878 23.2108 1.05
      vertex 42.9515 23.2108 1.6
      vertex 41.7878 23.2108 1.6
    endloop
  endfacet
  facet normal 0 -1 -0
    outer loop
      vertex 42.9515 23.2108 1.6
      vertex 41.7878 23.2108 1.05
      vertex 42.9515 23.2108 1.05
    endloop
  endfacet
  facet normal 0.968109 0.250527 0
    outer loop
      vertex 43.022 18.4415 1.6
      vertex 41.7878 23.2108 1.05
      vertex 41.7878 23.2108 1.6
    endloop
  endfacet
  facet normal 0.968109 0.250527 0
    outer loop
      vertex 41.7878 23.2108 1.05
      vertex 43.022 18.4415 1.6
      vertex 43.022 18.4415 1.05
    endloop
  endfacet
  facet normal 0 1 -0
    outer loop
      vertex 44.3311 18.4415 1.05
      vertex 43.022 18.4415 1.6
      vertex 44.3311 18.4415 1.6
    endloop
  endfacet
  facet normal 0 1 0
    outer loop
      vertex 43.022 18.4415 1.6
      vertex 44.3311 18.4415 1.05
      vertex 43.022 18.4415 1.05
    endloop
  endfacet
  facet normal -0.966776 0.255627 0
    outer loop
      vertex 44.3311 18.4415 1.05
      vertex 45.098 21.3419 1.6
      vertex 45.098 21.3419 1.05
    endloop
  endfacet
  facet normal -0.966776 0.255627 0
    outer loop
      vertex 45.098 21.3419 1.6
      vertex 44.3311 18.4415 1.05
      vertex 44.3311 18.4415 1.6
    endloop
  endfacet
  facet normal -0 0 1
    outer loop
      vertex 44.5084 17.4293 1.05
      vertex 45.6517 15.7448 1.05
      vertex 45.6517 17.4293 1.05
    endloop
  endfacet
  facet normal 0 0 1
    outer loop
      vertex 45.6623 14.0222 1.05
      vertex 44.5084 12.3963 1.05
      vertex 45.6354 13.5721 1.05
    endloop
  endfacet
  facet normal 0 0 1
    outer loop
      vertex 45.6354 13.5721 1.05
      vertex 44.5084 12.3963 1.05
      vertex 45.6253 11.7086 1.05
    endloop
  endfacet
  facet normal -0 0 1
    outer loop
      vertex 44.5048 12.0061 1.05
      vertex 45.6253 11.7086 1.05
      vertex 44.5084 12.3963 1.05
    endloop
  endfacet
  facet normal 0 0 1
    outer loop
      vertex 45.6517 15.7448 1.05
      vertex 44.5084 17.4293 1.05
      vertex 45.6354 15.0287 1.05
    endloop
  endfacet
  facet normal 0 0 1
    outer loop
      vertex 44.4939 11.6711 1.05
      vertex 45.6253 11.7086 1.05
      vertex 44.5048 12.0061 1.05
    endloop
  endfacet
  facet normal 0 0 1
    outer loop
      vertex 45.6354 15.0287 1.05
      vertex 44.5084 17.4293 1.05
      vertex 44.5084 12.3963 1.05
    endloop
  endfacet
  facet normal 0 0 1
    outer loop
      vertex 45.6253 11.7086 1.05
      vertex 44.4939 11.6711 1.05
      vertex 45.6128 11.563 1.05
    endloop
  endfacet
  facet normal 0 0 1
    outer loop
      vertex 45.6128 11.563 1.05
      vertex 44.4939 11.6711 1.05
      vertex 45.6 11.4573 1.05
    endloop
  endfacet
  facet normal 0 0 1
    outer loop
      vertex 45.6 11.4573 1.05
      vertex 44.4939 11.6711 1.05
      vertex 45.5866 11.3913 1.05
    endloop
  endfacet
  facet normal 0 0 1
    outer loop
      vertex 45.5866 11.3913 1.05
      vertex 44.4939 11.6711 1.05
      vertex 44.4758 11.3913 1.05
    endloop
  endfacet
  facet normal -0 0 1
    outer loop
      vertex 47.4582 14.0649 1.05
      vertex 48.6748 13.6087 1.05
      vertex 48.6284 14.2758 1.05
    endloop
  endfacet
  facet normal -0 0 1
    outer loop
      vertex 47.385 14.4351 1.05
      vertex 48.6284 14.2758 1.05
      vertex 48.4894 14.8338 1.05
    endloop
  endfacet
  facet normal 0 0 1
    outer loop
      vertex 48.6748 13.6087 1.05
      vertex 47.4826 13.6087 1.05
      vertex 48.6262 12.9358 1.05
    endloop
  endfacet
  facet normal 0 0 1
    outer loop
      vertex 47.385 14.4351 1.05
      vertex 48.4894 14.8338 1.05
      vertex 48.2577 15.283 1.05
    endloop
  endfacet
  facet normal 0 0 1
    outer loop
      vertex 47.3818 12.7656 1.05
      vertex 48.6262 12.9358 1.05
      vertex 47.4826 13.6087 1.05
    endloop
  endfacet
  facet normal 0 0 1
    outer loop
      vertex 47.2629 14.7194 1.05
      vertex 48.2577 15.283 1.05
      vertex 47.9392 15.6119 1.05
    endloop
  endfacet
  facet normal 0 0 1
    outer loop
      vertex 48.6262 12.9358 1.05
      vertex 47.3818 12.7656 1.05
      vertex 48.4804 12.3709 1.05
    endloop
  endfacet
  facet normal 0 0 1
    outer loop
      vertex 47.0898 14.9206 1.05
      vertex 47.9392 15.6119 1.05
      vertex 47.5398 15.8092 1.05
    endloop
  endfacet
  facet normal 0 0 1
    outer loop
      vertex 48.6748 13.6087 1.05
      vertex 47.4582 14.0649 1.05
      vertex 47.4826 13.6087 1.05
    endloop
  endfacet
  facet normal -0 0 1
    outer loop
      vertex 47.0794 12.2597 1.05
      vertex 48.2374 11.9141 1.05
      vertex 47.3818 12.7656 1.05
    endloop
  endfacet
  facet normal 0 0 1
    outer loop
      vertex 48.4804 12.3709 1.05
      vertex 47.3818 12.7656 1.05
      vertex 48.2374 11.9141 1.05
    endloop
  endfacet
  facet normal 0 0 1
    outer loop
      vertex 48.6284 14.2758 1.05
      vertex 47.385 14.4351 1.05
      vertex 47.4582 14.0649 1.05
    endloop
  endfacet
  facet normal 0 0 1
    outer loop
      vertex 48.2577 15.283 1.05
      vertex 47.2629 14.7194 1.05
      vertex 47.385 14.4351 1.05
    endloop
  endfacet
  facet normal 0 0 1
    outer loop
      vertex 47.9392 15.6119 1.05
      vertex 47.0898 14.9206 1.05
      vertex 47.2629 14.7194 1.05
    endloop
  endfacet
  facet normal 0 0 1
    outer loop
      vertex 47.0595 15.875 1.05
      vertex 47.0898 14.9206 1.05
      vertex 47.5398 15.8092 1.05
    endloop
  endfacet
  facet normal 0 0 1
    outer loop
      vertex 47.0595 15.875 1.05
      vertex 46.8633 15.0414 1.05
      vertex 47.0898 14.9206 1.05
    endloop
  endfacet
  facet normal -0 0 1
    outer loop
      vertex 46.4492 15.7809 1.05
      vertex 46.8633 15.0414 1.05
      vertex 47.0595 15.875 1.05
    endloop
  endfacet
  facet normal 0 0 1
    outer loop
      vertex 46.8633 15.0414 1.05
      vertex 46.4492 15.7809 1.05
      vertex 46.5835 15.0816 1.05
    endloop
  endfacet
  facet normal 0 0 1
    outer loop
      vertex 46.4492 15.7809 1.05
      vertex 46.2989 15.0384 1.05
      vertex 46.5835 15.0816 1.05
    endloop
  endfacet
  facet normal -0 0 1
    outer loop
      vertex 45.9799 15.4988 1.05
      vertex 46.2989 15.0384 1.05
      vertex 46.4492 15.7809 1.05
    endloop
  endfacet
  facet normal 0 0 1
    outer loop
      vertex 46.2989 15.0384 1.05
      vertex 45.9799 15.4988 1.05
      vertex 46.0635 14.9089 1.05
    endloop
  endfacet
  facet normal -0 0 1
    outer loop
      vertex 45.6517 15.0287 1.05
      vertex 46.0635 14.9089 1.05
      vertex 45.9799 15.4988 1.05
    endloop
  endfacet
  facet normal 0 0 1
    outer loop
      vertex 46.0635 14.9089 1.05
      vertex 45.6517 15.0287 1.05
      vertex 45.8775 14.693 1.05
    endloop
  endfacet
  facet normal -0 0 1
    outer loop
      vertex 45.6354 15.0287 1.05
      vertex 45.8775 14.693 1.05
      vertex 45.6517 15.0287 1.05
    endloop
  endfacet
  facet normal 0 0 1
    outer loop
      vertex 45.8775 14.693 1.05
      vertex 45.6354 15.0287 1.05
      vertex 45.743 14.3958 1.05
    endloop
  endfacet
  facet normal 0 0 1
    outer loop
      vertex 45.743 14.3958 1.05
      vertex 45.6354 15.0287 1.05
      vertex 45.6623 14.0222 1.05
    endloop
  endfacet
  facet normal 0 0 1
    outer loop
      vertex 44.5084 12.3963 1.05
      vertex 45.6623 14.0222 1.05
      vertex 45.6354 15.0287 1.05
    endloop
  endfacet
  facet normal 0 0 1
    outer loop
      vertex 48.2374 11.9141 1.05
      vertex 47.0794 12.2597 1.05
      vertex 47.904 11.5784 1.05
    endloop
  endfacet
  facet normal 0 0 1
    outer loop
      vertex 47.904 11.5784 1.05
      vertex 47.0794 12.2597 1.05
      vertex 47.4869 11.377 1.05
    endloop
  endfacet
  facet normal 0 0 1
    outer loop
      vertex 47.0794 12.2597 1.05
      vertex 46.9862 11.3099 1.05
      vertex 47.4869 11.377 1.05
    endloop
  endfacet
  facet normal -0 0 1
    outer loop
      vertex 46.5753 12.0911 1.05
      vertex 46.9862 11.3099 1.05
      vertex 47.0794 12.2597 1.05
    endloop
  endfacet
  facet normal 0 0 1
    outer loop
      vertex 46.9862 11.3099 1.05
      vertex 46.5753 12.0911 1.05
      vertex 46.6883 11.3325 1.05
    endloop
  endfacet
  facet normal 0 0 1
    outer loop
      vertex 46.5753 12.0911 1.05
      vertex 46.4184 11.4003 1.05
      vertex 46.6883 11.3325 1.05
    endloop
  endfacet
  facet normal 0 0 1
    outer loop
      vertex 46.1765 11.5133 1.05
      vertex 46.5753 12.0911 1.05
      vertex 46.2912 12.1345 1.05
    endloop
  endfacet
  facet normal 0 0 1
    outer loop
      vertex 46.5753 12.0911 1.05
      vertex 46.1765 11.5133 1.05
      vertex 46.4184 11.4003 1.05
    endloop
  endfacet
  facet normal 0 0 1
    outer loop
      vertex 45.7914 11.8641 1.05
      vertex 46.2912 12.1345 1.05
      vertex 46.0572 12.2647 1.05
    endloop
  endfacet
  facet normal 0 0 1
    outer loop
      vertex 46.2912 12.1345 1.05
      vertex 45.9663 11.6688 1.05
      vertex 46.1765 11.5133 1.05
    endloop
  endfacet
  facet normal 0 0 1
    outer loop
      vertex 45.6517 12.0992 1.05
      vertex 46.0572 12.2647 1.05
      vertex 45.8734 12.4817 1.05
    endloop
  endfacet
  facet normal 0 0 1
    outer loop
      vertex 46.2912 12.1345 1.05
      vertex 45.7914 11.8641 1.05
      vertex 45.9663 11.6688 1.05
    endloop
  endfacet
  facet normal 0 0 1
    outer loop
      vertex 45.6436 12.0992 1.05
      vertex 45.8734 12.4817 1.05
      vertex 45.7412 12.7765 1.05
    endloop
  endfacet
  facet normal 0 0 1
    outer loop
      vertex 45.6436 12.0992 1.05
      vertex 45.7412 12.7765 1.05
      vertex 45.6618 13.1399 1.05
    endloop
  endfacet
  facet normal 0 0 1
    outer loop
      vertex 46.0572 12.2647 1.05
      vertex 45.6517 12.0992 1.05
      vertex 45.7914 11.8641 1.05
    endloop
  endfacet
  facet normal 0 0 1
    outer loop
      vertex 45.8734 12.4817 1.05
      vertex 45.6436 12.0992 1.05
      vertex 45.6517 12.0992 1.05
    endloop
  endfacet
  facet normal 0 0 1
    outer loop
      vertex 45.6354 13.5721 1.05
      vertex 45.6436 12.0992 1.05
      vertex 45.6618 13.1399 1.05
    endloop
  endfacet
  facet normal 0 0 1
    outer loop
      vertex 45.6253 11.7086 1.05
      vertex 45.6436 12.0992 1.05
      vertex 45.6354 13.5721 1.05
    endloop
  endfacet
  facet normal 0 0 1
    outer loop
      vertex 45.6436 12.0992 1.05
      vertex 45.6354 11.8623 1.05
      vertex 45.6415 11.9925 1.05
    endloop
  endfacet
  facet normal 0 0 1
    outer loop
      vertex 45.6436 12.0992 1.05
      vertex 45.6253 11.7086 1.05
      vertex 45.6354 11.8623 1.05
    endloop
  endfacet
  facet normal 0 0 1
    outer loop
      vertex 37.5144 15.6047 1.05
      vertex 38.5603 17.1241 1.05
      vertex 37.535 16.115 1.05
    endloop
  endfacet
  facet normal 0 0 1
    outer loop
      vertex 36.9613 17.1241 1.05
      vertex 37.3591 15.4591 1.05
      vertex 37.535 16.115 1.05
    endloop
  endfacet
  facet normal 0 0 1
    outer loop
      vertex 35.9075 13.7593 1.05
      vertex 37.3591 15.4591 1.05
      vertex 36.9613 17.1241 1.05
    endloop
  endfacet
  facet normal -0 0 1
    outer loop
      vertex 36.9613 17.1241 1.05
      vertex 37.535 16.115 1.05
      vertex 38.5603 17.1241 1.05
    endloop
  endfacet
  facet normal 0 0 1
    outer loop
      vertex 37.3591 15.4591 1.05
      vertex 35.9075 13.7593 1.05
      vertex 37.2167 14.9505 1.05
    endloop
  endfacet
  facet normal 0 0 1
    outer loop
      vertex 37.2167 14.9505 1.05
      vertex 35.9075 13.7593 1.05
      vertex 37.1078 14.5893 1.05
    endloop
  endfacet
  facet normal 0 0 1
    outer loop
      vertex 35.6512 12.8397 1.05
      vertex 37.1078 14.5893 1.05
      vertex 35.9075 13.7593 1.05
    endloop
  endfacet
  facet normal 0 0 1
    outer loop
      vertex 37.1078 14.5893 1.05
      vertex 35.6512 12.8397 1.05
      vertex 36.0743 11.3913 1.05
    endloop
  endfacet
  facet normal 0 0 1
    outer loop
      vertex 34.1864 14.5893 1.05
      vertex 35.4559 13.6087 1.05
      vertex 35.3664 13.918 1.05
    endloop
  endfacet
  facet normal 0 0 1
    outer loop
      vertex 35.6512 12.8397 1.05
      vertex 35.2199 11.3913 1.05
      vertex 36.0743 11.3913 1.05
    endloop
  endfacet
  facet normal 0 0 1
    outer loop
      vertex 35.4559 13.6087 1.05
      vertex 34.1864 14.5893 1.05
      vertex 35.6512 12.8397 1.05
    endloop
  endfacet
  facet normal -0 0 1
    outer loop
      vertex 34.1864 14.5893 1.05
      vertex 35.3664 13.918 1.05
      vertex 34.341 17.1241 1.05
    endloop
  endfacet
  facet normal 0 0 1
    outer loop
      vertex 35.6512 12.8397 1.05
      vertex 34.1864 14.5893 1.05
      vertex 35.2199 11.3913 1.05
    endloop
  endfacet
  facet normal 0 0 1
    outer loop
      vertex 34.341 17.1241 1.05
      vertex 33.751 16.115 1.05
      vertex 34.1864 14.5893 1.05
    endloop
  endfacet
  facet normal 0 -0 1
    outer loop
      vertex 33.751 16.115 1.05
      vertex 34.341 17.1241 1.05
      vertex 32.7339 17.1241 1.05
    endloop
  endfacet
  facet normal 0 0 1
    outer loop
      vertex 37.5016 15.267 1.05
      vertex 38.5603 17.1241 1.05
      vertex 37.5144 15.6047 1.05
    endloop
  endfacet
  facet normal 0 0 1
    outer loop
      vertex 37.4964 15.1019 1.05
      vertex 38.5603 17.1241 1.05
      vertex 37.5016 15.267 1.05
    endloop
  endfacet
  facet normal 0 0 1
    outer loop
      vertex 37.4952 15.0233 1.05
      vertex 38.5603 17.1241 1.05
      vertex 37.4964 15.1019 1.05
    endloop
  endfacet
  facet normal 0 0 1
    outer loop
      vertex 37.4945 14.9446 1.05
      vertex 38.5603 17.1241 1.05
      vertex 37.4952 15.0233 1.05
    endloop
  endfacet
  facet normal 0 0 1
    outer loop
      vertex 37.4943 14.866 1.05
      vertex 38.5603 17.1241 1.05
      vertex 37.4945 14.9446 1.05
    endloop
  endfacet
  facet normal 0 0 1
    outer loop
      vertex 38.5603 17.1241 1.05
      vertex 37.4943 14.866 1.05
      vertex 38.5603 11.3913 1.05
    endloop
  endfacet
  facet normal 0 0 1
    outer loop
      vertex 38.5603 11.3913 1.05
      vertex 37.4943 14.866 1.05
      vertex 37.4943 11.3913 1.05
    endloop
  endfacet
  facet normal 0 0 1
    outer loop
      vertex 32.7339 17.1241 1.05
      vertex 33.7999 14.866 1.05
      vertex 33.7945 15.1404 1.05
    endloop
  endfacet
  facet normal 0 0 1
    outer loop
      vertex 32.7339 17.1241 1.05
      vertex 33.7945 15.1404 1.05
      vertex 33.7782 15.5567 1.05
    endloop
  endfacet
  facet normal 0 0 1
    outer loop
      vertex 32.7339 17.1241 1.05
      vertex 33.7782 15.5567 1.05
      vertex 33.751 16.115 1.05
    endloop
  endfacet
  facet normal 0 0 1
    outer loop
      vertex 33.7999 14.866 1.05
      vertex 32.7339 17.1241 1.05
      vertex 32.7339 11.3913 1.05
    endloop
  endfacet
  facet normal 0 0 1
    outer loop
      vertex 33.7999 14.866 1.05
      vertex 32.7339 11.3913 1.05
      vertex 33.7999 11.3913 1.05
    endloop
  endfacet
  facet normal -0 0 1
    outer loop
      vertex 42.4954 14.0721 1.05
      vertex 43.72 13.5965 1.05
      vertex 43.6569 14.2744 1.05
    endloop
  endfacet
  facet normal 0 0 1
    outer loop
      vertex 42.4954 14.0721 1.05
      vertex 43.6569 14.2744 1.05
      vertex 43.4677 14.8379 1.05
    endloop
  endfacet
  facet normal 0 0 1
    outer loop
      vertex 43.72 13.5965 1.05
      vertex 42.5238 13.5965 1.05
      vertex 43.654 12.9344 1.05
    endloop
  endfacet
  facet normal 0 0 1
    outer loop
      vertex 42.4099 14.4518 1.05
      vertex 43.4677 14.8379 1.05
      vertex 43.1524 15.287 1.05
    endloop
  endfacet
  facet normal 0 0 1
    outer loop
      vertex 42.4067 12.7602 1.05
      vertex 43.654 12.9344 1.05
      vertex 42.5238 13.5965 1.05
    endloop
  endfacet
  facet normal 0 0 1
    outer loop
      vertex 42.2675 14.7358 1.05
      vertex 43.1524 15.287 1.05
      vertex 42.7173 15.6137 1.05
    endloop
  endfacet
  facet normal 0 0 1
    outer loop
      vertex 43.72 13.5965 1.05
      vertex 42.4954 14.0721 1.05
      vertex 42.5238 13.5965 1.05
    endloop
  endfacet
  facet normal 0 0 1
    outer loop
      vertex 43.456 12.375 1.05
      vertex 42.4067 12.7602 1.05
      vertex 43.1259 11.9182 1.05
    endloop
  endfacet
  facet normal 0 0 1
    outer loop
      vertex 43.654 12.9344 1.05
      vertex 42.4067 12.7602 1.05
      vertex 43.456 12.375 1.05
    endloop
  endfacet
  facet normal 0 0 1
    outer loop
      vertex 43.4677 14.8379 1.05
      vertex 42.4099 14.4518 1.05
      vertex 42.4954 14.0721 1.05
    endloop
  endfacet
  facet normal 0 0 1
    outer loop
      vertex 43.1524 15.287 1.05
      vertex 42.2675 14.7358 1.05
      vertex 42.4099 14.4518 1.05
    endloop
  endfacet
  facet normal 0 0 1
    outer loop
      vertex 42.0708 14.9324 1.05
      vertex 42.7173 15.6137 1.05
      vertex 42.1687 15.8097 1.05
    endloop
  endfacet
  facet normal 0 0 1
    outer loop
      vertex 42.7173 15.6137 1.05
      vertex 42.0708 14.9324 1.05
      vertex 42.2675 14.7358 1.05
    endloop
  endfacet
  facet normal 0 0 1
    outer loop
      vertex 42.1687 15.8097 1.05
      vertex 41.8226 15.0504 1.05
      vertex 42.0708 14.9324 1.05
    endloop
  endfacet
  facet normal 0 0 1
    outer loop
      vertex 41.5066 15.875 1.05
      vertex 41.8226 15.0504 1.05
      vertex 42.1687 15.8097 1.05
    endloop
  endfacet
  facet normal 0 0 1
    outer loop
      vertex 41.8226 15.0504 1.05
      vertex 41.5066 15.875 1.05
      vertex 41.5229 15.0898 1.05
    endloop
  endfacet
  facet normal -0 0 1
    outer loop
      vertex 40.8561 15.8074 1.05
      vertex 41.5229 15.0898 1.05
      vertex 41.5066 15.875 1.05
    endloop
  endfacet
  facet normal 0 0 1
    outer loop
      vertex 41.5229 15.0898 1.05
      vertex 40.8561 15.8074 1.05
      vertex 40.9443 14.9238 1.05
    endloop
  endfacet
  facet normal -0 0 1
    outer loop
      vertex 40.3095 15.6046 1.05
      vertex 40.9443 14.9238 1.05
      vertex 40.8561 15.8074 1.05
    endloop
  endfacet
  facet normal 0 0 1
    outer loop
      vertex 40.9443 14.9238 1.05
      vertex 39.8669 15.2667 1.05
      vertex 40.5971 14.4261 1.05
    endloop
  endfacet
  facet normal -0 0 1
    outer loop
      vertex 39.8669 15.2667 1.05
      vertex 40.9443 14.9238 1.05
      vertex 40.3095 15.6046 1.05
    endloop
  endfacet
  facet normal -0 0 1
    outer loop
      vertex 42.0555 12.2584 1.05
      vertex 43.1259 11.9182 1.05
      vertex 42.4067 12.7602 1.05
    endloop
  endfacet
  facet normal 0 0 1
    outer loop
      vertex 43.1259 11.9182 1.05
      vertex 42.0555 12.2584 1.05
      vertex 42.6793 11.5803 1.05
    endloop
  endfacet
  facet normal 0 0 1
    outer loop
      vertex 42.6793 11.5803 1.05
      vertex 42.0555 12.2584 1.05
      vertex 42.1314 11.3775 1.05
    endloop
  endfacet
  facet normal -0 0 1
    outer loop
      vertex 41.47 12.0911 1.05
      vertex 42.1314 11.3775 1.05
      vertex 42.0555 12.2584 1.05
    endloop
  endfacet
  facet normal 0 0 1
    outer loop
      vertex 42.1314 11.3775 1.05
      vertex 41.47 12.0911 1.05
      vertex 41.4823 11.3099 1.05
    endloop
  endfacet
  facet normal 0 0 1
    outer loop
      vertex 41.175 12.1338 1.05
      vertex 41.4823 11.3099 1.05
      vertex 41.47 12.0911 1.05
    endloop
  endfacet
  facet normal 0 0 1
    outer loop
      vertex 40.8452 11.3777 1.05
      vertex 41.175 12.1338 1.05
      vertex 40.9302 12.262 1.05
    endloop
  endfacet
  facet normal 0 0 1
    outer loop
      vertex 41.175 12.1338 1.05
      vertex 40.8452 11.3777 1.05
      vertex 41.4823 11.3099 1.05
    endloop
  endfacet
  facet normal 0 0 1
    outer loop
      vertex 40.3068 11.5812 1.05
      vertex 40.9302 12.262 1.05
      vertex 40.7356 12.4756 1.05
    endloop
  endfacet
  facet normal 0 0 1
    outer loop
      vertex 39.8669 11.9202 1.05
      vertex 40.7356 12.4756 1.05
      vertex 40.5943 12.771 1.05
    endloop
  endfacet
  facet normal 0 0 1
    outer loop
      vertex 39.5414 12.3777 1.05
      vertex 40.5943 12.771 1.05
      vertex 40.5096 13.1446 1.05
    endloop
  endfacet
  facet normal -0 0 1
    outer loop
      vertex 39.5414 14.8108 1.05
      vertex 40.5971 14.4261 1.05
      vertex 39.8669 15.2667 1.05
    endloop
  endfacet
  facet normal 0 0 1
    outer loop
      vertex 40.9302 12.262 1.05
      vertex 40.3068 11.5812 1.05
      vertex 40.8452 11.3777 1.05
    endloop
  endfacet
  facet normal 0 0 1
    outer loop
      vertex 39.3461 14.254 1.05
      vertex 40.5971 14.4261 1.05
      vertex 39.5414 14.8108 1.05
    endloop
  endfacet
  facet normal 0 0 1
    outer loop
      vertex 40.5971 14.4261 1.05
      vertex 39.3461 14.254 1.05
      vertex 40.4813 13.5965 1.05
    endloop
  endfacet
  facet normal 0 -0 1
    outer loop
      vertex 39.3461 12.9365 1.05
      vertex 40.5096 13.1446 1.05
      vertex 39.281 13.5965 1.05
    endloop
  endfacet
  facet normal 0 0 1
    outer loop
      vertex 39.281 13.5965 1.05
      vertex 40.4813 13.5965 1.05
      vertex 39.3461 14.254 1.05
    endloop
  endfacet
  facet normal 0 -0 1
    outer loop
      vertex 39.5414 12.3777 1.05
      vertex 40.5096 13.1446 1.05
      vertex 39.3461 12.9365 1.05
    endloop
  endfacet
  facet normal 0 0 1
    outer loop
      vertex 40.4813 13.5965 1.05
      vertex 39.281 13.5965 1.05
      vertex 40.5096 13.1446 1.05
    endloop
  endfacet
  facet normal 0 0 1
    outer loop
      vertex 40.5943 12.771 1.05
      vertex 39.5414 12.3777 1.05
      vertex 39.8669 11.9202 1.05
    endloop
  endfacet
  facet normal 0 0 1
    outer loop
      vertex 40.7356 12.4756 1.05
      vertex 39.8669 11.9202 1.05
      vertex 40.3068 11.5812 1.05
    endloop
  endfacet
  facet normal 0 0 1
    outer loop
      vertex 51.6399 13.7145 1.05
      vertex 53.4872 15.7936 1.05
      vertex 52.2909 15.7936 1.05
    endloop
  endfacet
  facet normal 0 0 1
    outer loop
      vertex 53.4872 15.7936 1.05
      vertex 51.6399 13.7145 1.05
      vertex 51.7457 11.1594 1.05
    endloop
  endfacet
  facet normal -0 0 1
    outer loop
      vertex 51.3755 12.7584 1.05
      vertex 51.7457 11.1594 1.05
      vertex 51.6399 13.7145 1.05
    endloop
  endfacet
  facet normal -0 0 1
    outer loop
      vertex 51.2738 12.3718 1.05
      vertex 51.7457 11.1594 1.05
      vertex 51.3755 12.7584 1.05
    endloop
  endfacet
  facet normal -0 0 1
    outer loop
      vertex 50.7041 11.436 1.05
      vertex 51.7457 11.1594 1.05
      vertex 51.2738 12.3718 1.05
    endloop
  endfacet
  facet normal 0 0 1
    outer loop
      vertex 51.7457 11.1594 1.05
      vertex 50.7041 11.436 1.05
      vertex 51.5095 10.653 1.05
    endloop
  endfacet
  facet normal 0 0 1
    outer loop
      vertex 50.7041 11.436 1.05
      vertex 51.2738 12.3718 1.05
      vertex 51.1178 12.9297 1.05
    endloop
  endfacet
  facet normal -0 0 1
    outer loop
      vertex 50.6017 11.1788 1.05
      vertex 51.5095 10.653 1.05
      vertex 50.7041 11.436 1.05
    endloop
  endfacet
  facet normal 0 0 1
    outer loop
      vertex 50.7041 11.436 1.05
      vertex 51.1178 12.9297 1.05
      vertex 50.9808 13.3827 1.05
    endloop
  endfacet
  facet normal 0 0 1
    outer loop
      vertex 50.7041 11.436 1.05
      vertex 50.9808 13.3827 1.05
      vertex 50.8628 13.7308 1.05
    endloop
  endfacet
  facet normal -0 0 1
    outer loop
      vertex 50.5061 10.9767 1.05
      vertex 51.5095 10.653 1.05
      vertex 50.6017 11.1788 1.05
    endloop
  endfacet
  facet normal 0 0 1
    outer loop
      vertex 51.5095 10.653 1.05
      vertex 50.5061 10.9767 1.05
      vertex 51.2674 10.2624 1.05
    endloop
  endfacet
  facet normal -0 0 1
    outer loop
      vertex 48.9627 15.7936 1.05
      vertex 50.8628 13.7308 1.05
      vertex 50.1711 15.7936 1.05
    endloop
  endfacet
  facet normal 0 0 1
    outer loop
      vertex 50.8628 13.7308 1.05
      vertex 48.9627 15.7936 1.05
      vertex 50.7041 11.436 1.05
    endloop
  endfacet
  facet normal -0 0 1
    outer loop
      vertex 50.4173 10.8298 1.05
      vertex 51.2674 10.2624 1.05
      vertex 50.5061 10.9767 1.05
    endloop
  endfacet
  facet normal 0 0 1
    outer loop
      vertex 51.2674 10.2624 1.05
      vertex 50.4173 10.8298 1.05
      vertex 51.0194 9.98755 1.05
    endloop
  endfacet
  facet normal -0 0 1
    outer loop
      vertex 50.3282 10.7217 1.05
      vertex 51.0194 9.98755 1.05
      vertex 50.4173 10.8298 1.05
    endloop
  endfacet
  facet normal 0 0 1
    outer loop
      vertex 51.0194 9.98755 1.05
      vertex 50.3282 10.7217 1.05
      vertex 50.7444 9.80672 1.05
    endloop
  endfacet
  facet normal -0 0 1
    outer loop
      vertex 50.2319 10.6363 1.05
      vertex 50.7444 9.80672 1.05
      vertex 50.3282 10.7217 1.05
    endloop
  endfacet
  facet normal 0 0 1
    outer loop
      vertex 50.7444 9.80672 1.05
      vertex 50.2319 10.6363 1.05
      vertex 50.4209 9.69823 1.05
    endloop
  endfacet
  facet normal -0 0 1
    outer loop
      vertex 50.1284 10.5735 1.05
      vertex 50.4209 9.69823 1.05
      vertex 50.2319 10.6363 1.05
    endloop
  endfacet
  facet normal -0 0 1
    outer loop
      vertex 50.012 10.5305 1.05
      vertex 50.4209 9.69823 1.05
      vertex 50.1284 10.5735 1.05
    endloop
  endfacet
  facet normal 0 0 1
    outer loop
      vertex 50.4209 9.69823 1.05
      vertex 50.012 10.5305 1.05
      vertex 50.049 9.66205 1.05
    endloop
  endfacet
  facet normal -0 0 1
    outer loop
      vertex 49.877 10.5047 1.05
      vertex 50.049 9.66205 1.05
      vertex 50.012 10.5305 1.05
    endloop
  endfacet
  facet normal 0 0 1
    outer loop
      vertex 49.877 10.5047 1.05
      vertex 49.7864 9.66793 1.05
      vertex 50.049 9.66205 1.05
    endloop
  endfacet
  facet normal -0 0 1
    outer loop
      vertex 49.7235 10.4961 1.05
      vertex 49.7864 9.66793 1.05
      vertex 49.877 10.5047 1.05
    endloop
  endfacet
  facet normal 0 0 1
    outer loop
      vertex 49.5463 9.68555 1.05
      vertex 49.7235 10.4961 1.05
      vertex 49.6001 10.4997 1.05
    endloop
  endfacet
  facet normal 0 0 1
    outer loop
      vertex 49.7235 10.4961 1.05
      vertex 49.5463 9.68555 1.05
      vertex 49.7864 9.66793 1.05
    endloop
  endfacet
  facet normal 0 0 1
    outer loop
      vertex 49.4685 10.5106 1.05
      vertex 49.5463 9.68555 1.05
      vertex 49.6001 10.4997 1.05
    endloop
  endfacet
  facet normal 0 0 1
    outer loop
      vertex 49.3289 9.71492 1.05
      vertex 49.4685 10.5106 1.05
      vertex 49.3289 10.5287 1.05
    endloop
  endfacet
  facet normal 0 0 1
    outer loop
      vertex 49.4685 10.5106 1.05
      vertex 49.3289 9.71492 1.05
      vertex 49.5463 9.68555 1.05
    endloop
  endfacet
  facet normal -0.434822 0.900517 0
    outer loop
      vertex 47.904 11.5784 1.05
      vertex 47.4869 11.377 1.6
      vertex 47.904 11.5784 1.6
    endloop
  endfacet
  facet normal -0.434822 0.900517 0
    outer loop
      vertex 47.4869 11.377 1.6
      vertex 47.904 11.5784 1.05
      vertex 47.4869 11.377 1.05
    endloop
  endfacet
  facet normal -0.709533 0.704672 0
    outer loop
      vertex 47.904 11.5784 1.05
      vertex 48.2374 11.9141 1.6
      vertex 48.2374 11.9141 1.05
    endloop
  endfacet
  facet normal -0.709533 0.704672 0
    outer loop
      vertex 48.2374 11.9141 1.6
      vertex 47.904 11.5784 1.05
      vertex 47.904 11.5784 1.6
    endloop
  endfacet
  facet normal -0.882855 0.469645 0
    outer loop
      vertex 48.2374 11.9141 1.05
      vertex 48.4804 12.3709 1.6
      vertex 48.4804 12.3709 1.05
    endloop
  endfacet
  facet normal -0.882855 0.469645 0
    outer loop
      vertex 48.4804 12.3709 1.6
      vertex 48.2374 11.9141 1.05
      vertex 48.2374 11.9141 1.6
    endloop
  endfacet
  facet normal -0.968269 0.249909 0
    outer loop
      vertex 48.4804 12.3709 1.05
      vertex 48.6262 12.9358 1.6
      vertex 48.6262 12.9358 1.05
    endloop
  endfacet
  facet normal -0.968269 0.249909 0
    outer loop
      vertex 48.6262 12.9358 1.6
      vertex 48.4804 12.3709 1.05
      vertex 48.4804 12.3709 1.6
    endloop
  endfacet
  facet normal -0.997402 0.0720371 0
    outer loop
      vertex 48.6262 12.9358 1.05
      vertex 48.6748 13.6087 1.6
      vertex 48.6748 13.6087 1.05
    endloop
  endfacet
  facet normal -0.997402 0.0720371 0
    outer loop
      vertex 48.6748 13.6087 1.6
      vertex 48.6262 12.9358 1.05
      vertex 48.6262 12.9358 1.6
    endloop
  endfacet
  facet normal -0.99759 -0.0693871 0
    outer loop
      vertex 48.6748 13.6087 1.05
      vertex 48.6284 14.2758 1.6
      vertex 48.6284 14.2758 1.05
    endloop
  endfacet
  facet normal -0.99759 -0.0693871 0
    outer loop
      vertex 48.6284 14.2758 1.6
      vertex 48.6748 13.6087 1.05
      vertex 48.6748 13.6087 1.6
    endloop
  endfacet
  facet normal -0.970347 -0.241717 0
    outer loop
      vertex 48.6284 14.2758 1.05
      vertex 48.4894 14.8338 1.6
      vertex 48.4894 14.8338 1.05
    endloop
  endfacet
  facet normal -0.970347 -0.241717 0
    outer loop
      vertex 48.4894 14.8338 1.6
      vertex 48.6284 14.2758 1.05
      vertex 48.6284 14.2758 1.6
    endloop
  endfacet
  facet normal -0.888738 -0.458416 0
    outer loop
      vertex 48.4894 14.8338 1.05
      vertex 48.2577 15.283 1.6
      vertex 48.2577 15.283 1.05
    endloop
  endfacet
  facet normal -0.888738 -0.458416 0
    outer loop
      vertex 48.2577 15.283 1.6
      vertex 48.4894 14.8338 1.05
      vertex 48.4894 14.8338 1.6
    endloop
  endfacet
  facet normal -0.718373 -0.695658 0
    outer loop
      vertex 48.2577 15.283 1.05
      vertex 47.9392 15.6119 1.6
      vertex 47.9392 15.6119 1.05
    endloop
  endfacet
  facet normal -0.718373 -0.695658 0
    outer loop
      vertex 47.9392 15.6119 1.6
      vertex 48.2577 15.283 1.05
      vertex 48.2577 15.283 1.6
    endloop
  endfacet
  facet normal -0.442898 -0.896572 0
    outer loop
      vertex 47.5398 15.8092 1.05
      vertex 47.9392 15.6119 1.6
      vertex 47.5398 15.8092 1.6
    endloop
  endfacet
  facet normal -0.442898 -0.896572 -0
    outer loop
      vertex 47.9392 15.6119 1.6
      vertex 47.5398 15.8092 1.05
      vertex 47.9392 15.6119 1.05
    endloop
  endfacet
  facet normal -0.13573 -0.990746 0
    outer loop
      vertex 47.0595 15.875 1.05
      vertex 47.5398 15.8092 1.6
      vertex 47.0595 15.875 1.6
    endloop
  endfacet
  facet normal -0.13573 -0.990746 -0
    outer loop
      vertex 47.5398 15.8092 1.6
      vertex 47.0595 15.875 1.05
      vertex 47.5398 15.8092 1.05
    endloop
  endfacet
  facet normal 0.152386 -0.988321 0
    outer loop
      vertex 46.4492 15.7809 1.05
      vertex 47.0595 15.875 1.6
      vertex 46.4492 15.7809 1.6
    endloop
  endfacet
  facet normal 0.152386 -0.988321 0
    outer loop
      vertex 47.0595 15.875 1.6
      vertex 46.4492 15.7809 1.05
      vertex 47.0595 15.875 1.05
    endloop
  endfacet
  facet normal 0.515194 -0.857074 0
    outer loop
      vertex 45.9799 15.4988 1.05
      vertex 46.4492 15.7809 1.6
      vertex 45.9799 15.4988 1.6
    endloop
  endfacet
  facet normal 0.515194 -0.857074 0
    outer loop
      vertex 46.4492 15.7809 1.6
      vertex 45.9799 15.4988 1.05
      vertex 46.4492 15.7809 1.05
    endloop
  endfacet
  facet normal 0.819944 -0.572443 0
    outer loop
      vertex 45.6517 15.0287 1.6
      vertex 45.9799 15.4988 1.05
      vertex 45.9799 15.4988 1.6
    endloop
  endfacet
  facet normal 0.819944 -0.572443 0
    outer loop
      vertex 45.9799 15.4988 1.05
      vertex 45.6517 15.0287 1.6
      vertex 45.6517 15.0287 1.05
    endloop
  endfacet
  facet normal 0 -1 0
    outer loop
      vertex 45.6354 15.0287 1.05
      vertex 45.6517 15.0287 1.6
      vertex 45.6354 15.0287 1.6
    endloop
  endfacet
  facet normal 0 -1 -0
    outer loop
      vertex 45.6517 15.0287 1.6
      vertex 45.6354 15.0287 1.05
      vertex 45.6517 15.0287 1.05
    endloop
  endfacet
  facet normal -0.999741 0.0227563 0
    outer loop
      vertex 45.6354 15.0287 1.05
      vertex 45.6517 15.7448 1.6
      vertex 45.6517 15.7448 1.05
    endloop
  endfacet
  facet normal -0.999741 0.0227563 0
    outer loop
      vertex 45.6517 15.7448 1.6
      vertex 45.6354 15.0287 1.05
      vertex 45.6354 15.0287 1.6
    endloop
  endfacet
  facet normal -1 0 0
    outer loop
      vertex 45.6517 15.7448 1.05
      vertex 45.6517 17.4293 1.6
      vertex 45.6517 17.4293 1.05
    endloop
  endfacet
  facet normal -1 -0 0
    outer loop
      vertex 45.6517 17.4293 1.6
      vertex 45.6517 15.7448 1.05
      vertex 45.6517 15.7448 1.6
    endloop
  endfacet
  facet normal 0 -1 0
    outer loop
      vertex 44.5084 17.4293 1.05
      vertex 45.6517 17.4293 1.6
      vertex 44.5084 17.4293 1.6
    endloop
  endfacet
  facet normal 0 -1 -0
    outer loop
      vertex 45.6517 17.4293 1.6
      vertex 44.5084 17.4293 1.05
      vertex 45.6517 17.4293 1.05
    endloop
  endfacet
  facet normal 1 -0 0
    outer loop
      vertex 44.5084 12.3963 1.6
      vertex 44.5084 17.4293 1.05
      vertex 44.5084 17.4293 1.6
    endloop
  endfacet
  facet normal 1 0 0
    outer loop
      vertex 44.5084 17.4293 1.05
      vertex 44.5084 12.3963 1.6
      vertex 44.5084 12.3963 1.05
    endloop
  endfacet
  facet normal 0.999957 -0.00922565 0
    outer loop
      vertex 44.5048 12.0061 1.6
      vertex 44.5084 12.3963 1.05
      vertex 44.5084 12.3963 1.6
    endloop
  endfacet
  facet normal 0.999957 -0.00922565 0
    outer loop
      vertex 44.5084 12.3963 1.05
      vertex 44.5048 12.0061 1.6
      vertex 44.5048 12.0061 1.05
    endloop
  endfacet
  facet normal 0.999471 -0.0325201 0
    outer loop
      vertex 44.4939 11.6711 1.6
      vertex 44.5048 12.0061 1.05
      vertex 44.5048 12.0061 1.6
    endloop
  endfacet
  facet normal 0.999471 -0.0325201 0
    outer loop
      vertex 44.5048 12.0061 1.05
      vertex 44.4939 11.6711 1.6
      vertex 44.4939 11.6711 1.05
    endloop
  endfacet
  facet normal 0.997914 -0.0645541 0
    outer loop
      vertex 44.4758 11.3913 1.6
      vertex 44.4939 11.6711 1.05
      vertex 44.4939 11.6711 1.6
    endloop
  endfacet
  facet normal 0.997914 -0.0645541 0
    outer loop
      vertex 44.4939 11.6711 1.05
      vertex 44.4758 11.3913 1.6
      vertex 44.4758 11.3913 1.05
    endloop
  endfacet
  facet normal 0 1 -0
    outer loop
      vertex 45.5866 11.3913 1.05
      vertex 44.4758 11.3913 1.6
      vertex 45.5866 11.3913 1.6
    endloop
  endfacet
  facet normal 0 1 0
    outer loop
      vertex 44.4758 11.3913 1.6
      vertex 45.5866 11.3913 1.05
      vertex 44.4758 11.3913 1.05
    endloop
  endfacet
  facet normal -0.980005 0.198971 0
    outer loop
      vertex 45.5866 11.3913 1.05
      vertex 45.6 11.4573 1.6
      vertex 45.6 11.4573 1.05
    endloop
  endfacet
  facet normal -0.980005 0.198971 0
    outer loop
      vertex 45.6 11.4573 1.6
      vertex 45.5866 11.3913 1.05
      vertex 45.5866 11.3913 1.6
    endloop
  endfacet
  facet normal -0.992747 0.120219 0
    outer loop
      vertex 45.6 11.4573 1.05
      vertex 45.6128 11.563 1.6
      vertex 45.6128 11.563 1.05
    endloop
  endfacet
  facet normal -0.992747 0.120219 0
    outer loop
      vertex 45.6128 11.563 1.6
      vertex 45.6 11.4573 1.05
      vertex 45.6 11.4573 1.6
    endloop
  endfacet
  facet normal -0.996335 0.085537 0
    outer loop
      vertex 45.6128 11.563 1.05
      vertex 45.6253 11.7086 1.6
      vertex 45.6253 11.7086 1.05
    endloop
  endfacet
  facet normal -0.996335 0.085537 0
    outer loop
      vertex 45.6253 11.7086 1.6
      vertex 45.6128 11.563 1.05
      vertex 45.6128 11.563 1.6
    endloop
  endfacet
  facet normal -0.997848 0.065571 0
    outer loop
      vertex 45.6253 11.7086 1.05
      vertex 45.6354 11.8623 1.6
      vertex 45.6354 11.8623 1.05
    endloop
  endfacet
  facet normal -0.997848 0.065571 0
    outer loop
      vertex 45.6354 11.8623 1.6
      vertex 45.6253 11.7086 1.05
      vertex 45.6253 11.7086 1.6
    endloop
  endfacet
  facet normal -0.998904 0.0467997 0
    outer loop
      vertex 45.6354 11.8623 1.05
      vertex 45.6415 11.9925 1.6
      vertex 45.6415 11.9925 1.05
    endloop
  endfacet
  facet normal -0.998904 0.0467997 0
    outer loop
      vertex 45.6415 11.9925 1.6
      vertex 45.6354 11.8623 1.05
      vertex 45.6354 11.8623 1.6
    endloop
  endfacet
  facet normal -0.999806 0.0196775 0
    outer loop
      vertex 45.6415 11.9925 1.05
      vertex 45.6436 12.0992 1.6
      vertex 45.6436 12.0992 1.05
    endloop
  endfacet
  facet normal -0.999806 0.0196775 0
    outer loop
      vertex 45.6436 12.0992 1.6
      vertex 45.6415 11.9925 1.05
      vertex 45.6415 11.9925 1.6
    endloop
  endfacet
  facet normal 0 1 -0
    outer loop
      vertex 45.6517 12.0992 1.05
      vertex 45.6436 12.0992 1.6
      vertex 45.6517 12.0992 1.6
    endloop
  endfacet
  facet normal 0 1 0
    outer loop
      vertex 45.6436 12.0992 1.6
      vertex 45.6517 12.0992 1.05
      vertex 45.6436 12.0992 1.05
    endloop
  endfacet
  facet normal 0.859679 0.510834 0
    outer loop
      vertex 45.7914 11.8641 1.6
      vertex 45.6517 12.0992 1.05
      vertex 45.6517 12.0992 1.6
    endloop
  endfacet
  facet normal 0.859679 0.510834 0
    outer loop
      vertex 45.6517 12.0992 1.05
      vertex 45.7914 11.8641 1.6
      vertex 45.7914 11.8641 1.05
    endloop
  endfacet
  facet normal 0.744942 0.667129 0
    outer loop
      vertex 45.9663 11.6688 1.6
      vertex 45.7914 11.8641 1.05
      vertex 45.7914 11.8641 1.6
    endloop
  endfacet
  facet normal 0.744942 0.667129 0
    outer loop
      vertex 45.7914 11.8641 1.05
      vertex 45.9663 11.6688 1.6
      vertex 45.9663 11.6688 1.05
    endloop
  endfacet
  facet normal 0.594724 0.80393 -0
    outer loop
      vertex 46.1765 11.5133 1.05
      vertex 45.9663 11.6688 1.6
      vertex 46.1765 11.5133 1.6
    endloop
  endfacet
  facet normal 0.594724 0.80393 0
    outer loop
      vertex 45.9663 11.6688 1.6
      vertex 46.1765 11.5133 1.05
      vertex 45.9663 11.6688 1.05
    endloop
  endfacet
  facet normal 0.423234 0.90602 -0
    outer loop
      vertex 46.4184 11.4003 1.05
      vertex 46.1765 11.5133 1.6
      vertex 46.4184 11.4003 1.6
    endloop
  endfacet
  facet normal 0.423234 0.90602 0
    outer loop
      vertex 46.1765 11.5133 1.6
      vertex 46.4184 11.4003 1.05
      vertex 46.1765 11.5133 1.05
    endloop
  endfacet
  facet normal 0.243635 0.969867 -0
    outer loop
      vertex 46.6883 11.3325 1.05
      vertex 46.4184 11.4003 1.6
      vertex 46.6883 11.3325 1.6
    endloop
  endfacet
  facet normal 0.243635 0.969867 0
    outer loop
      vertex 46.4184 11.4003 1.6
      vertex 46.6883 11.3325 1.05
      vertex 46.4184 11.4003 1.05
    endloop
  endfacet
  facet normal 0.075647 0.997135 -0
    outer loop
      vertex 46.9862 11.3099 1.05
      vertex 46.6883 11.3325 1.6
      vertex 46.9862 11.3099 1.6
    endloop
  endfacet
  facet normal 0.075647 0.997135 0
    outer loop
      vertex 46.6883 11.3325 1.6
      vertex 46.9862 11.3099 1.05
      vertex 46.6883 11.3325 1.05
    endloop
  endfacet
  facet normal -0.132825 0.99114 0
    outer loop
      vertex 47.4869 11.377 1.05
      vertex 46.9862 11.3099 1.6
      vertex 47.4869 11.377 1.6
    endloop
  endfacet
  facet normal -0.132825 0.99114 0
    outer loop
      vertex 46.9862 11.3099 1.6
      vertex 47.4869 11.377 1.05
      vertex 46.9862 11.3099 1.05
    endloop
  endfacet
  facet normal -0.486214 -0.87384 0
    outer loop
      vertex 46.0572 12.2647 1.05
      vertex 46.2912 12.1345 1.6
      vertex 46.0572 12.2647 1.6
    endloop
  endfacet
  facet normal -0.486214 -0.87384 -0
    outer loop
      vertex 46.2912 12.1345 1.6
      vertex 46.0572 12.2647 1.05
      vertex 46.2912 12.1345 1.05
    endloop
  endfacet
  facet normal -0.763066 -0.64632 0
    outer loop
      vertex 46.0572 12.2647 1.05
      vertex 45.8734 12.4817 1.6
      vertex 45.8734 12.4817 1.05
    endloop
  endfacet
  facet normal -0.763066 -0.64632 0
    outer loop
      vertex 45.8734 12.4817 1.6
      vertex 46.0572 12.2647 1.05
      vertex 46.0572 12.2647 1.6
    endloop
  endfacet
  facet normal -0.912454 -0.40918 0
    outer loop
      vertex 45.8734 12.4817 1.05
      vertex 45.7412 12.7765 1.6
      vertex 45.7412 12.7765 1.05
    endloop
  endfacet
  facet normal -0.912454 -0.40918 0
    outer loop
      vertex 45.7412 12.7765 1.6
      vertex 45.8734 12.4817 1.05
      vertex 45.8734 12.4817 1.6
    endloop
  endfacet
  facet normal -0.976953 -0.213456 0
    outer loop
      vertex 45.7412 12.7765 1.05
      vertex 45.6618 13.1399 1.6
      vertex 45.6618 13.1399 1.05
    endloop
  endfacet
  facet normal -0.976953 -0.213456 0
    outer loop
      vertex 45.6618 13.1399 1.6
      vertex 45.7412 12.7765 1.05
      vertex 45.7412 12.7765 1.6
    endloop
  endfacet
  facet normal -0.99814 -0.0609692 0
    outer loop
      vertex 45.6618 13.1399 1.05
      vertex 45.6354 13.5721 1.6
      vertex 45.6354 13.5721 1.05
    endloop
  endfacet
  facet normal -0.99814 -0.0609692 0
    outer loop
      vertex 45.6354 13.5721 1.6
      vertex 45.6618 13.1399 1.05
      vertex 45.6618 13.1399 1.6
    endloop
  endfacet
  facet normal -0.998219 0.059658 0
    outer loop
      vertex 45.6354 13.5721 1.05
      vertex 45.6623 14.0222 1.6
      vertex 45.6623 14.0222 1.05
    endloop
  endfacet
  facet normal -0.998219 0.059658 0
    outer loop
      vertex 45.6623 14.0222 1.6
      vertex 45.6354 13.5721 1.05
      vertex 45.6354 13.5721 1.6
    endloop
  endfacet
  facet normal -0.977457 0.211137 0
    outer loop
      vertex 45.6623 14.0222 1.05
      vertex 45.743 14.3958 1.6
      vertex 45.743 14.3958 1.05
    endloop
  endfacet
  facet normal -0.977457 0.211137 0
    outer loop
      vertex 45.743 14.3958 1.6
      vertex 45.6623 14.0222 1.05
      vertex 45.6623 14.0222 1.6
    endloop
  endfacet
  facet normal -0.911048 0.412301 0
    outer loop
      vertex 45.743 14.3958 1.05
      vertex 45.8775 14.693 1.6
      vertex 45.8775 14.693 1.05
    endloop
  endfacet
  facet normal -0.911048 0.412301 0
    outer loop
      vertex 45.8775 14.693 1.6
      vertex 45.743 14.3958 1.05
      vertex 45.743 14.3958 1.6
    endloop
  endfacet
  facet normal -0.757619 0.652697 0
    outer loop
      vertex 45.8775 14.693 1.05
      vertex 46.0635 14.9089 1.6
      vertex 46.0635 14.9089 1.05
    endloop
  endfacet
  facet normal -0.757619 0.652697 0
    outer loop
      vertex 46.0635 14.9089 1.6
      vertex 45.8775 14.693 1.05
      vertex 45.8775 14.693 1.6
    endloop
  endfacet
  facet normal -0.482004 0.876169 0
    outer loop
      vertex 46.2989 15.0384 1.05
      vertex 46.0635 14.9089 1.6
      vertex 46.2989 15.0384 1.6
    endloop
  endfacet
  facet normal -0.482004 0.876169 0
    outer loop
      vertex 46.0635 14.9089 1.6
      vertex 46.2989 15.0384 1.05
      vertex 46.0635 14.9089 1.05
    endloop
  endfacet
  facet normal -0.150073 0.988675 0
    outer loop
      vertex 46.5835 15.0816 1.05
      vertex 46.2989 15.0384 1.6
      vertex 46.5835 15.0816 1.6
    endloop
  endfacet
  facet normal -0.150073 0.988675 0
    outer loop
      vertex 46.2989 15.0384 1.6
      vertex 46.5835 15.0816 1.05
      vertex 46.2989 15.0384 1.05
    endloop
  endfacet
  facet normal 0.142214 0.989836 -0
    outer loop
      vertex 46.8633 15.0414 1.05
      vertex 46.5835 15.0816 1.6
      vertex 46.8633 15.0414 1.6
    endloop
  endfacet
  facet normal 0.142214 0.989836 0
    outer loop
      vertex 46.5835 15.0816 1.6
      vertex 46.8633 15.0414 1.05
      vertex 46.5835 15.0816 1.05
    endloop
  endfacet
  facet normal 0.470588 0.882353 -0
    outer loop
      vertex 47.0898 14.9206 1.05
      vertex 46.8633 15.0414 1.6
      vertex 47.0898 14.9206 1.6
    endloop
  endfacet
  facet normal 0.470588 0.882353 0
    outer loop
      vertex 46.8633 15.0414 1.6
      vertex 47.0898 14.9206 1.05
      vertex 46.8633 15.0414 1.05
    endloop
  endfacet
  facet normal 0.758059 0.652187 0
    outer loop
      vertex 47.2629 14.7194 1.6
      vertex 47.0898 14.9206 1.05
      vertex 47.0898 14.9206 1.6
    endloop
  endfacet
  facet normal 0.758059 0.652187 0
    outer loop
      vertex 47.0898 14.9206 1.05
      vertex 47.2629 14.7194 1.6
      vertex 47.2629 14.7194 1.05
    endloop
  endfacet
  facet normal 0.918844 0.394621 0
    outer loop
      vertex 47.385 14.4351 1.6
      vertex 47.2629 14.7194 1.05
      vertex 47.2629 14.7194 1.6
    endloop
  endfacet
  facet normal 0.918844 0.394621 0
    outer loop
      vertex 47.2629 14.7194 1.05
      vertex 47.385 14.4351 1.6
      vertex 47.385 14.4351 1.05
    endloop
  endfacet
  facet normal 0.981006 0.193975 0
    outer loop
      vertex 47.4582 14.0649 1.6
      vertex 47.385 14.4351 1.05
      vertex 47.385 14.4351 1.6
    endloop
  endfacet
  facet normal 0.981006 0.193975 0
    outer loop
      vertex 47.385 14.4351 1.05
      vertex 47.4582 14.0649 1.6
      vertex 47.4582 14.0649 1.05
    endloop
  endfacet
  facet normal 0.998573 0.053409 0
    outer loop
      vertex 47.4826 13.6087 1.6
      vertex 47.4582 14.0649 1.05
      vertex 47.4582 14.0649 1.6
    endloop
  endfacet
  facet normal 0.998573 0.053409 0
    outer loop
      vertex 47.4582 14.0649 1.05
      vertex 47.4826 13.6087 1.6
      vertex 47.4826 13.6087 1.05
    endloop
  endfacet
  facet normal 0.992929 -0.118713 0
    outer loop
      vertex 47.3818 12.7656 1.6
      vertex 47.4826 13.6087 1.05
      vertex 47.4826 13.6087 1.6
    endloop
  endfacet
  facet normal 0.992929 -0.118713 0
    outer loop
      vertex 47.4826 13.6087 1.05
      vertex 47.3818 12.7656 1.6
      vertex 47.3818 12.7656 1.05
    endloop
  endfacet
  facet normal 0.858345 -0.513073 0
    outer loop
      vertex 47.0794 12.2597 1.6
      vertex 47.3818 12.7656 1.05
      vertex 47.3818 12.7656 1.6
    endloop
  endfacet
  facet normal 0.858345 -0.513073 0
    outer loop
      vertex 47.3818 12.7656 1.05
      vertex 47.0794 12.2597 1.6
      vertex 47.0794 12.2597 1.05
    endloop
  endfacet
  facet normal 0.317187 -0.948363 0
    outer loop
      vertex 46.5753 12.0911 1.05
      vertex 47.0794 12.2597 1.6
      vertex 46.5753 12.0911 1.6
    endloop
  endfacet
  facet normal 0.317187 -0.948363 0
    outer loop
      vertex 47.0794 12.2597 1.6
      vertex 46.5753 12.0911 1.05
      vertex 47.0794 12.2597 1.05
    endloop
  endfacet
  facet normal -0.151011 -0.988532 0
    outer loop
      vertex 46.2912 12.1345 1.05
      vertex 46.5753 12.0911 1.6
      vertex 46.2912 12.1345 1.6
    endloop
  endfacet
  facet normal -0.151011 -0.988532 -0
    outer loop
      vertex 46.5753 12.0911 1.6
      vertex 46.2912 12.1345 1.05
      vertex 46.5753 12.0911 1.05
    endloop
  endfacet
  facet normal -0.999806 -0.0196755 0
    outer loop
      vertex 33.7999 14.866 1.05
      vertex 33.7945 15.1404 1.6
      vertex 33.7945 15.1404 1.05
    endloop
  endfacet
  facet normal -0.999806 -0.0196755 0
    outer loop
      vertex 33.7945 15.1404 1.6
      vertex 33.7999 14.866 1.05
      vertex 33.7999 14.866 1.6
    endloop
  endfacet
  facet normal -0.999234 -0.0391245 0
    outer loop
      vertex 33.7945 15.1404 1.05
      vertex 33.7782 15.5567 1.6
      vertex 33.7782 15.5567 1.05
    endloop
  endfacet
  facet normal -0.999234 -0.0391245 0
    outer loop
      vertex 33.7782 15.5567 1.6
      vertex 33.7945 15.1404 1.05
      vertex 33.7945 15.1404 1.6
    endloop
  endfacet
  facet normal -0.998815 -0.0486616 0
    outer loop
      vertex 33.7782 15.5567 1.05
      vertex 33.751 16.115 1.6
      vertex 33.751 16.115 1.05
    endloop
  endfacet
  facet normal -0.998815 -0.0486616 0
    outer loop
      vertex 33.751 16.115 1.6
      vertex 33.7782 15.5567 1.05
      vertex 33.7782 15.5567 1.6
    endloop
  endfacet
  facet normal 0.96161 0.274421 0
    outer loop
      vertex 34.1864 14.5893 1.6
      vertex 33.751 16.115 1.05
      vertex 33.751 16.115 1.6
    endloop
  endfacet
  facet normal 0.96161 0.274421 0
    outer loop
      vertex 33.751 16.115 1.05
      vertex 34.1864 14.5893 1.6
      vertex 34.1864 14.5893 1.05
    endloop
  endfacet
  facet normal 0.951544 0.307511 0
    outer loop
      vertex 35.2199 11.3913 1.6
      vertex 34.1864 14.5893 1.05
      vertex 34.1864 14.5893 1.6
    endloop
  endfacet
  facet normal 0.951544 0.307511 0
    outer loop
      vertex 34.1864 14.5893 1.05
      vertex 35.2199 11.3913 1.6
      vertex 35.2199 11.3913 1.05
    endloop
  endfacet
  facet normal 0 1 -0
    outer loop
      vertex 36.0743 11.3913 1.05
      vertex 35.2199 11.3913 1.6
      vertex 36.0743 11.3913 1.6
    endloop
  endfacet
  facet normal 0 1 0
    outer loop
      vertex 35.2199 11.3913 1.6
      vertex 36.0743 11.3913 1.05
      vertex 35.2199 11.3913 1.05
    endloop
  endfacet
  facet normal -0.951544 0.307511 0
    outer loop
      vertex 36.0743 11.3913 1.05
      vertex 37.1078 14.5893 1.6
      vertex 37.1078 14.5893 1.05
    endloop
  endfacet
  facet normal -0.951544 0.307511 0
    outer loop
      vertex 37.1078 14.5893 1.6
      vertex 36.0743 11.3913 1.05
      vertex 36.0743 11.3913 1.6
    endloop
  endfacet
  facet normal -0.957431 0.288661 0
    outer loop
      vertex 37.1078 14.5893 1.05
      vertex 37.2167 14.9505 1.6
      vertex 37.2167 14.9505 1.05
    endloop
  endfacet
  facet normal -0.957431 0.288661 0
    outer loop
      vertex 37.2167 14.9505 1.6
      vertex 37.1078 14.5893 1.05
      vertex 37.1078 14.5893 1.6
    endloop
  endfacet
  facet normal -0.962968 0.269616 0
    outer loop
      vertex 37.2167 14.9505 1.05
      vertex 37.3591 15.4591 1.6
      vertex 37.3591 15.4591 1.05
    endloop
  endfacet
  facet normal -0.962968 0.269616 0
    outer loop
      vertex 37.3591 15.4591 1.6
      vertex 37.2167 14.9505 1.05
      vertex 37.2167 14.9505 1.6
    endloop
  endfacet
  facet normal -0.96587 0.259028 0
    outer loop
      vertex 37.3591 15.4591 1.05
      vertex 37.535 16.115 1.6
      vertex 37.535 16.115 1.05
    endloop
  endfacet
  facet normal -0.96587 0.259028 0
    outer loop
      vertex 37.535 16.115 1.6
      vertex 37.3591 15.4591 1.05
      vertex 37.3591 15.4591 1.6
    endloop
  endfacet
  facet normal 0.999186 -0.0403356 0
    outer loop
      vertex 37.5144 15.6047 1.6
      vertex 37.535 16.115 1.05
      vertex 37.535 16.115 1.6
    endloop
  endfacet
  facet normal 0.999186 -0.0403356 0
    outer loop
      vertex 37.535 16.115 1.05
      vertex 37.5144 15.6047 1.6
      vertex 37.5144 15.6047 1.05
    endloop
  endfacet
  facet normal 0.999282 -0.0378763 0
    outer loop
      vertex 37.5016 15.267 1.6
      vertex 37.5144 15.6047 1.05
      vertex 37.5144 15.6047 1.6
    endloop
  endfacet
  facet normal 0.999282 -0.0378763 0
    outer loop
      vertex 37.5144 15.6047 1.05
      vertex 37.5016 15.267 1.6
      vertex 37.5016 15.267 1.05
    endloop
  endfacet
  facet normal 0.999504 -0.0314805 0
    outer loop
      vertex 37.4964 15.1019 1.6
      vertex 37.5016 15.267 1.05
      vertex 37.5016 15.267 1.6
    endloop
  endfacet
  facet normal 0.999504 -0.0314805 0
    outer loop
      vertex 37.5016 15.267 1.05
      vertex 37.4964 15.1019 1.6
      vertex 37.4964 15.1019 1.05
    endloop
  endfacet
  facet normal 0.999883 -0.0152654 0
    outer loop
      vertex 37.4952 15.0233 1.6
      vertex 37.4964 15.1019 1.05
      vertex 37.4964 15.1019 1.6
    endloop
  endfacet
  facet normal 0.999883 -0.0152654 0
    outer loop
      vertex 37.4964 15.1019 1.05
      vertex 37.4952 15.0233 1.6
      vertex 37.4952 15.0233 1.05
    endloop
  endfacet
  facet normal 0.99996 -0.00889418 0
    outer loop
      vertex 37.4945 14.9446 1.6
      vertex 37.4952 15.0233 1.05
      vertex 37.4952 15.0233 1.6
    endloop
  endfacet
  facet normal 0.99996 -0.00889418 0
    outer loop
      vertex 37.4952 15.0233 1.05
      vertex 37.4945 14.9446 1.6
      vertex 37.4945 14.9446 1.05
    endloop
  endfacet
  facet normal 0.999997 -0.00254452 0
    outer loop
      vertex 37.4943 14.866 1.6
      vertex 37.4945 14.9446 1.05
      vertex 37.4945 14.9446 1.6
    endloop
  endfacet
  facet normal 0.999997 -0.00254452 0
    outer loop
      vertex 37.4945 14.9446 1.05
      vertex 37.4943 14.866 1.6
      vertex 37.4943 14.866 1.05
    endloop
  endfacet
  facet normal 1 -0 0
    outer loop
      vertex 37.4943 11.3913 1.6
      vertex 37.4943 14.866 1.05
      vertex 37.4943 14.866 1.6
    endloop
  endfacet
  facet normal 1 0 0
    outer loop
      vertex 37.4943 14.866 1.05
      vertex 37.4943 11.3913 1.6
      vertex 37.4943 11.3913 1.05
    endloop
  endfacet
  facet normal 0 1 -0
    outer loop
      vertex 38.5603 11.3913 1.05
      vertex 37.4943 11.3913 1.6
      vertex 38.5603 11.3913 1.6
    endloop
  endfacet
  facet normal 0 1 0
    outer loop
      vertex 37.4943 11.3913 1.6
      vertex 38.5603 11.3913 1.05
      vertex 37.4943 11.3913 1.05
    endloop
  endfacet
  facet normal -1 0 0
    outer loop
      vertex 38.5603 11.3913 1.05
      vertex 38.5603 17.1241 1.6
      vertex 38.5603 17.1241 1.05
    endloop
  endfacet
  facet normal -1 -0 0
    outer loop
      vertex 38.5603 17.1241 1.6
      vertex 38.5603 11.3913 1.05
      vertex 38.5603 11.3913 1.6
    endloop
  endfacet
  facet normal 0 -1 0
    outer loop
      vertex 36.9613 17.1241 1.05
      vertex 38.5603 17.1241 1.6
      vertex 36.9613 17.1241 1.6
    endloop
  endfacet
  facet normal 0 -1 -0
    outer loop
      vertex 38.5603 17.1241 1.6
      vertex 36.9613 17.1241 1.05
      vertex 38.5603 17.1241 1.05
    endloop
  endfacet
  facet normal 0.954294 -0.298869 0
    outer loop
      vertex 35.9075 13.7593 1.6
      vertex 36.9613 17.1241 1.05
      vertex 36.9613 17.1241 1.6
    endloop
  endfacet
  facet normal 0.954294 -0.298869 0
    outer loop
      vertex 36.9613 17.1241 1.05
      vertex 35.9075 13.7593 1.6
      vertex 35.9075 13.7593 1.05
    endloop
  endfacet
  facet normal 0.963286 -0.268476 0
    outer loop
      vertex 35.6512 12.8397 1.6
      vertex 35.9075 13.7593 1.05
      vertex 35.9075 13.7593 1.6
    endloop
  endfacet
  facet normal 0.963286 -0.268476 0
    outer loop
      vertex 35.9075 13.7593 1.05
      vertex 35.6512 12.8397 1.6
      vertex 35.6512 12.8397 1.05
    endloop
  endfacet
  facet normal -0.969231 -0.246152 0
    outer loop
      vertex 35.6512 12.8397 1.05
      vertex 35.4559 13.6087 1.6
      vertex 35.4559 13.6087 1.05
    endloop
  endfacet
  facet normal -0.969231 -0.246152 0
    outer loop
      vertex 35.4559 13.6087 1.6
      vertex 35.6512 12.8397 1.05
      vertex 35.6512 12.8397 1.6
    endloop
  endfacet
  facet normal -0.960593 -0.27796 0
    outer loop
      vertex 35.4559 13.6087 1.05
      vertex 35.3664 13.918 1.6
      vertex 35.3664 13.918 1.05
    endloop
  endfacet
  facet normal -0.960593 -0.27796 0
    outer loop
      vertex 35.3664 13.918 1.6
      vertex 35.4559 13.6087 1.05
      vertex 35.4559 13.6087 1.6
    endloop
  endfacet
  facet normal -0.952472 -0.304627 0
    outer loop
      vertex 35.3664 13.918 1.05
      vertex 34.341 17.1241 1.6
      vertex 34.341 17.1241 1.05
    endloop
  endfacet
  facet normal -0.952472 -0.304627 0
    outer loop
      vertex 34.341 17.1241 1.6
      vertex 35.3664 13.918 1.05
      vertex 35.3664 13.918 1.6
    endloop
  endfacet
  facet normal 0 -1 0
    outer loop
      vertex 32.7339 17.1241 1.05
      vertex 34.341 17.1241 1.6
      vertex 32.7339 17.1241 1.6
    endloop
  endfacet
  facet normal 0 -1 -0
    outer loop
      vertex 34.341 17.1241 1.6
      vertex 32.7339 17.1241 1.05
      vertex 34.341 17.1241 1.05
    endloop
  endfacet
  facet normal 1 -0 0
    outer loop
      vertex 32.7339 11.3913 1.6
      vertex 32.7339 17.1241 1.05
      vertex 32.7339 17.1241 1.6
    endloop
  endfacet
  facet normal 1 0 0
    outer loop
      vertex 32.7339 17.1241 1.05
      vertex 32.7339 11.3913 1.6
      vertex 32.7339 11.3913 1.05
    endloop
  endfacet
  facet normal 0 1 -0
    outer loop
      vertex 33.7999 11.3913 1.05
      vertex 32.7339 11.3913 1.6
      vertex 33.7999 11.3913 1.6
    endloop
  endfacet
  facet normal 0 1 0
    outer loop
      vertex 32.7339 11.3913 1.6
      vertex 33.7999 11.3913 1.05
      vertex 32.7339 11.3913 1.05
    endloop
  endfacet
  facet normal -1 0 0
    outer loop
      vertex 33.7999 11.3913 1.05
      vertex 33.7999 14.866 1.6
      vertex 33.7999 14.866 1.05
    endloop
  endfacet
  facet normal -1 -0 0
    outer loop
      vertex 33.7999 14.866 1.6
      vertex 33.7999 11.3913 1.05
      vertex 33.7999 11.3913 1.6
    endloop
  endfacet
  facet normal -0.347125 0.937819 0
    outer loop
      vertex 42.6793 11.5803 1.05
      vertex 42.1314 11.3775 1.6
      vertex 42.6793 11.5803 1.6
    endloop
  endfacet
  facet normal -0.347125 0.937819 0
    outer loop
      vertex 42.1314 11.3775 1.6
      vertex 42.6793 11.5803 1.05
      vertex 42.1314 11.3775 1.05
    endloop
  endfacet
  facet normal -0.603366 0.797464 0
    outer loop
      vertex 43.1259 11.9182 1.05
      vertex 42.6793 11.5803 1.6
      vertex 43.1259 11.9182 1.6
    endloop
  endfacet
  facet normal -0.603366 0.797464 0
    outer loop
      vertex 42.6793 11.5803 1.6
      vertex 43.1259 11.9182 1.05
      vertex 42.6793 11.5803 1.05
    endloop
  endfacet
  facet normal -0.81052 0.585711 0
    outer loop
      vertex 43.1259 11.9182 1.05
      vertex 43.456 12.375 1.6
      vertex 43.456 12.375 1.05
    endloop
  endfacet
  facet normal -0.81052 0.585711 0
    outer loop
      vertex 43.456 12.375 1.6
      vertex 43.1259 11.9182 1.05
      vertex 43.1259 11.9182 1.6
    endloop
  endfacet
  facet normal -0.942691 0.333666 0
    outer loop
      vertex 43.456 12.375 1.05
      vertex 43.654 12.9344 1.6
      vertex 43.654 12.9344 1.05
    endloop
  endfacet
  facet normal -0.942691 0.333666 0
    outer loop
      vertex 43.654 12.9344 1.6
      vertex 43.456 12.375 1.05
      vertex 43.456 12.375 1.6
    endloop
  endfacet
  facet normal -0.995068 0.0991912 0
    outer loop
      vertex 43.654 12.9344 1.05
      vertex 43.72 13.5965 1.6
      vertex 43.72 13.5965 1.05
    endloop
  endfacet
  facet normal -0.995068 0.0991912 0
    outer loop
      vertex 43.72 13.5965 1.6
      vertex 43.654 12.9344 1.05
      vertex 43.654 12.9344 1.6
    endloop
  endfacet
  facet normal -0.995696 -0.0926809 0
    outer loop
      vertex 43.72 13.5965 1.05
      vertex 43.6569 14.2744 1.6
      vertex 43.6569 14.2744 1.05
    endloop
  endfacet
  facet normal -0.995696 -0.0926809 0
    outer loop
      vertex 43.6569 14.2744 1.6
      vertex 43.72 13.5965 1.05
      vertex 43.72 13.5965 1.6
    endloop
  endfacet
  facet normal -0.947991 -0.318296 0
    outer loop
      vertex 43.6569 14.2744 1.05
      vertex 43.4677 14.8379 1.6
      vertex 43.4677 14.8379 1.05
    endloop
  endfacet
  facet normal -0.947991 -0.318296 0
    outer loop
      vertex 43.4677 14.8379 1.6
      vertex 43.6569 14.2744 1.05
      vertex 43.6569 14.2744 1.6
    endloop
  endfacet
  facet normal -0.818435 -0.574599 0
    outer loop
      vertex 43.4677 14.8379 1.05
      vertex 43.1524 15.287 1.6
      vertex 43.1524 15.287 1.05
    endloop
  endfacet
  facet normal -0.818435 -0.574599 0
    outer loop
      vertex 43.1524 15.287 1.6
      vertex 43.4677 14.8379 1.05
      vertex 43.4677 14.8379 1.6
    endloop
  endfacet
  facet normal -0.600441 -0.799669 0
    outer loop
      vertex 42.7173 15.6137 1.05
      vertex 43.1524 15.287 1.6
      vertex 42.7173 15.6137 1.6
    endloop
  endfacet
  facet normal -0.600441 -0.799669 -0
    outer loop
      vertex 43.1524 15.287 1.6
      vertex 42.7173 15.6137 1.05
      vertex 43.1524 15.287 1.05
    endloop
  endfacet
  facet normal -0.336445 -0.941703 0
    outer loop
      vertex 42.1687 15.8097 1.05
      vertex 42.7173 15.6137 1.6
      vertex 42.1687 15.8097 1.6
    endloop
  endfacet
  facet normal -0.336445 -0.941703 -0
    outer loop
      vertex 42.7173 15.6137 1.6
      vertex 42.1687 15.8097 1.05
      vertex 42.7173 15.6137 1.05
    endloop
  endfacet
  facet normal -0.0981494 -0.995172 0
    outer loop
      vertex 41.5066 15.875 1.05
      vertex 42.1687 15.8097 1.6
      vertex 41.5066 15.875 1.6
    endloop
  endfacet
  facet normal -0.0981494 -0.995172 -0
    outer loop
      vertex 42.1687 15.8097 1.6
      vertex 41.5066 15.875 1.05
      vertex 42.1687 15.8097 1.05
    endloop
  endfacet
  facet normal 0.103363 -0.994644 0
    outer loop
      vertex 40.8561 15.8074 1.05
      vertex 41.5066 15.875 1.6
      vertex 40.8561 15.8074 1.6
    endloop
  endfacet
  facet normal 0.103363 -0.994644 0
    outer loop
      vertex 41.5066 15.875 1.6
      vertex 40.8561 15.8074 1.05
      vertex 41.5066 15.875 1.05
    endloop
  endfacet
  facet normal 0.347851 -0.93755 0
    outer loop
      vertex 40.3095 15.6046 1.05
      vertex 40.8561 15.8074 1.6
      vertex 40.3095 15.6046 1.6
    endloop
  endfacet
  facet normal 0.347851 -0.93755 0
    outer loop
      vertex 40.8561 15.8074 1.6
      vertex 40.3095 15.6046 1.05
      vertex 40.8561 15.8074 1.05
    endloop
  endfacet
  facet normal 0.606817 -0.794842 0
    outer loop
      vertex 39.8669 15.2667 1.05
      vertex 40.3095 15.6046 1.6
      vertex 39.8669 15.2667 1.6
    endloop
  endfacet
  facet normal 0.606817 -0.794842 0
    outer loop
      vertex 40.3095 15.6046 1.6
      vertex 39.8669 15.2667 1.05
      vertex 40.3095 15.6046 1.05
    endloop
  endfacet
  facet normal 0.813854 -0.581069 0
    outer loop
      vertex 39.5414 14.8108 1.6
      vertex 39.8669 15.2667 1.05
      vertex 39.8669 15.2667 1.6
    endloop
  endfacet
  facet normal 0.813854 -0.581069 0
    outer loop
      vertex 39.8669 15.2667 1.05
      vertex 39.5414 14.8108 1.6
      vertex 39.5414 14.8108 1.05
    endloop
  endfacet
  facet normal 0.943636 -0.330984 0
    outer loop
      vertex 39.3461 14.254 1.6
      vertex 39.5414 14.8108 1.05
      vertex 39.5414 14.8108 1.6
    endloop
  endfacet
  facet normal 0.943636 -0.330984 0
    outer loop
      vertex 39.5414 14.8108 1.05
      vertex 39.3461 14.254 1.6
      vertex 39.3461 14.254 1.05
    endloop
  endfacet
  facet normal 0.995134 -0.0985296 0
    outer loop
      vertex 39.281 13.5965 1.6
      vertex 39.3461 14.254 1.05
      vertex 39.3461 14.254 1.6
    endloop
  endfacet
  facet normal 0.995134 -0.0985296 0
    outer loop
      vertex 39.3461 14.254 1.05
      vertex 39.281 13.5965 1.6
      vertex 39.281 13.5965 1.05
    endloop
  endfacet
  facet normal 0.995171 0.09816 0
    outer loop
      vertex 39.3461 12.9365 1.6
      vertex 39.281 13.5965 1.05
      vertex 39.281 13.5965 1.6
    endloop
  endfacet
  facet normal 0.995171 0.09816 0
    outer loop
      vertex 39.281 13.5965 1.05
      vertex 39.3461 12.9365 1.6
      vertex 39.3461 12.9365 1.05
    endloop
  endfacet
  facet normal 0.944006 0.329929 0
    outer loop
      vertex 39.5414 12.3777 1.6
      vertex 39.3461 12.9365 1.05
      vertex 39.3461 12.9365 1.6
    endloop
  endfacet
  facet normal 0.944006 0.329929 0
    outer loop
      vertex 39.3461 12.9365 1.05
      vertex 39.5414 12.3777 1.6
      vertex 39.5414 12.3777 1.05
    endloop
  endfacet
  facet normal 0.814815 0.579721 0
    outer loop
      vertex 39.8669 11.9202 1.6
      vertex 39.5414 12.3777 1.05
      vertex 39.5414 12.3777 1.6
    endloop
  endfacet
  facet normal 0.814815 0.579721 0
    outer loop
      vertex 39.5414 12.3777 1.05
      vertex 39.8669 11.9202 1.6
      vertex 39.8669 11.9202 1.05
    endloop
  endfacet
  facet normal 0.610407 0.792088 -0
    outer loop
      vertex 40.3068 11.5812 1.05
      vertex 39.8669 11.9202 1.6
      vertex 40.3068 11.5812 1.6
    endloop
  endfacet
  facet normal 0.610407 0.792088 0
    outer loop
      vertex 39.8669 11.9202 1.6
      vertex 40.3068 11.5812 1.05
      vertex 39.8669 11.9202 1.05
    endloop
  endfacet
  facet normal 0.353559 0.935412 -0
    outer loop
      vertex 40.8452 11.3777 1.05
      vertex 40.3068 11.5812 1.6
      vertex 40.8452 11.3777 1.6
    endloop
  endfacet
  facet normal 0.353559 0.935412 0
    outer loop
      vertex 40.3068 11.5812 1.6
      vertex 40.8452 11.3777 1.05
      vertex 40.3068 11.5812 1.05
    endloop
  endfacet
  facet normal 0.105822 0.994385 -0
    outer loop
      vertex 41.4823 11.3099 1.05
      vertex 40.8452 11.3777 1.6
      vertex 41.4823 11.3099 1.6
    endloop
  endfacet
  facet normal 0.105822 0.994385 0
    outer loop
      vertex 40.8452 11.3777 1.6
      vertex 41.4823 11.3099 1.05
      vertex 40.8452 11.3777 1.05
    endloop
  endfacet
  facet normal -0.103584 0.994621 0
    outer loop
      vertex 42.1314 11.3775 1.05
      vertex 41.4823 11.3099 1.6
      vertex 42.1314 11.3775 1.6
    endloop
  endfacet
  facet normal -0.103584 0.994621 0
    outer loop
      vertex 41.4823 11.3099 1.6
      vertex 42.1314 11.3775 1.05
      vertex 41.4823 11.3099 1.05
    endloop
  endfacet
  facet normal -0.463926 -0.885874 0
    outer loop
      vertex 40.9302 12.262 1.05
      vertex 41.175 12.1338 1.6
      vertex 40.9302 12.262 1.6
    endloop
  endfacet
  facet normal -0.463926 -0.885874 -0
    outer loop
      vertex 41.175 12.1338 1.6
      vertex 40.9302 12.262 1.05
      vertex 41.175 12.1338 1.05
    endloop
  endfacet
  facet normal -0.739219 -0.673465 0
    outer loop
      vertex 40.9302 12.262 1.05
      vertex 40.7356 12.4756 1.6
      vertex 40.7356 12.4756 1.05
    endloop
  endfacet
  facet normal -0.739219 -0.673465 0
    outer loop
      vertex 40.7356 12.4756 1.6
      vertex 40.9302 12.262 1.05
      vertex 40.9302 12.262 1.6
    endloop
  endfacet
  facet normal -0.902108 -0.43151 0
    outer loop
      vertex 40.7356 12.4756 1.05
      vertex 40.5943 12.771 1.6
      vertex 40.5943 12.771 1.05
    endloop
  endfacet
  facet normal -0.902108 -0.43151 0
    outer loop
      vertex 40.5943 12.771 1.6
      vertex 40.7356 12.4756 1.05
      vertex 40.7356 12.4756 1.6
    endloop
  endfacet
  facet normal -0.975251 -0.221102 0
    outer loop
      vertex 40.5943 12.771 1.05
      vertex 40.5096 13.1446 1.6
      vertex 40.5096 13.1446 1.05
    endloop
  endfacet
  facet normal -0.975251 -0.221102 0
    outer loop
      vertex 40.5096 13.1446 1.6
      vertex 40.5943 12.771 1.05
      vertex 40.5943 12.771 1.6
    endloop
  endfacet
  facet normal -0.998045 -0.062502 0
    outer loop
      vertex 40.5096 13.1446 1.05
      vertex 40.4813 13.5965 1.6
      vertex 40.4813 13.5965 1.05
    endloop
  endfacet
  facet normal -0.998045 -0.062502 0
    outer loop
      vertex 40.4813 13.5965 1.6
      vertex 40.5096 13.1446 1.05
      vertex 40.5096 13.1446 1.6
    endloop
  endfacet
  facet normal -0.990398 0.138245 0
    outer loop
      vertex 40.4813 13.5965 1.05
      vertex 40.5971 14.4261 1.6
      vertex 40.5971 14.4261 1.05
    endloop
  endfacet
  facet normal -0.990398 0.138245 0
    outer loop
      vertex 40.5971 14.4261 1.6
      vertex 40.4813 13.5965 1.05
      vertex 40.4813 13.5965 1.6
    endloop
  endfacet
  facet normal -0.820152 0.572146 0
    outer loop
      vertex 40.5971 14.4261 1.05
      vertex 40.9443 14.9238 1.6
      vertex 40.9443 14.9238 1.05
    endloop
  endfacet
  facet normal -0.820152 0.572146 0
    outer loop
      vertex 40.9443 14.9238 1.6
      vertex 40.5971 14.4261 1.05
      vertex 40.5971 14.4261 1.6
    endloop
  endfacet
  facet normal -0.275774 0.961222 0
    outer loop
      vertex 41.5229 15.0898 1.05
      vertex 40.9443 14.9238 1.6
      vertex 41.5229 15.0898 1.6
    endloop
  endfacet
  facet normal -0.275774 0.961222 0
    outer loop
      vertex 40.9443 14.9238 1.6
      vertex 41.5229 15.0898 1.05
      vertex 40.9443 14.9238 1.05
    endloop
  endfacet
  facet normal 0.130343 0.991469 -0
    outer loop
      vertex 41.8226 15.0504 1.05
      vertex 41.5229 15.0898 1.6
      vertex 41.8226 15.0504 1.6
    endloop
  endfacet
  facet normal 0.130343 0.991469 0
    outer loop
      vertex 41.5229 15.0898 1.6
      vertex 41.8226 15.0504 1.05
      vertex 41.5229 15.0898 1.05
    endloop
  endfacet
  facet normal 0.429369 0.903129 -0
    outer loop
      vertex 42.0708 14.9324 1.05
      vertex 41.8226 15.0504 1.6
      vertex 42.0708 14.9324 1.6
    endloop
  endfacet
  facet normal 0.429369 0.903129 0
    outer loop
      vertex 41.8226 15.0504 1.6
      vertex 42.0708 14.9324 1.05
      vertex 41.8226 15.0504 1.05
    endloop
  endfacet
  facet normal 0.706927 0.707287 0
    outer loop
      vertex 42.2675 14.7358 1.6
      vertex 42.0708 14.9324 1.05
      vertex 42.0708 14.9324 1.6
    endloop
  endfacet
  facet normal 0.706927 0.707287 0
    outer loop
      vertex 42.0708 14.9324 1.05
      vertex 42.2675 14.7358 1.6
      vertex 42.2675 14.7358 1.05
    endloop
  endfacet
  facet normal 0.893923 0.448221 0
    outer loop
      vertex 42.4099 14.4518 1.6
      vertex 42.2675 14.7358 1.05
      vertex 42.2675 14.7358 1.6
    endloop
  endfacet
  facet normal 0.893923 0.448221 0
    outer loop
      vertex 42.2675 14.7358 1.05
      vertex 42.4099 14.4518 1.6
      vertex 42.4099 14.4518 1.05
    endloop
  endfacet
  facet normal 0.975573 0.219677 0
    outer loop
      vertex 42.4954 14.0721 1.6
      vertex 42.4099 14.4518 1.05
      vertex 42.4099 14.4518 1.6
    endloop
  endfacet
  facet normal 0.975573 0.219677 0
    outer loop
      vertex 42.4099 14.4518 1.05
      vertex 42.4954 14.0721 1.6
      vertex 42.4954 14.0721 1.05
    endloop
  endfacet
  facet normal 0.998222 0.0596079 0
    outer loop
      vertex 42.5238 13.5965 1.6
      vertex 42.4954 14.0721 1.05
      vertex 42.4954 14.0721 1.6
    endloop
  endfacet
  facet normal 0.998222 0.0596079 0
    outer loop
      vertex 42.4954 14.0721 1.05
      vertex 42.5238 13.5965 1.6
      vertex 42.5238 13.5965 1.05
    endloop
  endfacet
  facet normal 0.990339 -0.138669 0
    outer loop
      vertex 42.4067 12.7602 1.6
      vertex 42.5238 13.5965 1.05
      vertex 42.5238 13.5965 1.6
    endloop
  endfacet
  facet normal 0.990339 -0.138669 0
    outer loop
      vertex 42.5238 13.5965 1.05
      vertex 42.4067 12.7602 1.6
      vertex 42.4067 12.7602 1.05
    endloop
  endfacet
  facet normal 0.819278 -0.573397 0
    outer loop
      vertex 42.0555 12.2584 1.6
      vertex 42.4067 12.7602 1.05
      vertex 42.4067 12.7602 1.6
    endloop
  endfacet
  facet normal 0.819278 -0.573397 0
    outer loop
      vertex 42.4067 12.7602 1.05
      vertex 42.0555 12.2584 1.6
      vertex 42.0555 12.2584 1.05
    endloop
  endfacet
  facet normal 0.274743 -0.961518 0
    outer loop
      vertex 41.47 12.0911 1.05
      vertex 42.0555 12.2584 1.6
      vertex 41.47 12.0911 1.6
    endloop
  endfacet
  facet normal 0.274743 -0.961518 0
    outer loop
      vertex 42.0555 12.2584 1.6
      vertex 41.47 12.0911 1.05
      vertex 42.0555 12.2584 1.05
    endloop
  endfacet
  facet normal -0.143253 -0.989686 0
    outer loop
      vertex 41.175 12.1338 1.05
      vertex 41.47 12.0911 1.6
      vertex 41.175 12.1338 1.6
    endloop
  endfacet
  facet normal -0.143253 -0.989686 -0
    outer loop
      vertex 41.47 12.0911 1.6
      vertex 41.175 12.1338 1.05
      vertex 41.47 12.0911 1.05
    endloop
  endfacet
  facet normal -0.317959 0.948104 0
    outer loop
      vertex 50.7444 9.80672 1.05
      vertex 50.4209 9.69823 1.6
      vertex 50.7444 9.80672 1.6
    endloop
  endfacet
  facet normal -0.317959 0.948104 0
    outer loop
      vertex 50.4209 9.69823 1.6
      vertex 50.7444 9.80672 1.05
      vertex 50.4209 9.69823 1.05
    endloop
  endfacet
  facet normal -0.549423 0.835544 0
    outer loop
      vertex 51.0194 9.98755 1.05
      vertex 50.7444 9.80672 1.6
      vertex 51.0194 9.98755 1.6
    endloop
  endfacet
  facet normal -0.549423 0.835544 0
    outer loop
      vertex 50.7444 9.80672 1.6
      vertex 51.0194 9.98755 1.05
      vertex 50.7444 9.80672 1.05
    endloop
  endfacet
  facet normal -0.742441 0.669912 0
    outer loop
      vertex 51.0194 9.98755 1.05
      vertex 51.2674 10.2624 1.6
      vertex 51.2674 10.2624 1.05
    endloop
  endfacet
  facet normal -0.742441 0.669912 0
    outer loop
      vertex 51.2674 10.2624 1.6
      vertex 51.0194 9.98755 1.05
      vertex 51.0194 9.98755 1.6
    endloop
  endfacet
  facet normal -0.849973 0.526826 0
    outer loop
      vertex 51.2674 10.2624 1.05
      vertex 51.5095 10.653 1.6
      vertex 51.5095 10.653 1.05
    endloop
  endfacet
  facet normal -0.849973 0.526826 0
    outer loop
      vertex 51.5095 10.653 1.6
      vertex 51.2674 10.2624 1.05
      vertex 51.2674 10.2624 1.6
    endloop
  endfacet
  facet normal -0.906265 0.422709 0
    outer loop
      vertex 51.5095 10.653 1.05
      vertex 51.7457 11.1594 1.6
      vertex 51.7457 11.1594 1.05
    endloop
  endfacet
  facet normal -0.906265 0.422709 0
    outer loop
      vertex 51.7457 11.1594 1.6
      vertex 51.5095 10.653 1.05
      vertex 51.5095 10.653 1.6
    endloop
  endfacet
  facet normal -0.936085 0.351774 0
    outer loop
      vertex 51.7457 11.1594 1.05
      vertex 53.4872 15.7936 1.6
      vertex 53.4872 15.7936 1.05
    endloop
  endfacet
  facet normal -0.936085 0.351774 0
    outer loop
      vertex 53.4872 15.7936 1.6
      vertex 51.7457 11.1594 1.05
      vertex 51.7457 11.1594 1.6
    endloop
  endfacet
  facet normal 0 -1 0
    outer loop
      vertex 52.2909 15.7936 1.05
      vertex 53.4872 15.7936 1.6
      vertex 52.2909 15.7936 1.6
    endloop
  endfacet
  facet normal 0 -1 -0
    outer loop
      vertex 53.4872 15.7936 1.6
      vertex 52.2909 15.7936 1.05
      vertex 53.4872 15.7936 1.05
    endloop
  endfacet
  facet normal 0.954312 -0.298811 0
    outer loop
      vertex 51.6399 13.7145 1.6
      vertex 52.2909 15.7936 1.05
      vertex 52.2909 15.7936 1.6
    endloop
  endfacet
  facet normal 0.954312 -0.298811 0
    outer loop
      vertex 52.2909 15.7936 1.05
      vertex 51.6399 13.7145 1.6
      vertex 51.6399 13.7145 1.05
    endloop
  endfacet
  facet normal 0.963825 -0.266536 0
    outer loop
      vertex 51.3755 12.7584 1.6
      vertex 51.6399 13.7145 1.05
      vertex 51.6399 13.7145 1.6
    endloop
  endfacet
  facet normal 0.963825 -0.266536 0
    outer loop
      vertex 51.6399 13.7145 1.05
      vertex 51.3755 12.7584 1.6
      vertex 51.3755 12.7584 1.05
    endloop
  endfacet
  facet normal 0.967097 -0.254407 0
    outer loop
      vertex 51.2738 12.3718 1.6
      vertex 51.3755 12.7584 1.05
      vertex 51.3755 12.7584 1.6
    endloop
  endfacet
  facet normal 0.967097 -0.254407 0
    outer loop
      vertex 51.3755 12.7584 1.05
      vertex 51.2738 12.3718 1.6
      vertex 51.2738 12.3718 1.05
    endloop
  endfacet
  facet normal -0.963059 -0.269291 0
    outer loop
      vertex 51.2738 12.3718 1.05
      vertex 51.1178 12.9297 1.6
      vertex 51.1178 12.9297 1.05
    endloop
  endfacet
  facet normal -0.963059 -0.269291 0
    outer loop
      vertex 51.1178 12.9297 1.6
      vertex 51.2738 12.3718 1.05
      vertex 51.2738 12.3718 1.6
    endloop
  endfacet
  facet normal -0.957184 -0.28948 0
    outer loop
      vertex 51.1178 12.9297 1.05
      vertex 50.9808 13.3827 1.6
      vertex 50.9808 13.3827 1.05
    endloop
  endfacet
  facet normal -0.957184 -0.28948 0
    outer loop
      vertex 50.9808 13.3827 1.6
      vertex 51.1178 12.9297 1.05
      vertex 51.1178 12.9297 1.6
    endloop
  endfacet
  facet normal -0.947066 -0.321039 0
    outer loop
      vertex 50.9808 13.3827 1.05
      vertex 50.8628 13.7308 1.6
      vertex 50.8628 13.7308 1.05
    endloop
  endfacet
  facet normal -0.947066 -0.321039 0
    outer loop
      vertex 50.8628 13.7308 1.6
      vertex 50.9808 13.3827 1.05
      vertex 50.9808 13.3827 1.6
    endloop
  endfacet
  facet normal -0.948116 -0.317923 0
    outer loop
      vertex 50.8628 13.7308 1.05
      vertex 50.1711 15.7936 1.6
      vertex 50.1711 15.7936 1.05
    endloop
  endfacet
  facet normal -0.948116 -0.317923 0
    outer loop
      vertex 50.1711 15.7936 1.6
      vertex 50.8628 13.7308 1.05
      vertex 50.8628 13.7308 1.6
    endloop
  endfacet
  facet normal 0 -1 0
    outer loop
      vertex 48.9627 15.7936 1.05
      vertex 50.1711 15.7936 1.6
      vertex 48.9627 15.7936 1.6
    endloop
  endfacet
  facet normal 0 -1 -0
    outer loop
      vertex 50.1711 15.7936 1.6
      vertex 48.9627 15.7936 1.05
      vertex 50.1711 15.7936 1.05
    endloop
  endfacet
  facet normal 0.928597 0.371089 0
    outer loop
      vertex 50.7041 11.436 1.6
      vertex 48.9627 15.7936 1.05
      vertex 48.9627 15.7936 1.6
    endloop
  endfacet
  facet normal 0.928597 0.371089 0
    outer loop
      vertex 48.9627 15.7936 1.05
      vertex 50.7041 11.436 1.6
      vertex 50.7041 11.436 1.05
    endloop
  endfacet
  facet normal 0.929073 -0.369895 0
    outer loop
      vertex 50.6017 11.1788 1.6
      vertex 50.7041 11.436 1.05
      vertex 50.7041 11.436 1.6
    endloop
  endfacet
  facet normal 0.929073 -0.369895 0
    outer loop
      vertex 50.7041 11.436 1.05
      vertex 50.6017 11.1788 1.6
      vertex 50.6017 11.1788 1.05
    endloop
  endfacet
  facet normal 0.903965 -0.427606 0
    outer loop
      vertex 50.5061 10.9767 1.6
      vertex 50.6017 11.1788 1.05
      vertex 50.6017 11.1788 1.6
    endloop
  endfacet
  facet normal 0.903965 -0.427606 0
    outer loop
      vertex 50.6017 11.1788 1.05
      vertex 50.5061 10.9767 1.6
      vertex 50.5061 10.9767 1.05
    endloop
  endfacet
  facet normal 0.855792 -0.51732 0
    outer loop
      vertex 50.4173 10.8298 1.6
      vertex 50.5061 10.9767 1.05
      vertex 50.5061 10.9767 1.6
    endloop
  endfacet
  facet normal 0.855792 -0.51732 0
    outer loop
      vertex 50.5061 10.9767 1.05
      vertex 50.4173 10.8298 1.6
      vertex 50.4173 10.8298 1.05
    endloop
  endfacet
  facet normal 0.771662 -0.636032 0
    outer loop
      vertex 50.3282 10.7217 1.6
      vertex 50.4173 10.8298 1.05
      vertex 50.4173 10.8298 1.6
    endloop
  endfacet
  facet normal 0.771662 -0.636032 0
    outer loop
      vertex 50.4173 10.8298 1.05
      vertex 50.3282 10.7217 1.6
      vertex 50.3282 10.7217 1.05
    endloop
  endfacet
  facet normal 0.663495 -0.74818 0
    outer loop
      vertex 50.2319 10.6363 1.05
      vertex 50.3282 10.7217 1.6
      vertex 50.2319 10.6363 1.6
    endloop
  endfacet
  facet normal 0.663495 -0.74818 0
    outer loop
      vertex 50.3282 10.7217 1.6
      vertex 50.2319 10.6363 1.05
      vertex 50.3282 10.7217 1.05
    endloop
  endfacet
  facet normal 0.518741 -0.854931 0
    outer loop
      vertex 50.1284 10.5735 1.05
      vertex 50.2319 10.6363 1.6
      vertex 50.1284 10.5735 1.6
    endloop
  endfacet
  facet normal 0.518741 -0.854931 0
    outer loop
      vertex 50.2319 10.6363 1.6
      vertex 50.1284 10.5735 1.05
      vertex 50.2319 10.6363 1.05
    endloop
  endfacet
  facet normal 0.346527 -0.93804 0
    outer loop
      vertex 50.012 10.5305 1.05
      vertex 50.1284 10.5735 1.6
      vertex 50.012 10.5305 1.6
    endloop
  endfacet
  facet normal 0.346527 -0.93804 0
    outer loop
      vertex 50.1284 10.5735 1.6
      vertex 50.012 10.5305 1.05
      vertex 50.1284 10.5735 1.05
    endloop
  endfacet
  facet normal 0.187714 -0.982224 0
    outer loop
      vertex 49.877 10.5047 1.05
      vertex 50.012 10.5305 1.6
      vertex 49.877 10.5047 1.6
    endloop
  endfacet
  facet normal 0.187714 -0.982224 0
    outer loop
      vertex 50.012 10.5305 1.6
      vertex 49.877 10.5047 1.05
      vertex 50.012 10.5305 1.05
    endloop
  endfacet
  facet normal 0.0559383 -0.998434 0
    outer loop
      vertex 49.7235 10.4961 1.05
      vertex 49.877 10.5047 1.6
      vertex 49.7235 10.4961 1.6
    endloop
  endfacet
  facet normal 0.0559383 -0.998434 0
    outer loop
      vertex 49.877 10.5047 1.6
      vertex 49.7235 10.4961 1.05
      vertex 49.877 10.5047 1.05
    endloop
  endfacet
  facet normal -0.029161 -0.999575 0
    outer loop
      vertex 49.6001 10.4997 1.05
      vertex 49.7235 10.4961 1.6
      vertex 49.6001 10.4997 1.6
    endloop
  endfacet
  facet normal -0.029161 -0.999575 -0
    outer loop
      vertex 49.7235 10.4961 1.6
      vertex 49.6001 10.4997 1.05
      vertex 49.7235 10.4961 1.05
    endloop
  endfacet
  facet normal -0.0825441 -0.996587 0
    outer loop
      vertex 49.4685 10.5106 1.05
      vertex 49.6001 10.4997 1.6
      vertex 49.4685 10.5106 1.6
    endloop
  endfacet
  facet normal -0.0825441 -0.996587 -0
    outer loop
      vertex 49.6001 10.4997 1.6
      vertex 49.4685 10.5106 1.05
      vertex 49.6001 10.4997 1.05
    endloop
  endfacet
  facet normal -0.12858 -0.991699 0
    outer loop
      vertex 49.3289 10.5287 1.05
      vertex 49.4685 10.5106 1.6
      vertex 49.3289 10.5287 1.6
    endloop
  endfacet
  facet normal -0.12858 -0.991699 -0
    outer loop
      vertex 49.4685 10.5106 1.6
      vertex 49.3289 10.5287 1.05
      vertex 49.4685 10.5106 1.05
    endloop
  endfacet
  facet normal 1 -0 0
    outer loop
      vertex 49.3289 9.71492 1.6
      vertex 49.3289 10.5287 1.05
      vertex 49.3289 10.5287 1.6
    endloop
  endfacet
  facet normal 1 0 0
    outer loop
      vertex 49.3289 10.5287 1.05
      vertex 49.3289 9.71492 1.6
      vertex 49.3289 9.71492 1.05
    endloop
  endfacet
  facet normal 0.13388 0.990997 -0
    outer loop
      vertex 49.5463 9.68555 1.05
      vertex 49.3289 9.71492 1.6
      vertex 49.5463 9.68555 1.6
    endloop
  endfacet
  facet normal 0.13388 0.990997 0
    outer loop
      vertex 49.3289 9.71492 1.6
      vertex 49.5463 9.68555 1.05
      vertex 49.3289 9.71492 1.05
    endloop
  endfacet
  facet normal 0.0731893 0.997318 -0
    outer loop
      vertex 49.7864 9.66793 1.05
      vertex 49.5463 9.68555 1.6
      vertex 49.7864 9.66793 1.6
    endloop
  endfacet
  facet normal 0.0731893 0.997318 0
    outer loop
      vertex 49.5463 9.68555 1.6
      vertex 49.7864 9.66793 1.05
      vertex 49.5463 9.68555 1.05
    endloop
  endfacet
  facet normal 0.0223859 0.999749 -0
    outer loop
      vertex 50.049 9.66205 1.05
      vertex 49.7864 9.66793 1.6
      vertex 50.049 9.66205 1.6
    endloop
  endfacet
  facet normal 0.0223859 0.999749 0
    outer loop
      vertex 49.7864 9.66793 1.6
      vertex 50.049 9.66205 1.05
      vertex 49.7864 9.66793 1.05
    endloop
  endfacet
  facet normal -0.0968271 0.995301 0
    outer loop
      vertex 50.4209 9.69823 1.05
      vertex 50.049 9.66205 1.6
      vertex 50.4209 9.69823 1.6
    endloop
  endfacet
  facet normal -0.0968271 0.995301 0
    outer loop
      vertex 50.049 9.66205 1.6
      vertex 50.4209 9.69823 1.05
      vertex 50.049 9.66205 1.05
    endloop
  endfacet
  facet normal -0 0 1
    outer loop
      vertex 74.5264 5.98991 1.25
      vertex 74.8981 5.47455 1.25
      vertex 74.936 5.98991 1.25
    endloop
  endfacet
  facet normal 0 0 1
    outer loop
      vertex 74.8981 5.47455 1.25
      vertex 74.5264 5.98991 1.25
      vertex 74.5264 5.47455 1.25
    endloop
  endfacet
  facet normal -0 0 1
    outer loop
      vertex 75.1748 6.67891 1.25
      vertex 75.6521 5.98991 1.25
      vertex 75.6521 6.67891 1.25
    endloop
  endfacet
  facet normal 0 0 1
    outer loop
      vertex 75.6521 5.98991 1.25
      vertex 74.936 5.98991 1.25
      vertex 75.6521 5.47455 1.25
    endloop
  endfacet
  facet normal 0 0 1
    outer loop
      vertex 75.6521 5.47455 1.25
      vertex 74.8981 5.47455 1.25
      vertex 75.6521 3.95012 1.25
    endloop
  endfacet
  facet normal 0 0 1
    outer loop
      vertex 74.8981 3.74396 1.25
      vertex 75.6521 3.95012 1.25
      vertex 74.8981 5.47455 1.25
    endloop
  endfacet
  facet normal 0 0 1
    outer loop
      vertex 75.6521 5.98991 1.25
      vertex 75.1748 6.67891 1.25
      vertex 74.936 5.98991 1.25
    endloop
  endfacet
  facet normal 0 -0 1
    outer loop
      vertex 74.9435 3.41948 1.25
      vertex 75.6521 3.95012 1.25
      vertex 74.8981 3.74396 1.25
    endloop
  endfacet
  facet normal 0 -0 1
    outer loop
      vertex 75.0798 3.18924 1.25
      vertex 75.6521 3.95012 1.25
      vertex 74.9435 3.41948 1.25
    endloop
  endfacet
  facet normal 0 0 1
    outer loop
      vertex 75.6521 5.47455 1.25
      vertex 74.936 5.98991 1.25
      vertex 74.8981 5.47455 1.25
    endloop
  endfacet
  facet normal 0 0 1
    outer loop
      vertex 75.6521 3.95012 1.25
      vertex 75.3002 3.05193 1.25
      vertex 75.5979 3.00615 1.25
    endloop
  endfacet
  facet normal 0 0 1
    outer loop
      vertex 75.6521 3.95012 1.25
      vertex 75.0798 3.18924 1.25
      vertex 75.3002 3.05193 1.25
    endloop
  endfacet
  facet normal -0 0 1
    outer loop
      vertex 75.6521 5.98991 1.25
      vertex 76.2082 5.47455 1.25
      vertex 76.2082 5.98991 1.25
    endloop
  endfacet
  facet normal 0 0 1
    outer loop
      vertex 76.2082 5.47455 1.25
      vertex 75.6521 5.98991 1.25
      vertex 75.6521 5.47455 1.25
    endloop
  endfacet
  facet normal -0 0 1
    outer loop
      vertex 76.0943 3.54189 1.25
      vertex 76.2407 3.09839 1.25
      vertex 76.2407 3.57036 1.25
    endloop
  endfacet
  facet normal -0 0 1
    outer loop
      vertex 75.9857 3.53239 1.25
      vertex 76.2407 3.09839 1.25
      vertex 76.0943 3.54189 1.25
    endloop
  endfacet
  facet normal 0 0 1
    outer loop
      vertex 75.9857 3.53239 1.25
      vertex 75.939 3.02921 1.25
      vertex 76.2407 3.09839 1.25
    endloop
  endfacet
  facet normal 0 0 1
    outer loop
      vertex 75.8372 3.55782 1.25
      vertex 75.939 3.02921 1.25
      vertex 75.9857 3.53239 1.25
    endloop
  endfacet
  facet normal 0 0 1
    outer loop
      vertex 75.5979 3.00615 1.25
      vertex 75.8372 3.55782 1.25
      vertex 75.7335 3.63411 1.25
    endloop
  endfacet
  facet normal 0 0 1
    outer loop
      vertex 75.5979 3.00615 1.25
      vertex 75.7335 3.63411 1.25
      vertex 75.6725 3.76398 1.25
    endloop
  endfacet
  facet normal 0 0 1
    outer loop
      vertex 75.8372 3.55782 1.25
      vertex 75.5979 3.00615 1.25
      vertex 75.939 3.02921 1.25
    endloop
  endfacet
  facet normal 0 0 1
    outer loop
      vertex 75.5979 3.00615 1.25
      vertex 75.6725 3.76398 1.25
      vertex 75.6521 3.95012 1.25
    endloop
  endfacet
  facet normal 0 0 1
    outer loop
      vertex 64.7284 5.40671 1.25
      vertex 63.9862 5.54811 1.25
      vertex 63.9879 5.33351 1.25
    endloop
  endfacet
  facet normal 0 0 1
    outer loop
      vertex 64.7026 5.89532 1.25
      vertex 63.9811 5.71999 1.25
      vertex 63.9862 5.54811 1.25
    endloop
  endfacet
  facet normal 0 0 1
    outer loop
      vertex 64.7026 5.89532 1.25
      vertex 63.974 5.86275 1.25
      vertex 63.9811 5.71999 1.25
    endloop
  endfacet
  facet normal 0 -0 1
    outer loop
      vertex 63.974 5.86275 1.25
      vertex 64.6931 5.98991 1.25
      vertex 63.9662 5.98991 1.25
    endloop
  endfacet
  facet normal 0 0 1
    outer loop
      vertex 66.5183 5.00224 1.25
      vertex 65.6045 5.28128 1.25
      vertex 65.7158 4.70148 1.25
    endloop
  endfacet
  facet normal 0 0 1
    outer loop
      vertex 65.5937 6.04688 1.25
      vertex 65.6045 5.28128 1.25
      vertex 66.1341 5.88683 1.25
    endloop
  endfacet
  facet normal 0 0 1
    outer loop
      vertex 65.2709 5.47455 1.25
      vertex 65.5937 6.04688 1.25
      vertex 65.3214 6.0089 1.25
    endloop
  endfacet
  facet normal 0 0 1
    outer loop
      vertex 65.5937 6.04688 1.25
      vertex 65.2709 5.47455 1.25
      vertex 65.6045 5.28128 1.25
    endloop
  endfacet
  facet normal -0 0 1
    outer loop
      vertex 65.0905 5.89496 1.25
      vertex 65.2709 5.47455 1.25
      vertex 65.3214 6.0089 1.25
    endloop
  endfacet
  facet normal -0 0 1
    outer loop
      vertex 64.8976 5.69695 1.25
      vertex 65.2709 5.47455 1.25
      vertex 65.0905 5.89496 1.25
    endloop
  endfacet
  facet normal 0 0 1
    outer loop
      vertex 65.2709 5.47455 1.25
      vertex 64.8976 5.69695 1.25
      vertex 65.0617 5.41556 1.25
    endloop
  endfacet
  facet normal 0 0 1
    outer loop
      vertex 64.7392 5.40671 1.25
      vertex 65.0617 5.41556 1.25
      vertex 64.8976 5.69695 1.25
    endloop
  endfacet
  facet normal 0 0 1
    outer loop
      vertex 65.0617 5.41556 1.25
      vertex 64.7392 5.40671 1.25
      vertex 64.8952 5.23856 1.25
    endloop
  endfacet
  facet normal -0 0 1
    outer loop
      vertex 64.7284 5.40671 1.25
      vertex 64.8952 5.23856 1.25
      vertex 64.7392 5.40671 1.25
    endloop
  endfacet
  facet normal 0 0 1
    outer loop
      vertex 64.8952 5.23856 1.25
      vertex 64.7284 5.40671 1.25
      vertex 64.7864 4.96797 1.25
    endloop
  endfacet
  facet normal -0 0 1
    outer loop
      vertex 63.9879 5.33351 1.25
      vertex 64.7864 4.96797 1.25
      vertex 64.7284 5.40671 1.25
    endloop
  endfacet
  facet normal 0 0 1
    outer loop
      vertex 64.7864 4.96797 1.25
      vertex 63.9879 5.33351 1.25
      vertex 64.7501 4.62823 1.25
    endloop
  endfacet
  facet normal 0 0 1
    outer loop
      vertex 63.9862 5.54811 1.25
      vertex 64.7284 5.40671 1.25
      vertex 64.725 5.52574 1.25
    endloop
  endfacet
  facet normal -0 0 1
    outer loop
      vertex 63.9862 5.54811 1.25
      vertex 64.725 5.52574 1.25
      vertex 64.7148 5.7146 1.25
    endloop
  endfacet
  facet normal 0 0 1
    outer loop
      vertex 63.9862 5.54811 1.25
      vertex 64.7148 5.7146 1.25
      vertex 64.7026 5.89532 1.25
    endloop
  endfacet
  facet normal 0 0 1
    outer loop
      vertex 63.974 5.86275 1.25
      vertex 64.7026 5.89532 1.25
      vertex 64.6931 5.98991 1.25
    endloop
  endfacet
  facet normal 0 0 1
    outer loop
      vertex 63.9879 3.05499 1.25
      vertex 64.7501 4.62823 1.25
      vertex 63.9879 5.33351 1.25
    endloop
  endfacet
  facet normal 0 0 1
    outer loop
      vertex 64.7501 4.62823 1.25
      vertex 63.9879 3.05499 1.25
      vertex 64.7501 3.05499 1.25
    endloop
  endfacet
  facet normal 0 0 1
    outer loop
      vertex 68.195 4.91847 1.25
      vertex 67.327 5.28128 1.25
      vertex 67.4382 4.70148 1.25
    endloop
  endfacet
  facet normal 0 0 1
    outer loop
      vertex 67.3161 6.04688 1.25
      vertex 67.327 5.28128 1.25
      vertex 67.6938 5.97397 1.25
    endloop
  endfacet
  facet normal 0 0 1
    outer loop
      vertex 66.9933 5.47455 1.25
      vertex 67.3161 6.04688 1.25
      vertex 67.0218 6.00957 1.25
    endloop
  endfacet
  facet normal 0 0 1
    outer loop
      vertex 67.3161 6.04688 1.25
      vertex 66.9933 5.47455 1.25
      vertex 67.327 5.28128 1.25
    endloop
  endfacet
  facet normal -0 0 1
    outer loop
      vertex 66.7844 5.89767 1.25
      vertex 66.9933 5.47455 1.25
      vertex 67.0218 6.00957 1.25
    endloop
  endfacet
  facet normal 0 0 1
    outer loop
      vertex 66.9933 5.47455 1.25
      vertex 66.7844 5.89767 1.25
      vertex 66.7909 5.42064 1.25
    endloop
  endfacet
  facet normal -0 0 1
    outer loop
      vertex 66.5905 5.70035 1.25
      vertex 66.7909 5.42064 1.25
      vertex 66.7844 5.89767 1.25
    endloop
  endfacet
  facet normal 0 0 1
    outer loop
      vertex 66.4264 5.40671 1.25
      vertex 66.7909 5.42064 1.25
      vertex 66.5905 5.70035 1.25
    endloop
  endfacet
  facet normal 0 0 1
    outer loop
      vertex 66.7909 5.42064 1.25
      vertex 66.4264 5.40671 1.25
      vertex 66.6285 5.25891 1.25
    endloop
  endfacet
  facet normal 0 0 1
    outer loop
      vertex 66.6285 5.25891 1.25
      vertex 66.4264 5.40671 1.25
      vertex 66.5183 5.00224 1.25
    endloop
  endfacet
  facet normal -0 0 1
    outer loop
      vertex 66.4101 5.40671 1.25
      vertex 66.5183 5.00224 1.25
      vertex 66.4264 5.40671 1.25
    endloop
  endfacet
  facet normal -0 0 1
    outer loop
      vertex 65.6045 5.28128 1.25
      vertex 66.5183 5.00224 1.25
      vertex 66.4101 5.40671 1.25
    endloop
  endfacet
  facet normal 0 0 1
    outer loop
      vertex 66.5183 5.00224 1.25
      vertex 65.7158 4.70148 1.25
      vertex 66.4725 4.66351 1.25
    endloop
  endfacet
  facet normal 0 0 1
    outer loop
      vertex 65.6045 5.28128 1.25
      vertex 66.4101 5.40671 1.25
      vertex 66.1341 5.88683 1.25
    endloop
  endfacet
  facet normal 0 0 1
    outer loop
      vertex 65.7158 3.05499 1.25
      vertex 66.4725 4.66351 1.25
      vertex 65.7158 4.70148 1.25
    endloop
  endfacet
  facet normal 0 0 1
    outer loop
      vertex 66.4725 4.66351 1.25
      vertex 65.7158 3.05499 1.25
      vertex 66.4725 3.05499 1.25
    endloop
  endfacet
  facet normal -0 0 1
    outer loop
      vertex 67.327 5.28128 1.25
      vertex 68.195 4.91847 1.25
      vertex 68.1387 5.4003 1.25
    endloop
  endfacet
  facet normal 0 0 1
    outer loop
      vertex 67.327 5.28128 1.25
      vertex 68.1387 5.4003 1.25
      vertex 67.9698 5.75528 1.25
    endloop
  endfacet
  facet normal 0 0 1
    outer loop
      vertex 67.327 5.28128 1.25
      vertex 67.9698 5.75528 1.25
      vertex 67.6938 5.97397 1.25
    endloop
  endfacet
  facet normal 0 0 1
    outer loop
      vertex 68.195 4.91847 1.25
      vertex 67.4382 4.70148 1.25
      vertex 68.195 3.05499 1.25
    endloop
  endfacet
  facet normal 0 0 1
    outer loop
      vertex 68.195 3.05499 1.25
      vertex 67.4382 4.70148 1.25
      vertex 67.4382 3.05499 1.25
    endloop
  endfacet
  facet normal 0 0 1
    outer loop
      vertex 73.5035 5.34061 1.25
      vertex 74.0965 5.59456 1.25
      vertex 73.8378 5.84343 1.25
    endloop
  endfacet
  facet normal 0 -0 1
    outer loop
      vertex 73.5598 5.18431 1.25
      vertex 74.0965 5.59456 1.25
      vertex 73.5035 5.34061 1.25
    endloop
  endfacet
  facet normal 0 0 1
    outer loop
      vertex 74.0965 5.59456 1.25
      vertex 73.5598 5.18431 1.25
      vertex 74.2352 5.25484 1.25
    endloop
  endfacet
  facet normal 0 0 1
    outer loop
      vertex 73.3997 5.45148 1.25
      vertex 73.8378 5.84343 1.25
      vertex 73.4679 5.99602 1.25
    endloop
  endfacet
  facet normal 0 0 1
    outer loop
      vertex 73.8378 5.84343 1.25
      vertex 73.3997 5.45148 1.25
      vertex 73.5035 5.34061 1.25
    endloop
  endfacet
  facet normal 0 0 1
    outer loop
      vertex 73.4679 5.99602 1.25
      vertex 73.2349 5.51759 1.25
      vertex 73.3997 5.45148 1.25
    endloop
  endfacet
  facet normal 0 0 1
    outer loop
      vertex 72.9956 6.04688 1.25
      vertex 73.2349 5.51759 1.25
      vertex 73.4679 5.99602 1.25
    endloop
  endfacet
  facet normal 0 0 1
    outer loop
      vertex 72.9956 6.04688 1.25
      vertex 72.9956 5.53963 1.25
      vertex 73.2349 5.51759 1.25
    endloop
  endfacet
  facet normal 0 0 1
    outer loop
      vertex 72.9956 6.04688 1.25
      vertex 72.7582 5.52234 1.25
      vertex 72.9956 5.53963 1.25
    endloop
  endfacet
  facet normal -0 0 1
    outer loop
      vertex 72.469 5.9882 1.25
      vertex 72.7582 5.52234 1.25
      vertex 72.9956 6.04688 1.25
    endloop
  endfacet
  facet normal 0 0 1
    outer loop
      vertex 72.7582 5.52234 1.25
      vertex 72.469 5.9882 1.25
      vertex 72.5887 5.47047 1.25
    endloop
  endfacet
  facet normal -0 0 1
    outer loop
      vertex 72.0774 5.81223 1.25
      vertex 72.5887 5.47047 1.25
      vertex 72.469 5.9882 1.25
    endloop
  endfacet
  facet normal 0 0 1
    outer loop
      vertex 72.5887 5.47047 1.25
      vertex 72.0774 5.81223 1.25
      vertex 72.487 5.37791 1.25
    endloop
  endfacet
  facet normal -0 0 1
    outer loop
      vertex 71.8343 5.53117 1.25
      vertex 72.487 5.37791 1.25
      vertex 72.0774 5.81223 1.25
    endloop
  endfacet
  facet normal 0 0 1
    outer loop
      vertex 72.487 5.37791 1.25
      vertex 71.8343 5.53117 1.25
      vertex 72.4531 5.23856 1.25
    endloop
  endfacet
  facet normal 0 -0 1
    outer loop
      vertex 71.7827 4.9222 1.25
      vertex 72.4531 5.23856 1.25
      vertex 71.7532 5.1572 1.25
    endloop
  endfacet
  facet normal 0 0 1
    outer loop
      vertex 72.4531 5.23856 1.25
      vertex 72.016 4.56857 1.25
      vertex 72.2144 4.44243 1.25
    endloop
  endfacet
  facet normal 0 0 1
    outer loop
      vertex 72.4531 5.23856 1.25
      vertex 71.8343 5.53117 1.25
      vertex 71.7532 5.1572 1.25
    endloop
  endfacet
  facet normal 0 -0 1
    outer loop
      vertex 71.8712 4.72723 1.25
      vertex 72.4531 5.23856 1.25
      vertex 71.7827 4.9222 1.25
    endloop
  endfacet
  facet normal 0 0 1
    outer loop
      vertex 72.4531 5.23856 1.25
      vertex 71.8712 4.72723 1.25
      vertex 72.016 4.56857 1.25
    endloop
  endfacet
  facet normal 0 0 1
    outer loop
      vertex 74.2789 4.14168 1.25
      vertex 73.5737 3.96809 1.25
      vertex 73.6032 3.84163 1.25
    endloop
  endfacet
  facet normal 0 0 1
    outer loop
      vertex 73.3262 4.14168 1.25
      vertex 73.7612 4.68622 1.25
      vertex 73.5204 4.76791 1.25
    endloop
  endfacet
  facet normal 0 0 1
    outer loop
      vertex 73.949 4.59027 1.25
      vertex 73.4852 4.0654 1.25
      vertex 73.5737 3.96809 1.25
    endloop
  endfacet
  facet normal 0 0 1
    outer loop
      vertex 73.7612 4.68622 1.25
      vertex 73.3262 4.14168 1.25
      vertex 73.4852 4.0654 1.25
    endloop
  endfacet
  facet normal 0 0 1
    outer loop
      vertex 73.234 4.84151 1.25
      vertex 73.3262 4.14168 1.25
      vertex 73.5204 4.76791 1.25
    endloop
  endfacet
  facet normal 0 0 1
    outer loop
      vertex 73.234 4.84151 1.25
      vertex 73.0851 4.20511 1.25
      vertex 73.3262 4.14168 1.25
    endloop
  endfacet
  facet normal 0 0 1
    outer loop
      vertex 72.9088 4.91307 1.25
      vertex 73.0851 4.20511 1.25
      vertex 73.234 4.84151 1.25
    endloop
  endfacet
  facet normal 0 0 1
    outer loop
      vertex 72.5446 4.32819 1.25
      vertex 72.9088 4.91307 1.25
      vertex 72.6976 4.96832 1.25
    endloop
  endfacet
  facet normal 0 0 1
    outer loop
      vertex 72.2144 4.44243 1.25
      vertex 72.6976 4.96832 1.25
      vertex 72.5575 5.03647 1.25
    endloop
  endfacet
  facet normal 0 0 1
    outer loop
      vertex 72.9088 4.91307 1.25
      vertex 72.5446 4.32819 1.25
      vertex 73.0851 4.20511 1.25
    endloop
  endfacet
  facet normal 0 0 1
    outer loop
      vertex 72.2144 4.44243 1.25
      vertex 72.5575 5.03647 1.25
      vertex 72.4792 5.1243 1.25
    endloop
  endfacet
  facet normal 0 0 1
    outer loop
      vertex 72.2144 4.44243 1.25
      vertex 72.4792 5.1243 1.25
      vertex 72.4531 5.23856 1.25
    endloop
  endfacet
  facet normal 0 0 1
    outer loop
      vertex 72.6976 4.96832 1.25
      vertex 72.2144 4.44243 1.25
      vertex 72.5446 4.32819 1.25
    endloop
  endfacet
  facet normal 0 0 1
    outer loop
      vertex 73.6032 3.84163 1.25
      vertex 74.303 3.91216 1.25
      vertex 74.2789 4.14168 1.25
    endloop
  endfacet
  facet normal 0 0 1
    outer loop
      vertex 73.5737 3.96809 1.25
      vertex 74.2789 4.14168 1.25
      vertex 74.2067 4.32579 1.25
    endloop
  endfacet
  facet normal 0 0 1
    outer loop
      vertex 73.5737 3.96809 1.25
      vertex 74.2067 4.32579 1.25
      vertex 74.0942 4.47261 1.25
    endloop
  endfacet
  facet normal 0 0 1
    outer loop
      vertex 74.303 3.91216 1.25
      vertex 73.6032 3.84163 1.25
      vertex 74.2159 3.53206 1.25
    endloop
  endfacet
  facet normal 0 0 1
    outer loop
      vertex 73.5737 3.96809 1.25
      vertex 74.0942 4.47261 1.25
      vertex 73.949 4.59027 1.25
    endloop
  endfacet
  facet normal 0 0 1
    outer loop
      vertex 73.4852 4.0654 1.25
      vertex 73.949 4.59027 1.25
      vertex 73.7612 4.68622 1.25
    endloop
  endfacet
  facet normal -0 0 1
    outer loop
      vertex 73.5666 3.69109 1.25
      vertex 74.2159 3.53206 1.25
      vertex 73.6032 3.84163 1.25
    endloop
  endfacet
  facet normal 0 0 1
    outer loop
      vertex 74.2159 3.53206 1.25
      vertex 73.5666 3.69109 1.25
      vertex 73.9544 3.24352 1.25
    endloop
  endfacet
  facet normal -0 0 1
    outer loop
      vertex 73.4567 3.58664 1.25
      vertex 73.9544 3.24352 1.25
      vertex 73.5666 3.69109 1.25
    endloop
  endfacet
  facet normal 0 0 1
    outer loop
      vertex 73.9544 3.24352 1.25
      vertex 73.4567 3.58664 1.25
      vertex 73.5391 3.06145 1.25
    endloop
  endfacet
  facet normal -0 0 1
    outer loop
      vertex 73.2668 3.52562 1.25
      vertex 73.5391 3.06145 1.25
      vertex 73.4567 3.58664 1.25
    endloop
  endfacet
  facet normal 0 0 1
    outer loop
      vertex 72.9902 3.00075 1.25
      vertex 73.2668 3.52562 1.25
      vertex 72.9902 3.50528 1.25
    endloop
  endfacet
  facet normal 0 0 1
    outer loop
      vertex 73.2668 3.52562 1.25
      vertex 72.9902 3.00075 1.25
      vertex 73.5391 3.06145 1.25
    endloop
  endfacet
  facet normal 0 0 1
    outer loop
      vertex 72.6948 3.52698 1.25
      vertex 72.9902 3.00075 1.25
      vertex 72.9902 3.50528 1.25
    endloop
  endfacet
  facet normal 0 0 1
    outer loop
      vertex 72.4561 3.04855 1.25
      vertex 72.6948 3.52698 1.25
      vertex 72.5032 3.59207 1.25
    endloop
  endfacet
  facet normal 0 0 1
    outer loop
      vertex 72.6948 3.52698 1.25
      vertex 72.4561 3.04855 1.25
      vertex 72.9902 3.00075 1.25
    endloop
  endfacet
  facet normal 0 0 1
    outer loop
      vertex 72.0638 3.19196 1.25
      vertex 72.5032 3.59207 1.25
      vertex 72.3842 3.70938 1.25
    endloop
  endfacet
  facet normal 0 0 1
    outer loop
      vertex 71.7963 3.43642 1.25
      vertex 72.3842 3.70938 1.25
      vertex 72.3066 3.88771 1.25
    endloop
  endfacet
  facet normal 0 0 1
    outer loop
      vertex 72.5032 3.59207 1.25
      vertex 72.0638 3.19196 1.25
      vertex 72.4561 3.04855 1.25
    endloop
  endfacet
  facet normal 0 0 1
    outer loop
      vertex 72.3842 3.70938 1.25
      vertex 71.7963 3.43642 1.25
      vertex 72.0638 3.19196 1.25
    endloop
  endfacet
  facet normal 0 -0 1
    outer loop
      vertex 71.7963 3.43642 1.25
      vertex 72.3066 3.88771 1.25
      vertex 71.6366 3.78735 1.25
    endloop
  endfacet
  facet normal -0 0 1
    outer loop
      vertex 70.5859 5.98991 1.25
      vertex 70.3906 4.57944 1.25
      vertex 71.4132 5.98991 1.25
    endloop
  endfacet
  facet normal 0 -0 1
    outer loop
      vertex 70.3906 4.57944 1.25
      vertex 70.5859 5.98991 1.25
      vertex 69.962 5.02971 1.25
    endloop
  endfacet
  facet normal 0 0 1
    outer loop
      vertex 70.3906 4.57944 1.25
      vertex 70.6455 3.05499 1.25
      vertex 71.4728 3.05499 1.25
    endloop
  endfacet
  facet normal 0 0 1
    outer loop
      vertex 69.5361 4.57127 1.25
      vertex 70.3906 4.57944 1.25
      vertex 69.962 5.02971 1.25
    endloop
  endfacet
  facet normal 0 0 1
    outer loop
      vertex 70.3906 4.57944 1.25
      vertex 69.962 4.11832 1.25
      vertex 70.6455 3.05499 1.25
    endloop
  endfacet
  facet normal 0 0 1
    outer loop
      vertex 70.3906 4.57944 1.25
      vertex 69.5361 4.57127 1.25
      vertex 69.962 4.11832 1.25
    endloop
  endfacet
  facet normal 0 0 1
    outer loop
      vertex 69.3354 5.98991 1.25
      vertex 69.5361 4.57127 1.25
      vertex 69.962 5.02971 1.25
    endloop
  endfacet
  facet normal 0 0 1
    outer loop
      vertex 69.5361 4.57127 1.25
      vertex 69.3354 5.98991 1.25
      vertex 68.5135 5.98991 1.25
    endloop
  endfacet
  facet normal 0 0 1
    outer loop
      vertex 69.5361 4.57127 1.25
      vertex 69.273 3.05499 1.25
      vertex 69.962 4.11832 1.25
    endloop
  endfacet
  facet normal 0 -0 1
    outer loop
      vertex 69.273 3.05499 1.25
      vertex 69.5361 4.57127 1.25
      vertex 68.462 3.05499 1.25
    endloop
  endfacet
  facet normal 0 0 1
    outer loop
      vertex 80.4076 5.48642 1.25
      vertex 79.6688 5.52235 1.25
      vertex 79.6705 5.30095 1.25
    endloop
  endfacet
  facet normal 0 0 1
    outer loop
      vertex 80.3852 5.89127 1.25
      vertex 79.6637 5.70375 1.25
      vertex 79.6688 5.52235 1.25
    endloop
  endfacet
  facet normal 0 0 1
    outer loop
      vertex 80.3852 5.89127 1.25
      vertex 79.6566 5.85599 1.25
      vertex 79.6637 5.70375 1.25
    endloop
  endfacet
  facet normal 0 -0 1
    outer loop
      vertex 79.6566 5.85599 1.25
      vertex 80.3757 5.98991 1.25
      vertex 79.6488 5.98991 1.25
    endloop
  endfacet
  facet normal 0 0 1
    outer loop
      vertex 81.1868 5.39926 1.25
      vertex 81.3604 6.0062 1.25
      vertex 81.2566 6.0367 1.25
    endloop
  endfacet
  facet normal 0 0 1
    outer loop
      vertex 81.3604 6.0062 1.25
      vertex 81.1868 5.39926 1.25
      vertex 81.3604 5.36876 1.25
    endloop
  endfacet
  facet normal 0 0 1
    outer loop
      vertex 81.1244 6.04688 1.25
      vertex 81.1868 5.39926 1.25
      vertex 81.2566 6.0367 1.25
    endloop
  endfacet
  facet normal 0 0 1
    outer loop
      vertex 81.1244 6.04688 1.25
      vertex 81.0349 5.40944 1.25
      vertex 81.1868 5.39926 1.25
    endloop
  endfacet
  facet normal -0 0 1
    outer loop
      vertex 80.9603 6.03162 1.25
      vertex 81.0349 5.40944 1.25
      vertex 81.1244 6.04688 1.25
    endloop
  endfacet
  facet normal -0 0 1
    outer loop
      vertex 80.826 5.98584 1.25
      vertex 81.0349 5.40944 1.25
      vertex 80.9603 6.03162 1.25
    endloop
  endfacet
  facet normal -0 0 1
    outer loop
      vertex 80.7148 5.90854 1.25
      vertex 81.0349 5.40944 1.25
      vertex 80.826 5.98584 1.25
    endloop
  endfacet
  facet normal -0 0 1
    outer loop
      vertex 80.6199 5.79868 1.25
      vertex 81.0349 5.40944 1.25
      vertex 80.7148 5.90854 1.25
    endloop
  endfacet
  facet normal 0 0 1
    outer loop
      vertex 81.0349 5.40944 1.25
      vertex 80.6199 5.79868 1.25
      vertex 80.7816 5.35179 1.25
    endloop
  endfacet
  facet normal -0 0 1
    outer loop
      vertex 80.527 5.62677 1.25
      vertex 80.7816 5.35179 1.25
      vertex 80.6199 5.79868 1.25
    endloop
  endfacet
  facet normal -0 0 1
    outer loop
      vertex 80.4219 5.36331 1.25
      vertex 80.7816 5.35179 1.25
      vertex 80.527 5.62677 1.25
    endloop
  endfacet
  facet normal 0 0 1
    outer loop
      vertex 80.7816 5.35179 1.25
      vertex 80.4219 5.36331 1.25
      vertex 80.5914 5.17888 1.25
    endloop
  endfacet
  facet normal -0 0 1
    outer loop
      vertex 80.411 5.36331 1.25
      vertex 80.5914 5.17888 1.25
      vertex 80.4219 5.36331 1.25
    endloop
  endfacet
  facet normal 0 0 1
    outer loop
      vertex 80.5914 5.17888 1.25
      vertex 80.411 5.36331 1.25
      vertex 80.4724 4.8927 1.25
    endloop
  endfacet
  facet normal -0 0 1
    outer loop
      vertex 79.6705 5.30095 1.25
      vertex 80.4724 4.8927 1.25
      vertex 80.411 5.36331 1.25
    endloop
  endfacet
  facet normal 0 0 1
    outer loop
      vertex 80.4724 4.8927 1.25
      vertex 79.6705 5.30095 1.25
      vertex 80.4327 4.49532 1.25
    endloop
  endfacet
  facet normal 0 0 1
    outer loop
      vertex 79.6705 5.30095 1.25
      vertex 80.411 5.36331 1.25
      vertex 80.4076 5.48642 1.25
    endloop
  endfacet
  facet normal -0 0 1
    outer loop
      vertex 79.6688 5.52235 1.25
      vertex 80.4076 5.48642 1.25
      vertex 80.3975 5.69292 1.25
    endloop
  endfacet
  facet normal 0 0 1
    outer loop
      vertex 79.6688 5.52235 1.25
      vertex 80.3975 5.69292 1.25
      vertex 80.3852 5.89127 1.25
    endloop
  endfacet
  facet normal 0 0 1
    outer loop
      vertex 79.6566 5.85599 1.25
      vertex 80.3852 5.89127 1.25
      vertex 80.3757 5.98991 1.25
    endloop
  endfacet
  facet normal 0 0 1
    outer loop
      vertex 79.6705 3.05499 1.25
      vertex 80.4327 4.49532 1.25
      vertex 79.6705 5.30095 1.25
    endloop
  endfacet
  facet normal 0 0 1
    outer loop
      vertex 80.4327 4.49532 1.25
      vertex 79.6705 3.05499 1.25
      vertex 80.4327 3.05499 1.25
    endloop
  endfacet
  facet normal 0 0 1
    outer loop
      vertex 78.2563 5.3864 1.25
      vertex 78.8313 5.62508 1.25
      vertex 78.4231 5.93938 1.25
    endloop
  endfacet
  facet normal 0 0 1
    outer loop
      vertex 78.8313 5.62508 1.25
      vertex 78.3736 5.16431 1.25
      vertex 78.4272 4.85339 1.25
    endloop
  endfacet
  facet normal 0 0 1
    outer loop
      vertex 78.8313 5.62508 1.25
      vertex 78.2563 5.3864 1.25
      vertex 78.3736 5.16431 1.25
    endloop
  endfacet
  facet normal 0 0 1
    outer loop
      vertex 78.4231 5.93938 1.25
      vertex 78.0813 5.51965 1.25
      vertex 78.2563 5.3864 1.25
    endloop
  endfacet
  facet normal 0 0 1
    outer loop
      vertex 77.8657 6.04416 1.25
      vertex 78.0813 5.51965 1.25
      vertex 78.4231 5.93938 1.25
    endloop
  endfacet
  facet normal 0 0 1
    outer loop
      vertex 77.8657 6.04416 1.25
      vertex 77.8548 5.56407 1.25
      vertex 78.0813 5.51965 1.25
    endloop
  endfacet
  facet normal 0 0 1
    outer loop
      vertex 77.8657 6.04416 1.25
      vertex 77.6171 5.51727 1.25
      vertex 77.8548 5.56407 1.25
    endloop
  endfacet
  facet normal -0 0 1
    outer loop
      vertex 77.2791 5.9465 1.25
      vertex 77.6171 5.51727 1.25
      vertex 77.8657 6.04416 1.25
    endloop
  endfacet
  facet normal -0 0 1
    outer loop
      vertex 76.5725 5.17888 1.25
      vertex 77.3303 5.15242 1.25
      vertex 76.8431 5.65355 1.25
    endloop
  endfacet
  facet normal 0 0 1
    outer loop
      vertex 77.4412 5.37688 1.25
      vertex 76.8431 5.65355 1.25
      vertex 77.3303 5.15242 1.25
    endloop
  endfacet
  facet normal -0 0 1
    outer loop
      vertex 76.8431 5.65355 1.25
      vertex 77.4412 5.37688 1.25
      vertex 77.2791 5.9465 1.25
    endloop
  endfacet
  facet normal 0 0 1
    outer loop
      vertex 77.6171 5.51727 1.25
      vertex 77.2791 5.9465 1.25
      vertex 77.4412 5.37688 1.25
    endloop
  endfacet
  facet normal -0 0 1
    outer loop
      vertex 78.4272 4.85339 1.25
      vertex 79.165 4.39767 1.25
      vertex 79.0816 5.10869 1.25
    endloop
  endfacet
  facet normal 0 0 1
    outer loop
      vertex 78.4272 4.85339 1.25
      vertex 79.0816 5.10869 1.25
      vertex 78.8313 5.62508 1.25
    endloop
  endfacet
  facet normal 0 0 1
    outer loop
      vertex 79.165 4.39767 1.25
      vertex 78.4272 4.85339 1.25
      vertex 79.165 4.37599 1.25
    endloop
  endfacet
  facet normal 0 0 1
    outer loop
      vertex 77.2825 4.37599 1.25
      vertex 78.4272 4.85339 1.25
      vertex 77.2879 4.85339 1.25
    endloop
  endfacet
  facet normal 0 0 1
    outer loop
      vertex 78.4272 4.85339 1.25
      vertex 77.2825 4.37599 1.25
      vertex 79.165 4.37599 1.25
    endloop
  endfacet
  facet normal 0 0 1
    outer loop
      vertex 78.4027 3.8606 1.25
      vertex 78.6489 3.20012 1.25
      vertex 79.1216 3.79823 1.25
    endloop
  endfacet
  facet normal -0 0 1
    outer loop
      vertex 78.2224 3.59818 1.25
      vertex 78.6489 3.20012 1.25
      vertex 78.4027 3.8606 1.25
    endloop
  endfacet
  facet normal 0 0 1
    outer loop
      vertex 77.8548 3.00075 1.25
      vertex 78.2224 3.59818 1.25
      vertex 77.8928 3.51071 1.25
    endloop
  endfacet
  facet normal 0 0 1
    outer loop
      vertex 78.2224 3.59818 1.25
      vertex 77.8548 3.00075 1.25
      vertex 78.6489 3.20012 1.25
    endloop
  endfacet
  facet normal 0 0 1
    outer loop
      vertex 77.6334 3.56529 1.25
      vertex 77.8548 3.00075 1.25
      vertex 77.8928 3.51071 1.25
    endloop
  endfacet
  facet normal 0 0 1
    outer loop
      vertex 77.2696 3.09874 1.25
      vertex 77.6334 3.56529 1.25
      vertex 77.4412 3.72903 1.25
    endloop
  endfacet
  facet normal 0 0 1
    outer loop
      vertex 77.6334 3.56529 1.25
      vertex 77.2696 3.09874 1.25
      vertex 77.8548 3.00075 1.25
    endloop
  endfacet
  facet normal 0 0 1
    outer loop
      vertex 76.8376 3.39272 1.25
      vertex 77.4412 3.72903 1.25
      vertex 77.3222 3.99995 1.25
    endloop
  endfacet
  facet normal 0 0 1
    outer loop
      vertex 76.5711 3.87453 1.25
      vertex 77.3222 3.99995 1.25
      vertex 77.2825 4.37599 1.25
    endloop
  endfacet
  facet normal 0 0 1
    outer loop
      vertex 77.3303 5.15242 1.25
      vertex 76.5725 5.17888 1.25
      vertex 77.2879 4.85339 1.25
    endloop
  endfacet
  facet normal 0 0 1
    outer loop
      vertex 76.4823 4.53603 1.25
      vertex 77.2879 4.85339 1.25
      vertex 76.5725 5.17888 1.25
    endloop
  endfacet
  facet normal 0 -0 1
    outer loop
      vertex 76.5711 3.87453 1.25
      vertex 77.2825 4.37599 1.25
      vertex 76.4823 4.53603 1.25
    endloop
  endfacet
  facet normal 0 0 1
    outer loop
      vertex 77.2879 4.85339 1.25
      vertex 76.4823 4.53603 1.25
      vertex 77.2825 4.37599 1.25
    endloop
  endfacet
  facet normal 0 0 1
    outer loop
      vertex 77.3222 3.99995 1.25
      vertex 76.5711 3.87453 1.25
      vertex 76.8376 3.39272 1.25
    endloop
  endfacet
  facet normal 0 0 1
    outer loop
      vertex 77.4412 3.72903 1.25
      vertex 76.8376 3.39272 1.25
      vertex 77.2696 3.09874 1.25
    endloop
  endfacet
  facet normal -0.2235 0.974704 0
    outer loop
      vertex 76.2407 3.09839 1.25
      vertex 75.939 3.02921 1.6
      vertex 76.2407 3.09839 1.6
    endloop
  endfacet
  facet normal -0.2235 0.974704 0
    outer loop
      vertex 75.939 3.02921 1.6
      vertex 76.2407 3.09839 1.25
      vertex 75.939 3.02921 1.25
    endloop
  endfacet
  facet normal -1 0 0
    outer loop
      vertex 76.2407 3.09839 1.25
      vertex 76.2407 3.57036 1.6
      vertex 76.2407 3.57036 1.25
    endloop
  endfacet
  facet normal -1 -0 0
    outer loop
      vertex 76.2407 3.57036 1.6
      vertex 76.2407 3.09839 1.25
      vertex 76.2407 3.09839 1.6
    endloop
  endfacet
  facet normal 0.190891 -0.981611 0
    outer loop
      vertex 76.0943 3.54189 1.25
      vertex 76.2407 3.57036 1.6
      vertex 76.0943 3.54189 1.6
    endloop
  endfacet
  facet normal 0.190891 -0.981611 0
    outer loop
      vertex 76.2407 3.57036 1.6
      vertex 76.0943 3.54189 1.25
      vertex 76.2407 3.57036 1.25
    endloop
  endfacet
  facet normal 0.0871442 -0.996196 0
    outer loop
      vertex 75.9857 3.53239 1.25
      vertex 76.0943 3.54189 1.6
      vertex 75.9857 3.53239 1.6
    endloop
  endfacet
  facet normal 0.0871442 -0.996196 0
    outer loop
      vertex 76.0943 3.54189 1.6
      vertex 75.9857 3.53239 1.25
      vertex 76.0943 3.54189 1.25
    endloop
  endfacet
  facet normal -0.168789 -0.985652 0
    outer loop
      vertex 75.8372 3.55782 1.25
      vertex 75.9857 3.53239 1.6
      vertex 75.8372 3.55782 1.6
    endloop
  endfacet
  facet normal -0.168789 -0.985652 -0
    outer loop
      vertex 75.9857 3.53239 1.6
      vertex 75.8372 3.55782 1.25
      vertex 75.9857 3.53239 1.25
    endloop
  endfacet
  facet normal -0.592592 -0.805503 0
    outer loop
      vertex 75.7335 3.63411 1.25
      vertex 75.8372 3.55782 1.6
      vertex 75.7335 3.63411 1.6
    endloop
  endfacet
  facet normal -0.592592 -0.805503 -0
    outer loop
      vertex 75.8372 3.55782 1.6
      vertex 75.7335 3.63411 1.25
      vertex 75.8372 3.55782 1.25
    endloop
  endfacet
  facet normal -0.905128 -0.425139 0
    outer loop
      vertex 75.7335 3.63411 1.25
      vertex 75.6725 3.76398 1.6
      vertex 75.6725 3.76398 1.25
    endloop
  endfacet
  facet normal -0.905128 -0.425139 0
    outer loop
      vertex 75.6725 3.76398 1.6
      vertex 75.7335 3.63411 1.25
      vertex 75.7335 3.63411 1.6
    endloop
  endfacet
  facet normal -0.994048 -0.108943 0
    outer loop
      vertex 75.6725 3.76398 1.25
      vertex 75.6521 3.95012 1.6
      vertex 75.6521 3.95012 1.25
    endloop
  endfacet
  facet normal -0.994048 -0.108943 0
    outer loop
      vertex 75.6521 3.95012 1.6
      vertex 75.6725 3.76398 1.25
      vertex 75.6725 3.76398 1.6
    endloop
  endfacet
  facet normal -1 0 0
    outer loop
      vertex 75.6521 3.95012 1.25
      vertex 75.6521 5.47455 1.6
      vertex 75.6521 5.47455 1.25
    endloop
  endfacet
  facet normal -1 -0 0
    outer loop
      vertex 75.6521 5.47455 1.6
      vertex 75.6521 3.95012 1.25
      vertex 75.6521 3.95012 1.6
    endloop
  endfacet
  facet normal 0 1 -0
    outer loop
      vertex 76.2082 5.47455 1.25
      vertex 75.6521 5.47455 1.6
      vertex 76.2082 5.47455 1.6
    endloop
  endfacet
  facet normal 0 1 0
    outer loop
      vertex 75.6521 5.47455 1.6
      vertex 76.2082 5.47455 1.25
      vertex 75.6521 5.47455 1.25
    endloop
  endfacet
  facet normal -1 0 0
    outer loop
      vertex 76.2082 5.47455 1.25
      vertex 76.2082 5.98991 1.6
      vertex 76.2082 5.98991 1.25
    endloop
  endfacet
  facet normal -1 -0 0
    outer loop
      vertex 76.2082 5.98991 1.6
      vertex 76.2082 5.47455 1.25
      vertex 76.2082 5.47455 1.6
    endloop
  endfacet
  facet normal 0 -1 0
    outer loop
      vertex 75.6521 5.98991 1.25
      vertex 76.2082 5.98991 1.6
      vertex 75.6521 5.98991 1.6
    endloop
  endfacet
  facet normal 0 -1 -0
    outer loop
      vertex 76.2082 5.98991 1.6
      vertex 75.6521 5.98991 1.25
      vertex 76.2082 5.98991 1.25
    endloop
  endfacet
  facet normal -1 0 0
    outer loop
      vertex 75.6521 5.98991 1.25
      vertex 75.6521 6.67891 1.6
      vertex 75.6521 6.67891 1.25
    endloop
  endfacet
  facet normal -1 -0 0
    outer loop
      vertex 75.6521 6.67891 1.6
      vertex 75.6521 5.98991 1.25
      vertex 75.6521 5.98991 1.6
    endloop
  endfacet
  facet normal 0 -1 0
    outer loop
      vertex 75.1748 6.67891 1.25
      vertex 75.6521 6.67891 1.6
      vertex 75.1748 6.67891 1.6
    endloop
  endfacet
  facet normal 0 -1 -0
    outer loop
      vertex 75.6521 6.67891 1.6
      vertex 75.1748 6.67891 1.25
      vertex 75.6521 6.67891 1.25
    endloop
  endfacet
  facet normal 0.944859 -0.327478 0
    outer loop
      vertex 74.936 5.98991 1.6
      vertex 75.1748 6.67891 1.25
      vertex 75.1748 6.67891 1.6
    endloop
  endfacet
  facet normal 0.944859 -0.327478 0
    outer loop
      vertex 75.1748 6.67891 1.25
      vertex 74.936 5.98991 1.6
      vertex 74.936 5.98991 1.25
    endloop
  endfacet
  facet normal 0 -1 0
    outer loop
      vertex 74.5264 5.98991 1.25
      vertex 74.936 5.98991 1.6
      vertex 74.5264 5.98991 1.6
    endloop
  endfacet
  facet normal 0 -1 -0
    outer loop
      vertex 74.936 5.98991 1.6
      vertex 74.5264 5.98991 1.25
      vertex 74.936 5.98991 1.25
    endloop
  endfacet
  facet normal 1 -0 0
    outer loop
      vertex 74.5264 5.47455 1.6
      vertex 74.5264 5.98991 1.25
      vertex 74.5264 5.98991 1.6
    endloop
  endfacet
  facet normal 1 0 0
    outer loop
      vertex 74.5264 5.98991 1.25
      vertex 74.5264 5.47455 1.6
      vertex 74.5264 5.47455 1.25
    endloop
  endfacet
  facet normal 0 1 -0
    outer loop
      vertex 74.8981 5.47455 1.25
      vertex 74.5264 5.47455 1.6
      vertex 74.8981 5.47455 1.6
    endloop
  endfacet
  facet normal 0 1 0
    outer loop
      vertex 74.5264 5.47455 1.6
      vertex 74.8981 5.47455 1.25
      vertex 74.5264 5.47455 1.25
    endloop
  endfacet
  facet normal 1 -0 0
    outer loop
      vertex 74.8981 3.74396 1.6
      vertex 74.8981 5.47455 1.25
      vertex 74.8981 5.47455 1.6
    endloop
  endfacet
  facet normal 1 0 0
    outer loop
      vertex 74.8981 5.47455 1.25
      vertex 74.8981 3.74396 1.6
      vertex 74.8981 3.74396 1.25
    endloop
  endfacet
  facet normal 0.990353 0.138566 0
    outer loop
      vertex 74.9435 3.41948 1.6
      vertex 74.8981 3.74396 1.25
      vertex 74.8981 3.74396 1.6
    endloop
  endfacet
  facet normal 0.990353 0.138566 0
    outer loop
      vertex 74.8981 3.74396 1.25
      vertex 74.9435 3.41948 1.6
      vertex 74.9435 3.41948 1.25
    endloop
  endfacet
  facet normal 0.860519 0.509419 0
    outer loop
      vertex 75.0798 3.18924 1.6
      vertex 74.9435 3.41948 1.25
      vertex 74.9435 3.41948 1.6
    endloop
  endfacet
  facet normal 0.860519 0.509419 0
    outer loop
      vertex 74.9435 3.41948 1.25
      vertex 75.0798 3.18924 1.6
      vertex 75.0798 3.18924 1.25
    endloop
  endfacet
  facet normal 0.52878 0.848759 -0
    outer loop
      vertex 75.3002 3.05193 1.25
      vertex 75.0798 3.18924 1.6
      vertex 75.3002 3.05193 1.6
    endloop
  endfacet
  facet normal 0.52878 0.848759 0
    outer loop
      vertex 75.0798 3.18924 1.6
      vertex 75.3002 3.05193 1.25
      vertex 75.0798 3.18924 1.25
    endloop
  endfacet
  facet normal 0.151992 0.988382 -0
    outer loop
      vertex 75.5979 3.00615 1.25
      vertex 75.3002 3.05193 1.6
      vertex 75.5979 3.00615 1.6
    endloop
  endfacet
  facet normal 0.151992 0.988382 0
    outer loop
      vertex 75.3002 3.05193 1.6
      vertex 75.5979 3.00615 1.25
      vertex 75.3002 3.05193 1.25
    endloop
  endfacet
  facet normal -0.0674508 0.997723 0
    outer loop
      vertex 75.939 3.02921 1.25
      vertex 75.5979 3.00615 1.6
      vertex 75.939 3.02921 1.6
    endloop
  endfacet
  facet normal -0.0674508 0.997723 0
    outer loop
      vertex 75.5979 3.00615 1.6
      vertex 75.939 3.02921 1.25
      vertex 75.5979 3.00615 1.25
    endloop
  endfacet
  facet normal -0.99434 0.106242 0
    outer loop
      vertex 64.7501 4.62823 1.25
      vertex 64.7864 4.96797 1.6
      vertex 64.7864 4.96797 1.25
    endloop
  endfacet
  facet normal -0.99434 0.106242 0
    outer loop
      vertex 64.7864 4.96797 1.6
      vertex 64.7501 4.62823 1.25
      vertex 64.7501 4.62823 1.6
    endloop
  endfacet
  facet normal -0.927808 0.373057 0
    outer loop
      vertex 64.7864 4.96797 1.25
      vertex 64.8952 5.23856 1.6
      vertex 64.8952 5.23856 1.25
    endloop
  endfacet
  facet normal -0.927808 0.373057 0
    outer loop
      vertex 64.8952 5.23856 1.6
      vertex 64.7864 4.96797 1.25
      vertex 64.7864 4.96797 1.6
    endloop
  endfacet
  facet normal -0.728381 0.685172 0
    outer loop
      vertex 64.8952 5.23856 1.25
      vertex 65.0617 5.41556 1.6
      vertex 65.0617 5.41556 1.25
    endloop
  endfacet
  facet normal -0.728381 0.685172 0
    outer loop
      vertex 65.0617 5.41556 1.6
      vertex 64.8952 5.23856 1.25
      vertex 64.8952 5.23856 1.6
    endloop
  endfacet
  facet normal -0.271396 0.962468 0
    outer loop
      vertex 65.2709 5.47455 1.25
      vertex 65.0617 5.41556 1.6
      vertex 65.2709 5.47455 1.6
    endloop
  endfacet
  facet normal -0.271396 0.962468 0
    outer loop
      vertex 65.0617 5.41556 1.6
      vertex 65.2709 5.47455 1.25
      vertex 65.0617 5.41556 1.25
    endloop
  endfacet
  facet normal 0.501295 0.865276 -0
    outer loop
      vertex 65.6045 5.28128 1.25
      vertex 65.2709 5.47455 1.6
      vertex 65.6045 5.28128 1.6
    endloop
  endfacet
  facet normal 0.501295 0.865276 0
    outer loop
      vertex 65.2709 5.47455 1.6
      vertex 65.6045 5.28128 1.25
      vertex 65.2709 5.47455 1.25
    endloop
  endfacet
  facet normal 0.982069 0.188521 0
    outer loop
      vertex 65.7158 4.70148 1.6
      vertex 65.6045 5.28128 1.25
      vertex 65.6045 5.28128 1.6
    endloop
  endfacet
  facet normal 0.982069 0.188521 0
    outer loop
      vertex 65.6045 5.28128 1.25
      vertex 65.7158 4.70148 1.6
      vertex 65.7158 4.70148 1.25
    endloop
  endfacet
  facet normal 1 -0 0
    outer loop
      vertex 65.7158 3.05499 1.6
      vertex 65.7158 4.70148 1.25
      vertex 65.7158 4.70148 1.6
    endloop
  endfacet
  facet normal 1 0 0
    outer loop
      vertex 65.7158 4.70148 1.25
      vertex 65.7158 3.05499 1.6
      vertex 65.7158 3.05499 1.25
    endloop
  endfacet
  facet normal 0 1 -0
    outer loop
      vertex 66.4725 3.05499 1.25
      vertex 65.7158 3.05499 1.6
      vertex 66.4725 3.05499 1.6
    endloop
  endfacet
  facet normal 0 1 0
    outer loop
      vertex 65.7158 3.05499 1.6
      vertex 66.4725 3.05499 1.25
      vertex 65.7158 3.05499 1.25
    endloop
  endfacet
  facet normal -1 0 0
    outer loop
      vertex 66.4725 3.05499 1.25
      vertex 66.4725 4.66351 1.6
      vertex 66.4725 4.66351 1.25
    endloop
  endfacet
  facet normal -1 -0 0
    outer loop
      vertex 66.4725 4.66351 1.6
      vertex 66.4725 3.05499 1.25
      vertex 66.4725 3.05499 1.6
    endloop
  endfacet
  facet normal -0.990982 0.133992 0
    outer loop
      vertex 66.4725 4.66351 1.25
      vertex 66.5183 5.00224 1.6
      vertex 66.5183 5.00224 1.25
    endloop
  endfacet
  facet normal -0.990982 0.133992 0
    outer loop
      vertex 66.5183 5.00224 1.6
      vertex 66.4725 4.66351 1.25
      vertex 66.4725 4.66351 1.6
    endloop
  endfacet
  facet normal -0.918887 0.39452 0
    outer loop
      vertex 66.5183 5.00224 1.25
      vertex 66.6285 5.25891 1.6
      vertex 66.6285 5.25891 1.25
    endloop
  endfacet
  facet normal -0.918887 0.39452 0
    outer loop
      vertex 66.6285 5.25891 1.6
      vertex 66.5183 5.00224 1.25
      vertex 66.5183 5.00224 1.6
    endloop
  endfacet
  facet normal -0.705644 0.708567 0
    outer loop
      vertex 66.7909 5.42064 1.25
      vertex 66.6285 5.25891 1.6
      vertex 66.7909 5.42064 1.6
    endloop
  endfacet
  facet normal -0.705644 0.708567 0
    outer loop
      vertex 66.6285 5.25891 1.6
      vertex 66.7909 5.42064 1.25
      vertex 66.6285 5.25891 1.25
    endloop
  endfacet
  facet normal -0.25738 0.96631 0
    outer loop
      vertex 66.9933 5.47455 1.25
      vertex 66.7909 5.42064 1.6
      vertex 66.9933 5.47455 1.6
    endloop
  endfacet
  facet normal -0.25738 0.96631 0
    outer loop
      vertex 66.7909 5.42064 1.6
      vertex 66.9933 5.47455 1.25
      vertex 66.7909 5.42064 1.25
    endloop
  endfacet
  facet normal 0.501182 0.865342 -0
    outer loop
      vertex 67.327 5.28128 1.25
      vertex 66.9933 5.47455 1.6
      vertex 67.327 5.28128 1.6
    endloop
  endfacet
  facet normal 0.501182 0.865342 0
    outer loop
      vertex 66.9933 5.47455 1.6
      vertex 67.327 5.28128 1.25
      vertex 66.9933 5.47455 1.25
    endloop
  endfacet
  facet normal 0.982101 0.188357 0
    outer loop
      vertex 67.4382 4.70148 1.6
      vertex 67.327 5.28128 1.25
      vertex 67.327 5.28128 1.6
    endloop
  endfacet
  facet normal 0.982101 0.188357 0
    outer loop
      vertex 67.327 5.28128 1.25
      vertex 67.4382 4.70148 1.6
      vertex 67.4382 4.70148 1.25
    endloop
  endfacet
  facet normal 1 -0 0
    outer loop
      vertex 67.4382 3.05499 1.6
      vertex 67.4382 4.70148 1.25
      vertex 67.4382 4.70148 1.6
    endloop
  endfacet
  facet normal 1 0 0
    outer loop
      vertex 67.4382 4.70148 1.25
      vertex 67.4382 3.05499 1.6
      vertex 67.4382 3.05499 1.25
    endloop
  endfacet
  facet normal 0 1 -0
    outer loop
      vertex 68.195 3.05499 1.25
      vertex 67.4382 3.05499 1.6
      vertex 68.195 3.05499 1.6
    endloop
  endfacet
  facet normal 0 1 0
    outer loop
      vertex 67.4382 3.05499 1.6
      vertex 68.195 3.05499 1.25
      vertex 67.4382 3.05499 1.25
    endloop
  endfacet
  facet normal -1 0 0
    outer loop
      vertex 68.195 3.05499 1.25
      vertex 68.195 4.91847 1.6
      vertex 68.195 4.91847 1.25
    endloop
  endfacet
  facet normal -1 -0 0
    outer loop
      vertex 68.195 4.91847 1.6
      vertex 68.195 3.05499 1.25
      vertex 68.195 3.05499 1.6
    endloop
  endfacet
  facet normal -0.993243 -0.116057 0
    outer loop
      vertex 68.195 4.91847 1.25
      vertex 68.1387 5.4003 1.6
      vertex 68.1387 5.4003 1.25
    endloop
  endfacet
  facet normal -0.993243 -0.116057 0
    outer loop
      vertex 68.1387 5.4003 1.6
      vertex 68.195 4.91847 1.25
      vertex 68.195 4.91847 1.6
    endloop
  endfacet
  facet normal -0.902997 -0.429647 0
    outer loop
      vertex 68.1387 5.4003 1.25
      vertex 67.9698 5.75528 1.6
      vertex 67.9698 5.75528 1.25
    endloop
  endfacet
  facet normal -0.902997 -0.429647 0
    outer loop
      vertex 67.9698 5.75528 1.6
      vertex 68.1387 5.4003 1.25
      vertex 68.1387 5.4003 1.6
    endloop
  endfacet
  facet normal -0.621035 -0.783783 0
    outer loop
      vertex 67.6938 5.97397 1.25
      vertex 67.9698 5.75528 1.6
      vertex 67.6938 5.97397 1.6
    endloop
  endfacet
  facet normal -0.621035 -0.783783 -0
    outer loop
      vertex 67.9698 5.75528 1.6
      vertex 67.6938 5.97397 1.25
      vertex 67.9698 5.75528 1.25
    endloop
  endfacet
  facet normal -0.189538 -0.981873 0
    outer loop
      vertex 67.3161 6.04688 1.25
      vertex 67.6938 5.97397 1.6
      vertex 67.3161 6.04688 1.6
    endloop
  endfacet
  facet normal -0.189538 -0.981873 -0
    outer loop
      vertex 67.6938 5.97397 1.6
      vertex 67.3161 6.04688 1.25
      vertex 67.6938 5.97397 1.25
    endloop
  endfacet
  facet normal 0.125769 -0.99206 0
    outer loop
      vertex 67.0218 6.00957 1.25
      vertex 67.3161 6.04688 1.6
      vertex 67.0218 6.00957 1.6
    endloop
  endfacet
  facet normal 0.125769 -0.99206 0
    outer loop
      vertex 67.3161 6.04688 1.6
      vertex 67.0218 6.00957 1.25
      vertex 67.3161 6.04688 1.25
    endloop
  endfacet
  facet normal 0.426366 -0.904551 0
    outer loop
      vertex 66.7844 5.89767 1.25
      vertex 67.0218 6.00957 1.6
      vertex 66.7844 5.89767 1.6
    endloop
  endfacet
  facet normal 0.426366 -0.904551 0
    outer loop
      vertex 67.0218 6.00957 1.6
      vertex 66.7844 5.89767 1.25
      vertex 67.0218 6.00957 1.25
    endloop
  endfacet
  facet normal 0.713261 -0.700899 0
    outer loop
      vertex 66.5905 5.70035 1.6
      vertex 66.7844 5.89767 1.25
      vertex 66.7844 5.89767 1.6
    endloop
  endfacet
  facet normal 0.713261 -0.700899 0
    outer loop
      vertex 66.7844 5.89767 1.25
      vertex 66.5905 5.70035 1.6
      vertex 66.5905 5.70035 1.25
    endloop
  endfacet
  facet normal 0.872935 -0.487837 0
    outer loop
      vertex 66.4264 5.40671 1.6
      vertex 66.5905 5.70035 1.25
      vertex 66.5905 5.70035 1.6
    endloop
  endfacet
  facet normal 0.872935 -0.487837 0
    outer loop
      vertex 66.5905 5.70035 1.25
      vertex 66.4264 5.40671 1.6
      vertex 66.4264 5.40671 1.25
    endloop
  endfacet
  facet normal 0 -1 0
    outer loop
      vertex 66.4101 5.40671 1.25
      vertex 66.4264 5.40671 1.6
      vertex 66.4101 5.40671 1.6
    endloop
  endfacet
  facet normal 0 -1 -0
    outer loop
      vertex 66.4264 5.40671 1.6
      vertex 66.4101 5.40671 1.25
      vertex 66.4264 5.40671 1.25
    endloop
  endfacet
  facet normal -0.86696 -0.498377 0
    outer loop
      vertex 66.4101 5.40671 1.25
      vertex 66.1341 5.88683 1.6
      vertex 66.1341 5.88683 1.25
    endloop
  endfacet
  facet normal -0.86696 -0.498377 0
    outer loop
      vertex 66.1341 5.88683 1.6
      vertex 66.4101 5.40671 1.25
      vertex 66.4101 5.40671 1.6
    endloop
  endfacet
  facet normal -0.283977 -0.958831 0
    outer loop
      vertex 65.5937 6.04688 1.25
      vertex 66.1341 5.88683 1.6
      vertex 65.5937 6.04688 1.6
    endloop
  endfacet
  facet normal -0.283977 -0.958831 -0
    outer loop
      vertex 66.1341 5.88683 1.6
      vertex 65.5937 6.04688 1.25
      vertex 66.1341 5.88683 1.25
    endloop
  endfacet
  facet normal 0.138141 -0.990413 0
    outer loop
      vertex 65.3214 6.0089 1.25
      vertex 65.5937 6.04688 1.6
      vertex 65.3214 6.0089 1.6
    endloop
  endfacet
  facet normal 0.138141 -0.990413 0
    outer loop
      vertex 65.5937 6.04688 1.6
      vertex 65.3214 6.0089 1.25
      vertex 65.5937 6.04688 1.25
    endloop
  endfacet
  facet normal 0.442516 -0.896761 0
    outer loop
      vertex 65.0905 5.89496 1.25
      vertex 65.3214 6.0089 1.6
      vertex 65.0905 5.89496 1.6
    endloop
  endfacet
  facet normal 0.442516 -0.896761 0
    outer loop
      vertex 65.3214 6.0089 1.6
      vertex 65.0905 5.89496 1.25
      vertex 65.3214 6.0089 1.25
    endloop
  endfacet
  facet normal 0.716289 -0.697804 0
    outer loop
      vertex 64.8976 5.69695 1.6
      vertex 65.0905 5.89496 1.25
      vertex 65.0905 5.89496 1.6
    endloop
  endfacet
  facet normal 0.716289 -0.697804 0
    outer loop
      vertex 65.0905 5.89496 1.25
      vertex 64.8976 5.69695 1.6
      vertex 64.8976 5.69695 1.25
    endloop
  endfacet
  facet normal 0.877785 -0.479056 0
    outer loop
      vertex 64.7392 5.40671 1.6
      vertex 64.8976 5.69695 1.25
      vertex 64.8976 5.69695 1.6
    endloop
  endfacet
  facet normal 0.877785 -0.479056 0
    outer loop
      vertex 64.8976 5.69695 1.25
      vertex 64.7392 5.40671 1.6
      vertex 64.7392 5.40671 1.25
    endloop
  endfacet
  facet normal 0 -1 0
    outer loop
      vertex 64.7284 5.40671 1.25
      vertex 64.7392 5.40671 1.6
      vertex 64.7284 5.40671 1.6
    endloop
  endfacet
  facet normal 0 -1 -0
    outer loop
      vertex 64.7392 5.40671 1.6
      vertex 64.7284 5.40671 1.25
      vertex 64.7392 5.40671 1.25
    endloop
  endfacet
  facet normal -0.999592 -0.0285526 0
    outer loop
      vertex 64.7284 5.40671 1.25
      vertex 64.725 5.52574 1.6
      vertex 64.725 5.52574 1.25
    endloop
  endfacet
  facet normal -0.999592 -0.0285526 0
    outer loop
      vertex 64.725 5.52574 1.6
      vertex 64.7284 5.40671 1.25
      vertex 64.7284 5.40671 1.6
    endloop
  endfacet
  facet normal -0.998545 -0.0539297 0
    outer loop
      vertex 64.725 5.52574 1.25
      vertex 64.7148 5.7146 1.6
      vertex 64.7148 5.7146 1.25
    endloop
  endfacet
  facet normal -0.998545 -0.0539297 0
    outer loop
      vertex 64.7148 5.7146 1.6
      vertex 64.725 5.52574 1.25
      vertex 64.725 5.52574 1.6
    endloop
  endfacet
  facet normal -0.997729 -0.0673544 0
    outer loop
      vertex 64.7148 5.7146 1.25
      vertex 64.7026 5.89532 1.6
      vertex 64.7026 5.89532 1.25
    endloop
  endfacet
  facet normal -0.997729 -0.0673544 0
    outer loop
      vertex 64.7026 5.89532 1.6
      vertex 64.7148 5.7146 1.25
      vertex 64.7148 5.7146 1.6
    endloop
  endfacet
  facet normal -0.994994 -0.0999307 0
    outer loop
      vertex 64.7026 5.89532 1.25
      vertex 64.6931 5.98991 1.6
      vertex 64.6931 5.98991 1.25
    endloop
  endfacet
  facet normal -0.994994 -0.0999307 0
    outer loop
      vertex 64.6931 5.98991 1.6
      vertex 64.7026 5.89532 1.25
      vertex 64.7026 5.89532 1.6
    endloop
  endfacet
  facet normal 0 -1 0
    outer loop
      vertex 63.9662 5.98991 1.25
      vertex 64.6931 5.98991 1.6
      vertex 63.9662 5.98991 1.6
    endloop
  endfacet
  facet normal 0 -1 -0
    outer loop
      vertex 64.6931 5.98991 1.6
      vertex 63.9662 5.98991 1.25
      vertex 64.6931 5.98991 1.25
    endloop
  endfacet
  facet normal 0.998124 0.061225 0
    outer loop
      vertex 63.974 5.86275 1.6
      vertex 63.9662 5.98991 1.25
      vertex 63.9662 5.98991 1.6
    endloop
  endfacet
  facet normal 0.998124 0.061225 0
    outer loop
      vertex 63.9662 5.98991 1.25
      vertex 63.974 5.86275 1.6
      vertex 63.974 5.86275 1.25
    endloop
  endfacet
  facet normal 0.998766 0.0496724 0
    outer loop
      vertex 63.9811 5.71999 1.6
      vertex 63.974 5.86275 1.25
      vertex 63.974 5.86275 1.6
    endloop
  endfacet
  facet normal 0.998766 0.0496724 0
    outer loop
      vertex 63.974 5.86275 1.25
      vertex 63.9811 5.71999 1.6
      vertex 63.9811 5.71999 1.25
    endloop
  endfacet
  facet normal 0.99956 0.0296588 0
    outer loop
      vertex 63.9862 5.54811 1.6
      vertex 63.9811 5.71999 1.25
      vertex 63.9811 5.71999 1.6
    endloop
  endfacet
  facet normal 0.99956 0.0296588 0
    outer loop
      vertex 63.9811 5.71999 1.25
      vertex 63.9862 5.54811 1.6
      vertex 63.9862 5.54811 1.25
    endloop
  endfacet
  facet normal 0.999969 0.00792147 0
    outer loop
      vertex 63.9879 5.33351 1.6
      vertex 63.9862 5.54811 1.25
      vertex 63.9862 5.54811 1.6
    endloop
  endfacet
  facet normal 0.999969 0.00792147 0
    outer loop
      vertex 63.9862 5.54811 1.25
      vertex 63.9879 5.33351 1.6
      vertex 63.9879 5.33351 1.25
    endloop
  endfacet
  facet normal 1 -0 0
    outer loop
      vertex 63.9879 3.05499 1.6
      vertex 63.9879 5.33351 1.25
      vertex 63.9879 5.33351 1.6
    endloop
  endfacet
  facet normal 1 0 0
    outer loop
      vertex 63.9879 5.33351 1.25
      vertex 63.9879 3.05499 1.6
      vertex 63.9879 3.05499 1.25
    endloop
  endfacet
  facet normal 0 1 -0
    outer loop
      vertex 64.7501 3.05499 1.25
      vertex 63.9879 3.05499 1.6
      vertex 64.7501 3.05499 1.6
    endloop
  endfacet
  facet normal 0 1 0
    outer loop
      vertex 63.9879 3.05499 1.6
      vertex 64.7501 3.05499 1.25
      vertex 63.9879 3.05499 1.25
    endloop
  endfacet
  facet normal -1 0 0
    outer loop
      vertex 64.7501 3.05499 1.25
      vertex 64.7501 4.62823 1.6
      vertex 64.7501 4.62823 1.25
    endloop
  endfacet
  facet normal -1 -0 0
    outer loop
      vertex 64.7501 4.62823 1.6
      vertex 64.7501 3.05499 1.25
      vertex 64.7501 3.05499 1.6
    endloop
  endfacet
  facet normal -0.401515 0.915852 0
    outer loop
      vertex 73.9544 3.24352 1.25
      vertex 73.5391 3.06145 1.6
      vertex 73.9544 3.24352 1.6
    endloop
  endfacet
  facet normal -0.401515 0.915852 0
    outer loop
      vertex 73.5391 3.06145 1.6
      vertex 73.9544 3.24352 1.25
      vertex 73.5391 3.06145 1.25
    endloop
  endfacet
  facet normal -0.740973 0.671534 0
    outer loop
      vertex 73.9544 3.24352 1.25
      vertex 74.2159 3.53206 1.6
      vertex 74.2159 3.53206 1.25
    endloop
  endfacet
  facet normal -0.740973 0.671534 0
    outer loop
      vertex 74.2159 3.53206 1.6
      vertex 73.9544 3.24352 1.25
      vertex 73.9544 3.24352 1.6
    endloop
  endfacet
  facet normal -0.974736 0.223361 0
    outer loop
      vertex 74.2159 3.53206 1.25
      vertex 74.303 3.91216 1.6
      vertex 74.303 3.91216 1.25
    endloop
  endfacet
  facet normal -0.974736 0.223361 0
    outer loop
      vertex 74.303 3.91216 1.6
      vertex 74.2159 3.53206 1.25
      vertex 74.2159 3.53206 1.6
    endloop
  endfacet
  facet normal -0.994532 -0.104428 0
    outer loop
      vertex 74.303 3.91216 1.25
      vertex 74.2789 4.14168 1.6
      vertex 74.2789 4.14168 1.25
    endloop
  endfacet
  facet normal -0.994532 -0.104428 0
    outer loop
      vertex 74.2789 4.14168 1.6
      vertex 74.303 3.91216 1.25
      vertex 74.303 3.91216 1.6
    endloop
  endfacet
  facet normal -0.930973 -0.365088 0
    outer loop
      vertex 74.2789 4.14168 1.25
      vertex 74.2067 4.32579 1.6
      vertex 74.2067 4.32579 1.25
    endloop
  endfacet
  facet normal -0.930973 -0.365088 0
    outer loop
      vertex 74.2067 4.32579 1.6
      vertex 74.2789 4.14168 1.25
      vertex 74.2789 4.14168 1.6
    endloop
  endfacet
  facet normal -0.793768 -0.60822 0
    outer loop
      vertex 74.2067 4.32579 1.25
      vertex 74.0942 4.47261 1.6
      vertex 74.0942 4.47261 1.25
    endloop
  endfacet
  facet normal -0.793768 -0.60822 0
    outer loop
      vertex 74.0942 4.47261 1.6
      vertex 74.2067 4.32579 1.25
      vertex 74.2067 4.32579 1.6
    endloop
  endfacet
  facet normal -0.629577 -0.776938 0
    outer loop
      vertex 73.949 4.59027 1.25
      vertex 74.0942 4.47261 1.6
      vertex 73.949 4.59027 1.6
    endloop
  endfacet
  facet normal -0.629577 -0.776938 -0
    outer loop
      vertex 74.0942 4.47261 1.6
      vertex 73.949 4.59027 1.25
      vertex 74.0942 4.47261 1.25
    endloop
  endfacet
  facet normal -0.454973 -0.890505 0
    outer loop
      vertex 73.7612 4.68622 1.25
      vertex 73.949 4.59027 1.6
      vertex 73.7612 4.68622 1.6
    endloop
  endfacet
  facet normal -0.454973 -0.890505 -0
    outer loop
      vertex 73.949 4.59027 1.6
      vertex 73.7612 4.68622 1.25
      vertex 73.949 4.59027 1.25
    endloop
  endfacet
  facet normal -0.321261 -0.946991 0
    outer loop
      vertex 73.5204 4.76791 1.25
      vertex 73.7612 4.68622 1.6
      vertex 73.5204 4.76791 1.6
    endloop
  endfacet
  facet normal -0.321261 -0.946991 -0
    outer loop
      vertex 73.7612 4.68622 1.6
      vertex 73.5204 4.76791 1.25
      vertex 73.7612 4.68622 1.25
    endloop
  endfacet
  facet normal -0.248896 -0.96853 0
    outer loop
      vertex 73.234 4.84151 1.25
      vertex 73.5204 4.76791 1.6
      vertex 73.234 4.84151 1.6
    endloop
  endfacet
  facet normal -0.248896 -0.96853 -0
    outer loop
      vertex 73.5204 4.76791 1.6
      vertex 73.234 4.84151 1.25
      vertex 73.5204 4.76791 1.25
    endloop
  endfacet
  facet normal -0.214908 -0.976634 0
    outer loop
      vertex 72.9088 4.91307 1.25
      vertex 73.234 4.84151 1.6
      vertex 72.9088 4.91307 1.6
    endloop
  endfacet
  facet normal -0.214908 -0.976634 -0
    outer loop
      vertex 73.234 4.84151 1.6
      vertex 72.9088 4.91307 1.25
      vertex 73.234 4.84151 1.25
    endloop
  endfacet
  facet normal -0.253084 -0.967444 0
    outer loop
      vertex 72.6976 4.96832 1.25
      vertex 72.9088 4.91307 1.6
      vertex 72.6976 4.96832 1.6
    endloop
  endfacet
  facet normal -0.253084 -0.967444 -0
    outer loop
      vertex 72.9088 4.91307 1.6
      vertex 72.6976 4.96832 1.25
      vertex 72.9088 4.91307 1.25
    endloop
  endfacet
  facet normal -0.437431 -0.899252 0
    outer loop
      vertex 72.5575 5.03647 1.25
      vertex 72.6976 4.96832 1.6
      vertex 72.5575 5.03647 1.6
    endloop
  endfacet
  facet normal -0.437431 -0.899252 -0
    outer loop
      vertex 72.6976 4.96832 1.6
      vertex 72.5575 5.03647 1.25
      vertex 72.6976 4.96832 1.25
    endloop
  endfacet
  facet normal -0.746443 -0.66545 0
    outer loop
      vertex 72.5575 5.03647 1.25
      vertex 72.4792 5.1243 1.6
      vertex 72.4792 5.1243 1.25
    endloop
  endfacet
  facet normal -0.746443 -0.66545 0
    outer loop
      vertex 72.4792 5.1243 1.6
      vertex 72.5575 5.03647 1.25
      vertex 72.5575 5.03647 1.6
    endloop
  endfacet
  facet normal -0.974889 -0.22269 0
    outer loop
      vertex 72.4792 5.1243 1.25
      vertex 72.4531 5.23856 1.6
      vertex 72.4531 5.23856 1.25
    endloop
  endfacet
  facet normal -0.974889 -0.22269 0
    outer loop
      vertex 72.4531 5.23856 1.6
      vertex 72.4792 5.1243 1.25
      vertex 72.4792 5.1243 1.6
    endloop
  endfacet
  facet normal -0.971661 0.236378 0
    outer loop
      vertex 72.4531 5.23856 1.25
      vertex 72.487 5.37791 1.6
      vertex 72.487 5.37791 1.25
    endloop
  endfacet
  facet normal -0.971661 0.236378 0
    outer loop
      vertex 72.487 5.37791 1.6
      vertex 72.4531 5.23856 1.25
      vertex 72.4531 5.23856 1.6
    endloop
  endfacet
  facet normal -0.673093 0.739558 0
    outer loop
      vertex 72.5887 5.47047 1.25
      vertex 72.487 5.37791 1.6
      vertex 72.5887 5.47047 1.6
    endloop
  endfacet
  facet normal -0.673093 0.739558 0
    outer loop
      vertex 72.487 5.37791 1.6
      vertex 72.5887 5.47047 1.25
      vertex 72.487 5.37791 1.25
    endloop
  endfacet
  facet normal -0.292623 0.956228 0
    outer loop
      vertex 72.7582 5.52234 1.25
      vertex 72.5887 5.47047 1.6
      vertex 72.7582 5.52234 1.6
    endloop
  endfacet
  facet normal -0.292623 0.956228 0
    outer loop
      vertex 72.5887 5.47047 1.6
      vertex 72.7582 5.52234 1.25
      vertex 72.5887 5.47047 1.25
    endloop
  endfacet
  facet normal -0.0726383 0.997358 0
    outer loop
      vertex 72.9956 5.53963 1.25
      vertex 72.7582 5.52234 1.6
      vertex 72.9956 5.53963 1.6
    endloop
  endfacet
  facet normal -0.0726383 0.997358 0
    outer loop
      vertex 72.7582 5.52234 1.6
      vertex 72.9956 5.53963 1.25
      vertex 72.7582 5.52234 1.25
    endloop
  endfacet
  facet normal 0.0917138 0.995785 -0
    outer loop
      vertex 73.2349 5.51759 1.25
      vertex 72.9956 5.53963 1.6
      vertex 73.2349 5.51759 1.6
    endloop
  endfacet
  facet normal 0.0917138 0.995785 0
    outer loop
      vertex 72.9956 5.53963 1.6
      vertex 73.2349 5.51759 1.25
      vertex 72.9956 5.53963 1.25
    endloop
  endfacet
  facet normal 0.372313 0.928107 -0
    outer loop
      vertex 73.3997 5.45148 1.25
      vertex 73.2349 5.51759 1.6
      vertex 73.3997 5.45148 1.6
    endloop
  endfacet
  facet normal 0.372313 0.928107 0
    outer loop
      vertex 73.2349 5.51759 1.6
      vertex 73.3997 5.45148 1.25
      vertex 73.2349 5.51759 1.25
    endloop
  endfacet
  facet normal 0.729999 0.683448 0
    outer loop
      vertex 73.5035 5.34061 1.6
      vertex 73.3997 5.45148 1.25
      vertex 73.3997 5.45148 1.6
    endloop
  endfacet
  facet normal 0.729999 0.683448 0
    outer loop
      vertex 73.3997 5.45148 1.25
      vertex 73.5035 5.34061 1.6
      vertex 73.5035 5.34061 1.25
    endloop
  endfacet
  facet normal 0.940826 0.33889 0
    outer loop
      vertex 73.5598 5.18431 1.6
      vertex 73.5035 5.34061 1.25
      vertex 73.5035 5.34061 1.6
    endloop
  endfacet
  facet normal 0.940826 0.33889 0
    outer loop
      vertex 73.5035 5.34061 1.25
      vertex 73.5598 5.18431 1.6
      vertex 73.5598 5.18431 1.25
    endloop
  endfacet
  facet normal -0.103862 0.994592 0
    outer loop
      vertex 74.2352 5.25484 1.25
      vertex 73.5598 5.18431 1.6
      vertex 74.2352 5.25484 1.6
    endloop
  endfacet
  facet normal -0.103862 0.994592 0
    outer loop
      vertex 73.5598 5.18431 1.6
      vertex 74.2352 5.25484 1.25
      vertex 73.5598 5.18431 1.25
    endloop
  endfacet
  facet normal -0.925811 -0.377988 0
    outer loop
      vertex 74.2352 5.25484 1.25
      vertex 74.0965 5.59456 1.6
      vertex 74.0965 5.59456 1.25
    endloop
  endfacet
  facet normal -0.925811 -0.377988 0
    outer loop
      vertex 74.0965 5.59456 1.6
      vertex 74.2352 5.25484 1.25
      vertex 74.2352 5.25484 1.6
    endloop
  endfacet
  facet normal -0.693282 -0.720666 0
    outer loop
      vertex 73.8378 5.84343 1.25
      vertex 74.0965 5.59456 1.6
      vertex 73.8378 5.84343 1.6
    endloop
  endfacet
  facet normal -0.693282 -0.720666 -0
    outer loop
      vertex 74.0965 5.59456 1.6
      vertex 73.8378 5.84343 1.25
      vertex 74.0965 5.59456 1.25
    endloop
  endfacet
  facet normal -0.381344 -0.924433 0
    outer loop
      vertex 73.4679 5.99602 1.25
      vertex 73.8378 5.84343 1.6
      vertex 73.4679 5.99602 1.6
    endloop
  endfacet
  facet normal -0.381344 -0.924433 -0
    outer loop
      vertex 73.8378 5.84343 1.6
      vertex 73.4679 5.99602 1.25
      vertex 73.8378 5.84343 1.25
    endloop
  endfacet
  facet normal -0.107067 -0.994252 0
    outer loop
      vertex 72.9956 6.04688 1.25
      vertex 73.4679 5.99602 1.6
      vertex 72.9956 6.04688 1.6
    endloop
  endfacet
  facet normal -0.107067 -0.994252 -0
    outer loop
      vertex 73.4679 5.99602 1.6
      vertex 72.9956 6.04688 1.25
      vertex 73.4679 5.99602 1.25
    endloop
  endfacet
  facet normal 0.110746 -0.993849 0
    outer loop
      vertex 72.469 5.9882 1.25
      vertex 72.9956 6.04688 1.6
      vertex 72.469 5.9882 1.6
    endloop
  endfacet
  facet normal 0.110746 -0.993849 0
    outer loop
      vertex 72.9956 6.04688 1.6
      vertex 72.469 5.9882 1.25
      vertex 72.9956 6.04688 1.25
    endloop
  endfacet
  facet normal 0.40988 -0.912139 0
    outer loop
      vertex 72.0774 5.81223 1.25
      vertex 72.469 5.9882 1.6
      vertex 72.0774 5.81223 1.6
    endloop
  endfacet
  facet normal 0.40988 -0.912139 0
    outer loop
      vertex 72.469 5.9882 1.6
      vertex 72.0774 5.81223 1.25
      vertex 72.469 5.9882 1.25
    endloop
  endfacet
  facet normal 0.756335 -0.654184 0
    outer loop
      vertex 71.8343 5.53117 1.6
      vertex 72.0774 5.81223 1.25
      vertex 72.0774 5.81223 1.6
    endloop
  endfacet
  facet normal 0.756335 -0.654184 0
    outer loop
      vertex 72.0774 5.81223 1.25
      vertex 71.8343 5.53117 1.6
      vertex 71.8343 5.53117 1.25
    endloop
  endfacet
  facet normal 0.977284 -0.211936 0
    outer loop
      vertex 71.7532 5.1572 1.6
      vertex 71.8343 5.53117 1.25
      vertex 71.8343 5.53117 1.6
    endloop
  endfacet
  facet normal 0.977284 -0.211936 0
    outer loop
      vertex 71.8343 5.53117 1.25
      vertex 71.7532 5.1572 1.6
      vertex 71.7532 5.1572 1.25
    endloop
  endfacet
  facet normal 0.992213 0.124554 0
    outer loop
      vertex 71.7827 4.9222 1.6
      vertex 71.7532 5.1572 1.25
      vertex 71.7532 5.1572 1.6
    endloop
  endfacet
  facet normal 0.992213 0.124554 0
    outer loop
      vertex 71.7532 5.1572 1.25
      vertex 71.7827 4.9222 1.6
      vertex 71.7827 4.9222 1.25
    endloop
  endfacet
  facet normal 0.910582 0.413328 0
    outer loop
      vertex 71.8712 4.72723 1.6
      vertex 71.7827 4.9222 1.25
      vertex 71.7827 4.9222 1.6
    endloop
  endfacet
  facet normal 0.910582 0.413328 0
    outer loop
      vertex 71.7827 4.9222 1.25
      vertex 71.8712 4.72723 1.6
      vertex 71.8712 4.72723 1.25
    endloop
  endfacet
  facet normal 0.738633 0.674108 0
    outer loop
      vertex 72.016 4.56857 1.6
      vertex 71.8712 4.72723 1.25
      vertex 71.8712 4.72723 1.6
    endloop
  endfacet
  facet normal 0.738633 0.674108 0
    outer loop
      vertex 71.8712 4.72723 1.25
      vertex 72.016 4.56857 1.6
      vertex 72.016 4.56857 1.25
    endloop
  endfacet
  facet normal 0.536529 0.843882 -0
    outer loop
      vertex 72.2144 4.44243 1.25
      vertex 72.016 4.56857 1.6
      vertex 72.2144 4.44243 1.6
    endloop
  endfacet
  facet normal 0.536529 0.843882 0
    outer loop
      vertex 72.016 4.56857 1.6
      vertex 72.2144 4.44243 1.25
      vertex 72.016 4.56857 1.25
    endloop
  endfacet
  facet normal 0.326957 0.945039 -0
    outer loop
      vertex 72.5446 4.32819 1.25
      vertex 72.2144 4.44243 1.6
      vertex 72.5446 4.32819 1.6
    endloop
  endfacet
  facet normal 0.326957 0.945039 0
    outer loop
      vertex 72.2144 4.44243 1.6
      vertex 72.5446 4.32819 1.25
      vertex 72.2144 4.44243 1.25
    endloop
  endfacet
  facet normal 0.222031 0.97504 -0
    outer loop
      vertex 73.0851 4.20511 1.25
      vertex 72.5446 4.32819 1.6
      vertex 73.0851 4.20511 1.6
    endloop
  endfacet
  facet normal 0.222031 0.97504 0
    outer loop
      vertex 72.5446 4.32819 1.6
      vertex 73.0851 4.20511 1.25
      vertex 72.5446 4.32819 1.25
    endloop
  endfacet
  facet normal 0.254428 0.967092 -0
    outer loop
      vertex 73.3262 4.14168 1.25
      vertex 73.0851 4.20511 1.6
      vertex 73.3262 4.14168 1.6
    endloop
  endfacet
  facet normal 0.254428 0.967092 0
    outer loop
      vertex 73.0851 4.20511 1.6
      vertex 73.3262 4.14168 1.25
      vertex 73.0851 4.20511 1.25
    endloop
  endfacet
  facet normal 0.432547 0.901612 -0
    outer loop
      vertex 73.4852 4.0654 1.25
      vertex 73.3262 4.14168 1.6
      vertex 73.4852 4.0654 1.6
    endloop
  endfacet
  facet normal 0.432547 0.901612 0
    outer loop
      vertex 73.3262 4.14168 1.6
      vertex 73.4852 4.0654 1.25
      vertex 73.3262 4.14168 1.25
    endloop
  endfacet
  facet normal 0.739802 0.672824 0
    outer loop
      vertex 73.5737 3.96809 1.6
      vertex 73.4852 4.0654 1.25
      vertex 73.4852 4.0654 1.6
    endloop
  endfacet
  facet normal 0.739802 0.672824 0
    outer loop
      vertex 73.4852 4.0654 1.25
      vertex 73.5737 3.96809 1.6
      vertex 73.5737 3.96809 1.25
    endloop
  endfacet
  facet normal 0.973854 0.227176 0
    outer loop
      vertex 73.6032 3.84163 1.6
      vertex 73.5737 3.96809 1.25
      vertex 73.5737 3.96809 1.6
    endloop
  endfacet
  facet normal 0.973854 0.227176 0
    outer loop
      vertex 73.5737 3.96809 1.25
      vertex 73.6032 3.84163 1.6
      vertex 73.6032 3.84163 1.25
    endloop
  endfacet
  facet normal 0.971694 -0.236243 0
    outer loop
      vertex 73.5666 3.69109 1.6
      vertex 73.6032 3.84163 1.25
      vertex 73.6032 3.84163 1.6
    endloop
  endfacet
  facet normal 0.971694 -0.236243 0
    outer loop
      vertex 73.6032 3.84163 1.25
      vertex 73.5666 3.69109 1.6
      vertex 73.5666 3.69109 1.25
    endloop
  endfacet
  facet normal 0.688905 -0.724851 0
    outer loop
      vertex 73.4567 3.58664 1.25
      vertex 73.5666 3.69109 1.6
      vertex 73.4567 3.58664 1.6
    endloop
  endfacet
  facet normal 0.688905 -0.724851 0
    outer loop
      vertex 73.5666 3.69109 1.6
      vertex 73.4567 3.58664 1.25
      vertex 73.5666 3.69109 1.25
    endloop
  endfacet
  facet normal 0.305922 -0.952057 0
    outer loop
      vertex 73.2668 3.52562 1.25
      vertex 73.4567 3.58664 1.6
      vertex 73.2668 3.52562 1.6
    endloop
  endfacet
  facet normal 0.305922 -0.952057 0
    outer loop
      vertex 73.4567 3.58664 1.6
      vertex 73.2668 3.52562 1.25
      vertex 73.4567 3.58664 1.25
    endloop
  endfacet
  facet normal 0.0733378 -0.997307 0
    outer loop
      vertex 72.9902 3.50528 1.25
      vertex 73.2668 3.52562 1.6
      vertex 72.9902 3.50528 1.6
    endloop
  endfacet
  facet normal 0.0733378 -0.997307 0
    outer loop
      vertex 73.2668 3.52562 1.6
      vertex 72.9902 3.50528 1.25
      vertex 73.2668 3.52562 1.25
    endloop
  endfacet
  facet normal -0.0732623 -0.997313 0
    outer loop
      vertex 72.6948 3.52698 1.25
      vertex 72.9902 3.50528 1.6
      vertex 72.6948 3.52698 1.6
    endloop
  endfacet
  facet normal -0.0732623 -0.997313 -0
    outer loop
      vertex 72.9902 3.50528 1.6
      vertex 72.6948 3.52698 1.25
      vertex 72.9902 3.50528 1.25
    endloop
  endfacet
  facet normal -0.321664 -0.946854 0
    outer loop
      vertex 72.5032 3.59207 1.25
      vertex 72.6948 3.52698 1.6
      vertex 72.5032 3.59207 1.6
    endloop
  endfacet
  facet normal -0.321664 -0.946854 -0
    outer loop
      vertex 72.6948 3.52698 1.6
      vertex 72.5032 3.59207 1.25
      vertex 72.6948 3.52698 1.25
    endloop
  endfacet
  facet normal -0.702032 -0.712146 0
    outer loop
      vertex 72.3842 3.70938 1.25
      vertex 72.5032 3.59207 1.6
      vertex 72.3842 3.70938 1.6
    endloop
  endfacet
  facet normal -0.702032 -0.712146 -0
    outer loop
      vertex 72.5032 3.59207 1.6
      vertex 72.3842 3.70938 1.25
      vertex 72.5032 3.59207 1.25
    endloop
  endfacet
  facet normal -0.916947 -0.399008 0
    outer loop
      vertex 72.3842 3.70938 1.25
      vertex 72.3066 3.88771 1.6
      vertex 72.3066 3.88771 1.25
    endloop
  endfacet
  facet normal -0.916947 -0.399008 0
    outer loop
      vertex 72.3066 3.88771 1.6
      vertex 72.3842 3.70938 1.25
      vertex 72.3842 3.70938 1.6
    endloop
  endfacet
  facet normal 0.148138 -0.988967 0
    outer loop
      vertex 71.6366 3.78735 1.25
      vertex 72.3066 3.88771 1.6
      vertex 71.6366 3.78735 1.6
    endloop
  endfacet
  facet normal 0.148138 -0.988967 0
    outer loop
      vertex 72.3066 3.88771 1.6
      vertex 71.6366 3.78735 1.25
      vertex 72.3066 3.88771 1.25
    endloop
  endfacet
  facet normal 0.910184 0.414203 0
    outer loop
      vertex 71.7963 3.43642 1.6
      vertex 71.6366 3.78735 1.25
      vertex 71.6366 3.78735 1.6
    endloop
  endfacet
  facet normal 0.910184 0.414203 0
    outer loop
      vertex 71.6366 3.78735 1.25
      vertex 71.7963 3.43642 1.6
      vertex 71.7963 3.43642 1.25
    endloop
  endfacet
  facet normal 0.674602 0.738182 -0
    outer loop
      vertex 72.0638 3.19196 1.25
      vertex 71.7963 3.43642 1.6
      vertex 72.0638 3.19196 1.6
    endloop
  endfacet
  facet normal 0.674602 0.738182 0
    outer loop
      vertex 71.7963 3.43642 1.6
      vertex 72.0638 3.19196 1.25
      vertex 71.7963 3.43642 1.25
    endloop
  endfacet
  facet normal 0.34334 0.939211 -0
    outer loop
      vertex 72.4561 3.04855 1.25
      vertex 72.0638 3.19196 1.6
      vertex 72.4561 3.04855 1.6
    endloop
  endfacet
  facet normal 0.34334 0.939211 0
    outer loop
      vertex 72.0638 3.19196 1.6
      vertex 72.4561 3.04855 1.25
      vertex 72.0638 3.19196 1.25
    endloop
  endfacet
  facet normal 0.0891401 0.996019 -0
    outer loop
      vertex 72.9902 3.00075 1.25
      vertex 72.4561 3.04855 1.6
      vertex 72.9902 3.00075 1.6
    endloop
  endfacet
  facet normal 0.0891401 0.996019 0
    outer loop
      vertex 72.4561 3.04855 1.6
      vertex 72.9902 3.00075 1.25
      vertex 72.4561 3.04855 1.25
    endloop
  endfacet
  facet normal -0.109915 0.993941 0
    outer loop
      vertex 73.5391 3.06145 1.25
      vertex 72.9902 3.00075 1.6
      vertex 73.5391 3.06145 1.6
    endloop
  endfacet
  facet normal -0.109915 0.993941 0
    outer loop
      vertex 72.9902 3.00075 1.6
      vertex 73.5391 3.06145 1.25
      vertex 72.9902 3.00075 1.25
    endloop
  endfacet
  facet normal -0.995047 0.0994095 0
    outer loop
      vertex 80.4327 4.49532 1.25
      vertex 80.4724 4.8927 1.6
      vertex 80.4724 4.8927 1.25
    endloop
  endfacet
  facet normal -0.995047 0.0994095 0
    outer loop
      vertex 80.4724 4.8927 1.6
      vertex 80.4327 4.49532 1.25
      vertex 80.4327 4.49532 1.6
    endloop
  endfacet
  facet normal -0.923354 0.383951 0
    outer loop
      vertex 80.4724 4.8927 1.25
      vertex 80.5914 5.17888 1.6
      vertex 80.5914 5.17888 1.25
    endloop
  endfacet
  facet normal -0.923354 0.383951 0
    outer loop
      vertex 80.5914 5.17888 1.6
      vertex 80.4724 4.8927 1.25
      vertex 80.4724 4.8927 1.6
    endloop
  endfacet
  facet normal -0.672675 0.739938 0
    outer loop
      vertex 80.7816 5.35179 1.25
      vertex 80.5914 5.17888 1.6
      vertex 80.7816 5.35179 1.6
    endloop
  endfacet
  facet normal -0.672675 0.739938 0
    outer loop
      vertex 80.5914 5.17888 1.6
      vertex 80.7816 5.35179 1.25
      vertex 80.5914 5.17888 1.25
    endloop
  endfacet
  facet normal -0.221921 0.975065 0
    outer loop
      vertex 81.0349 5.40944 1.25
      vertex 80.7816 5.35179 1.6
      vertex 81.0349 5.40944 1.6
    endloop
  endfacet
  facet normal -0.221921 0.975065 0
    outer loop
      vertex 80.7816 5.35179 1.6
      vertex 81.0349 5.40944 1.25
      vertex 80.7816 5.35179 1.25
    endloop
  endfacet
  facet normal 0.0668678 0.997762 -0
    outer loop
      vertex 81.1868 5.39926 1.25
      vertex 81.0349 5.40944 1.6
      vertex 81.1868 5.39926 1.6
    endloop
  endfacet
  facet normal 0.0668678 0.997762 0
    outer loop
      vertex 81.0349 5.40944 1.6
      vertex 81.1868 5.39926 1.25
      vertex 81.0349 5.40944 1.25
    endloop
  endfacet
  facet normal 0.173041 0.984915 -0
    outer loop
      vertex 81.3604 5.36876 1.25
      vertex 81.1868 5.39926 1.6
      vertex 81.3604 5.36876 1.6
    endloop
  endfacet
  facet normal 0.173041 0.984915 0
    outer loop
      vertex 81.1868 5.39926 1.6
      vertex 81.3604 5.36876 1.25
      vertex 81.1868 5.39926 1.25
    endloop
  endfacet
  facet normal -1 0 0
    outer loop
      vertex 81.3604 5.36876 1.25
      vertex 81.3604 6.0062 1.6
      vertex 81.3604 6.0062 1.25
    endloop
  endfacet
  facet normal -1 -0 0
    outer loop
      vertex 81.3604 6.0062 1.6
      vertex 81.3604 5.36876 1.25
      vertex 81.3604 5.36876 1.6
    endloop
  endfacet
  facet normal -0.281916 -0.959439 0
    outer loop
      vertex 81.2566 6.0367 1.25
      vertex 81.3604 6.0062 1.6
      vertex 81.2566 6.0367 1.6
    endloop
  endfacet
  facet normal -0.281916 -0.959439 -0
    outer loop
      vertex 81.3604 6.0062 1.6
      vertex 81.2566 6.0367 1.25
      vertex 81.3604 6.0062 1.25
    endloop
  endfacet
  facet normal -0.0767772 -0.997048 0
    outer loop
      vertex 81.1244 6.04688 1.25
      vertex 81.2566 6.0367 1.6
      vertex 81.1244 6.04688 1.6
    endloop
  endfacet
  facet normal -0.0767772 -0.997048 -0
    outer loop
      vertex 81.2566 6.0367 1.6
      vertex 81.1244 6.04688 1.25
      vertex 81.2566 6.0367 1.25
    endloop
  endfacet
  facet normal 0.0925926 -0.995704 0
    outer loop
      vertex 80.9603 6.03162 1.25
      vertex 81.1244 6.04688 1.6
      vertex 80.9603 6.03162 1.6
    endloop
  endfacet
  facet normal 0.0925926 -0.995704 0
    outer loop
      vertex 81.1244 6.04688 1.6
      vertex 80.9603 6.03162 1.25
      vertex 81.1244 6.04688 1.25
    endloop
  endfacet
  facet normal 0.322648 -0.946519 0
    outer loop
      vertex 80.826 5.98584 1.25
      vertex 80.9603 6.03162 1.6
      vertex 80.826 5.98584 1.6
    endloop
  endfacet
  facet normal 0.322648 -0.946519 0
    outer loop
      vertex 80.9603 6.03162 1.6
      vertex 80.826 5.98584 1.25
      vertex 80.9603 6.03162 1.25
    endloop
  endfacet
  facet normal 0.570783 -0.821101 0
    outer loop
      vertex 80.7148 5.90854 1.25
      vertex 80.826 5.98584 1.6
      vertex 80.7148 5.90854 1.6
    endloop
  endfacet
  facet normal 0.570783 -0.821101 0
    outer loop
      vertex 80.826 5.98584 1.6
      vertex 80.7148 5.90854 1.25
      vertex 80.826 5.98584 1.25
    endloop
  endfacet
  facet normal 0.756752 -0.653702 0
    outer loop
      vertex 80.6199 5.79868 1.6
      vertex 80.7148 5.90854 1.25
      vertex 80.7148 5.90854 1.6
    endloop
  endfacet
  facet normal 0.756752 -0.653702 0
    outer loop
      vertex 80.7148 5.90854 1.25
      vertex 80.6199 5.79868 1.6
      vertex 80.6199 5.79868 1.25
    endloop
  endfacet
  facet normal 0.879759 -0.475421 0
    outer loop
      vertex 80.527 5.62677 1.6
      vertex 80.6199 5.79868 1.25
      vertex 80.6199 5.79868 1.6
    endloop
  endfacet
  facet normal 0.879759 -0.475421 0
    outer loop
      vertex 80.6199 5.79868 1.25
      vertex 80.527 5.62677 1.6
      vertex 80.527 5.62677 1.25
    endloop
  endfacet
  facet normal 0.928822 -0.370527 0
    outer loop
      vertex 80.4219 5.36331 1.6
      vertex 80.527 5.62677 1.25
      vertex 80.527 5.62677 1.6
    endloop
  endfacet
  facet normal 0.928822 -0.370527 0
    outer loop
      vertex 80.527 5.62677 1.25
      vertex 80.4219 5.36331 1.6
      vertex 80.4219 5.36331 1.25
    endloop
  endfacet
  facet normal 0 -1 0
    outer loop
      vertex 80.411 5.36331 1.25
      vertex 80.4219 5.36331 1.6
      vertex 80.411 5.36331 1.6
    endloop
  endfacet
  facet normal 0 -1 -0
    outer loop
      vertex 80.4219 5.36331 1.6
      vertex 80.411 5.36331 1.25
      vertex 80.4219 5.36331 1.25
    endloop
  endfacet
  facet normal -0.999619 -0.0276071 0
    outer loop
      vertex 80.411 5.36331 1.25
      vertex 80.4076 5.48642 1.6
      vertex 80.4076 5.48642 1.25
    endloop
  endfacet
  facet normal -0.999619 -0.0276071 0
    outer loop
      vertex 80.4076 5.48642 1.6
      vertex 80.411 5.36331 1.25
      vertex 80.411 5.36331 1.6
    endloop
  endfacet
  facet normal -0.998806 -0.048852 0
    outer loop
      vertex 80.4076 5.48642 1.25
      vertex 80.3975 5.69292 1.6
      vertex 80.3975 5.69292 1.25
    endloop
  endfacet
  facet normal -0.998806 -0.048852 0
    outer loop
      vertex 80.3975 5.69292 1.6
      vertex 80.4076 5.48642 1.25
      vertex 80.4076 5.48642 1.6
    endloop
  endfacet
  facet normal -0.998083 -0.0618927 0
    outer loop
      vertex 80.3975 5.69292 1.25
      vertex 80.3852 5.89127 1.6
      vertex 80.3852 5.89127 1.25
    endloop
  endfacet
  facet normal -0.998083 -0.0618927 0
    outer loop
      vertex 80.3852 5.89127 1.6
      vertex 80.3975 5.69292 1.25
      vertex 80.3975 5.69292 1.6
    endloop
  endfacet
  facet normal -0.995394 -0.0958662 0
    outer loop
      vertex 80.3852 5.89127 1.25
      vertex 80.3757 5.98991 1.6
      vertex 80.3757 5.98991 1.25
    endloop
  endfacet
  facet normal -0.995394 -0.0958662 0
    outer loop
      vertex 80.3757 5.98991 1.6
      vertex 80.3852 5.89127 1.25
      vertex 80.3852 5.89127 1.6
    endloop
  endfacet
  facet normal 0 -1 0
    outer loop
      vertex 79.6488 5.98991 1.25
      vertex 80.3757 5.98991 1.6
      vertex 79.6488 5.98991 1.6
    endloop
  endfacet
  facet normal 0 -1 -0
    outer loop
      vertex 80.3757 5.98991 1.6
      vertex 79.6488 5.98991 1.25
      vertex 80.3757 5.98991 1.25
    endloop
  endfacet
  facet normal 0.998308 0.0581452 0
    outer loop
      vertex 79.6566 5.85599 1.6
      vertex 79.6488 5.98991 1.25
      vertex 79.6488 5.98991 1.6
    endloop
  endfacet
  facet normal 0.998308 0.0581452 0
    outer loop
      vertex 79.6488 5.98991 1.25
      vertex 79.6566 5.85599 1.6
      vertex 79.6566 5.85599 1.25
    endloop
  endfacet
  facet normal 0.998914 0.0465863 0
    outer loop
      vertex 79.6637 5.70375 1.6
      vertex 79.6566 5.85599 1.25
      vertex 79.6566 5.85599 1.6
    endloop
  endfacet
  facet normal 0.998914 0.0465863 0
    outer loop
      vertex 79.6566 5.85599 1.25
      vertex 79.6637 5.70375 1.6
      vertex 79.6637 5.70375 1.25
    endloop
  endfacet
  facet normal 0.999605 0.0281036 0
    outer loop
      vertex 79.6688 5.52235 1.6
      vertex 79.6637 5.70375 1.25
      vertex 79.6637 5.70375 1.6
    endloop
  endfacet
  facet normal 0.999605 0.0281036 0
    outer loop
      vertex 79.6637 5.70375 1.25
      vertex 79.6688 5.52235 1.6
      vertex 79.6688 5.52235 1.25
    endloop
  endfacet
  facet normal 0.999971 0.00767818 0
    outer loop
      vertex 79.6705 5.30095 1.6
      vertex 79.6688 5.52235 1.25
      vertex 79.6688 5.52235 1.6
    endloop
  endfacet
  facet normal 0.999971 0.00767818 0
    outer loop
      vertex 79.6688 5.52235 1.25
      vertex 79.6705 5.30095 1.6
      vertex 79.6705 5.30095 1.25
    endloop
  endfacet
  facet normal 1 -0 0
    outer loop
      vertex 79.6705 3.05499 1.6
      vertex 79.6705 5.30095 1.25
      vertex 79.6705 5.30095 1.6
    endloop
  endfacet
  facet normal 1 0 0
    outer loop
      vertex 79.6705 5.30095 1.25
      vertex 79.6705 3.05499 1.6
      vertex 79.6705 3.05499 1.25
    endloop
  endfacet
  facet normal 0 1 -0
    outer loop
      vertex 80.4327 3.05499 1.25
      vertex 79.6705 3.05499 1.6
      vertex 80.4327 3.05499 1.6
    endloop
  endfacet
  facet normal 0 1 0
    outer loop
      vertex 79.6705 3.05499 1.6
      vertex 80.4327 3.05499 1.25
      vertex 79.6705 3.05499 1.25
    endloop
  endfacet
  facet normal -1 0 0
    outer loop
      vertex 80.4327 3.05499 1.25
      vertex 80.4327 4.49532 1.6
      vertex 80.4327 4.49532 1.25
    endloop
  endfacet
  facet normal -1 -0 0
    outer loop
      vertex 80.4327 4.49532 1.6
      vertex 80.4327 3.05499 1.25
      vertex 80.4327 3.05499 1.6
    endloop
  endfacet
  facet normal -0.784559 0.620055 0
    outer loop
      vertex 78.6489 3.20012 1.25
      vertex 79.1216 3.79823 1.6
      vertex 79.1216 3.79823 1.25
    endloop
  endfacet
  facet normal -0.784559 0.620055 0
    outer loop
      vertex 79.1216 3.79823 1.6
      vertex 78.6489 3.20012 1.25
      vertex 78.6489 3.20012 1.6
    endloop
  endfacet
  facet normal -0.0864329 -0.996258 0
    outer loop
      vertex 78.4027 3.8606 1.25
      vertex 79.1216 3.79823 1.6
      vertex 78.4027 3.8606 1.6
    endloop
  endfacet
  facet normal -0.0864329 -0.996258 -0
    outer loop
      vertex 79.1216 3.79823 1.6
      vertex 78.4027 3.8606 1.25
      vertex 79.1216 3.79823 1.25
    endloop
  endfacet
  facet normal 0.824209 -0.566286 0
    outer loop
      vertex 78.2224 3.59818 1.6
      vertex 78.4027 3.8606 1.25
      vertex 78.4027 3.8606 1.6
    endloop
  endfacet
  facet normal 0.824209 -0.566286 0
    outer loop
      vertex 78.4027 3.8606 1.25
      vertex 78.2224 3.59818 1.6
      vertex 78.2224 3.59818 1.25
    endloop
  endfacet
  facet normal 0.256503 -0.966543 0
    outer loop
      vertex 77.8928 3.51071 1.25
      vertex 78.2224 3.59818 1.6
      vertex 77.8928 3.51071 1.6
    endloop
  endfacet
  facet normal 0.256503 -0.966543 0
    outer loop
      vertex 78.2224 3.59818 1.6
      vertex 77.8928 3.51071 1.25
      vertex 78.2224 3.59818 1.25
    endloop
  endfacet
  facet normal -0.2059 -0.978573 0
    outer loop
      vertex 77.6334 3.56529 1.25
      vertex 77.8928 3.51071 1.6
      vertex 77.6334 3.56529 1.6
    endloop
  endfacet
  facet normal -0.2059 -0.978573 -0
    outer loop
      vertex 77.8928 3.51071 1.6
      vertex 77.6334 3.56529 1.25
      vertex 77.8928 3.51071 1.25
    endloop
  endfacet
  facet normal -0.648499 -0.761216 0
    outer loop
      vertex 77.4412 3.72903 1.25
      vertex 77.6334 3.56529 1.6
      vertex 77.4412 3.72903 1.6
    endloop
  endfacet
  facet normal -0.648499 -0.761216 -0
    outer loop
      vertex 77.6334 3.56529 1.6
      vertex 77.4412 3.72903 1.25
      vertex 77.6334 3.56529 1.25
    endloop
  endfacet
  facet normal -0.91557 -0.402159 0
    outer loop
      vertex 77.4412 3.72903 1.25
      vertex 77.3222 3.99995 1.6
      vertex 77.3222 3.99995 1.25
    endloop
  endfacet
  facet normal -0.91557 -0.402159 0
    outer loop
      vertex 77.3222 3.99995 1.6
      vertex 77.4412 3.72903 1.25
      vertex 77.4412 3.72903 1.6
    endloop
  endfacet
  facet normal -0.994473 -0.10499 0
    outer loop
      vertex 77.3222 3.99995 1.25
      vertex 77.2825 4.37599 1.6
      vertex 77.2825 4.37599 1.25
    endloop
  endfacet
  facet normal -0.994473 -0.10499 0
    outer loop
      vertex 77.2825 4.37599 1.6
      vertex 77.3222 3.99995 1.25
      vertex 77.3222 3.99995 1.6
    endloop
  endfacet
  facet normal 0 1 -0
    outer loop
      vertex 79.165 4.37599 1.25
      vertex 77.2825 4.37599 1.6
      vertex 79.165 4.37599 1.6
    endloop
  endfacet
  facet normal 0 1 0
    outer loop
      vertex 77.2825 4.37599 1.6
      vertex 79.165 4.37599 1.25
      vertex 77.2825 4.37599 1.25
    endloop
  endfacet
  facet normal -1 0 0
    outer loop
      vertex 79.165 4.37599 1.25
      vertex 79.165 4.39767 1.6
      vertex 79.165 4.39767 1.25
    endloop
  endfacet
  facet normal -1 -0 0
    outer loop
      vertex 79.165 4.39767 1.6
      vertex 79.165 4.37599 1.25
      vertex 79.165 4.37599 1.6
    endloop
  endfacet
  facet normal -0.993191 -0.116498 0
    outer loop
      vertex 79.165 4.39767 1.25
      vertex 79.0816 5.10869 1.6
      vertex 79.0816 5.10869 1.25
    endloop
  endfacet
  facet normal -0.993191 -0.116498 0
    outer loop
      vertex 79.0816 5.10869 1.6
      vertex 79.165 4.39767 1.25
      vertex 79.165 4.39767 1.6
    endloop
  endfacet
  facet normal -0.899863 -0.436173 0
    outer loop
      vertex 79.0816 5.10869 1.25
      vertex 78.8313 5.62508 1.6
      vertex 78.8313 5.62508 1.25
    endloop
  endfacet
  facet normal -0.899863 -0.436173 0
    outer loop
      vertex 78.8313 5.62508 1.6
      vertex 79.0816 5.10869 1.25
      vertex 79.0816 5.10869 1.6
    endloop
  endfacet
  facet normal -0.610077 -0.792342 0
    outer loop
      vertex 78.4231 5.93938 1.25
      vertex 78.8313 5.62508 1.6
      vertex 78.4231 5.93938 1.6
    endloop
  endfacet
  facet normal -0.610077 -0.792342 -0
    outer loop
      vertex 78.8313 5.62508 1.6
      vertex 78.4231 5.93938 1.25
      vertex 78.8313 5.62508 1.25
    endloop
  endfacet
  facet normal -0.184744 -0.982787 0
    outer loop
      vertex 77.8657 6.04416 1.25
      vertex 78.4231 5.93938 1.6
      vertex 77.8657 6.04416 1.6
    endloop
  endfacet
  facet normal -0.184744 -0.982787 -0
    outer loop
      vertex 78.4231 5.93938 1.6
      vertex 77.8657 6.04416 1.25
      vertex 78.4231 5.93938 1.25
    endloop
  endfacet
  facet normal 0.164224 -0.986423 0
    outer loop
      vertex 77.2791 5.9465 1.25
      vertex 77.8657 6.04416 1.6
      vertex 77.2791 5.9465 1.6
    endloop
  endfacet
  facet normal 0.164224 -0.986423 0
    outer loop
      vertex 77.8657 6.04416 1.6
      vertex 77.2791 5.9465 1.25
      vertex 77.8657 6.04416 1.25
    endloop
  endfacet
  facet normal 0.557706 -0.830039 0
    outer loop
      vertex 76.8431 5.65355 1.25
      vertex 77.2791 5.9465 1.6
      vertex 76.8431 5.65355 1.6
    endloop
  endfacet
  facet normal 0.557706 -0.830039 0
    outer loop
      vertex 77.2791 5.9465 1.6
      vertex 76.8431 5.65355 1.25
      vertex 77.2791 5.9465 1.25
    endloop
  endfacet
  facet normal 0.868747 -0.495256 0
    outer loop
      vertex 76.5725 5.17888 1.6
      vertex 76.8431 5.65355 1.25
      vertex 76.8431 5.65355 1.6
    endloop
  endfacet
  facet normal 0.868747 -0.495256 0
    outer loop
      vertex 76.8431 5.65355 1.25
      vertex 76.5725 5.17888 1.6
      vertex 76.5725 5.17888 1.25
    endloop
  endfacet
  facet normal 0.990299 -0.138952 0
    outer loop
      vertex 76.4823 4.53603 1.6
      vertex 76.5725 5.17888 1.25
      vertex 76.5725 5.17888 1.6
    endloop
  endfacet
  facet normal 0.990299 -0.138952 0
    outer loop
      vertex 76.5725 5.17888 1.25
      vertex 76.4823 4.53603 1.6
      vertex 76.4823 4.53603 1.25
    endloop
  endfacet
  facet normal 0.99111 0.133047 0
    outer loop
      vertex 76.5711 3.87453 1.6
      vertex 76.4823 4.53603 1.25
      vertex 76.4823 4.53603 1.6
    endloop
  endfacet
  facet normal 0.99111 0.133047 0
    outer loop
      vertex 76.4823 4.53603 1.25
      vertex 76.5711 3.87453 1.6
      vertex 76.5711 3.87453 1.25
    endloop
  endfacet
  facet normal 0.87506 0.484015 0
    outer loop
      vertex 76.8376 3.39272 1.6
      vertex 76.5711 3.87453 1.25
      vertex 76.5711 3.87453 1.6
    endloop
  endfacet
  facet normal 0.87506 0.484015 0
    outer loop
      vertex 76.5711 3.87453 1.25
      vertex 76.8376 3.39272 1.6
      vertex 76.8376 3.39272 1.25
    endloop
  endfacet
  facet normal 0.562598 0.826731 -0
    outer loop
      vertex 77.2696 3.09874 1.25
      vertex 76.8376 3.39272 1.6
      vertex 77.2696 3.09874 1.6
    endloop
  endfacet
  facet normal 0.562598 0.826731 0
    outer loop
      vertex 76.8376 3.39272 1.6
      vertex 77.2696 3.09874 1.25
      vertex 76.8376 3.39272 1.25
    endloop
  endfacet
  facet normal 0.165148 0.986269 -0
    outer loop
      vertex 77.8548 3.00075 1.25
      vertex 77.2696 3.09874 1.6
      vertex 77.8548 3.00075 1.6
    endloop
  endfacet
  facet normal 0.165148 0.986269 0
    outer loop
      vertex 77.2696 3.09874 1.6
      vertex 77.8548 3.00075 1.25
      vertex 77.2696 3.09874 1.25
    endloop
  endfacet
  facet normal -0.243507 0.969899 0
    outer loop
      vertex 78.6489 3.20012 1.25
      vertex 77.8548 3.00075 1.6
      vertex 78.6489 3.20012 1.6
    endloop
  endfacet
  facet normal -0.243507 0.969899 0
    outer loop
      vertex 77.8548 3.00075 1.6
      vertex 78.6489 3.20012 1.25
      vertex 77.8548 3.00075 1.25
    endloop
  endfacet
  facet normal -0.990097 0.140388 0
    outer loop
      vertex 77.2879 4.85339 1.25
      vertex 77.3303 5.15242 1.6
      vertex 77.3303 5.15242 1.25
    endloop
  endfacet
  facet normal -0.990097 0.140388 0
    outer loop
      vertex 77.3303 5.15242 1.6
      vertex 77.2879 4.85339 1.25
      vertex 77.2879 4.85339 1.6
    endloop
  endfacet
  facet normal -0.896542 0.442959 0
    outer loop
      vertex 77.3303 5.15242 1.25
      vertex 77.4412 5.37688 1.6
      vertex 77.4412 5.37688 1.25
    endloop
  endfacet
  facet normal -0.896542 0.442959 0
    outer loop
      vertex 77.4412 5.37688 1.6
      vertex 77.3303 5.15242 1.25
      vertex 77.3303 5.15242 1.6
    endloop
  endfacet
  facet normal -0.623801 0.781584 0
    outer loop
      vertex 77.6171 5.51727 1.25
      vertex 77.4412 5.37688 1.6
      vertex 77.6171 5.51727 1.6
    endloop
  endfacet
  facet normal -0.623801 0.781584 0
    outer loop
      vertex 77.4412 5.37688 1.6
      vertex 77.6171 5.51727 1.25
      vertex 77.4412 5.37688 1.25
    endloop
  endfacet
  facet normal -0.193178 0.981164 0
    outer loop
      vertex 77.8548 5.56407 1.25
      vertex 77.6171 5.51727 1.6
      vertex 77.8548 5.56407 1.6
    endloop
  endfacet
  facet normal -0.193178 0.981164 0
    outer loop
      vertex 77.6171 5.51727 1.6
      vertex 77.8548 5.56407 1.25
      vertex 77.6171 5.51727 1.25
    endloop
  endfacet
  facet normal 0.192449 0.981307 -0
    outer loop
      vertex 78.0813 5.51965 1.25
      vertex 77.8548 5.56407 1.6
      vertex 78.0813 5.51965 1.6
    endloop
  endfacet
  facet normal 0.192449 0.981307 0
    outer loop
      vertex 77.8548 5.56407 1.6
      vertex 78.0813 5.51965 1.25
      vertex 77.8548 5.56407 1.25
    endloop
  endfacet
  facet normal 0.605803 0.795614 -0
    outer loop
      vertex 78.2563 5.3864 1.25
      vertex 78.0813 5.51965 1.6
      vertex 78.2563 5.3864 1.6
    endloop
  endfacet
  facet normal 0.605803 0.795614 0
    outer loop
      vertex 78.0813 5.51965 1.6
      vertex 78.2563 5.3864 1.25
      vertex 78.0813 5.51965 1.25
    endloop
  endfacet
  facet normal 0.884244 0.467026 0
    outer loop
      vertex 78.3736 5.16431 1.6
      vertex 78.2563 5.3864 1.25
      vertex 78.2563 5.3864 1.6
    endloop
  endfacet
  facet normal 0.884244 0.467026 0
    outer loop
      vertex 78.2563 5.3864 1.25
      vertex 78.3736 5.16431 1.6
      vertex 78.3736 5.16431 1.25
    endloop
  endfacet
  facet normal 0.985464 0.169886 0
    outer loop
      vertex 78.4272 4.85339 1.6
      vertex 78.3736 5.16431 1.25
      vertex 78.3736 5.16431 1.6
    endloop
  endfacet
  facet normal 0.985464 0.169886 0
    outer loop
      vertex 78.3736 5.16431 1.25
      vertex 78.4272 4.85339 1.6
      vertex 78.4272 4.85339 1.25
    endloop
  endfacet
  facet normal 0 -1 0
    outer loop
      vertex 77.2879 4.85339 1.25
      vertex 78.4272 4.85339 1.6
      vertex 77.2879 4.85339 1.6
    endloop
  endfacet
  facet normal 0 -1 -0
    outer loop
      vertex 78.4272 4.85339 1.6
      vertex 77.2879 4.85339 1.25
      vertex 78.4272 4.85339 1.25
    endloop
  endfacet
  facet normal 0.841203 0.540719 0
    outer loop
      vertex 70.6455 3.05499 1.6
      vertex 69.962 4.11832 1.25
      vertex 69.962 4.11832 1.6
    endloop
  endfacet
  facet normal 0.841203 0.540719 0
    outer loop
      vertex 69.962 4.11832 1.25
      vertex 70.6455 3.05499 1.6
      vertex 70.6455 3.05499 1.25
    endloop
  endfacet
  facet normal 0 1 -0
    outer loop
      vertex 71.4728 3.05499 1.25
      vertex 70.6455 3.05499 1.6
      vertex 71.4728 3.05499 1.6
    endloop
  endfacet
  facet normal 0 1 0
    outer loop
      vertex 70.6455 3.05499 1.6
      vertex 71.4728 3.05499 1.25
      vertex 70.6455 3.05499 1.25
    endloop
  endfacet
  facet normal -0.815423 -0.578865 0
    outer loop
      vertex 71.4728 3.05499 1.25
      vertex 70.3906 4.57944 1.6
      vertex 70.3906 4.57944 1.25
    endloop
  endfacet
  facet normal -0.815423 -0.578865 0
    outer loop
      vertex 70.3906 4.57944 1.6
      vertex 71.4728 3.05499 1.25
      vertex 71.4728 3.05499 1.6
    endloop
  endfacet
  facet normal -0.809608 0.586971 0
    outer loop
      vertex 70.3906 4.57944 1.25
      vertex 71.4132 5.98991 1.6
      vertex 71.4132 5.98991 1.25
    endloop
  endfacet
  facet normal -0.809608 0.586971 0
    outer loop
      vertex 71.4132 5.98991 1.6
      vertex 70.3906 4.57944 1.25
      vertex 70.3906 4.57944 1.6
    endloop
  endfacet
  facet normal 0 -1 0
    outer loop
      vertex 70.5859 5.98991 1.25
      vertex 71.4132 5.98991 1.6
      vertex 70.5859 5.98991 1.6
    endloop
  endfacet
  facet normal 0 -1 -0
    outer loop
      vertex 71.4132 5.98991 1.6
      vertex 70.5859 5.98991 1.25
      vertex 71.4132 5.98991 1.25
    endloop
  endfacet
  facet normal 0.838535 -0.544847 0
    outer loop
      vertex 69.962 5.02971 1.6
      vertex 70.5859 5.98991 1.25
      vertex 70.5859 5.98991 1.6
    endloop
  endfacet
  facet normal 0.838535 -0.544847 0
    outer loop
      vertex 70.5859 5.98991 1.25
      vertex 69.962 5.02971 1.6
      vertex 69.962 5.02971 1.25
    endloop
  endfacet
  facet normal -0.837458 -0.546502 0
    outer loop
      vertex 69.962 5.02971 1.25
      vertex 69.3354 5.98991 1.6
      vertex 69.3354 5.98991 1.25
    endloop
  endfacet
  facet normal -0.837458 -0.546502 0
    outer loop
      vertex 69.3354 5.98991 1.6
      vertex 69.962 5.02971 1.25
      vertex 69.962 5.02971 1.6
    endloop
  endfacet
  facet normal 0 -1 0
    outer loop
      vertex 68.5135 5.98991 1.25
      vertex 69.3354 5.98991 1.6
      vertex 68.5135 5.98991 1.6
    endloop
  endfacet
  facet normal 0 -1 -0
    outer loop
      vertex 69.3354 5.98991 1.6
      vertex 68.5135 5.98991 1.25
      vertex 69.3354 5.98991 1.25
    endloop
  endfacet
  facet normal 0.811214 0.584749 0
    outer loop
      vertex 69.5361 4.57127 1.6
      vertex 68.5135 5.98991 1.25
      vertex 68.5135 5.98991 1.6
    endloop
  endfacet
  facet normal 0.811214 0.584749 0
    outer loop
      vertex 68.5135 5.98991 1.25
      vertex 69.5361 4.57127 1.6
      vertex 69.5361 4.57127 1.25
    endloop
  endfacet
  facet normal 0.816007 -0.578042 0
    outer loop
      vertex 68.462 3.05499 1.6
      vertex 69.5361 4.57127 1.25
      vertex 69.5361 4.57127 1.6
    endloop
  endfacet
  facet normal 0.816007 -0.578042 0
    outer loop
      vertex 69.5361 4.57127 1.25
      vertex 68.462 3.05499 1.6
      vertex 68.462 3.05499 1.25
    endloop
  endfacet
  facet normal 0 1 -0
    outer loop
      vertex 69.273 3.05499 1.25
      vertex 68.462 3.05499 1.6
      vertex 69.273 3.05499 1.6
    endloop
  endfacet
  facet normal 0 1 0
    outer loop
      vertex 68.462 3.05499 1.6
      vertex 69.273 3.05499 1.25
      vertex 68.462 3.05499 1.25
    endloop
  endfacet
  facet normal -0.839223 0.543787 0
    outer loop
      vertex 69.273 3.05499 1.25
      vertex 69.962 4.11832 1.6
      vertex 69.962 4.11832 1.25
    endloop
  endfacet
  facet normal -0.839223 0.543787 0
    outer loop
      vertex 69.962 4.11832 1.6
      vertex 69.273 3.05499 1.25
      vertex 69.273 3.05499 1.6
    endloop
  endfacet
endsolid OpenSCAD_Model
